date;open;high;low;close;volume
1993-04-08;25.0;25.0;24.25;24.63;6734567.0
1993-04-12;24.75;25.25;24.75;25.13;914300.0
1993-04-13;25.38;26.0;25.25;25.63;930500.0
1993-04-14;25.5;25.75;25.5;25.75;506133.0
1993-04-15;25.5;25.75;25.38;25.38;359233.0
1993-04-16;25.25;25.38;25.0;25.13;317367.0
1993-04-19;25.13;25.38;25.0;25.25;418100.0
1993-04-20;25.13;25.25;25.13;25.13;209200.0
1993-04-21;25.13;25.5;25.0;25.5;291933.0
1993-04-22;25.38;25.5;25.13;25.38;198067.0
1993-04-23;25.5;25.5;25.13;25.38;397767.0
1993-04-26;25.25;25.25;24.63;24.63;429900.0
1993-04-27;24.38;24.5;24.0;24.0;402533.0
1993-04-28;24.0;24.88;24.0;24.88;108600.0
1993-04-29;24.75;24.88;24.38;24.5;92933.0
1993-04-30;24.5;24.63;24.38;24.38;100167.0
1993-05-03;24.38;24.38;24.0;24.38;314767.0
1993-05-04;24.25;24.63;24.25;24.5;106933.0
1993-05-05;24.5;24.75;24.25;24.75;142467.0
1993-05-06;24.75;24.75;24.38;24.38;92000.0
1993-05-07;24.5;24.5;24.13;24.25;72833.0
1993-05-10;24.38;24.63;24.13;24.63;129000.0
1993-05-11;24.38;24.5;24.13;24.25;230900.0
1993-05-12;24.13;24.38;24.0;24.0;113567.0
1993-05-13;24.13;24.13;24.13;24.13;138833.0
1993-05-14;24.13;24.13;23.88;23.88;437167.0
1993-05-17;24.0;24.38;24.0;24.25;159567.0
1993-05-18;24.25;24.5;24.25;24.25;176800.0
1993-05-19;24.13;24.13;24.0;24.0;313067.0
1993-05-20;24.13;24.38;24.13;24.25;262233.0
1993-05-21;24.25;24.25;23.75;23.88;144933.0
1993-05-24;23.88;23.88;23.5;23.75;172133.0
1993-05-25;24.0;24.0;23.63;24.0;131833.0
1993-05-26;24.13;24.38;24.0;24.13;100067.0
1993-05-27;24.0;24.25;23.63;23.63;161500.0
1993-05-28;23.5;23.75;23.38;23.75;38100.0
1993-06-01;23.5;23.63;23.0;23.13;212700.0
1993-06-02;23.25;23.38;23.0;23.13;360400.0
1993-06-03;23.13;23.25;23.13;23.25;110933.0
1993-06-04;23.13;23.13;23.0;23.0;211667.0
1993-06-07;23.25;23.25;23.0;23.25;244100.0
1993-06-08;23.25;23.38;23.13;23.13;316833.0
1993-06-09;23.13;23.5;23.13;23.25;123533.0
1993-06-10;23.38;23.63;23.38;23.38;73500.0
1993-06-11;23.5;23.63;23.5;23.63;60400.0
1993-06-14;23.63;23.63;23.0;23.13;110433.0
1993-06-15;23.25;23.38;23.13;23.13;72567.0
1993-06-16;23.25;23.38;23.25;23.38;25267.0
1993-06-17;23.25;23.38;23.25;23.25;53767.0
1993-06-18;23.25;23.38;23.25;23.38;25267.0
1993-06-21;23.38;23.38;23.25;23.25;33933.0
1993-06-22;23.25;23.38;23.13;23.25;35900.0
1993-06-23;23.13;23.13;23.0;23.13;107433.0
1993-06-24;23.25;23.38;23.25;23.38;57900.0
1993-06-25;23.5;23.75;23.5;23.75;110933.0
1993-06-28;23.5;24.38;23.5;24.38;272767.0
1993-06-29;24.38;24.38;24.0;24.25;126100.0
1993-06-30;24.38;24.5;24.25;24.5;70867.0
1993-07-01;24.38;24.63;24.25;24.5;85000.0
1993-07-02;24.5;24.63;24.25;24.25;23167.0
1993-07-06;24.25;24.38;24.25;24.25;3200.0
1993-07-07;24.25;24.38;24.13;24.13;145033.0
1993-07-08;23.88;24.38;23.88;24.38;115867.0
1993-07-09;24.38;24.38;24.25;24.38;76833.0
1993-07-12;24.25;24.5;24.25;24.5;55600.0
1993-07-13;24.38;24.5;24.38;24.5;97333.0
1993-07-14;24.38;24.38;24.25;24.25;74367.0
1993-07-15;24.38;24.38;24.38;24.38;14867.0
1993-07-16;24.38;24.38;24.38;24.38;14733.0
1993-07-19;24.25;24.25;24.25;24.25;105267.0
1993-07-20;24.25;24.38;24.13;24.25;189400.0
1993-07-21;24.13;24.13;23.5;23.88;56100.0
1993-07-22;23.75;23.88;23.5;23.75;85667.0
1993-07-23;23.75;23.88;23.75;23.75;55600.0
1993-07-26;23.88;24.25;23.88;24.13;166067.0
1993-07-27;24.5;24.75;24.5;24.75;231267.0
1993-07-28;24.5;24.63;24.5;24.63;28633.0
1993-07-29;24.5;24.5;24.38;24.5;22367.0
1993-07-30;24.25;24.63;24.25;24.63;85667.0
1993-08-02;24.38;24.38;24.0;24.25;85800.0
1993-08-03;24.0;24.25;23.88;23.88;103567.0
1993-08-04;24.0;24.13;23.88;23.88;51067.0
1993-08-05;23.75;23.75;23.25;23.25;113933.0
1993-08-06;23.38;23.38;23.0;23.25;90333.0
1993-08-09;23.25;23.25;23.0;23.13;92667.0
1993-08-10;23.13;23.25;23.0;23.25;35333.0
1993-08-11;23.13;23.38;23.13;23.38;93833.0
1993-08-12;23.38;23.38;23.13;23.25;122233.0
1993-08-13;23.25;23.25;23.0;23.13;118367.0
1993-08-16;23.13;23.13;22.5;22.63;45467.0
1993-08-17;22.63;23.13;22.63;23.0;167600.0
1993-08-18;23.0;23.25;23.0;23.13;167733.0
1993-08-19;23.0;23.0;22.88;23.0;69467.0
1993-08-20;23.0;23.13;23.0;23.13;64533.0
1993-08-23;23.0;23.13;22.88;23.0;205333.0
1993-08-24;23.0;23.25;23.0;23.13;85933.0
1993-08-25;23.13;23.13;23.0;23.13;146467.0
1993-08-26;23.13;23.25;23.13;23.13;230100.0
1993-08-27;23.13;23.13;23.0;23.0;173067.0
1993-08-30;22.88;23.0;22.75;22.88;47433.0
1993-08-31;22.88;23.38;22.88;23.38;129100.0
1993-09-01;23.25;23.5;23.13;23.5;64900.0
1993-09-02;23.38;23.5;23.25;23.5;84767.0
1993-09-03;23.5;23.63;23.38;23.38;69467.0
1993-09-07;23.38;23.38;23.0;23.0;39133.0
1993-09-08;23.0;23.0;23.0;23.0;102000.0
1993-09-09;22.88;23.13;22.88;23.0;343300.0
1993-09-10;22.88;23.25;22.88;23.13;33667.0
1993-09-13;23.0;23.25;23.0;23.13;118367.0
1993-09-14;23.13;23.25;23.13;23.25;47033.0
1993-09-15;23.25;23.25;23.0;23.13;56500.0
1993-09-16;23.25;23.25;22.75;23.0;105900.0
1993-09-17;23.0;23.0;22.88;22.88;58933.0
1993-09-20;22.88;22.88;22.13;22.25;55733.0
1993-09-21;22.25;22.38;22.13;22.38;157767.0
1993-09-22;22.38;22.63;22.38;22.63;77000.0
1993-09-23;22.88;22.88;22.5;22.63;66367.0
1993-09-24;22.5;22.63;22.25;22.63;90967.0
1993-09-27;22.5;22.88;22.38;22.88;41467.0
1993-09-28;22.88;22.88;22.25;22.25;28767.0
1993-09-29;22.5;22.75;22.5;22.5;35767.0
1993-09-30;22.75;22.75;22.25;22.63;157100.0
1993-10-01;22.75;22.75;22.5;22.75;13467.0
1993-10-04;22.75;22.75;22.5;22.63;4100.0
1993-10-05;22.5;22.63;22.38;22.5;24200.0
1993-10-06;22.5;22.75;22.5;22.63;71667.0
1993-10-07;22.38;22.38;22.13;22.38;83700.0
1993-10-08;22.38;22.5;22.25;22.5;75967.0
1993-10-11;22.5;22.63;22.5;22.63;25500.0
1993-10-12;22.63;23.0;22.63;22.88;85933.0
1993-10-13;22.75;22.88;22.75;22.75;49233.0
1993-10-14;22.75;22.75;22.63;22.63;143367.0
1993-10-15;22.63;22.63;22.25;22.25;52367.0
1993-10-18;22.63;22.63;22.38;22.38;150867.0
1993-10-19;22.5;22.63;22.38;22.63;129500.0
1993-10-20;22.63;22.63;22.38;22.5;46633.0
1993-10-21;22.5;22.5;22.38;22.5;58433.0
1993-10-22;22.38;22.38;22.0;22.0;158800.0
1993-10-25;22.0;22.38;21.63;21.75;107200.0
1993-10-26;21.5;21.5;20.63;21.38;327200.0
1993-10-27;21.5;21.63;21.38;21.63;111367.0
1993-10-28;21.5;21.5;21.25;21.38;139333.0
1993-10-29;21.0;21.13;20.75;20.88;940367.0
1993-11-01;20.88;21.25;20.88;21.0;209200.0
1993-11-02;21.13;21.13;20.88;21.13;92533.0
1993-11-03;22.0;23.5;22.0;22.75;259900.0
1993-11-04;22.5;22.75;22.13;22.13;222733.0
1993-11-05;21.75;21.88;21.63;21.88;216767.0
1993-11-08;21.5;22.0;21.38;22.0;142067.0
1993-11-09;22.13;22.25;22.13;22.13;50633.0
1993-11-10;22.13;22.13;21.63;21.63;25367.0
1993-11-11;21.5;21.5;21.25;21.25;34733.0
1993-11-12;21.25;21.25;21.0;21.0;341333.0
1993-11-15;21.0;21.0;20.75;20.88;67133.0
1993-11-16;20.88;20.88;20.5;20.75;309967.0
1993-11-17;20.88;21.88;20.88;21.88;115467.0
1993-11-18;21.88;21.88;21.25;21.38;57033.0
1993-11-19;21.38;21.38;21.13;21.13;36133.0
1993-11-22;21.38;21.5;21.13;21.5;27600.0
1993-11-23;21.5;21.5;21.0;21.38;49100.0
1993-11-24;21.25;21.38;21.0;21.25;143633.0
1993-11-26;21.25;21.25;21.0;21.25;10733.0
1993-11-29;21.25;21.25;21.0;21.0;55333.0
1993-11-30;21.0;21.0;21.0;21.0;12800.0
1993-12-01;21.0;21.13;20.88;21.0;41300.0
1993-12-02;21.0;21.0;20.75;20.88;94767.0
1993-12-03;20.88;20.88;20.75;20.75;73733.0
1993-12-06;20.75;20.88;20.63;20.63;78400.0
1993-12-07;20.5;20.5;20.25;20.25;124333.0
1993-12-08;20.13;20.25;19.75;19.88;45867.0
1993-12-09;20.0;20.0;19.75;19.75;123167.0
1993-12-10;19.5;19.5;19.25;19.25;97467.0
1993-12-13;19.38;20.25;19.25;20.25;216233.0
1993-12-14;20.13;20.25;19.88;19.88;194700.0
1993-12-15;20.0;20.0;19.88;20.0;57033.0
1993-12-16;20.0;20.0;19.88;20.0;43633.0
1993-12-17;20.0;20.0;19.63;19.75;237100.0
1993-12-20;19.63;19.75;19.5;19.63;54267.0
1993-12-21;19.5;19.75;19.25;19.38;146733.0
1993-12-22;19.38;19.88;19.38;19.63;270667.0
1993-12-23;19.5;19.88;19.38;19.88;117300.0
1993-12-27;19.88;20.13;19.88;20.0;381033.0
1993-12-28;20.0;20.25;20.0;20.25;92800.0
1993-12-29;20.5;20.75;20.5;20.75;42900.0
1993-12-30;20.75;20.75;20.5;20.5;17600.0
1993-12-31;20.5;21.5;20.5;21.5;69467.0
1994-01-03;21.38;21.38;20.75;20.75;102267.0
1994-01-04;20.75;20.75;20.5;20.63;114867.0
1994-01-05;20.5;20.88;20.5;20.75;53900.0
1994-01-06;21.0;21.0;20.63;20.63;21633.0
1994-01-07;20.63;21.0;20.63;20.88;38967.0
1994-01-10;20.75;20.88;20.75;20.88;41967.0
1994-01-11;20.88;20.88;20.88;20.88;47700.0
1994-01-12;21.0;21.5;21.0;21.38;195067.0
1994-01-13;21.38;21.38;21.25;21.38;26433.0
1994-01-14;21.38;21.38;21.25;21.25;56367.0
1994-01-17;21.38;21.38;21.0;21.0;22667.0
1994-01-18;21.13;21.5;21.13;21.25;31733.0
1994-01-19;21.38;21.38;21.0;21.0;50767.0
1994-01-20;21.0;21.0;20.63;20.75;16300.0
1994-01-21;20.75;20.88;20.5;20.75;18000.0
1994-01-24;20.75;20.75;20.63;20.75;15000.0
1994-01-25;20.5;20.63;20.38;20.5;24600.0
1994-01-26;20.63;20.75;20.5;20.75;32267.0
1994-01-27;20.75;21.0;20.63;20.88;29667.0
1994-01-28;21.13;21.13;20.88;21.0;54267.0
1994-01-31;21.0;21.5;21.0;21.5;42467.0
1994-02-01;21.38;21.38;20.75;21.0;19800.0
1994-02-02;21.0;21.38;21.0;21.0;57133.0
1994-02-03;21.0;21.0;20.75;20.88;35633.0
1994-02-04;20.88;20.88;20.25;20.63;95933.0
1994-02-07;20.5;20.63;20.13;20.38;19033.0
1994-02-08;20.25;20.5;20.13;20.13;36400.0
1994-02-09;20.38;20.38;20.25;20.25;27600.0
1994-02-10;20.25;20.38;20.25;20.25;15800.0
1994-02-11;20.25;20.38;20.25;20.25;17067.0
1994-02-14;20.25;20.38;20.25;20.25;99433.0
1994-02-15;20.25;20.25;20.0;20.13;39133.0
1994-02-16;20.13;20.25;20.13;20.13;27467.0
1994-02-17;20.25;21.0;20.25;20.38;226100.0
1994-02-18;20.13;20.25;20.0;20.13;59067.0
1994-02-22;20.0;20.0;19.75;19.75;106400.0
1994-02-23;19.75;20.0;19.75;19.88;50933.0
1994-02-24;19.88;19.88;19.63;19.88;51933.0
1994-02-25;19.75;19.88;19.63;19.63;39400.0
1994-02-28;19.88;20.13;19.88;20.13;114867.0
1994-03-01;20.0;20.75;20.0;20.75;25000.0
1994-03-02;20.5;21.0;20.5;20.88;275767.0
1994-03-03;20.63;20.88;20.63;20.75;36000.0
1994-03-04;21.0;21.0;20.63;20.63;61933.0
1994-03-07;20.5;20.88;20.5;20.88;50767.0
1994-03-08;21.0;21.0;20.5;20.75;60533.0
1994-03-09;20.5;20.75;20.5;20.75;45733.0
1994-03-10;20.63;20.63;20.13;20.38;58567.0
1994-03-11;20.13;20.5;20.13;20.38;38867.0
1994-03-14;20.63;20.75;20.25;20.5;32400.0
1994-03-15;20.5;20.5;20.38;20.5;18500.0
1994-03-16;20.5;20.63;20.38;20.63;10567.0
1994-03-17;20.63;20.63;20.13;20.5;11367.0
1994-03-18;20.5;20.5;20.25;20.5;6333.0
1994-03-21;20.5;20.75;20.25;20.38;40800.0
1994-03-22;20.25;20.25;20.13;20.25;108600.0
1994-03-23;20.25;20.25;20.13;20.25;78533.0
1994-03-24;20.13;20.38;20.0;20.38;34333.0
1994-03-25;20.25;20.38;20.13;20.13;14233.0
1994-03-28;20.38;20.5;20.13;20.25;13567.0
1994-03-29;20.5;21.0;20.38;20.88;9033.0
1994-03-30;20.63;20.88;20.5;20.63;80200.0
1994-03-31;20.38;21.0;20.38;20.63;18500.0
1994-04-04;20.75;20.75;20.13;20.25;14500.0
1994-04-05;20.13;20.75;20.13;20.75;67767.0
1994-04-06;20.63;20.75;20.5;20.5;13067.0
1994-04-07;20.63;20.63;20.38;20.38;9700.0
1994-04-08;20.25;20.25;19.75;19.88;35500.0
1994-04-11;19.88;20.13;19.75;20.0;74667.0
1994-04-12;20.0;20.0;19.5;19.88;414733.0
1994-04-13;19.75;20.0;19.75;20.0;30667.0
1994-04-14;20.0;20.0;19.88;20.0;4900.0
1994-04-15;20.0;20.0;19.75;19.75;45467.0
1994-04-18;19.75;19.88;19.25;19.25;73733.0
1994-04-19;19.5;19.63;19.25;19.63;8133.0
1994-04-20;19.63;19.88;19.5;19.63;28500.0
1994-04-21;19.63;19.63;19.38;19.5;152167.0
1994-04-22;19.5;19.63;19.5;19.5;160733.0
1994-04-25;19.5;20.0;19.5;20.0;102133.0
1994-04-26;19.5;20.38;19.5;20.0;359367.0
1994-04-28;19.63;20.0;19.25;19.5;64033.0
1994-04-29;19.5;19.63;19.5;19.63;35233.0
1994-05-02;19.5;20.13;19.38;19.75;124700.0
1994-05-03;19.88;20.0;19.75;19.88;98400.0
1994-05-04;19.88;19.88;19.5;19.88;194567.0
1994-05-05;19.88;20.0;19.88;20.0;209367.0
1994-05-06;19.75;19.88;19.75;19.75;17200.0
1994-05-09;19.75;19.88;19.63;19.63;93067.0
1994-05-10;19.63;19.88;19.63;19.75;260467.0
1994-05-11;19.75;19.75;19.63;19.75;50400.0
1994-05-12;20.0;20.13;19.75;20.13;58700.0
1994-05-13;20.38;20.63;20.25;20.5;50400.0
1994-05-16;20.38;20.63;20.38;20.5;54033.0
1994-05-17;20.5;20.75;20.38;20.75;288733.0
1994-05-18;20.88;21.25;20.75;21.25;42900.0
1994-05-19;21.25;21.5;21.13;21.38;71900.0
1994-05-20;21.38;21.38;21.25;21.38;12667.0
1994-05-23;21.25;21.5;21.25;21.38;22800.0
1994-05-24;21.38;21.5;21.25;21.25;45100.0
1994-05-25;21.25;21.25;21.13;21.25;37433.0
1994-05-26;21.25;21.25;21.0;21.13;6567.0
1994-05-27;21.13;21.13;21.0;21.13;8900.0
1994-05-31;21.0;21.5;21.0;21.25;11500.0
1994-06-01;21.38;21.38;21.0;21.13;97600.0
1994-06-02;20.88;21.0;20.88;20.88;53000.0
1994-06-03;20.88;20.88;20.63;20.88;74233.0
1994-06-06;20.88;20.88;20.63;20.63;21867.0
1994-06-07;20.75;20.75;20.75;20.75;10467.0
1994-06-08;20.88;20.88;20.5;20.5;112633.0
1994-06-09;20.63;20.63;20.63;20.63;16967.0
1994-06-10;20.63;20.75;20.63;20.75;16300.0
1994-06-13;20.75;20.88;20.63;20.88;71167.0
1994-06-14;20.75;21.13;20.75;21.0;16700.0
1994-06-15;21.0;21.38;21.0;21.38;76467.0
1994-06-16;21.38;22.0;21.38;21.88;71900.0
1994-06-17;21.88;22.0;21.75;21.88;16700.0
1994-06-20;22.0;22.0;21.88;21.88;93833.0
1994-06-21;21.88;22.0;21.88;22.0;5033.0
1994-06-22;22.0;22.0;21.75;21.88;46767.0
1994-06-23;21.88;21.88;21.63;21.63;57400.0
1994-06-24;21.63;21.75;21.5;21.5;78000.0
1994-06-27;21.63;21.88;21.63;21.75;176567.0
1994-06-28;22.0;22.0;22.0;22.0;56600.0
1994-06-29;22.0;22.38;22.0;22.38;53533.0
1994-06-30;22.25;22.63;22.13;22.63;43133.0
1994-07-01;22.63;22.63;22.25;22.25;48967.0
1994-07-05;22.38;22.38;22.13;22.38;34467.0
1994-07-06;22.38;22.5;22.25;22.5;63900.0
1994-07-07;22.5;22.5;22.13;22.13;36667.0
1994-07-08;22.25;22.63;22.13;22.63;47700.0
1994-07-11;22.63;22.63;22.38;22.5;21500.0
1994-07-12;22.5;22.63;22.25;22.38;161133.0
1994-07-13;22.5;22.5;22.38;22.5;10567.0
1994-07-14;22.5;22.5;22.25;22.5;75533.0
1994-07-15;22.25;22.5;22.13;22.25;16967.0
1994-07-18;22.5;22.5;22.13;22.13;18367.0
1994-07-19;22.38;22.38;22.25;22.38;10733.0
1994-07-20;22.5;22.5;22.0;22.25;12667.0
1994-07-21;22.25;22.38;22.0;22.38;9567.0
1994-07-22;22.38;22.38;22.0;22.13;22800.0
1994-07-25;22.13;22.5;22.13;22.5;20333.0
1994-07-26;21.75;22.0;21.75;22.0;8800.0
1994-07-27;22.0;22.13;22.0;22.13;15400.0
1994-07-28;22.38;22.38;22.25;22.38;108367.0
1994-07-29;22.38;22.5;22.25;22.5;39900.0
1994-08-01;22.5;22.5;22.13;22.13;9300.0
1994-08-02;22.25;22.25;22.0;22.13;6067.0
1994-08-03;22.13;22.38;22.13;22.38;13967.0
1994-08-04;22.38;22.38;22.13;22.25;14733.0
1994-08-05;22.25;22.25;22.0;22.0;84500.0
1994-08-08;22.0;22.0;21.75;21.75;40300.0
1994-08-09;21.88;21.88;21.63;21.75;12300.0
1994-08-10;21.75;21.75;21.5;21.63;18233.0
1994-08-11;21.63;21.63;21.0;21.0;19033.0
1994-08-12;21.13;21.13;21.0;21.0;14500.0
1994-08-15;21.0;21.0;20.75;20.75;17867.0
1994-08-16;21.0;21.13;20.75;21.13;18233.0
1994-08-17;21.25;21.38;20.88;21.0;44067.0
1994-08-18;21.0;21.0;20.5;20.63;11367.0
1994-08-19;20.75;20.88;20.63;20.88;16567.0
1994-08-22;20.88;21.25;20.75;21.25;45367.0
1994-08-23;21.25;21.38;21.13;21.25;19433.0
1994-08-24;21.25;21.25;21.0;21.0;5400.0
1994-08-25;21.0;21.0;20.75;20.75;23300.0
1994-08-26;20.88;20.88;20.75;20.75;110933.0
1994-08-29;20.75;20.88;20.63;20.63;38467.0
1994-08-30;20.63;20.63;20.5;20.63;13467.0
1994-08-31;20.63;20.63;20.13;20.13;26433.0
1994-09-01;20.25;20.88;20.25;20.88;48600.0
1994-09-02;21.13;21.13;20.88;21.0;9300.0
1994-09-06;21.0;21.0;21.0;21.0;5267.0
1994-09-07;21.25;21.5;21.0;21.38;44700.0
1994-09-08;21.38;21.38;21.0;21.13;31333.0
1994-09-09;21.13;21.13;21.0;21.0;23167.0
1994-09-12;21.25;21.38;21.25;21.25;29400.0
1994-09-13;21.25;21.25;21.0;21.0;61700.0
1994-09-14;21.0;21.13;20.75;21.13;117433.0
1994-09-15;21.13;21.13;20.75;21.13;28233.0
1994-09-16;21.13;21.13;20.88;21.0;13333.0
1994-09-19;21.0;21.25;21.0;21.13;5667.0
1994-09-20;21.13;21.13;20.38;20.5;13967.0
1994-09-21;20.5;20.5;19.75;20.0;335867.0
1994-09-22;20.0;20.13;19.75;20.13;27967.0
1994-09-23;20.13;20.25;20.0;20.25;82167.0
1994-09-26;20.5;20.5;20.0;20.13;9567.0
1994-09-27;20.13;20.13;19.5;19.5;36000.0
1994-09-28;19.75;20.25;19.75;20.0;43533.0
1994-09-29;20.0;20.13;20.0;20.13;92433.0
1994-09-30;20.13;20.25;20.0;20.25;46133.0
1994-10-03;20.25;20.38;20.0;20.13;51933.0
1994-10-04;20.13;20.63;20.13;20.63;93833.0
1994-10-05;20.63;20.63;20.5;20.5;34467.0
1994-10-06;20.5;20.63;20.5;20.5;57667.0
1994-10-07;20.5;20.75;20.5;20.63;12400.0
1994-10-10;20.63;20.88;20.63;20.75;30667.0
1994-10-11;20.63;21.0;20.5;20.75;36667.0
1994-10-12;20.75;21.13;20.75;20.75;17333.0
1994-10-13;20.88;21.13;20.88;21.13;38333.0
1994-10-14;21.13;21.38;21.13;21.38;50633.0
1994-10-17;21.5;21.5;21.25;21.38;47433.0
1994-10-18;21.38;21.38;21.25;21.25;12667.0
1994-10-19;21.38;21.38;21.13;21.25;7633.0
1994-10-20;21.38;21.38;20.88;20.88;20967.0
1994-10-21;20.75;20.88;20.5;20.88;20333.0
1994-10-24;21.13;21.13;21.0;21.0;15000.0
1994-10-25;21.25;21.38;21.0;21.13;89033.0
1994-10-26;21.25;21.38;21.13;21.25;10067.0
1994-10-27;21.25;21.25;21.0;21.13;31833.0
1994-10-28;21.13;21.13;21.0;21.0;7733.0
1994-10-31;21.13;21.13;21.0;21.0;16967.0
1994-11-01;21.13;21.13;20.88;20.88;9300.0
1994-11-02;20.75;20.75;20.38;20.5;9400.0
1994-11-03;20.75;20.75;20.0;20.0;15000.0
1994-11-04;20.25;20.25;20.0;20.13;24100.0
1994-11-07;19.75;19.75;19.25;19.5;13967.0
1994-11-08;19.63;19.75;19.25;19.75;27333.0
1994-11-09;19.88;20.25;19.88;20.13;32633.0
1994-11-10;20.25;20.75;20.13;20.5;42467.0
1994-11-11;20.5;20.63;20.5;20.63;4100.0
1994-11-14;20.63;20.63;20.38;20.38;2406733.0
1994-11-15;20.38;20.75;20.38;20.75;8400.0
1994-11-16;20.5;20.75;20.5;20.63;20467.0
1994-11-17;20.75;21.0;20.63;20.75;16700.0
1994-11-18;20.63;21.0;20.63;20.63;10867.0
1994-11-21;20.38;20.63;20.25;20.5;34467.0
1994-11-22;20.38;20.5;20.25;20.38;9167.0
1994-11-23;20.63;20.88;20.38;20.5;56900.0
1994-11-25;20.63;20.75;20.5;20.75;25000.0
1994-11-28;20.75;20.75;20.5;20.75;14867.0
1994-11-29;20.88;21.0;20.63;20.88;21500.0
1994-11-30;20.75;21.0;20.75;20.75;11233.0
1994-12-01;20.75;21.0;20.75;20.75;41300.0
1994-12-02;21.0;21.0;20.75;20.88;10467.0
1994-12-05;21.0;21.25;21.0;21.13;37567.0
1994-12-06;21.13;21.13;21.0;21.13;91633.0
1994-12-07;21.13;21.38;21.13;21.38;28233.0
1994-12-08;21.38;21.38;21.38;21.38;11500.0
1994-12-09;21.25;21.38;21.25;21.38;62067.0
1994-12-12;21.25;21.5;21.25;21.38;7100.0
1994-12-13;21.38;21.5;21.38;21.38;15000.0
1994-12-14;21.38;21.5;21.38;21.5;61933.0
1994-12-15;21.5;21.5;21.25;21.38;49367.0
1994-12-16;21.38;21.38;21.25;21.25;41067.0
1994-12-19;21.38;21.38;21.25;21.25;13833.0
1994-12-20;21.25;21.38;21.13;21.25;25133.0
1994-12-21;21.13;21.25;21.0;21.13;81500.0
1994-12-22;21.0;21.63;21.0;21.5;78533.0
1994-12-23;21.5;21.5;21.38;21.5;20967.0
1994-12-27;21.25;21.88;21.25;21.38;24867.0
1994-12-28;21.5;22.0;21.5;21.88;33167.0
1994-12-29;21.88;22.38;21.88;22.38;74533.0
1994-12-30;22.63;22.63;22.25;22.63;38967.0
1995-01-03;22.63;22.63;22.25;22.38;68167.0
1995-01-04;22.25;22.5;22.25;22.38;15000.0
1995-01-05;22.5;22.5;22.38;22.5;3333.0
1995-01-06;22.5;22.63;22.5;22.63;22800.0
1995-01-09;22.63;22.63;22.38;22.5;41467.0
1995-01-10;22.13;22.25;22.13;22.13;81900.0
1995-01-11;21.88;21.88;21.63;21.63;36800.0
1995-01-12;21.63;21.88;21.63;21.75;35900.0
1995-01-13;21.5;21.88;21.5;21.63;31600.0
1995-01-16;21.5;21.75;21.5;21.5;25500.0
1995-01-17;21.5;21.63;21.38;21.5;30433.0
1995-01-18;21.38;21.38;21.25;21.38;80633.0
1995-01-19;21.25;21.38;21.0;21.13;23700.0
1995-01-20;21.0;21.13;21.0;21.0;9567.0
1995-01-23;20.88;21.0;20.88;20.88;32767.0
1995-01-24;20.88;21.13;20.88;20.88;31467.0
1995-01-25;20.94;21.0;20.88;21.0;8900.0
1995-01-26;20.88;21.0;20.63;20.75;48733.0
1995-01-27;20.75;20.88;20.75;20.75;27067.0
1995-01-30;20.5;20.5;20.5;20.5;8533.0
1995-01-31;20.5;20.63;20.5;20.63;17700.0
1995-02-01;20.75;20.75;20.63;20.75;8233.0
1995-02-02;20.75;20.75;20.5;20.63;16300.0
1995-02-03;20.63;20.75;20.63;20.75;20333.0
1995-02-06;20.75;20.88;20.75;20.88;8533.0
1995-02-07;20.88;20.88;20.63;20.63;19667.0
1995-02-08;20.5;20.75;20.38;20.63;14733.0
1995-02-09;20.63;20.75;20.63;20.75;19033.0
1995-02-10;20.75;20.75;20.5;20.5;11633.0
1995-02-13;20.63;20.75;20.63;20.75;16567.0
1995-02-14;20.75;20.75;20.63;20.75;9167.0
1995-02-15;20.75;21.0;20.75;21.0;44167.0
1995-02-16;20.88;21.25;20.88;20.88;13333.0
1995-02-17;20.75;20.88;20.5;20.5;141033.0
1995-02-21;20.5;20.63;20.38;20.5;59867.0
1995-02-22;20.38;20.88;20.38;20.88;24100.0
1995-02-23;20.75;21.0;20.75;21.0;4500.0
1995-02-24;20.88;21.25;20.88;21.25;34067.0
1995-02-27;21.25;21.25;21.0;21.13;22933.0
1995-02-28;21.25;21.25;20.5;20.75;25267.0
1995-03-01;20.88;20.88;20.75;20.88;3733.0
1995-03-02;20.63;20.88;20.63;20.88;15400.0
1995-03-03;20.88;21.13;20.88;21.0;9400.0
1995-03-06;21.0;21.0;20.88;21.0;11133.0
1995-03-07;20.88;21.0;20.75;21.0;12167.0
1995-03-08;21.0;21.0;20.88;20.88;10067.0
1995-03-09;21.0;21.0;20.88;20.88;74533.0
1995-03-10;20.88;21.13;20.88;21.0;10733.0
1995-03-13;21.13;21.13;21.0;21.13;11900.0
1995-03-14;21.25;21.25;21.13;21.13;27833.0
1995-03-15;21.25;21.25;21.13;21.13;8000.0
1995-03-16;21.25;21.25;21.13;21.25;20333.0
1995-03-17;21.13;21.25;21.0;21.25;14367.0
1995-03-20;21.13;21.13;21.0;21.0;5033.0
1995-03-21;21.13;21.13;20.88;20.88;8133.0
1995-03-22;20.88;21.0;20.88;20.88;7100.0
1995-03-23;21.0;21.0;20.75;20.75;67000.0
1995-03-24;20.75;20.88;20.75;20.88;8233.0
1995-03-27;20.75;20.75;20.75;20.75;9833.0
1995-03-28;20.75;20.75;20.5;20.5;51067.0
1995-03-29;20.5;20.63;20.38;20.38;57133.0
1995-03-30;20.38;20.63;20.38;20.63;4633.0
1995-03-31;20.63;20.63;20.38;20.5;14233.0
1995-04-03;20.38;20.38;20.25;20.38;29933.0
1995-04-04;20.38;20.38;20.25;20.38;15667.0
1995-04-05;19.88;20.0;19.88;19.88;89433.0
1995-04-06;20.0;20.0;19.75;19.88;67133.0
1995-04-07;20.0;20.0;19.5;19.63;51567.0
1995-04-10;19.5;19.5;19.38;19.38;27167.0
1995-04-11;19.5;19.75;19.25;19.75;315533.0
1995-04-12;19.75;19.88;19.75;19.88;35333.0
1995-04-13;19.88;20.25;19.88;20.25;8800.0
1995-04-17;20.38;20.38;20.25;20.25;20200.0
1995-04-18;20.25;20.25;19.88;20.25;22133.0
1995-04-19;20.25;20.25;20.0;20.0;7367.0
1995-04-20;20.0;20.0;19.5;19.75;74000.0
1995-04-21;19.75;19.75;19.63;19.63;39633.0
1995-04-24;19.63;19.75;19.5;19.5;88000.0
1995-04-25;19.75;20.0;19.63;20.0;10867.0
1995-04-26;20.0;20.25;20.0;20.25;14867.0
1995-04-27;20.25;20.25;20.13;20.13;5267.0
1995-04-28;20.25;20.25;20.13;20.25;21200.0
1995-05-01;20.25;20.25;20.0;20.0;5400.0
1995-05-02;20.13;20.13;20.0;20.0;12400.0
1995-05-03;20.0;20.13;20.0;20.0;50267.0
1995-05-04;20.13;20.63;20.13;20.38;98500.0
1995-05-05;20.38;20.5;20.25;20.5;55200.0
1995-05-08;20.63;21.38;20.63;21.13;21367.0
1995-05-09;21.25;21.25;20.88;21.0;19167.0
1995-05-10;21.13;21.75;21.13;21.5;20967.0
1995-05-11;21.5;22.0;21.5;21.75;67133.0
1995-05-12;21.75;21.75;21.38;21.38;10733.0
1995-05-15;21.13;21.13;20.75;20.75;11133.0
1995-05-16;20.88;21.0;20.75;20.75;36400.0
1995-05-17;20.75;20.75;20.63;20.63;2275800.0
1995-05-18;20.63;20.75;20.5;20.5;361300.0
1995-05-19;20.5;20.5;20.38;20.38;232700.0
1995-05-22;20.38;20.5;20.0;20.38;162167.0
1995-05-23;20.38;20.63;20.25;20.38;343433.0
1995-05-24;20.38;20.38;20.25;20.38;197033.0
1995-05-25;20.25;20.38;20.25;20.38;98267.0
1995-05-26;20.25;20.38;20.25;20.38;54267.0
1995-05-30;20.38;20.38;20.25;20.38;104333.0
1995-05-31;20.38;20.38;20.25;20.38;86467.0
1995-06-01;20.25;20.38;20.13;20.25;57133.0
1995-06-02;20.25;20.25;20.13;20.25;67000.0
1995-06-05;20.25;20.38;20.13;20.25;50633.0
1995-06-06;20.5;20.5;20.0;20.13;160867.0
1995-06-07;20.13;20.25;20.0;20.25;105767.0
1995-06-08;20.25;20.25;20.0;20.13;32633.0
1995-06-09;20.13;20.13;20.0;20.13;53767.0
1995-06-12;20.13;20.38;20.0;20.38;168533.0
1995-06-13;20.13;20.13;20.0;20.13;81500.0
1995-06-14;20.0;20.0;19.88;20.0;54433.0
1995-06-15;20.0;20.25;19.88;20.25;85167.0
1995-06-16;20.5;20.5;20.0;20.0;111467.0
1995-06-19;20.0;20.25;20.0;20.13;83600.0
1995-06-20;20.13;20.13;20.0;20.13;19300.0
1995-06-21;20.0;20.25;20.0;20.25;78300.0
1995-06-22;20.38;20.38;19.88;19.88;34167.0
1995-06-23;19.88;20.13;19.88;20.0;44433.0
1995-06-26;20.13;20.13;19.88;19.88;21200.0
1995-06-27;19.88;20.06;19.88;20.0;50633.0
1995-06-28;20.13;20.13;19.75;19.75;65200.0
1995-06-29;19.88;20.0;19.75;19.88;51200.0
1995-06-30;19.88;20.38;19.88;20.38;42467.0
1995-07-03;20.38;20.38;20.25;20.38;37067.0
1995-07-05;20.38;20.5;20.25;20.25;86833.0
1995-07-06;20.38;20.38;20.25;20.38;57533.0
1995-07-07;20.38;20.63;20.25;20.63;65967.0
1995-07-10;20.25;20.25;19.88;20.13;121433.0
1995-07-11;20.0;20.5;19.88;20.38;730300.0
1995-07-12;20.38;20.5;20.0;20.0;78533.0
1995-07-13;20.0;20.25;20.0;20.25;20467.0
1995-07-14;20.13;20.25;20.0;20.0;39267.0
1995-07-17;20.25;20.25;20.0;20.25;32633.0
1995-07-18;20.25;20.25;20.0;20.25;45867.0
1995-07-19;20.0;20.0;19.38;19.63;65567.0
1995-07-20;19.63;19.63;19.5;19.63;65567.0
1995-07-21;19.5;19.63;19.38;19.38;42767.0
1995-07-24;19.5;19.63;19.38;19.38;38867.0
1995-07-25;19.5;19.5;19.13;19.38;60533.0
1995-07-26;19.38;19.5;19.13;19.13;62200.0
1995-07-27;19.25;19.25;19.0;19.0;56733.0
1995-07-28;19.0;19.5;18.88;19.5;156333.0
1995-07-31;19.5;19.63;19.38;19.5;41967.0
1995-08-01;19.75;20.0;19.75;20.0;244367.0
1995-08-02;20.0;20.0;19.88;20.0;42100.0
1995-08-03;20.0;20.13;19.88;19.88;49100.0
1995-08-04;20.25;20.63;20.13;20.5;98633.0
1995-08-07;20.5;20.5;20.38;20.38;37567.0
1995-08-08;20.5;20.5;20.38;20.5;47800.0
1995-08-09;20.5;20.5;20.38;20.5;64800.0
1995-08-10;20.5;20.63;20.5;20.63;87633.0
1995-08-11;20.63;20.63;20.5;20.63;37167.0
1995-08-14;20.63;20.63;20.38;20.38;115233.0
1995-08-15;20.38;20.38;19.88;19.88;95267.0
1995-08-16;20.0;20.13;19.88;20.13;127667.0
1995-08-17;20.13;20.25;20.0;20.13;123667.0
1995-08-18;20.25;20.25;20.13;20.25;18500.0
1995-08-21;20.25;20.5;20.13;20.25;67367.0
1995-08-22;20.25;20.25;20.13;20.25;33667.0
1995-08-23;20.25;20.38;20.13;20.25;63100.0
1995-08-24;20.25;20.38;20.13;20.13;180700.0
1995-08-25;20.13;20.13;20.0;20.13;32400.0
1995-08-28;20.13;20.25;20.13;20.13;43000.0
1995-08-29;20.13;20.25;20.13;20.13;46267.0
1995-08-30;20.13;20.13;20.0;20.13;71533.0
1995-08-31;20.13;20.13;20.0;20.13;92800.0
1995-09-01;20.0;20.13;20.0;20.13;50033.0
1995-09-05;20.13;20.38;20.0;20.0;51067.0
1995-09-06;20.13;20.38;20.0;20.38;66733.0
1995-09-07;20.5;20.5;20.13;20.25;191467.0
1995-09-08;20.25;20.25;20.13;20.13;149467.0
1995-09-11;20.25;20.5;20.25;20.5;69200.0
1995-09-12;20.5;20.63;20.38;20.63;51433.0
1995-09-13;20.5;20.63;20.38;20.38;41467.0
1995-09-14;20.5;20.5;20.25;20.25;44700.0
1995-09-15;20.25;20.5;20.25;20.38;53400.0
1995-09-18;20.5;20.5;20.25;20.38;46400.0
1995-09-19;20.38;20.38;20.25;20.38;23167.0
1995-09-20;20.5;20.5;20.25;20.5;48967.0
1995-09-21;20.5;20.5;20.25;20.5;87467.0
1995-09-22;20.5;20.5;20.38;20.5;13333.0
1995-09-25;20.63;20.63;20.0;20.5;273000.0
1995-09-26;20.63;20.75;20.5;20.63;44433.0
1995-09-27;20.63;20.63;20.38;20.5;40133.0
1995-09-28;20.38;20.5;20.25;20.38;208333.0
1995-09-29;20.5;20.63;20.38;20.63;31833.0
1995-10-02;20.5;20.75;20.38;20.63;28233.0
1995-10-03;20.63;20.63;20.38;20.63;51833.0
1995-10-04;20.63;20.75;20.63;20.75;51833.0
1995-10-05;20.75;20.88;20.63;20.88;47033.0
1995-10-06;20.88;20.88;20.63;20.88;172533.0
1995-10-09;20.88;20.88;20.63;20.75;27833.0
1995-10-10;20.63;20.88;20.63;20.75;22667.0
1995-10-11;20.63;20.75;20.38;20.75;47433.0
1995-10-12;20.5;20.5;20.38;20.38;16967.0
1995-10-13;20.38;20.75;20.38;20.63;65833.0
1995-10-16;20.63;20.75;20.5;20.75;2407000.0
1995-10-17;20.75;20.88;20.63;20.75;48867.0
1995-10-18;20.75;20.75;20.5;20.63;57267.0
1995-10-19;20.63;20.75;20.5;20.63;23300.0
1995-10-20;20.75;20.88;20.63;20.88;41200.0
1995-10-23;20.75;20.75;20.0;20.13;38333.0
1995-10-24;20.0;20.38;20.0;20.25;39900.0
1995-10-25;20.25;20.63;20.25;20.5;23967.0
1995-10-26;20.5;20.5;20.25;20.38;201200.0
1995-10-27;20.38;20.38;20.13;20.25;26933.0
1995-10-30;20.25;20.25;20.13;20.13;11000.0
1995-10-31;20.38;20.38;20.13;20.13;21367.0
1995-11-01;20.38;20.38;19.88;20.0;21767.0
1995-11-02;20.0;20.13;19.75;20.0;68533.0
1995-11-03;20.0;20.38;20.0;20.25;84133.0
1995-11-06;20.25;20.25;20.0;20.13;91900.0
1995-11-07;20.13;20.13;19.88;19.88;39767.0
1995-11-08;20.0;20.0;19.88;20.0;12667.0
1995-11-09;20.0;20.13;19.88;20.13;14633.0
1995-11-10;20.13;20.13;19.88;19.88;49367.0
1995-11-13;19.88;20.0;19.88;20.0;29667.0
1995-11-14;20.0;20.0;19.63;19.88;15533.0
1995-11-15;19.88;19.88;19.5;19.5;31100.0
1995-11-16;19.63;19.75;19.5;19.5;29667.0
1995-11-17;19.5;19.63;19.38;19.38;53100.0
1995-11-20;19.38;19.38;18.75;18.88;73633.0
1995-11-21;18.63;18.88;18.25;18.38;87100.0
1995-11-22;18.25;18.5;18.13;18.5;116667.0
1995-11-24;18.63;18.88;18.5;18.88;10867.0
1995-11-27;18.88;18.88;18.75;18.88;29267.0
1995-11-28;18.88;19.0;18.88;19.0;77500.0
1995-11-29;18.88;19.0;18.75;18.75;48733.0
1995-11-30;18.88;18.88;18.63;18.75;38233.0
1995-12-01;18.75;18.88;18.5;18.63;86967.0
1995-12-04;18.75;19.25;18.63;19.25;66067.0
1995-12-05;19.38;19.88;19.38;19.75;110700.0
1995-12-06;19.75;20.38;19.75;20.13;64167.0
1995-12-07;20.0;20.25;20.0;20.13;36800.0
1995-12-08;20.25;20.38;20.13;20.38;50133.0
1995-12-11;20.38;20.38;20.25;20.25;54033.0
1995-12-12;20.25;20.25;20.13;20.25;40567.0
1995-12-13;20.25;20.25;20.0;20.0;54567.0
1995-12-14;20.0;20.0;19.38;19.5;103567.0
1995-12-15;19.5;19.5;19.13;19.13;171633.0
1995-12-18;19.13;19.25;18.75;19.13;127667.0
1995-12-19;19.13;19.38;19.0;19.0;106267.0
1995-12-20;19.13;20.13;19.13;20.13;304667.0
1995-12-21;20.13;20.63;20.13;20.5;59867.0
1995-12-22;20.63;21.38;20.5;21.38;237367.0
1995-12-26;21.38;21.75;21.38;21.63;98900.0
1995-12-27;21.38;21.38;20.75;20.75;93467.0
1995-12-28;20.75;21.0;20.63;20.75;28767.0
1995-12-29;20.88;21.0;20.75;20.75;61267.0
1996-01-02;20.62;21.0;20.62;21.0;19433.0
1996-01-03;21.0;21.12;20.88;21.0;97333.0
1996-01-04;20.625;21.0;20.625;21.0;39267.0
1996-01-05;21.0;21.125;20.875;21.0;26933.0
1996-01-08;21.0;21.25;20.88;21.25;38100.0
1996-01-09;21.12;21.38;21.0;21.12;44300.0
1996-01-10;21.0;21.25;20.875;21.25;46400.0
1996-01-11;21.125;21.375;21.0;21.125;19933.0
1996-01-12;21.25;21.25;20.75;21.0;66067.0
1996-01-15;21.25;21.5;21.25;21.38;40433.0
1996-01-16;21.5;21.5;21.25;21.25;18133.0
1996-01-17;21.25;21.5;21.25;21.375;60100.0
1996-01-18;21.5;21.5;21.25;21.25;422100.0
1996-01-19;21.375;21.75;21.375;21.625;53400.0
1996-01-22;21.87;21.87;21.63;21.75;411233.0
1996-01-23;21.63;21.75;21.5;21.5;37800.0
1996-01-24;21.875;21.875;21.625;21.75;43133.0
1996-01-25;21.625;21.75;21.5;21.5;15900.0
1996-01-26;21.5;21.5;21.25;21.375;63100.0
1996-01-29;21.63;21.63;21.12;21.38;29267.0
1996-01-30;21.38;21.5;21.38;21.5;41467.0
1996-01-31;21.625;21.625;21.125;21.375;35333.0
1996-02-01;21.375;21.5;21.375;21.5;23433.0
1996-02-02;21.5;21.5;21.25;21.5;28767.0
1996-02-05;21.375;21.5;21.125;21.375;189267.0
1996-02-06;21.25;21.375;21.125;21.125;51200.0
1996-02-07;21.125;21.25;21.125;21.125;178233.0
1996-02-08;21.125;21.25;21.125;21.25;7100.0
1996-02-09;21.25;21.25;21.125;21.25;42767.0
1996-02-12;21.25;21.25;21.125;21.125;162933.0
1996-02-13;21.25;21.25;21.125;21.25;30300.0
1996-02-14;21.375;21.625;21.375;21.375;70100.0
1996-02-15;21.375;22.125;21.375;22.125;254200.0
1996-02-16;22.125;22.25;22.125;22.125;398133.0
1996-02-20;22.0;22.125;21.875;22.0;38967.0
1996-02-21;22.125;22.125;22.125;22.125;38333.0
1996-02-22;22.25;22.25;22.125;22.125;26667.0
1996-02-23;22.25;22.75;22.25;22.75;65700.0
1996-02-26;22.875;23.0;22.5;22.5;84767.0
1996-02-27;22.625;22.625;22.25;22.5;44567.0
1996-02-28;22.375;22.5;22.25;22.375;23533.0
1996-02-29;22.25;23.125;22.25;23.0;94767.0
1996-03-01;23.0;23.12;22.88;23.0;45967.0
1996-03-04;23.12;23.63;23.0;23.5;126233.0
1996-03-05;23.25;23.5;23.12;23.25;79467.0
1996-03-06;23.125;23.625;23.0;23.5;133500.0
1996-03-07;23.25;23.5;23.125;23.25;196667.0
1996-03-08;23.25;23.25;23.0;23.25;24867.0
1996-03-11;23.0;23.0;22.25;22.5;111067.0
1996-03-12;22.62;22.62;22.5;22.62;273133.0
1996-03-13;23.0;23.0;22.25;22.5;67367.0
1996-03-14;22.625;22.625;22.5;22.625;118467.0
1996-03-15;22.75;23.0;22.625;22.875;83200.0
1996-03-18;23.0;23.12;23.0;23.0;42467.0
1996-03-19;23.0;23.12;22.88;23.12;16833.0
1996-03-20;23.0;23.125;23.0;23.0;23300.0
1996-03-21;23.0;23.125;22.875;23.125;27967.0
1996-03-22;23.125;23.125;23.0;23.125;18133.0
1996-03-25;23.75;24.0;23.37;23.75;90967.0
1996-03-26;23.75;23.87;23.5;23.87;199133.0
1996-03-27;23.75;24.0;23.375;23.75;23967.0
1996-03-28;23.75;23.875;23.5;23.875;18000.0
1996-03-29;23.625;23.75;23.5;23.5;15000.0
1996-04-01;23.63;23.75;23.37;23.5;15667.0
1996-04-02;23.625;23.75;23.375;23.5;22933.0
1996-04-03;23.5;24.0;23.375;23.75;11900.0
1996-04-04;23.75;23.875;23.625;23.625;16967.0
1996-04-08;23.37;23.37;23.25;23.25;9967.0
1996-04-09;23.375;23.375;23.25;23.25;28100.0
1996-04-10;23.25;23.375;23.125;23.25;42900.0
1996-04-11;23.375;23.5;23.25;23.25;81500.0
1996-04-12;23.0;23.125;22.875;22.875;44300.0
1996-04-15;23.12;23.25;23.12;23.25;188100.0
1996-04-16;23.125;23.25;23.125;23.25;50633.0
1996-04-17;23.125;23.375;23.125;23.25;330700.0
1996-04-18;23.125;23.25;23.125;23.125;61567.0
1996-04-19;23.0;23.25;23.0;23.125;40800.0
1996-04-22;23.0;23.12;22.88;23.0;64533.0
1996-04-23;23.0;23.125;22.875;23.0;15900.0
1996-04-24;23.0;23.125;22.875;22.875;29800.0
1996-04-25;22.75;23.0;22.625;22.625;21867.0
1996-04-26;22.625;22.75;22.625;22.75;11500.0
1996-04-29;22.75;22.88;22.62;22.88;8133.0
1996-04-30;22.75;22.875;22.625;22.875;43633.0
1996-05-01;23.125;23.625;23.125;23.375;116767.0
1996-05-02;23.5;23.5;23.12;23.37;45967.0
1996-05-03;23.5;23.5;23.0;23.375;1250867.0
1996-05-06;23.37;23.63;23.37;23.63;30433.0
1996-05-07;23.63;23.63;23.5;23.5;17700.0
1996-05-08;23.375;23.625;23.375;23.625;61267.0
1996-05-09;23.625;23.625;23.5;23.5;31833.0
1996-05-10;23.5;23.625;23.375;23.625;67367.0
1996-05-13;23.25;23.5;23.25;23.37;27967.0
1996-05-14;23.37;23.5;23.25;23.37;19533.0
1996-05-15;23.25;23.5;23.25;23.375;95633.0
1996-05-16;23.375;23.5;23.25;23.375;18000.0
1996-05-17;23.5;24.125;23.375;24.0;79567.0
1996-05-20;24.25;24.38;24.13;24.25;89033.0
1996-05-21;24.25;24.38;24.25;24.25;96667.0
1996-05-22;24.25;24.375;24.125;24.25;65567.0
1996-05-23;24.25;24.375;24.25;24.25;68833.0
1996-05-24;24.25;24.25;23.875;24.25;18000.0
1996-05-28;24.38;24.62;24.38;24.5;163333.0
1996-05-29;24.62;24.62;24.25;24.25;20967.0
1996-05-30;24.375;24.625;24.375;24.5;8900.0
1996-05-31;24.625;24.625;24.25;24.25;15800.0
1996-06-03;24.0;24.0;23.87;24.0;9300.0
1996-06-04;24.0;24.0;23.875;24.0;11900.0
1996-06-05;23.875;24.125;23.75;24.0;20333.0
1996-06-06;23.875;24.0;23.875;24.0;35233.0
1996-06-07;24.0;24.0;23.5;23.5;15533.0
1996-06-10;23.63;24.0;23.63;24.0;26433.0
1996-06-11;24.0;24.25;24.0;24.0;77133.0
1996-06-12;24.0;24.25;24.0;24.0;494200.0
1996-06-13;24.0;24.125;23.5;23.875;19167.0
1996-06-14;23.75;24.0;23.75;24.0;40033.0
1996-06-17;24.0;24.0;23.87;23.87;65433.0
1996-06-18;24.0;24.0;23.875;23.875;36267.0
1996-06-19;24.0;24.0;23.625;23.625;10867.0
1996-06-20;23.625;23.625;23.375;23.375;11633.0
1996-06-21;23.5;23.75;23.375;23.625;26300.0
1996-06-24;23.87;24.13;23.87;24.13;40800.0
1996-06-25;23.875;24.125;23.875;24.125;90100.0
1996-06-26;24.0;24.25;24.0;24.25;17333.0
1996-06-27;24.25;24.25;24.0;24.25;27700.0
1996-06-28;24.25;24.25;24.125;24.25;18633.0
1996-07-01;24.25;24.62;24.25;24.38;75533.0
1996-07-02;24.13;24.38;24.0;24.38;45867.0
1996-07-03;24.375;24.625;24.25;24.375;505233.0
1996-07-05;24.5;24.5;24.25;24.375;14233.0
1996-07-08;24.0;24.62;24.0;24.62;44433.0
1996-07-09;24.5;25.5;24.38;25.5;104467.0
1996-07-10;24.0;24.625;24.0;24.625;194567.0
1996-07-11;24.5;25.5;24.375;25.5;40433.0
1996-07-12;25.5;25.5;25.25;25.375;56600.0
1996-07-15;25.25;25.25;24.5;24.62;24333.0
1996-07-16;24.62;24.62;23.87;24.38;111733.0
1996-07-17;25.125;25.25;24.5;24.625;142700.0
1996-07-18;24.625;24.625;23.875;24.375;75033.0
1996-07-19;24.5;25.0;24.375;25.0;38600.0
1996-07-22;24.38;24.38;24.25;24.25;34967.0
1996-07-23;24.25;24.38;24.25;24.38;93467.0
1996-07-24;24.375;24.375;24.25;24.25;66067.0
1996-07-25;24.25;24.375;24.25;24.375;26167.0
1996-07-26;24.375;24.375;23.5;23.625;11733.0
1996-07-29;23.87;23.87;23.75;23.87;17867.0
1996-07-30;23.87;24.13;23.87;24.13;57533.0
1996-07-31;23.875;23.875;23.75;23.875;150767.0
1996-08-01;23.875;24.125;23.875;24.125;109267.0
1996-08-02;25.0;25.25;25.0;25.25;67900.0
1996-08-05;25.25;25.5;25.25;25.5;100833.0
1996-08-06;25.5;25.63;25.37;25.63;53533.0
1996-08-07;25.25;25.5;25.25;25.5;48067.0
1996-08-08;25.5;25.625;25.375;25.625;29000.0
1996-08-09;25.625;25.625;25.375;25.5;23033.0
1996-08-12;25.75;25.87;25.63;25.87;66733.0
1996-08-13;25.75;26.0;25.75;26.0;29267.0
1996-08-14;25.75;25.875;25.625;25.875;24600.0
1996-08-15;25.75;26.0;25.75;26.0;20700.0
1996-08-16;25.875;26.0;25.375;25.5;32900.0
1996-08-19;25.75;25.75;25.63;25.63;10200.0
1996-08-20;25.75;25.75;25.63;25.75;26300.0
1996-08-21;25.75;25.75;25.625;25.625;18367.0
1996-08-22;25.75;25.75;25.625;25.75;24200.0
1996-08-23;25.75;25.75;25.5;25.5;37567.0
1996-08-26;25.63;25.63;25.37;25.37;9567.0
1996-08-27;25.37;25.37;25.0;25.13;29133.0
1996-08-28;25.5;25.625;25.375;25.375;23833.0
1996-08-29;25.375;25.375;25.0;25.125;9833.0
1996-08-30;25.125;25.25;25.125;25.125;74800.0
1996-09-03;25.13;25.13;25.0;25.0;47567.0
1996-09-04;25.125;25.125;25.0;25.0;52233.0
1996-09-05;25.125;25.125;25.0;25.125;65200.0
1996-09-06;25.125;25.125;25.0;25.0;43400.0
1996-09-09;25.0;25.0;24.88;24.88;32767.0
1996-09-10;25.0;25.0;24.875;24.875;30967.0
1996-09-11;24.875;25.0;24.875;25.0;7733.0
1996-09-12;25.0;25.0;24.875;24.875;11500.0
1996-09-13;24.875;25.0;24.875;25.0;53767.0
1996-09-16;24.75;25.0;24.75;25.0;20967.0
1996-09-17;24.75;25.0;24.75;25.0;134167.0
1996-09-18;25.0;25.0;24.875;25.0;48600.0
1996-09-19;25.0;25.0;24.875;24.875;83467.0
1996-09-20;24.875;25.0;24.875;24.875;13200.0
1996-09-23;24.88;25.0;24.75;24.75;48200.0
1996-09-24;24.875;25.0;24.75;24.75;55867.0
1996-09-25;24.875;25.0;24.875;25.0;78800.0
1996-09-26;25.0;25.125;24.875;25.0;34733.0
1996-09-27;25.0;25.125;24.875;25.125;44433.0
1996-09-30;25.13;25.13;24.88;24.88;197033.0
1996-10-01;25.0;25.125;24.875;24.875;18500.0
1996-10-02;24.75;24.75;24.38;24.5;78933.0
1996-10-03;24.5;24.75;24.5;24.75;691400.0
1996-10-04;24.375;24.75;24.375;24.5;87467.0
1996-10-07;24.62;24.75;24.5;24.62;231767.0
1996-10-08;24.5;24.5;24.25;24.5;307367.0
1996-10-09;24.625;24.75;24.5;24.625;121700.0
1996-10-10;24.5;24.5;24.25;24.5;91367.0
1996-10-11;24.5;24.75;24.5;24.75;314100.0
1996-10-14;24.62;24.62;24.38;24.5;109000.0
1996-10-15;24.62;24.62;24.25;24.38;61167.0
1996-10-16;24.625;24.625;24.375;24.5;130000.0
1996-10-17;24.625;24.625;24.25;24.375;147133.0
1996-10-18;24.375;24.625;24.25;24.625;155433.0
1996-10-21;24.62;24.62;24.5;24.62;31833.0
1996-10-22;24.62;24.62;24.38;24.5;44567.0
1996-10-23;24.625;24.625;24.5;24.625;12800.0
1996-10-24;24.625;24.625;24.375;24.5;5933.0
1996-10-25;24.5;24.5;24.375;24.5;95933.0
1996-10-28;24.88;24.88;24.75;24.75;18367.0
1996-10-29;24.88;24.88;24.75;24.75;29267.0
1996-10-30;24.875;24.875;24.75;24.75;8667.0
1996-10-31;24.875;24.875;24.75;24.75;48300.0
1996-11-01;24.875;24.875;24.625;24.625;27467.0
1996-11-04;25.75;25.75;25.37;25.75;51200.0
1996-11-05;25.75;25.75;25.375;25.75;22667.0
1996-11-06;25.75;25.75;25.5;25.625;237100.0
1996-11-07;25.625;26.375;25.625;26.125;248667.0
1996-11-08;27.5;28.375;27.125;27.625;120033.0
1996-11-11;27.37;27.63;27.37;27.63;89800.0
1996-11-12;27.375;27.625;27.375;27.625;31100.0
1996-11-13;27.5;27.875;27.375;27.875;29000.0
1996-11-14;27.875;27.875;27.625;27.875;27333.0
1996-11-15;27.875;27.875;27.75;27.875;50633.0
1996-11-18;27.88;28.12;27.88;28.0;67367.0
1996-11-19;27.875;28.125;27.875;28.0;97100.0
1996-11-20;28.0;28.0;27.875;28.0;37433.0
1996-11-21;27.875;28.0;27.875;28.0;40300.0
1996-11-22;28.0;28.0;27.875;28.0;54267.0
1996-11-25;28.0;28.0;27.88;28.0;75400.0
1996-11-26;28.0;28.0;27.875;28.0;194700.0
1996-11-27;28.0;28.125;27.375;27.375;383733.0
1996-11-29;27.37;27.88;27.37;27.75;13833.0
1996-12-02;27.88;28.12;27.88;28.0;166067.0
1996-12-03;28.0;28.38;28.0;28.38;128200.0
1996-12-04;28.38;28.75;28.38;28.75;225667.0
1996-12-05;28.75;28.87;28.5;28.75;100167.0
1996-12-06;28.5;28.87;28.38;28.87;25767.0
1996-12-09;28.87;30.25;28.87;30.0;148167.0
1996-12-10;30.0;30.63;30.0;30.38;186267.0
1996-12-11;30.38;30.38;29.88;30.12;156833.0
1996-12-12;30.25;30.25;29.63;29.63;67000.0
1996-12-13;29.75;30.0;29.63;29.75;74533.0
1996-12-16;29.88;29.88;29.63;29.63;163467.0
1996-12-17;29.63;29.63;29.37;29.5;21633.0
1996-12-18;29.63;29.88;29.25;29.37;213900.0
1996-12-19;29.63;30.75;29.63;30.75;55600.0
1996-12-20;30.87;31.25;30.63;31.25;32267.0
1996-12-23;31.13;31.88;31.0;31.88;31600.0
1996-12-24;31.75;32.63;31.62;32.63;22667.0
1996-12-26;32.63;32.87;32.38;32.5;14367.0
1996-12-27;31.88;32.12;31.75;31.88;29267.0
1996-12-30;31.88;32.25;31.75;32.12;97600.0
1996-12-31;32.0;32.25;32.0;32.25;889900.0
1997-01-02;32.13;32.13;31.63;31.75;1063133.0
1997-01-03;32.0;32.13;31.88;32.0;53900.0
1997-01-06;32.0;32.13;31.88;32.0;254367.0
1997-01-07;31.75;31.88;31.38;31.75;61933.0
1997-01-08;31.88;31.88;31.75;31.88;92933.0
1997-01-09;32.0;32.13;31.88;32.0;1693233.0
1997-01-10;31.63;31.88;31.5;31.63;473067.0
1997-01-13;31.63;32.0;31.5;32.0;257567.0
1997-01-14;31.88;32.0;31.88;31.88;168533.0
1997-01-15;32.0;32.0;31.75;32.0;288167.0
1997-01-16;32.0;32.0;31.75;31.88;185900.0
1997-01-17;31.75;31.88;31.75;31.88;59067.0
1997-01-20;31.63;31.75;31.25;31.63;84000.0
1997-01-21;31.75;31.88;31.63;31.88;16167.0
1997-01-22;31.63;31.88;31.5;31.88;85533.0
1997-01-23;31.88;32.0;31.75;31.88;68300.0
1997-01-24;31.75;32.0;31.75;31.75;28233.0
1997-01-27;31.88;31.88;31.63;31.88;94233.0
1997-01-28;32.0;32.0;31.5;31.63;34467.0
1997-01-29;31.63;31.75;31.38;31.38;55200.0
1997-01-30;31.38;31.5;31.38;31.5;27333.0
1997-01-31;31.5;31.5;31.38;31.5;27333.0
1997-02-03;31.5;31.75;31.38;31.75;28333.0
1997-02-04;31.75;31.88;31.75;31.88;29500.0
1997-02-05;31.75;31.88;31.38;31.38;57033.0
1997-02-06;31.5;31.5;31.25;31.25;28767.0
1997-02-07;31.38;31.63;31.25;31.38;171100.0
1997-02-10;31.38;31.5;31.13;31.38;32400.0
1997-02-11;31.5;31.5;31.13;31.5;69467.0
1997-02-12;31.5;31.5;31.25;31.25;194200.0
1997-02-13;31.25;31.25;30.88;31.25;59367.0
1997-02-14;31.38;31.5;31.0;31.38;48733.0
1997-02-18;31.25;31.5;30.88;31.5;73500.0
1997-02-19;31.38;31.5;31.0;31.38;193033.0
1997-02-20;31.63;31.88;31.5;31.75;676767.0
1997-02-21;31.5;31.88;31.38;31.88;64667.0
1997-02-24;31.75;32.0;31.5;32.0;43267.0
1997-02-25;32.0;32.0;31.63;31.63;64033.0
1997-02-26;31.5;31.63;31.25;31.25;43267.0
1997-02-27;31.0;31.38;30.5;30.5;208467.0
1997-02-28;30.75;30.88;30.5;30.63;90100.0
1997-03-03;30.63;30.88;30.5;30.75;56500.0
1997-03-04;30.38;31.25;30.25;31.13;44567.0
1997-03-05;31.13;31.25;31.13;31.25;48600.0
1997-03-06;31.25;31.75;31.13;31.5;94867.0
1997-03-07;31.5;31.75;31.38;31.5;21200.0
1997-03-10;31.63;31.63;31.38;31.5;48433.0
1997-03-11;31.5;32.0;31.38;32.0;33567.0
1997-03-12;31.88;32.0;31.0;31.0;695400.0
1997-03-13;31.0;31.13;30.88;30.88;29267.0
1997-03-14;30.88;31.25;30.88;31.25;117200.0
1997-03-17;31.25;31.25;31.0;31.25;61400.0
1997-03-18;31.25;31.25;31.0;31.0;55867.0
1997-03-19;31.13;31.25;30.88;31.0;85933.0
1997-03-20;31.0;31.0;30.88;31.0;8533.0
1997-03-21;31.0;31.0;30.75;31.0;202733.0
1997-03-24;31.0;31.0;30.75;30.88;29267.0
1997-03-25;30.88;30.88;30.63;30.75;20033.0
1997-03-26;30.88;31.38;30.75;31.25;50133.0
1997-03-27;31.5;31.88;31.25;31.88;80633.0
1997-03-31;31.88;31.88;31.25;31.75;75033.0
1997-04-01;31.75;31.75;31.5;31.63;129867.0
1997-04-02;31.5;31.5;31.25;31.25;272500.0
1997-04-03;31.38;31.5;31.13;31.5;30967.0
1997-04-04;31.63;31.75;31.5;31.63;48733.0
1997-04-07;31.75;32.25;31.63;32.25;152300.0
1997-04-08;32.38;33.38;32.25;33.0;112100.0
1997-04-09;33.0;33.0;32.75;32.88;49233.0
1997-04-10;33.0;33.75;32.88;33.75;82167.0
1997-04-11;33.13;33.13;32.63;32.75;19800.0
1997-04-14;32.63;32.75;32.25;32.5;14500.0
1997-04-15;32.63;33.0;32.5;33.0;53100.0
1997-04-16;33.0;33.13;32.5;32.5;26533.0
1997-04-17;32.5;32.5;31.75;31.75;57900.0
1997-04-18;31.88;32.0;31.5;31.5;42100.0
1997-04-21;31.38;31.5;31.38;31.5;11900.0
1997-04-22;31.5;31.75;31.38;31.38;48300.0
1997-04-23;31.5;31.5;31.25;31.25;15800.0
1997-04-24;31.38;31.5;31.25;31.5;25267.0
1997-04-25;31.5;31.5;31.13;31.25;17200.0
1997-04-28;31.25;31.5;31.25;31.38;263533.0
1997-04-29;31.5;31.5;31.38;31.38;22267.0
1997-04-30;31.5;31.88;31.38;31.88;74233.0
1997-05-01;32.0;32.13;31.88;32.13;59067.0
1997-05-02;32.38;33.38;32.25;33.13;53633.0
1997-05-05;33.13;33.38;32.75;32.88;50933.0
1997-05-06;32.88;33.13;32.75;32.88;48433.0
1997-05-07;32.88;32.88;32.25;32.75;58067.0
1997-05-08;32.75;33.38;32.75;33.13;34600.0
1997-05-09;33.13;33.25;32.88;33.25;30667.0
1997-05-12;33.38;33.63;33.38;33.63;10467.0
1997-05-13;33.13;33.63;33.0;33.13;132867.0
1997-05-14;33.38;33.5;33.25;33.5;24333.0
1997-05-15;33.5;33.75;33.5;33.63;13833.0
1997-05-16;33.75;33.75;33.5;33.5;35633.0
1997-05-19;33.5;33.5;32.88;33.0;12533.0
1997-05-20;32.63;33.0;32.38;32.38;27967.0
1997-05-21;32.5;32.5;32.0;32.0;26433.0
1997-05-22;32.13;32.13;31.38;31.63;54433.0
1997-05-23;31.75;32.0;31.63;32.0;13200.0
1997-05-27;32.0;32.13;32.0;32.13;19300.0
1997-05-28;32.25;32.25;32.0;32.13;20700.0
1997-05-29;32.13;32.13;31.88;32.0;69567.0
1997-05-30;31.63;32.25;31.63;32.25;15400.0
1997-06-02;32.38;32.38;31.88;32.0;17200.0
1997-06-03;32.13;32.13;31.63;31.75;38467.0
1997-06-04;31.63;31.75;31.25;31.38;23300.0
1997-06-05;31.5;31.75;31.38;31.75;9567.0
1997-06-06;31.63;32.13;31.5;32.13;28233.0
1997-06-09;32.38;33.0;32.25;32.88;45967.0
1997-06-10;33.0;33.0;32.5;32.5;104233.0
1997-06-11;32.75;32.88;32.25;32.25;53000.0
1997-06-12;32.25;32.63;32.25;32.63;37800.0
1997-06-13;32.75;33.0;32.63;33.0;92800.0
1997-06-16;33.0;33.0;32.88;33.0;47433.0
1997-06-17;33.0;33.0;32.25;32.25;35333.0
1997-06-18;32.5;32.88;32.38;32.63;35633.0
1997-06-19;32.5;32.75;32.38;32.63;151933.0
1997-06-20;32.63;32.88;32.63;32.75;77767.0
1997-06-23;32.63;32.88;32.5;32.63;28233.0
1997-06-24;32.63;32.88;32.5;32.75;39900.0
1997-06-25;32.63;32.88;32.63;32.88;24600.0
1997-06-26;32.75;33.5;32.63;33.5;127400.0
1997-06-27;33.5;33.5;32.63;33.13;58933.0
1997-06-30;33.13;33.5;33.13;33.5;26800.0
1997-07-01;32.88;33.38;32.5;32.75;91133.0
1997-07-02;32.5;32.75;32.5;32.5;90333.0
1997-07-03;32.5;32.75;32.5;32.75;79033.0
1997-07-07;32.75;32.88;32.75;32.88;19300.0
1997-07-08;33.38;33.38;32.88;33.38;25367.0
1997-07-09;33.38;33.5;33.25;33.38;20333.0
1997-07-10;33.0;33.13;33.0;33.0;8800.0
1997-07-11;33.0;33.63;33.0;33.63;61700.0
1997-07-14;33.75;33.75;33.63;33.75;24700.0
1997-07-15;33.75;33.88;33.63;33.88;47267.0
1997-07-16;34.5;34.63;34.13;34.5;40433.0
1997-07-17;34.63;35.0;34.63;35.0;84367.0
1997-07-18;34.75;34.75;34.63;34.75;41833.0
1997-07-21;34.5;34.63;34.38;34.5;15133.0
1997-07-22;34.5;34.63;34.38;34.63;35100.0
1997-07-23;35.0;35.0;35.0;35.0;13333.0
1997-07-24;35.13;35.38;35.13;35.19;25000.0
1997-07-25;35.0;35.5;35.0;35.25;10467.0
1997-07-28;35.25;35.38;35.25;35.25;9967.0
1997-07-29;34.88;35.0;34.88;34.88;10333.0
1997-07-30;34.88;35.0;34.75;34.75;10333.0
1997-07-31;35.0;35.38;35.0;35.19;60233.0
1997-08-01;35.25;35.75;35.0;35.75;83333.0
1997-08-04;35.75;35.88;34.38;34.75;96033.0
1997-08-05;34.63;34.75;34.5;34.5;1375733.0
1997-08-06;34.63;34.63;34.5;34.5;238533.0
1997-08-07;34.63;34.63;34.5;34.63;346400.0
1997-08-08;34.5;34.63;34.13;34.25;341200.0
1997-08-11;34.5;34.5;34.13;34.25;39267.0
1997-08-12;34.25;34.38;34.0;34.0;104100.0
1997-08-13;33.75;34.0;33.75;34.0;36000.0
1997-08-14;34.0;34.13;33.75;33.88;11900.0
1997-08-15;33.88;34.75;33.88;34.63;58700.0
1997-08-18;34.75;35.13;34.38;34.5;56500.0
1997-08-19;34.63;34.63;34.5;34.5;12167.0
1997-08-20;34.63;34.63;34.38;34.63;34967.0
1997-08-21;34.5;34.63;34.5;34.63;19167.0
1997-08-22;34.63;34.63;34.38;34.63;12167.0
1997-08-25;34.5;34.63;34.38;34.5;15000.0
1997-08-26;34.5;34.63;34.13;34.25;40933.0
1997-08-27;34.25;34.5;34.13;34.13;36933.0
1997-08-28;34.25;34.38;34.13;34.25;19800.0
1997-08-29;34.13;34.38;34.13;34.25;110433.0
1997-09-02;34.38;34.38;34.13;34.13;74133.0
1997-09-03;34.25;34.25;34.0;34.0;75300.0
1997-09-04;34.0;34.13;33.88;34.0;30833.0
1997-09-05;34.0;34.38;34.0;34.13;314367.0
1997-09-08;34.13;34.25;34.0;34.13;188367.0
1997-09-09;34.25;34.38;34.13;34.25;56900.0
1997-09-10;34.38;34.5;34.25;34.5;117933.0
1997-09-11;34.38;34.38;34.0;34.38;29933.0
1997-09-12;34.38;34.5;34.13;34.38;88500.0
1997-09-15;34.38;34.5;34.38;34.5;125067.0
1997-09-16;34.5;34.63;34.38;34.5;601067.0
1997-09-17;34.88;35.0;34.63;34.75;212600.0
1997-09-18;34.88;34.88;34.75;34.88;16300.0
1997-09-19;34.63;34.75;34.5;34.75;37800.0
1997-09-22;34.75;34.88;34.75;34.88;44967.0
1997-09-23;34.88;35.38;34.63;35.38;46533.0
1997-09-24;35.38;35.88;35.25;35.63;61567.0
1997-09-25;35.75;36.0;35.75;36.0;8400.0
1997-09-26;36.13;36.13;36.0;36.13;13967.0
1997-09-29;36.63;37.0;36.25;37.0;30967.0
1997-09-30;36.75;37.0;36.5;37.0;97967.0
1997-10-01;37.25;37.38;37.25;37.38;15400.0
1997-10-02;37.25;37.25;37.13;37.25;42633.0
1997-10-03;37.38;37.88;37.38;37.88;13967.0
1997-10-06;38.0;38.25;38.0;38.0;136367.0
1997-10-07;37.88;38.38;37.5;37.5;55200.0
1997-10-08;37.5;37.5;37.38;37.5;37567.0
1997-10-09;37.38;37.63;36.88;36.88;55600.0
1997-10-10;36.38;36.5;36.38;36.5;5267.0
1997-10-13;36.38;36.38;36.13;36.13;24867.0
1997-10-14;35.88;36.13;35.75;36.0;45867.0
1997-10-15;36.0;36.13;35.75;35.88;51567.0
1997-10-16;36.0;36.0;35.75;35.75;17867.0
1997-10-17;35.38;35.63;35.13;35.38;61267.0
1997-10-20;35.5;35.5;35.38;35.38;8400.0
1997-10-21;35.38;35.5;35.25;35.38;156833.0
1997-10-22;35.38;35.38;34.88;34.88;26167.0
1997-10-23;34.63;34.75;34.5;34.5;13467.0
1997-10-24;34.5;34.63;34.5;34.5;80100.0
1997-10-27;34.38;34.38;33.63;33.63;24200.0
1997-10-28;32.88;32.88;32.38;32.75;112100.0
1997-10-29;33.13;34.0;32.75;34.0;364433.0
1997-10-30;34.0;34.0;33.63;33.75;25367.0
1997-10-31;33.88;34.5;33.88;34.5;56500.0
1997-11-03;34.63;34.88;34.5;34.63;88933.0
1997-11-04;34.5;34.88;34.5;34.75;82533.0
1997-11-05;34.63;34.75;34.38;34.38;49367.0
1997-11-06;34.25;34.25;33.75;33.75;96933.0
1997-11-07;33.63;33.63;33.25;33.25;69467.0
1997-11-10;33.38;33.5;33.25;33.44;51700.0
1997-11-11;33.44;33.5;33.31;33.44;26667.0
1997-11-12;33.44;33.44;32.81;32.88;51833.0
1997-11-13;32.88;33.0;31.81;32.5;84633.0
1997-11-14;32.5;34.0;32.5;34.0;106267.0
1997-11-17;34.13;34.75;34.13;34.69;54700.0
1997-11-18;34.75;35.25;34.75;35.13;111733.0
1997-11-19;35.19;35.75;35.19;35.75;30033.0
1997-11-20;36.13;36.25;35.88;35.88;88633.0
1997-11-21;35.94;36.0;35.81;36.0;24100.0
1997-11-24;36.0;37.0;35.88;37.0;202367.0
1997-11-25;37.0;37.13;36.81;37.0;82833.0
1997-11-26;37.13;37.25;36.75;36.75;100967.0
1997-11-28;36.75;37.0;36.75;36.88;13567.0
1997-12-01;36.88;37.0;36.63;36.94;69467.0
1997-12-02;37.0;37.0;36.75;36.81;29400.0
1997-12-03;36.69;36.75;36.44;36.44;11633.0
1997-12-04;36.44;36.5;36.25;36.5;78167.0
1997-12-05;36.38;36.44;36.19;36.25;67133.0
1997-12-08;36.25;36.25;36.06;36.25;59867.0
1997-12-09;36.13;36.19;35.94;36.13;33300.0
1997-12-10;36.13;36.31;36.0;36.13;25767.0
1997-12-11;35.63;35.63;34.94;35.5;69867.0
1997-12-12;35.75;35.94;35.75;35.94;16700.0
1997-12-15;35.94;35.94;35.38;35.56;39267.0
1997-12-16;35.38;35.44;34.94;34.94;77367.0
1997-12-17;35.13;35.25;34.19;34.88;336533.0
1997-12-18;34.88;35.0;34.5;34.75;42767.0
1997-12-19;34.5;34.63;34.5;34.56;54800.0
1997-12-22;34.5;34.75;34.38;34.38;46900.0
1997-12-23;34.38;34.88;34.38;34.88;66733.0
1997-12-24;34.63;34.88;34.38;34.38;36500.0
1997-12-26;34.0;34.13;34.0;34.0;14100.0
1997-12-29;34.25;34.88;34.25;34.75;135833.0
1997-12-30;35.0;36.0;35.0;36.0;48733.0
1997-12-31;36.0;36.5;36.0;36.13;26300.0
1998-01-02;36.25;36.25;35.88;35.94;12667.0
1998-01-05;36.19;36.5;35.88;35.88;47267.0
1998-01-06;35.75;36.13;35.56;36.06;20833.0
1998-01-07;36.0;36.06;35.75;35.88;25133.0
1998-01-08;35.88;36.0;35.63;35.94;21867.0
1998-01-09;36.0;36.0;35.25;35.31;122867.0
1998-01-12;35.06;35.38;34.88;35.19;103300.0
1998-01-13;35.31;35.69;35.31;35.69;28333.0
1998-01-14;35.81;35.94;35.38;35.5;241900.0
1998-01-15;35.56;35.56;34.88;35.0;291933.0
1998-01-16;35.13;35.19;34.88;35.06;176933.0
1998-01-20;35.13;35.25;35.06;35.13;24200.0
1998-01-21;35.25;35.31;34.88;35.0;24333.0
1998-01-22;34.88;35.13;34.88;35.0;27167.0
1998-01-23;34.94;35.13;34.63;34.88;64167.0
1998-01-26;34.88;35.0;34.38;34.88;48600.0
1998-01-27;35.0;35.44;35.0;35.44;61400.0
1998-01-28;35.38;36.0;35.38;35.38;41300.0
1998-01-29;35.63;36.0;35.63;36.0;82033.0
1998-01-30;36.13;36.88;35.88;36.88;100600.0
1998-02-02;37.0;37.25;36.75;36.75;91900.0
1998-02-03;36.75;36.81;36.56;36.63;34833.0
1998-02-04;36.63;37.0;36.5;36.94;78300.0
1998-02-05;37.0;37.25;36.75;36.88;40800.0
1998-02-06;37.0;37.13;36.75;37.0;27700.0
1998-02-09;37.0;37.25;36.94;37.0;7500.0
1998-02-10;36.94;37.19;36.81;36.88;121867.0
1998-02-11;37.13;37.63;36.75;36.88;91900.0
1998-02-12;36.94;36.94;36.13;36.25;64667.0
1998-02-13;36.38;36.81;36.06;36.38;39767.0
1998-02-17;36.38;36.75;36.38;36.69;100967.0
1998-02-18;36.75;37.0;36.75;36.81;87333.0
1998-02-19;36.94;36.94;36.19;36.19;79967.0
1998-02-20;36.0;36.25;35.5;36.13;58933.0
1998-02-23;36.13;36.5;36.0;36.44;60233.0
1998-02-24;36.5;36.56;36.44;36.44;68700.0
1998-02-25;36.31;36.44;36.31;36.44;31733.0
1998-02-26;36.5;36.5;36.25;36.25;39633.0
1998-02-27;36.38;36.5;36.25;36.5;87100.0
1998-03-02;36.5;36.5;36.19;36.44;59733.0
1998-03-03;36.5;36.63;36.25;36.38;54433.0
1998-03-04;36.38;36.44;36.0;36.13;94867.0
1998-03-05;36.06;36.06;35.63;35.88;62867.0
1998-03-06;35.88;36.63;35.88;36.38;104233.0
1998-03-09;36.5;36.88;36.19;36.31;59367.0
1998-03-10;36.31;36.5;36.19;36.25;96167.0
1998-03-11;36.31;36.31;35.69;35.75;91367.0
1998-03-12;35.94;36.0;35.38;35.38;75700.0
1998-03-13;35.44;35.88;35.0;35.63;128200.0
1998-03-16;35.38;36.06;35.38;36.06;197033.0
1998-03-17;36.19;36.38;36.19;36.25;181500.0
1998-03-18;36.25;36.38;36.13;36.19;220633.0
1998-03-19;36.06;36.5;36.06;36.5;65700.0
1998-03-20;36.63;37.0;36.5;36.56;158000.0
1998-03-23;36.44;37.0;36.44;37.0;107733.0
1998-03-24;37.06;37.75;36.94;37.0;119367.0
1998-03-25;37.75;37.75;37.5;37.75;60533.0
1998-03-26;37.63;38.06;37.63;38.0;79833.0
1998-03-27;38.0;38.06;37.75;37.75;42233.0
1998-03-30;37.75;37.88;37.38;37.38;26933.0
1998-03-31;37.25;37.44;36.0;36.88;214300.0
1998-04-01;36.88;37.69;36.63;37.63;97600.0
1998-04-02;37.38;37.63;36.88;36.88;92933.0
1998-04-03;36.88;37.31;36.69;37.31;59600.0
1998-04-06;37.19;37.25;36.69;36.69;93167.0
1998-04-07;36.69;37.0;36.31;37.0;89967.0
1998-04-08;37.0;37.0;36.5;36.56;32500.0
1998-04-09;36.56;36.81;36.19;36.25;37567.0
1998-04-13;36.38;36.88;36.38;36.5;53767.0
1998-04-14;36.25;36.69;36.13;36.5;40033.0
1998-04-15;36.5;37.19;36.5;36.75;103167.0
1998-04-16;36.75;37.0;36.63;37.0;96667.0
1998-04-17;36.88;37.0;36.81;36.81;8667.0
1998-04-20;36.63;36.75;36.5;36.75;104333.0
1998-04-21;36.88;37.06;36.19;36.25;294667.0
1998-04-22;36.25;36.25;34.5;35.13;215700.0
1998-04-23;35.25;35.25;33.63;34.63;190167.0
1998-04-24;34.75;34.81;34.44;34.44;93067.0
1998-04-27;34.25;34.81;34.25;34.69;63600.0
1998-04-28;34.94;35.19;34.69;34.75;63367.0
1998-04-29;34.94;35.0;34.81;34.88;53900.0
1998-04-30;35.0;36.19;35.0;35.88;219733.0
1998-05-01;35.94;36.75;35.88;36.63;104233.0
1998-05-04;37.0;37.44;37.0;37.25;120267.0
1998-05-05;37.25;37.25;36.06;36.38;86167.0
1998-05-06;36.38;36.63;36.0;36.0;28233.0
1998-05-07;36.06;36.13;35.94;36.06;29933.0
1998-05-08;36.0;36.0;35.5;35.81;31333.0
1998-05-11;36.19;36.5;36.0;36.0;26433.0
1998-05-12;36.0;36.13;35.75;35.81;12033.0
1998-05-13;35.81;35.88;35.69;35.75;18133.0
1998-05-14;35.75;35.75;35.44;35.44;50400.0
1998-05-15;35.44;36.38;35.44;36.19;202500.0
1998-05-18;36.31;36.88;36.06;36.69;223900.0
1998-05-19;38.0;38.38;36.88;36.94;244733.0
1998-05-20;36.94;37.19;36.5;36.63;98500.0
1998-05-21;36.75;37.38;36.75;36.88;116767.0
1998-05-22;36.94;37.13;36.94;37.06;24333.0
1998-05-26;37.06;37.44;37.06;37.44;60667.0
1998-05-27;37.44;37.69;37.0;37.06;47267.0
1998-05-28;36.81;37.06;36.5;37.0;164900.0
1998-05-29;37.0;37.19;36.94;37.0;141967.0
1998-06-01;36.63;36.69;36.5;36.69;98267.0
1998-06-02;36.81;36.94;36.5;36.5;106400.0
1998-06-03;36.56;36.56;35.88;36.0;81800.0
1998-06-04;36.0;36.06;35.38;35.56;458800.0
1998-06-05;35.63;35.63;35.19;35.31;407100.0
1998-06-08;35.44;35.44;35.25;35.31;431967.0
1998-06-09;35.44;35.56;35.31;35.5;155433.0
1998-06-10;35.56;35.88;35.38;35.38;73200.0
1998-06-11;35.38;35.44;35.31;35.31;449200.0
1998-06-12;35.13;35.38;34.5;34.69;284567.0
1998-06-15;34.94;34.94;34.44;34.44;145833.0
1998-06-16;34.44;34.75;34.31;34.5;55200.0
1998-06-17;34.75;35.63;34.75;35.25;72467.0
1998-06-18;35.44;35.56;35.19;35.5;88500.0
1998-06-19;35.75;35.88;35.25;35.25;93700.0
1998-06-22;35.31;35.38;34.75;34.88;123033.0
1998-06-23;34.75;35.5;34.75;35.06;160733.0
1998-06-24;35.25;35.56;35.25;35.44;70500.0
1998-06-25;35.5;35.88;35.5;35.69;67667.0
1998-06-26;35.94;36.06;35.75;35.94;64900.0
1998-06-29;35.88;37.0;35.88;36.81;102000.0
1998-06-30;37.0;37.94;37.0;37.38;398667.0
1998-07-01;37.44;37.5;36.94;37.19;108233.0
1998-07-02;37.25;37.5;37.25;37.38;92300.0
1998-07-06;37.44;38.0;37.31;38.0;159167.0
1998-07-07;38.0;39.0;38.0;38.69;356533.0
1998-07-08;38.88;39.25;38.31;38.56;281300.0
1998-07-09;38.69;38.88;38.38;38.5;144133.0
1998-07-10;38.25;38.44;38.25;38.25;102933.0
1998-07-13;37.88;38.19;37.75;38.13;68533.0
1998-07-14;38.06;38.5;38.0;38.31;107967.0
1998-07-15;38.06;38.38;38.0;38.13;87767.0
1998-07-16;38.25;38.38;38.0;38.38;49600.0
1998-07-17;38.75;38.75;38.13;38.25;28100.0
1998-07-20;38.38;39.0;38.25;38.31;45100.0
1998-07-21;38.44;38.44;38.19;38.19;79567.0
1998-07-22;38.19;38.31;37.5;38.19;121333.0
1998-07-23;38.19;38.25;38.19;38.19;27333.0
1998-07-24;38.25;38.25;37.81;37.94;148167.0
1998-07-27;38.0;38.13;37.81;38.0;97733.0
1998-07-28;37.75;37.88;37.5;37.56;73200.0
1998-07-29;37.56;37.75;37.13;37.13;47800.0
1998-07-30;37.0;37.0;36.38;36.5;149333.0
1998-07-31;36.56;36.75;36.38;36.38;180433.0
1998-08-03;36.5;36.5;36.0;36.0;46633.0
1998-08-04;36.19;36.31;35.38;35.38;119100.0
1998-08-05;35.44;35.44;34.5;35.25;196000.0
1998-08-06;35.31;35.75;35.13;35.13;110433.0
1998-08-07;34.88;36.31;34.63;35.0;321767.0
1998-08-10;35.0;35.25;34.75;35.13;188367.0
1998-08-11;34.75;35.13;34.75;35.13;82833.0
1998-08-12;34.75;35.88;34.75;35.81;82667.0
1998-08-13;35.75;35.81;35.19;35.75;88633.0
1998-08-14;35.88;36.75;35.88;36.63;62200.0
1998-08-17;36.69;36.94;36.69;36.88;50267.0
1998-08-18;37.0;37.5;37.0;37.5;88367.0
1998-08-19;37.31;37.88;37.31;37.75;107433.0
1998-08-20;37.69;37.75;37.5;37.75;57900.0
1998-08-21;37.5;37.5;37.0;37.31;62067.0
1998-08-24;37.31;37.88;37.31;37.69;111067.0
1998-08-25;37.63;37.94;37.25;37.31;177333.0
1998-08-26;37.31;38.0;37.31;38.0;107067.0
1998-08-27;38.0;38.0;37.38;37.38;91133.0
1998-08-28;37.44;37.56;36.81;37.38;44433.0
1998-08-31;37.25;37.31;36.06;36.06;64900.0
1998-09-01;36.06;36.19;35.56;35.75;104967.0
1998-09-02;35.69;35.69;35.5;35.5;26800.0
1998-09-03;35.38;35.38;34.94;34.94;55733.0
1998-09-04;35.06;35.13;34.44;34.69;23433.0
1998-09-08;34.94;35.44;34.94;35.0;68300.0
1998-09-09;34.94;35.25;34.81;34.81;60533.0
1998-09-10;34.81;34.81;33.56;33.56;38600.0
1998-09-11;33.56;33.69;32.88;33.19;62567.0
1998-09-14;33.44;33.63;32.88;33.38;62867.0
1998-09-15;33.56;33.63;33.31;33.44;149967.0
1998-09-16;33.44;33.91;33.38;33.81;330967.0
1998-09-17;33.75;33.75;33.13;33.31;61400.0
1998-09-18;34.13;34.38;33.75;34.25;170467.0
1998-09-21;34.13;34.69;34.13;34.63;303867.0
1998-09-22;34.88;35.88;34.81;35.56;249833.0
1998-09-23;35.75;36.38;35.75;36.38;280267.0
1998-09-24;36.38;36.56;36.31;36.31;68833.0
1998-09-25;36.19;36.25;35.88;35.94;180967.0
1998-09-28;35.81;35.94;35.69;35.69;265133.0
1998-09-29;35.69;35.69;35.44;35.44;450000.0
1998-09-30;35.44;35.81;35.44;35.63;198467.0
1998-10-01;35.13;35.13;34.56;34.75;31333.0
1998-10-02;34.5;34.63;33.63;34.5;107833.0
1998-10-05;34.5;34.5;33.88;33.88;29133.0
1998-10-06;33.88;33.94;33.31;33.5;81500.0
1998-10-07;33.5;33.69;32.94;33.0;48067.0
1998-10-08;33.0;33.0;32.5;32.88;91633.0
1998-10-09;32.88;33.13;32.81;33.13;101600.0
1998-10-12;33.06;34.0;33.06;33.69;129100.0
1998-10-13;33.69;33.69;33.31;33.38;58067.0
1998-10-14;33.13;33.13;32.94;32.94;78000.0
1998-10-15;32.94;33.31;32.94;33.31;26433.0
1998-10-16;33.5;33.94;33.5;33.88;45733.0
1998-10-19;34.0;34.5;33.81;34.44;59867.0
1998-10-20;34.44;35.38;34.44;35.13;243967.0
1998-10-21;35.06;35.06;34.75;34.94;44967.0
1998-10-22;35.06;35.06;34.75;35.0;78300.0
1998-10-23;35.13;35.25;35.0;35.0;62733.0
1998-10-26;34.75;34.75;34.44;34.63;68933.0
1998-10-27;34.69;35.0;34.44;34.5;50767.0
1998-10-28;34.63;34.69;34.0;34.19;16833.0
1998-10-29;34.25;34.5;34.13;34.5;89967.0
1998-10-30;34.69;35.56;34.69;35.56;118200.0
1998-11-02;35.69;36.5;35.69;36.13;53900.0
1998-11-03;36.19;37.0;36.13;36.81;55600.0
1998-11-04;37.0;38.63;37.0;37.81;150867.0
1998-11-05;37.56;38.0;37.56;37.94;61267.0
1998-11-06;37.94;37.94;37.56;37.56;27067.0
1998-11-09;37.5;37.5;36.69;36.81;54167.0
1998-11-10;36.88;36.94;36.31;36.5;80500.0
1998-11-11;36.69;36.88;36.69;36.75;17867.0
1998-11-12;36.88;37.06;36.63;36.88;38967.0
1998-11-13;36.88;37.25;36.88;36.94;17200.0
1998-11-16;37.0;37.31;36.94;37.13;25000.0
1998-11-17;37.13;37.19;36.94;37.0;160600.0
1998-11-18;37.0;37.0;36.56;36.81;40033.0
1998-11-19;36.63;36.75;36.5;36.56;14500.0
1998-11-20;36.38;36.88;36.25;36.69;46400.0
1998-11-23;36.75;36.94;36.56;36.75;27600.0
1998-11-24;36.75;36.81;36.5;36.63;38233.0
1998-11-25;36.69;37.0;36.69;37.0;20700.0
1998-11-27;36.88;37.06;36.88;37.06;15667.0
1998-11-30;37.13;37.94;37.13;37.88;106400.0
1998-12-01;37.94;38.0;37.31;38.0;48967.0
1998-12-02;38.0;38.06;37.56;37.81;58933.0
1998-12-03;37.88;37.88;37.56;37.56;16300.0
1998-12-04;37.63;37.69;37.25;37.25;38100.0
1998-12-07;37.38;37.5;37.13;37.19;46900.0
1998-12-08;37.06;37.19;36.81;36.81;40433.0
1998-12-09;36.56;36.56;36.31;36.44;178900.0
1998-12-10;36.94;37.13;36.63;36.75;77500.0
1998-12-11;36.88;36.94;36.56;36.81;23967.0
1998-12-14;36.69;36.88;36.69;36.69;29000.0
1998-12-15;36.44;37.19;36.44;37.19;48967.0
1998-12-16;37.13;37.44;37.13;37.44;40133.0
1998-12-17;37.44;37.63;37.13;37.44;31600.0
1998-12-18;37.63;37.63;37.25;37.38;54267.0
1998-12-21;37.44;37.44;36.81;36.81;59367.0
1998-12-22;36.63;37.31;36.38;36.94;64900.0
1998-12-23;36.94;37.5;36.94;36.94;194200.0
1998-12-24;36.94;36.94;36.81;36.81;85000.0
1998-12-28;36.81;36.81;36.69;36.75;42100.0
1998-12-29;36.69;37.0;36.63;36.81;28100.0
1998-12-30;36.69;37.63;36.63;37.63;35900.0
1998-12-31;37.63;37.88;37.31;37.88;224133.0
1999-01-04;37.25;38.25;37.13;38.25;139200.0
1999-01-05;38.19;38.31;38.13;38.31;80200.0
1999-01-06;38.31;38.44;38.19;38.25;133767.0
1999-01-07;38.13;38.13;37.75;37.75;41467.0
1999-01-08;37.69;37.69;36.63;37.25;92933.0
1999-01-11;37.0;37.0;36.5;36.75;120933.0
1999-01-12;36.81;36.94;36.63;36.63;26533.0
1999-01-13;36.38;36.38;35.81;35.94;110067.0
1999-01-14;35.81;36.0;35.81;35.94;33567.0
1999-01-15;35.69;35.88;35.63;35.63;66733.0
1999-01-19;35.75;35.94;35.5;35.94;64533.0
1999-01-20;35.94;36.06;35.88;35.88;62867.0
1999-01-21;35.75;35.75;35.06;35.5;106567.0
1999-01-22;35.44;36.19;35.44;36.13;50133.0
1999-01-25;36.38;36.5;35.81;35.88;58200.0
1999-01-26;36.13;36.13;35.75;35.81;29400.0
1999-01-27;35.94;35.94;35.5;35.5;86833.0
1999-01-28;35.5;35.56;35.13;35.13;26433.0
1999-01-29;35.19;35.19;34.63;34.63;95133.0
1999-02-01;34.75;35.25;34.75;34.94;62333.0
1999-02-02;34.94;35.19;34.63;35.19;40433.0
1999-02-03;35.13;35.5;35.13;35.38;33433.0
1999-02-04;35.31;35.31;35.06;35.25;35500.0
1999-02-05;35.25;35.25;34.75;34.88;75533.0
1999-02-08;35.38;35.5;34.94;35.5;135333.0
1999-02-09;35.5;35.5;34.94;35.06;38733.0
1999-02-10;35.13;35.13;34.38;34.75;130800.0
1999-02-11;34.75;34.81;34.44;34.5;44800.0
1999-02-12;34.5;34.5;33.88;33.94;35100.0
1999-02-16;34.19;34.31;33.94;33.94;36933.0
1999-02-17;34.0;34.0;33.75;33.75;51700.0
1999-02-18;33.88;33.88;33.31;33.31;130800.0
1999-02-19;33.31;33.44;33.0;33.13;87100.0
1999-02-22;33.13;33.88;33.13;33.69;57133.0
1999-02-23;33.69;33.75;33.38;33.63;128067.0
1999-02-24;33.69;33.69;33.38;33.38;63900.0
1999-02-25;33.38;33.75;33.25;33.69;181500.0
1999-02-26;33.81;33.88;33.69;33.75;106933.0
1999-03-01;33.75;33.94;33.69;33.75;134167.0
1999-03-02;33.75;33.88;33.38;33.44;187433.0
1999-03-03;33.44;33.75;33.19;33.56;180700.0
1999-03-04;33.69;33.81;33.5;33.5;41067.0
1999-03-05;33.5;33.81;33.31;33.44;164767.0
1999-03-08;33.44;33.56;33.25;33.31;58433.0
1999-03-09;33.31;33.38;33.31;33.38;34467.0
1999-03-10;33.38;33.38;33.25;33.31;65567.0
1999-03-11;33.38;33.38;33.25;33.25;44300.0
1999-03-12;33.38;33.44;33.25;33.31;64667.0
1999-03-15;33.38;33.38;33.13;33.13;11900.0
1999-03-16;33.0;33.0;32.13;32.25;70367.0
1999-03-17;32.25;32.25;31.88;31.94;147267.0
1999-03-18;32.06;32.06;31.75;31.81;44967.0
1999-03-19;31.75;31.94;31.44;31.44;68033.0
1999-03-22;31.5;31.5;31.44;31.44;28233.0
1999-03-23;31.31;31.81;31.25;31.75;216233.0
1999-03-24;31.69;32.0;31.69;32.0;53267.0
1999-03-25;32.13;32.25;32.0;32.0;127167.0
1999-03-26;32.0;32.06;31.94;31.94;72700.0
1999-03-29;32.06;32.38;32.0;32.13;221000.0
1999-03-30;32.13;32.38;32.06;32.31;65433.0
1999-03-31;31.88;32.44;31.88;32.44;135967.0
1999-04-01;32.31;32.44;32.25;32.25;66600.0
1999-04-05;32.13;32.13;31.81;31.81;41733.0
1999-04-06;31.94;32.0;31.63;31.75;46400.0
1999-04-07;31.56;31.69;31.38;31.56;79467.0
1999-04-08;31.31;31.44;31.13;31.38;88133.0
1999-04-09;31.44;32.0;31.31;31.88;53533.0
1999-04-12;31.88;32.13;31.59;32.06;78000.0
1999-04-13;32.13;32.13;31.75;32.0;123533.0
1999-04-14;32.13;32.13;31.88;32.0;82033.0
1999-04-15;32.06;33.75;32.06;33.56;117700.0
1999-04-16;33.5;35.25;33.5;34.56;132867.0
1999-04-19;34.69;36.38;34.69;36.38;131967.0
1999-04-20;36.5;36.5;35.75;36.25;110567.0
1999-04-21;36.38;36.88;36.38;36.88;241533.0
1999-04-22;36.75;37.0;36.75;36.88;113800.0
1999-04-23;36.75;37.0;36.75;37.0;97733.0
1999-04-26;36.94;37.13;36.94;37.0;42367.0
1999-04-27;36.94;37.0;36.88;36.88;164367.0
1999-04-28;36.81;36.81;36.5;36.56;66067.0
1999-04-29;36.56;36.69;36.5;36.5;41833.0
1999-04-30;36.5;36.81;36.5;36.81;65967.0
1999-05-03;36.88;36.88;36.56;36.69;67233.0
1999-05-04;36.69;36.75;36.5;36.5;124333.0
1999-05-05;36.56;36.75;36.5;36.69;38333.0
1999-05-06;36.75;37.25;36.63;37.25;68533.0
1999-05-07;37.25;37.31;36.94;37.0;75533.0
1999-05-10;37.0;37.94;37.0;37.94;78300.0
1999-05-11;37.94;38.13;37.69;37.75;68400.0
1999-05-12;37.75;38.25;37.75;38.19;44167.0
1999-05-13;38.31;38.44;37.88;37.88;40133.0
1999-05-14;37.75;38.0;37.13;37.38;93600.0
1999-05-17;37.31;37.31;35.94;36.56;77500.0
1999-05-18;36.69;37.13;36.63;37.06;43000.0
1999-05-19;36.81;36.88;36.56;36.75;165933.0
1999-05-20;36.88;37.63;36.81;37.44;64800.0
1999-05-21;37.5;37.75;37.38;37.75;81900.0
1999-05-24;38.0;38.0;37.88;37.88;33800.0
1999-05-25;38.0;38.13;37.88;38.06;36933.0
1999-05-26;38.06;38.06;38.0;38.0;28233.0
1999-05-27;38.06;38.06;37.63;37.75;38467.0
1999-05-28;37.75;38.5;37.75;38.5;74533.0
1999-06-01;38.31;38.63;38.06;38.56;34333.0
1999-06-02;38.5;38.5;38.0;38.31;40933.0
1999-06-03;38.25;38.38;37.88;38.0;38233.0
1999-06-04;38.0;38.13;37.88;38.06;22367.0
1999-06-07;38.0;38.63;37.88;37.94;242167.0
1999-06-08;37.94;38.13;37.94;38.06;47800.0
1999-06-09;37.94;38.06;37.94;37.94;28500.0
1999-06-10;38.0;38.0;37.63;37.66;35100.0
1999-06-11;37.56;37.63;37.0;37.44;47700.0
1999-06-14;37.44;37.63;37.38;37.56;75533.0
1999-06-15;37.5;37.94;37.44;37.81;82667.0
1999-06-16;37.69;37.88;37.63;37.75;44700.0
1999-06-17;37.75;38.06;37.63;37.88;90967.0
1999-06-18;37.94;38.19;37.94;38.13;134300.0
1999-06-21;38.13;38.13;37.56;37.88;58700.0
1999-06-22;37.69;37.81;37.13;37.13;63900.0
1999-06-23;37.25;37.25;36.88;37.06;67000.0
1999-06-24;37.0;37.0;36.44;36.63;81500.0
1999-06-25;36.88;36.94;36.38;36.38;192100.0
1999-06-28;36.38;36.75;36.31;36.38;134033.0
1999-06-29;36.44;36.5;36.31;36.31;91633.0
1999-06-30;35.81;36.13;35.25;35.5;276267.0
1999-07-01;35.63;35.63;34.0;35.44;1239867.0
1999-07-02;34.75;35.31;34.75;35.31;328500.0
1999-07-06;35.38;35.38;35.13;35.13;97100.0
1999-07-07;35.38;35.38;34.88;35.06;100967.0
1999-07-08;35.06;35.31;34.88;34.88;158400.0
1999-07-09;33.0;33.5;32.5;33.0;4565500.0
1999-07-12;33.0;33.13;32.88;33.06;482667.0
1999-07-13;33.06;33.31;32.88;32.94;374767.0
1999-07-14;32.88;34.0;32.69;33.75;2708567.0
1999-07-15;33.81;34.25;33.69;34.25;349267.0
1999-07-16;34.19;34.19;33.88;34.06;305700.0
1999-07-19;34.0;34.06;33.63;33.63;253967.0
1999-07-20;33.75;33.88;33.5;33.5;249833.0
1999-07-21;33.5;33.5;32.88;33.13;353933.0
1999-07-22;33.19;33.63;33.0;33.5;269633.0
1999-07-23;33.44;33.63;33.19;33.31;124933.0
1999-07-26;33.25;33.25;33.13;33.13;204967.0
1999-07-27;33.38;33.38;32.88;33.06;354300.0
1999-07-28;33.13;33.13;32.88;32.88;67000.0
1999-07-29;32.88;33.0;32.75;32.88;165267.0
1999-07-30;32.88;33.06;32.75;33.06;272867.0
1999-08-02;33.19;33.5;33.19;33.31;315167.0
1999-08-03;33.31;33.5;33.31;33.44;136633.0
1999-08-04;33.44;33.44;33.31;33.38;205333.0
1999-08-05;33.38;33.38;33.0;33.0;137533.0
1999-08-06;33.0;33.13;33.0;33.06;123533.0
1999-08-09;33.06;33.13;33.0;33.06;43800.0
1999-08-10;32.94;33.0;32.5;32.88;116133.0
1999-08-11;32.88;33.0;32.75;33.0;68300.0
1999-08-12;33.0;33.0;32.94;33.0;90333.0
1999-08-13;33.0;33.13;32.88;33.13;112633.0
1999-08-16;33.13;33.25;32.94;33.25;86467.0
1999-08-17;33.25;33.25;32.94;33.0;50767.0
1999-08-18;33.0;33.06;32.88;33.0;53533.0
1999-08-19;33.0;33.0;32.88;33.0;114567.0
1999-08-20;33.0;33.13;32.88;33.13;104100.0
1999-08-23;33.13;33.56;33.0;33.06;225167.0
1999-08-24;33.06;33.19;33.06;33.19;60533.0
1999-08-25;33.19;33.19;32.94;32.94;63367.0
1999-08-26;32.94;33.0;32.88;32.88;30433.0
1999-08-27;32.75;32.81;32.75;32.75;16700.0
1999-08-30;32.69;32.81;32.69;32.81;43400.0
1999-08-31;32.81;33.38;32.81;33.25;135333.0
1999-09-01;33.25;33.25;32.94;32.94;121433.0
1999-09-02;33.0;33.06;32.88;32.94;116667.0
1999-09-03;33.06;33.06;32.88;32.88;60400.0
1999-09-07;32.94;33.0;32.88;32.88;32000.0
1999-09-08;32.94;32.94;32.75;32.75;29933.0
1999-09-09;32.75;32.81;32.47;32.69;45867.0
1999-09-10;32.81;32.81;32.63;32.75;6833.0
1999-09-13;32.75;32.75;32.56;32.56;24467.0
1999-09-14;32.63;32.63;32.44;32.44;71033.0
1999-09-15;32.5;32.5;32.19;32.19;77767.0
1999-09-16;32.06;32.13;31.75;31.94;48733.0
1999-09-17;31.69;31.88;31.69;31.88;102933.0
1999-09-20;31.94;31.94;31.75;31.75;64800.0
1999-09-21;31.75;31.81;31.69;31.75;77867.0
1999-09-22;31.81;32.0;31.75;31.94;158267.0
1999-09-23;31.94;31.94;31.63;31.75;68533.0
1999-09-24;31.81;31.81;31.38;31.44;75300.0
1999-09-27;31.5;31.5;31.25;31.31;67900.0
1999-09-28;31.31;31.31;31.06;31.19;114067.0
1999-09-29;31.25;32.56;31.25;31.44;264067.0
1999-09-30;31.44;31.5;31.19;31.5;141300.0
1999-10-01;31.0;31.25;30.63;30.63;47800.0
1999-10-04;30.63;31.25;30.25;31.19;100733.0
1999-10-05;31.19;31.69;31.19;31.56;291433.0
1999-10-06;31.63;31.69;31.5;31.5;114567.0
1999-10-07;31.56;31.56;31.13;31.19;88367.0
1999-10-08;31.19;31.25;31.0;31.06;169800.0
1999-10-11;31.06;31.13;31.0;31.06;71400.0
1999-10-12;31.0;31.06;30.88;30.88;78400.0
1999-10-13;30.81;30.88;30.5;30.63;84867.0
1999-10-14;30.69;30.69;30.44;30.5;75300.0
1999-10-15;30.38;30.44;30.31;30.38;65833.0
1999-10-18;30.44;30.44;29.94;30.06;90967.0
1999-10-19;30.19;30.31;30.13;30.31;103067.0
1999-10-20;30.25;30.31;30.19;30.25;162567.0
1999-10-21;30.25;30.25;29.75;29.75;267167.0
1999-10-22;29.88;29.94;29.44;29.63;111367.0
1999-10-25;29.69;29.69;29.06;29.19;117433.0
1999-10-26;29.19;29.25;28.81;28.81;58200.0
1999-10-27;28.81;28.88;28.25;28.25;79467.0
1999-10-28;28.31;28.56;28.31;28.44;96567.0
1999-10-29;28.56;29.0;28.56;28.94;1031233.0
1999-11-01;29.0;29.31;29.0;29.25;149833.0
1999-11-02;29.19;30.0;29.13;29.81;270967.0
1999-11-03;29.75;30.06;29.75;30.06;126233.0
1999-11-04;30.06;30.25;29.94;29.94;251100.0
1999-11-05;29.94;30.0;29.88;29.88;113033.0
1999-11-08;29.81;30.0;29.75;30.0;120267.0
1999-11-09;30.0;30.0;29.75;29.94;41200.0
1999-11-10;29.81;29.88;29.81;29.81;79833.0
1999-11-11;29.88;29.88;29.5;29.56;88267.0
1999-11-12;29.56;29.63;29.5;29.56;73633.0
1999-11-15;29.81;29.94;29.81;29.94;201200.0
1999-11-16;29.94;29.94;29.69;29.88;57400.0
1999-11-17;29.94;30.0;29.75;29.75;187067.0
1999-11-18;29.5;29.94;29.44;29.94;182267.0
1999-11-19;29.94;30.0;29.75;29.94;92000.0
1999-11-22;29.94;30.0;29.75;29.81;109900.0
1999-11-23;29.81;29.88;29.69;29.88;163733.0
1999-11-24;29.94;30.0;29.75;30.0;115867.0
1999-11-26;30.0;30.0;29.94;30.0;61567.0
1999-11-29;30.0;30.0;29.75;29.94;158933.0
1999-11-30;29.75;30.0;29.75;30.0;210267.0
1999-12-01;29.94;30.0;29.0;29.31;1068967.0
1999-12-02;29.25;29.25;28.63;28.88;127167.0
1999-12-03;28.94;28.94;28.19;28.5;160333.0
1999-12-06;28.75;28.75;28.19;28.25;130000.0
1999-12-07;28.25;28.25;27.13;27.69;847767.0
1999-12-08;27.69;27.69;27.31;27.44;378167.0
1999-12-09;27.31;27.31;26.94;26.94;703700.0
1999-12-10;26.81;27.06;26.69;26.75;81367.0
1999-12-13;26.88;27.0;25.94;25.94;197700.0
1999-12-14;25.88;26.06;25.0;25.06;236067.0
1999-12-15;25.19;25.5;25.0;25.5;2573200.0
1999-12-16;25.75;25.94;25.38;25.5;83200.0
1999-12-17;25.63;27.25;25.44;27.0;409933.0
1999-12-20;26.88;27.44;26.88;27.25;440267.0
1999-12-21;27.19;27.25;26.69;26.88;176167.0
1999-12-22;26.88;26.88;26.5;26.5;200533.0
1999-12-23;26.56;27.19;26.56;27.06;162433.0
1999-12-27;26.94;27.0;26.81;26.94;94633.0
1999-12-28;27.06;27.06;26.81;26.88;226233.0
1999-12-29;27.0;28.19;26.94;27.94;296900.0
1999-12-30;27.88;28.13;27.63;27.81;93300.0
1999-12-31;27.69;28.19;27.5;28.0;137133.0
2000-01-03;28.0;28.0;27.63;27.94;128333.0
2000-01-04;27.38;27.38;26.5;26.81;168900.0
2000-01-05;26.75;27.13;26.38;27.13;134033.0
2000-01-06;26.88;28.19;26.88;27.94;227400.0
2000-01-07;28.13;28.63;28.0;28.56;840367.0
2000-01-10;28.38;28.63;28.38;28.56;450367.0
2000-01-11;28.44;28.69;28.44;28.56;267700.0
2000-01-12;28.69;28.69;28.38;28.5;237100.0
2000-01-13;28.5;28.56;28.38;28.5;311167.0
2000-01-14;28.44;28.63;28.44;28.63;456200.0
2000-01-18;28.56;29.31;28.5;28.94;718267.0
2000-01-19;28.94;29.0;28.5;28.88;198333.0
2000-01-20;28.94;29.0;28.75;28.81;66367.0
2000-01-21;28.69;28.81;28.63;28.75;58433.0
2000-01-24;28.81;28.94;28.63;28.63;150100.0
2000-01-25;28.75;29.0;28.5;28.69;198200.0
2000-01-26;28.81;29.13;28.81;29.0;287800.0
2000-01-27;29.0;29.06;28.5;28.5;309967.0
2000-01-28;28.56;29.0;28.56;28.88;47433.0
2000-01-31;28.88;28.94;28.5;28.5;259167.0
2000-02-01;28.56;28.69;28.31;28.5;575633.0
2000-02-02;28.44;28.69;28.44;28.63;352500.0
2000-02-03;28.63;29.0;28.19;28.56;852833.0
2000-02-04;28.69;28.87;28.69;28.75;79167.0
2000-02-07;28.75;28.81;28.63;28.75;175133.0
2000-02-08;28.75;29.0;28.75;28.94;486700.0
2000-02-09;29.19;29.19;29.0;29.0;284300.0
2000-02-10;28.94;29.06;28.81;28.94;456733.0
2000-02-11;28.94;29.06;28.88;28.88;145700.0
2000-02-14;28.88;29.0;28.75;28.88;154633.0
2000-02-15;28.75;29.69;28.75;29.5;1027100.0
2000-02-16;29.38;30.0;29.38;29.44;543233.0
2000-02-17;29.44;29.5;29.38;29.44;54700.0
2000-02-18;29.5;29.5;29.19;29.25;33167.0
2000-02-22;29.5;29.5;29.06;29.06;80500.0
2000-02-23;29.25;29.25;29.0;29.13;104967.0
2000-02-24;29.25;29.31;29.06;29.31;60400.0
2000-02-25;29.06;29.13;28.94;29.06;217933.0
2000-02-28;29.19;29.19;28.81;28.94;98633.0
2000-02-29;28.88;28.94;28.75;28.81;288067.0
2000-03-01;28.81;29.06;28.81;28.94;87467.0
2000-03-02;28.94;29.13;28.63;29.06;112400.0
2000-03-03;29.06;29.31;29.06;29.19;136633.0
2000-03-06;29.19;29.56;29.0;29.06;179133.0
2000-03-07;29.06;29.19;28.88;29.13;43800.0
2000-03-08;29.13;29.13;28.63;28.63;203800.0
2000-03-09;28.88;29.19;28.81;29.13;70733.0
2000-03-10;29.19;29.19;28.31;28.5;319433.0
2000-03-13;28.5;29.0;28.5;28.75;144933.0
2000-03-14;28.75;28.75;28.44;28.5;66500.0
2000-03-15;28.5;29.06;28.5;29.0;147133.0
2000-03-16;29.13;29.44;29.13;29.31;130000.0
2000-03-17;29.25;29.75;29.06;29.19;139333.0
2000-03-20;29.13;29.63;29.13;29.31;70233.0
2000-03-21;29.25;29.38;29.19;29.31;53100.0
2000-03-22;29.31;29.69;29.25;29.63;202200.0
2000-03-23;29.56;29.94;29.31;29.94;158133.0
2000-03-24;29.94;29.94;29.0;29.06;841167.0
2000-03-27;29.19;29.44;29.0;29.38;332533.0
2000-03-28;29.44;30.0;29.38;30.0;299067.0
2000-03-29;30.0;30.25;29.81;30.25;147767.0
2000-03-30;30.13;30.44;29.94;30.44;101100.0
2000-03-31;30.25;30.56;30.25;30.44;298300.0
2000-04-03;30.44;30.63;30.44;30.56;119233.0
2000-04-04;30.25;30.25;29.81;30.06;114067.0
2000-04-05;30.13;30.19;29.75;29.81;670267.0
2000-04-06;29.94;30.19;29.63;30.19;185100.0
2000-04-07;30.25;30.69;30.13;30.69;118467.0
2000-04-10;30.69;31.06;30.63;30.94;69567.0
2000-04-11;31.13;31.5;31.0;31.25;303100.0
2000-04-12;31.5;31.75;31.25;31.69;276500.0
2000-04-13;31.75;32.0;31.69;32.0;264067.0
2000-04-14;31.75;31.94;31.75;31.88;76567.0
2000-04-17;32.0;32.0;31.25;31.31;160733.0
2000-04-18;31.38;31.81;31.38;31.56;249933.0
2000-04-19;31.63;31.88;31.5;31.75;79167.0
2000-04-20;31.75;32.13;31.75;32.0;102933.0
2000-04-24;32.0;32.25;31.88;31.94;182667.0
2000-04-25;32.06;32.06;32.0;32.0;113133.0
2000-04-26;32.13;33.13;32.13;32.88;176933.0
2000-04-27;32.88;33.0;32.63;33.0;201333.0
2000-04-28;33.06;33.06;32.75;32.88;96433.0
2000-05-01;32.94;34.0;32.81;34.0;851667.0
2000-05-02;33.94;34.19;33.69;34.06;269500.0
2000-05-03;34.06;34.13;33.5;33.5;687900.0
2000-05-04;33.63;33.94;33.0;33.75;397500.0
2000-05-05;33.5;33.5;33.25;33.25;100167.0
2000-05-08;33.44;33.69;33.44;33.69;79467.0
2000-05-09;33.75;33.75;33.38;33.5;135333.0
2000-05-10;33.56;33.63;32.88;32.88;290633.0
2000-05-11;33.0;33.06;32.88;33.0;50267.0
2000-05-12;33.0;33.0;32.63;32.81;219467.0
2000-05-15;32.94;33.06;32.88;33.0;81500.0
2000-05-16;33.0;33.13;32.94;33.0;135567.0
2000-05-17;33.0;33.0;32.75;32.75;76067.0
2000-05-18;32.81;32.94;32.56;32.63;71667.0
2000-05-19;32.63;32.69;32.31;32.63;180200.0
2000-05-22;32.88;32.88;32.44;32.5;179400.0
2000-05-23;32.63;32.69;32.44;32.5;63000.0
2000-05-24;32.63;32.69;32.19;32.19;142600.0
2000-05-25;32.31;32.38;31.88;31.88;55600.0
2000-05-26;32.0;32.13;31.5;31.81;769467.0
2000-05-30;31.81;31.94;31.56;31.56;204167.0
2000-05-31;31.63;31.63;31.38;31.44;248400.0
2000-06-01;31.69;31.69;31.44;31.44;187833.0
2000-06-02;31.56;31.56;31.31;31.38;125333.0
2000-06-05;31.38;31.38;31.06;31.25;238533.0
2000-06-06;31.25;31.38;31.0;31.19;962800.0
2000-06-07;31.19;31.25;30.88;31.19;677800.0
2000-06-08;31.13;31.44;31.0;31.38;676633.0
2000-06-09;31.44;31.5;31.25;31.44;487067.0
2000-06-12;31.5;31.5;31.25;31.44;450367.0
2000-06-13;31.5;31.56;31.25;31.31;454300.0
2000-06-14;31.31;31.5;30.88;30.94;4091467.0
2000-06-15;31.0;32.0;31.0;31.44;490967.0
2000-06-16;31.56;31.63;31.31;31.5;212467.0
2000-06-19;31.63;31.75;31.44;31.63;92933.0
2000-06-20;31.88;31.94;31.63;31.81;104100.0
2000-06-21;31.94;31.94;31.31;31.63;87867.0
2000-06-22;31.63;31.69;31.38;31.44;67233.0
2000-06-23;31.31;31.5;31.0;31.38;203667.0
2000-06-26;31.31;31.56;31.25;31.5;85300.0
2000-06-27;31.5;31.88;31.44;31.81;894700.0
2000-06-28;31.75;32.5;31.63;32.38;246200.0
2000-06-29;32.31;32.38;32.06;32.25;95400.0
2000-06-30;32.38;32.63;31.75;31.77;857233.0
2000-07-03;31.94;32.06;31.69;31.88;265367.0
2000-07-05;32.13;32.13;31.81;32.06;221433.0
2000-07-06;32.06;32.19;31.94;32.13;333833.0
2000-07-07;32.13;32.75;32.13;32.56;211833.0
2000-07-10;32.56;33.0;32.56;32.69;328367.0
2000-07-11;32.69;32.69;32.31;32.38;138700.0
2000-07-12;32.25;32.44;31.94;32.44;223233.0
2000-07-13;32.44;32.69;32.44;32.44;112767.0
2000-07-14;32.44;32.81;32.44;32.69;141967.0
2000-07-17;32.63;32.69;32.5;32.63;153600.0
2000-07-18;32.63;32.63;32.5;32.56;105100.0
2000-07-19;32.63;32.69;32.56;32.63;43633.0
2000-07-20;32.63;33.0;32.63;32.94;170733.0
2000-07-21;32.94;33.19;32.94;33.19;351467.0
2000-07-24;33.19;33.38;32.88;33.38;288067.0
2000-07-25;33.5;33.5;33.44;33.44;160233.0
2000-07-26;33.5;33.63;33.44;33.5;548633.0
2000-07-27;33.5;33.94;33.44;33.94;135067.0
2000-07-28;33.94;34.0;33.81;33.81;127033.0
2000-07-31;33.94;34.0;33.75;33.88;91133.0
2000-08-01;33.94;34.38;33.75;34.38;476167.0
2000-08-02;34.44;34.5;34.13;34.44;211300.0
2000-08-03;34.44;34.44;34.06;34.31;140000.0
2000-08-04;34.25;34.25;33.69;33.75;140900.0
2000-08-07;33.63;34.0;33.63;33.88;117300.0
2000-08-08;33.88;34.06;33.63;33.69;353933.0
2000-08-09;33.75;34.0;33.69;34.0;120800.0
2000-08-10;34.0;34.19;33.88;34.0;160467.0
2000-08-11;34.0;34.19;33.94;34.13;354067.0
2000-08-14;34.19;34.19;33.63;33.88;194067.0
2000-08-15;33.94;33.94;33.56;33.81;88500.0
2000-08-16;33.81;34.0;33.75;34.0;265133.0
2000-08-17;34.0;34.13;33.94;34.0;42233.0
2000-08-18;34.13;34.25;33.88;33.88;149967.0
2000-08-21;34.0;34.13;33.5;33.56;328500.0
2000-08-22;33.69;33.75;33.5;33.69;218433.0
2000-08-23;33.69;33.75;33.5;33.63;105633.0
2000-08-24;33.69;33.69;33.44;33.44;188600.0
2000-08-25;33.44;33.44;32.81;32.88;51567.0
2000-08-28;32.75;33.31;32.5;32.56;217000.0
2000-08-29;32.25;32.81;32.25;32.63;162567.0
2000-08-30;32.56;32.69;32.38;32.5;159433.0
2000-08-31;32.56;32.56;32.13;32.13;307533.0
2000-09-01;32.13;32.31;32.06;32.25;85433.0
2000-09-05;32.25;32.44;32.13;32.31;123400.0
2000-09-06;32.25;32.5;32.06;32.44;154267.0
2000-09-07;32.5;32.5;32.19;32.19;144300.0
2000-09-08;32.19;32.81;32.19;32.75;344600.0
2000-09-11;32.75;32.88;32.69;32.88;182900.0
2000-09-12;32.88;33.19;32.75;33.06;88500.0
2000-09-13;33.56;33.56;32.94;32.94;124567.0
2000-09-14;33.0;33.38;33.0;33.31;81367.0
2000-09-15;33.13;33.13;32.88;32.94;46900.0
2000-09-18;32.94;33.06;32.25;32.25;88933.0
2000-09-19;32.25;32.81;32.25;32.81;66867.0
2000-09-20;32.88;32.94;32.5;32.5;221433.0
2000-09-21;32.44;32.63;32.44;32.44;109533.0
2000-09-22;32.31;32.88;32.06;32.63;93967.0
2000-09-25;32.44;32.5;32.25;32.25;56367.0
2000-09-26;32.44;33.13;32.44;33.13;390867.0
2000-09-27;33.13;33.13;33.06;33.13;211533.0
2000-09-28;33.13;33.31;32.81;33.0;422767.0
2000-09-29;33.06;33.06;32.19;32.19;637333.0
2000-10-02;32.38;32.94;32.25;32.31;301033.0
2000-10-03;31.81;31.81;31.06;31.44;330200.0
2000-10-04;31.38;31.56;31.25;31.31;55867.0
2000-10-05;31.25;31.56;31.0;31.56;74233.0
2000-10-06;32.0;32.0;31.75;31.75;128067.0
2000-10-09;31.75;31.81;31.5;31.56;80200.0
2000-10-10;31.5;31.69;31.44;31.5;24700.0
2000-10-11;31.44;31.63;31.31;31.63;86600.0
2000-10-12;31.5;31.5;31.0;31.06;26300.0
2000-10-13;31.25;31.25;30.31;30.88;135967.0
2000-10-16;31.13;31.13;30.69;30.88;67000.0
2000-10-17;30.94;31.0;30.25;30.31;99000.0
2000-10-18;30.31;30.31;29.94;29.94;78000.0
2000-10-19;29.94;30.13;29.94;30.0;414233.0
2000-10-20;30.13;30.13;29.81;29.88;107433.0
2000-10-23;29.94;30.0;29.5;29.56;406167.0
2000-10-24;29.5;29.56;28.94;29.0;1297400.0
2000-10-25;28.88;29.0;28.81;29.0;121200.0
2000-10-26;29.0;29.0;28.69;28.75;103067.0
2000-10-27;28.88;29.13;28.88;29.13;126767.0
2000-10-30;29.19;29.38;28.81;29.38;71033.0
2000-10-31;29.44;29.56;29.13;29.5;90333.0
2000-11-01;29.5;29.56;29.25;29.38;869700.0
2000-11-02;29.38;29.94;29.25;29.94;548267.0
2000-11-03;30.44;31.06;30.38;31.0;400333.0
2000-11-06;31.0;31.25;30.63;31.19;236067.0
2000-11-07;31.06;32.06;31.06;31.94;253833.0
2000-11-08;31.94;31.94;31.31;31.63;186767.0
2000-11-09;31.69;31.81;31.5;31.81;48867.0
2000-11-10;31.81;31.81;31.06;31.5;125867.0
2000-11-13;31.13;31.25;31.06;31.25;54433.0
2000-11-14;31.19;31.63;31.19;31.56;200167.0
2000-11-15;31.63;31.63;31.44;31.63;62433.0
2000-11-16;31.88;32.0;31.75;31.94;217133.0
2000-11-17;31.94;31.94;31.75;31.81;71300.0
2000-11-20;31.81;31.94;31.81;31.94;59067.0
2000-11-21;31.94;32.13;31.81;32.13;169300.0
2000-11-22;32.0;32.13;31.81;32.13;46767.0
2000-11-24;32.25;32.44;32.19;32.31;29133.0
2000-11-27;32.19;32.38;32.13;32.38;47033.0
2000-11-28;32.44;32.63;32.38;32.56;54167.0
2000-11-29;32.56;32.56;32.38;32.56;71300.0
2000-11-30;32.63;32.94;32.63;32.88;55067.0
2000-12-01;32.75;33.0;32.75;32.94;40567.0
2000-12-04;32.94;33.0;32.75;32.88;35333.0
2000-12-05;32.88;33.56;32.88;33.56;85667.0
2000-12-06;33.69;34.0;33.56;33.94;69333.0
2000-12-07;33.94;34.13;33.88;34.0;149600.0
2000-12-08;34.0;34.31;33.88;34.31;137133.0
2000-12-11;34.31;34.69;34.25;34.69;96433.0
2000-12-12;34.69;35.13;34.63;34.88;308700.0
2000-12-13;34.63;34.63;34.31;34.5;89533.0
2000-12-14;34.5;34.5;34.38;34.5;25767.0
2000-12-15;34.63;34.75;34.13;34.63;498733.0
2000-12-18;34.5;34.88;34.44;34.75;200800.0
2000-12-19;34.56;34.81;34.44;34.75;117300.0
2000-12-20;34.81;34.94;34.25;34.81;193533.0
2000-12-21;34.81;35.44;34.81;35.38;152167.0
2000-12-22;35.38;35.38;35.19;35.31;94467.0
2000-12-26;35.25;35.38;35.25;35.31;36667.0
2000-12-27;35.38;35.88;35.38;35.88;82433.0
2000-12-28;35.75;36.25;35.56;36.19;85533.0
2000-12-29;36.31;36.5;36.13;36.19;59067.0
2001-01-02;36.19;36.19;35.88;35.94;1059000.0
2001-01-03;35.44;36.63;35.44;36.5;813267.0
2001-01-04;36.38;36.38;35.94;36.25;311400.0
2001-01-05;36.25;36.56;35.88;36.44;258867.0
2001-01-08;36.44;37.13;36.44;37.06;270967.0
2001-01-09;37.06;37.19;37.0;37.13;135967.0
2001-01-10;37.13;37.5;37.06;37.44;652500.0
2001-01-11;37.5;38.38;37.44;38.0;482933.0
2001-01-12;37.88;37.88;37.56;37.75;201333.0
2001-01-16;37.75;37.88;37.75;37.81;139867.0
2001-01-17;37.81;37.94;37.63;37.81;158000.0
2001-01-18;37.69;37.75;37.38;37.44;232300.0
2001-01-19;37.5;37.94;37.44;37.63;69200.0
2001-01-22;37.63;37.75;37.63;37.75;178233.0
2001-01-23;37.75;37.88;37.69;37.75;45100.0
2001-01-24;37.69;38.06;37.5;37.63;320467.0
2001-01-25;37.56;37.94;37.56;37.94;362467.0
2001-01-26;38.0;38.13;37.69;37.81;238133.0
2001-01-29;37.81;37.81;37.65;37.71;139333.0
2001-01-30;37.74;38.13;37.7;37.76;189400.0
2001-01-31;37.95;38.07;37.87;38.01;263300.0
2001-02-01;38.01;38.01;37.55;37.8;182100.0
2001-02-02;37.8;37.89;37.5;37.63;335633.0
2001-02-05;37.63;37.63;37.38;37.38;213133.0
2001-02-06;37.38;37.38;36.35;36.46;657433.0
2001-02-07;34.0;35.0;34.0;34.38;1010367.0
2001-02-08;34.55;34.59;34.35;34.42;569267.0
2001-02-09;34.42;34.42;34.07;34.08;95133.0
2001-02-12;34.08;34.12;33.77;33.85;290500.0
2001-02-13;34.1;34.1;33.91;34.0;152700.0
2001-02-14;34.0;34.0;33.63;33.85;115233.0
2001-02-15;33.85;34.12;33.64;34.1;430167.0
2001-02-16;34.0;34.05;33.9;33.98;239200.0
2001-02-20;33.98;33.98;33.5;33.67;131333.0
2001-02-21;33.7;33.7;33.1;33.5;240867.0
2001-02-22;33.49;33.5;33.1;33.3;171633.0
2001-02-23;33.25;33.5;33.1;33.32;204700.0
2001-02-26;33.33;33.9;33.0;33.28;211433.0
2001-02-27;33.28;33.52;33.1;33.47;108100.0
2001-02-28;33.4;33.76;33.25;33.76;88367.0
2001-03-01;33.65;34.3;33.65;34.09;130800.0
2001-03-02;34.09;34.34;34.04;34.31;207533.0
2001-03-05;34.31;34.4;34.2;34.25;143367.0
2001-03-06;34.3;34.34;34.1;34.26;87633.0
2001-03-07;34.26;34.35;34.25;34.29;37067.0
2001-03-08;34.29;34.57;34.25;34.55;115600.0
2001-03-09;34.55;34.55;34.2;34.45;326167.0
2001-03-12;34.46;34.46;34.21;34.23;172533.0
2001-03-13;34.25;34.3;34.03;34.3;187967.0
2001-03-14;34.15;34.48;34.04;34.4;283633.0
2001-03-15;34.4;34.5;34.4;34.45;197567.0
2001-03-16;34.45;34.45;34.15;34.15;159833.0
2001-03-19;34.1;34.44;34.05;34.4;108367.0
2001-03-20;34.4;34.96;34.18;34.6;99267.0
2001-03-21;34.61;34.7;34.0;34.04;132067.0
2001-03-22;34.04;34.32;33.75;34.06;343567.0
2001-03-23;33.82;34.68;33.82;34.5;146467.0
2001-03-26;34.51;35.5;34.51;35.37;262133.0
2001-03-27;35.38;35.38;34.65;34.97;260167.0
2001-03-28;34.9;35.0;34.61;34.8;284667.0
2001-03-29;34.8;34.85;34.7;34.82;258500.0
2001-03-30;34.9;35.28;34.47;34.95;336933.0
2001-04-02;34.89;35.3;34.85;35.15;267167.0
2001-04-03;35.1;35.1;34.66;34.9;860467.0
2001-04-04;34.45;34.9;34.21;34.45;995567.0
2001-04-05;34.48;34.97;34.46;34.77;410300.0
2001-04-06;34.77;34.8;34.63;34.63;90467.0
2001-04-09;34.63;34.96;34.63;34.83;157633.0
2001-04-10;34.78;34.9;34.55;34.61;125500.0
2001-04-11;34.57;34.57;33.9;34.1;109133.0
2001-04-12;34.03;34.03;33.75;33.96;70500.0
2001-04-16;34.3;34.3;34.06;34.13;186267.0
2001-04-17;34.2;34.35;34.0;34.35;347667.0
2001-04-18;34.35;34.66;34.2;34.62;283933.0
2001-04-19;34.62;35.25;34.62;34.9;218567.0
2001-04-20;35.0;35.0;34.75;34.83;117433.0
2001-04-23;35.03;35.03;34.3;34.52;99267.0
2001-04-24;34.77;34.9;34.44;34.75;334100.0
2001-04-25;35.05;35.26;34.82;35.23;296600.0
2001-04-26;35.23;35.73;35.23;35.47;360533.0
2001-04-27;35.56;36.1;35.5;35.9;172267.0
2001-04-30;35.7;36.15;35.7;36.11;128833.0
2001-05-01;36.11;36.28;36.03;36.2;148933.0
2001-05-02;36.2;36.2;35.6;35.84;102633.0
2001-05-03;36.05;36.2;35.87;36.2;180067.0
2001-05-04;36.55;36.55;36.14;36.14;218833.0
2001-05-07;36.0;36.51;36.0;36.23;343433.0
2001-05-08;36.2;36.2;35.91;36.15;135067.0
2001-05-09;36.2;36.5;36.1;36.5;185500.0
2001-05-10;36.6;36.6;36.38;36.4;53100.0
2001-05-11;36.4;36.49;36.35;36.39;28767.0
2001-05-14;36.48;36.65;36.38;36.65;93833.0
2001-05-15;36.6;36.75;36.53;36.75;68300.0
2001-05-16;36.72;37.1;36.68;37.1;108367.0
2001-05-17;37.13;37.33;37.1;37.31;138833.0
2001-05-18;37.27;37.4;37.15;37.4;125867.0
2001-05-21;37.35;37.38;37.12;37.37;65700.0
2001-05-22;37.37;37.61;37.3;37.59;334733.0
2001-05-23;37.65;38.15;37.57;38.0;359467.0
2001-05-24;38.0;38.0;37.5;37.9;106933.0
2001-05-25;37.9;38.05;37.65;37.86;470767.0
2001-05-29;37.86;37.95;37.68;37.7;124333.0
2001-05-30;37.7;37.8;37.33;37.35;106400.0
2001-05-31;37.35;37.75;37.33;37.72;164367.0
2001-06-01;37.72;37.75;37.55;37.7;125733.0
2001-06-04;37.6;37.8;37.5;37.75;236867.0
2001-06-05;37.75;37.81;37.59;37.7;221667.0
2001-06-06;37.7;37.7;37.5;37.64;150367.0
2001-06-07;37.64;37.64;37.2;37.45;138167.0
2001-06-08;37.44;37.45;37.14;37.18;509633.0
2001-06-11;37.18;37.53;37.18;37.5;147500.0
2001-06-12;37.5;37.71;37.43;37.7;306733.0
2001-06-13;37.45;38.1;37.45;37.75;539300.0
2001-06-14;37.75;38.05;37.65;38.0;200800.0
2001-06-15;38.05;38.25;37.83;37.93;90733.0
2001-06-18;37.93;38.12;37.72;38.12;50633.0
2001-06-19;38.06;38.06;37.75;37.85;203667.0
2001-06-20;38.0;38.12;37.8;38.12;218967.0
2001-06-21;38.17;38.32;38.0;38.0;217267.0
2001-06-22;38.07;38.09;38.0;38.0;39267.0
2001-06-25;38.0;38.15;37.9;38.0;115367.0
2001-06-26;37.95;38.45;37.81;38.3;182767.0
2001-06-27;38.3;38.3;37.96;38.05;149833.0
2001-06-28;38.0;38.28;38.0;38.01;132333.0
2001-06-29;38.02;39.36;37.9;39.36;175000.0
2001-07-02;39.13;39.13;38.4;38.75;229733.0
2001-07-03;38.3;38.3;37.95;38.25;607767.0
2001-07-05;38.2;38.26;37.9;38.02;123533.0
2001-07-06;38.08;38.15;37.9;38.15;28500.0
2001-07-09;38.15;38.18;37.6;37.79;257333.0
2001-07-10;37.82;37.82;37.69;37.71;85933.0
2001-07-11;37.71;37.71;37.4;37.52;172400.0
2001-07-12;37.52;37.7;37.51;37.57;122500.0
2001-07-13;37.4;37.4;36.85;37.0;276000.0
2001-07-16;37.0;37.25;37.0;37.08;156733.0
2001-07-17;37.15;37.15;36.9;37.02;235800.0
2001-07-18;37.08;37.15;36.93;37.03;158667.0
2001-07-19;37.04;37.06;36.96;37.05;351467.0
2001-07-20;37.05;37.05;36.97;37.04;145833.0
2001-07-23;37.05;37.07;36.84;36.95;243067.0
2001-07-24;36.93;36.93;36.7;36.73;239567.0
2001-07-25;36.82;36.82;36.25;36.51;212333.0
2001-07-26;36.6;36.66;36.4;36.43;231633.0
2001-07-27;36.43;36.5;36.25;36.28;356400.0
2001-07-30;36.2;36.42;36.15;36.15;111067.0
2001-07-31;36.15;36.29;36.06;36.11;405133.0
2001-08-01;36.14;36.35;35.97;36.21;348467.0
2001-08-02;36.15;36.4;36.15;36.24;232433.0
2001-08-03;36.4;37.0;36.4;36.9;278333.0
2001-08-06;36.88;36.95;36.7;36.77;91767.0
2001-08-07;36.85;37.01;36.8;36.87;234633.0
2001-08-08;36.87;36.99;36.78;36.96;321233.0
2001-08-09;37.2;37.24;36.91;36.98;439600.0
2001-08-10;36.98;37.4;36.85;37.35;890433.0
2001-08-13;37.35;37.35;36.9;37.14;471267.0
2001-08-14;37.2;37.6;37.17;37.5;415400.0
2001-08-15;37.6;38.2;37.6;38.12;168533.0
2001-08-16;38.18;38.4;37.99;38.4;264833.0
2001-08-17;38.45;38.45;38.15;38.37;257067.0
2001-08-20;38.37;38.66;38.15;38.5;103300.0
2001-08-21;38.5;39.51;38.5;39.36;288433.0
2001-08-22;39.36;39.38;38.85;38.96;242033.0
2001-08-23;39.05;39.27;38.91;39.27;99800.0
2001-08-24;39.2;39.2;38.63;38.95;175633.0
2001-08-27;38.9;39.09;38.7;38.78;169800.0
2001-08-28;38.78;38.89;38.5;38.53;135833.0
2001-08-29;38.45;38.53;37.95;38.5;191333.0
2001-08-30;38.5;38.5;37.9;38.19;129733.0
2001-08-31;38.14;38.24;37.95;37.99;126900.0
2001-09-04;37.79;37.84;37.45;37.69;115733.0
2001-09-05;37.69;37.75;37.55;37.7;99267.0
2001-09-06;37.71;37.75;37.28;37.28;261200.0
2001-09-07;37.3;37.33;36.88;36.92;116767.0
2001-09-10;37.12;37.35;36.65;36.91;150367.0
2001-09-17;35.5;35.5;35.0;35.15;371167.0
2001-09-18;35.3;35.4;34.76;34.88;231267.0
2001-09-19;35.0;35.0;34.05;34.38;387500.0
2001-09-20;34.4;34.4;33.21;33.25;216233.0
2001-09-21;33.25;33.25;32.8;33.0;230100.0
2001-09-24;33.95;33.95;33.1;33.63;161400.0
2001-09-25;33.75;34.23;33.75;33.88;303733.0
2001-09-26;34.45;34.45;33.9;34.05;150500.0
2001-09-27;34.25;34.5;34.25;34.5;106133.0
2001-09-28;34.5;34.95;34.45;34.77;110300.0
2001-10-01;34.76;35.7;34.35;35.28;148933.0
2001-10-02;35.03;35.64;34.95;35.12;713833.0
2001-10-03;35.09;35.09;34.7;35.04;818600.0
2001-10-04;36.52;36.52;35.3;35.73;315267.0
2001-10-05;35.73;35.73;35.21;35.4;315533.0
2001-10-08;35.55;35.55;35.17;35.35;201833.0
2001-10-09;36.3;36.3;35.39;36.08;476300.0
2001-10-10;36.1;36.65;36.09;36.51;224800.0
2001-10-11;36.3;37.88;36.2;37.4;584600.0
2001-10-12;37.35;37.35;36.9;37.1;209767.0
2001-10-15;37.0;38.0;36.98;38.0;378567.0
2001-10-16;38.15;38.15;37.4;37.48;1219233.0
2001-10-17;37.45;37.73;37.3;37.51;176300.0
2001-10-18;37.51;37.51;37.0;37.18;642000.0
2001-10-19;37.33;37.33;36.59;36.88;289233.0
2001-10-22;36.85;36.86;36.06;36.69;114200.0
2001-10-23;36.65;37.0;36.6;36.7;99133.0
2001-10-24;36.63;36.63;36.2;36.21;318900.0
2001-10-25;36.21;36.46;36.15;36.43;151933.0
2001-10-26;36.9;36.9;35.95;36.86;336300.0
2001-10-29;36.8;37.14;36.1;37.05;328500.0
2001-10-30;37.05;37.05;36.35;36.47;175133.0
2001-10-31;36.67;36.69;36.2;36.62;237767.0
2001-11-01;36.62;37.13;36.5;37.13;264567.0
2001-11-02;37.13;37.13;36.85;36.95;51433.0
2001-11-05;37.05;37.6;37.05;37.56;502633.0
2001-11-06;37.57;37.75;37.45;37.71;121567.0
2001-11-07;38.02;38.02;37.63;37.85;175400.0
2001-11-08;37.85;38.6;37.75;38.55;207033.0
2001-11-09;38.52;38.55;38.05;38.4;94333.0
2001-11-12;38.4;38.4;37.95;38.35;98767.0
2001-11-13;38.32;38.93;38.32;38.82;153100.0
2001-11-14;38.85;39.25;38.8;39.1;157767.0
2001-11-15;39.1;39.5;38.91;39.5;130267.0
2001-11-16;39.4;39.7;39.03;39.45;75033.0
2001-11-19;39.55;39.55;38.9;39.0;108367.0
2001-11-20;39.0;39.02;38.85;38.9;532967.0
2001-11-21;39.12;39.12;38.85;39.12;100067.0
2001-11-23;39.32;39.32;39.0;39.32;33567.0
2001-11-26;39.38;39.69;39.38;39.6;212700.0
2001-11-27;39.61;39.86;39.2;39.66;262233.0
2001-11-28;39.91;39.91;39.51;39.58;193167.0
2001-11-29;39.5;39.85;39.5;39.85;101233.0
2001-11-30;39.8;39.9;39.65;39.75;70367.0
2001-12-03;39.8;39.8;39.4;39.43;221667.0
2001-12-04;39.58;39.6;39.53;39.57;202367.0
2001-12-05;39.58;40.3;39.56;39.78;229967.0
2001-12-06;40.5;40.5;39.74;40.18;269800.0
2001-12-07;40.19;40.19;39.85;40.03;237367.0
2001-12-10;40.07;40.07;39.65;40.01;330967.0
2001-12-11;40.15;40.45;39.97;40.1;283767.0
2001-12-12;40.1;40.1;39.1;39.43;318267.0
2001-12-13;38.0;38.5;37.9;38.0;1726833.0
2001-12-14;38.01;38.2;37.95;38.05;717600.0
2001-12-17;38.05;38.22;37.96;38.18;520267.0
2001-12-18;38.18;38.25;37.9;37.98;916767.0
2001-12-19;37.74;37.87;37.4;37.56;863333.0
2001-12-20;37.9;37.91;37.65;37.83;172533.0
2001-12-21;38.0;38.0;37.7;37.94;615200.0
2001-12-24;37.94;38.15;37.83;37.9;147767.0
2001-12-26;37.97;38.3;37.95;38.3;254367.0
2001-12-27;38.28;38.41;38.15;38.15;306600.0
2001-12-28;38.15;38.5;38.05;38.43;353133.0
2001-12-31;38.43;39.0;38.2;38.8;1113067.0
2002-01-02;38.8;38.8;38.0;38.72;1055600.0
2002-01-03;39.25;39.25;38.72;39.22;357567.0
2002-01-04;39.7;39.7;39.0;39.45;334100.0
2002-01-07;39.55;39.73;39.5;39.6;254200.0
2002-01-08;39.7;39.85;39.6;39.67;430400.0
2002-01-09;39.74;39.85;39.4;39.4;391800.0
2002-01-10;39.05;39.4;38.96;39.33;632033.0
2002-01-11;39.34;39.7;39.34;39.5;346267.0
2002-01-14;39.51;39.7;39.51;39.65;262233.0
2002-01-15;39.65;39.74;39.55;39.6;277967.0
2002-01-16;39.67;40.08;39.67;40.0;484600.0
2002-01-17;40.0;40.2;40.0;40.16;298800.0
2002-01-18;40.16;40.37;39.99;40.04;620100.0
2002-01-22;40.0;40.3;40.0;40.25;340033.0
2002-01-23;40.38;40.38;40.2;40.35;167600.0
2002-01-24;40.4;40.49;40.2;40.38;125500.0
2002-01-25;40.45;40.55;40.23;40.37;123267.0
2002-01-28;40.7;40.7;40.4;40.49;402167.0
2002-01-29;40.5;40.5;40.42;40.45;111067.0
2002-01-30;40.46;40.5;40.2;40.42;166833.0
2002-01-31;40.5;40.54;40.32;40.5;169933.0
2002-02-01;40.74;40.74;40.44;40.67;131567.0
2002-02-04;40.7;40.7;40.2;40.45;337833.0
2002-02-05;40.95;40.97;40.5;40.6;771000.0
2002-02-06;40.65;41.46;40.65;41.29;533233.0
2002-02-07;41.42;41.52;41.25;41.3;196133.0
2002-02-08;41.5;41.5;41.24;41.35;191067.0
2002-02-11;41.35;41.53;41.33;41.4;224133.0
2002-02-12;41.42;41.5;41.38;41.4;216633.0
2002-02-13;41.38;41.5;41.29;41.5;177467.0
2002-02-14;41.5;41.56;41.3;41.49;229733.0
2002-02-15;41.6;41.6;41.45;41.57;135467.0
2002-02-19;41.6;41.68;41.5;41.57;188500.0
2002-02-20;41.9;41.9;41.48;41.89;150767.0
2002-02-21;41.99;42.14;41.49;41.69;185367.0
2002-02-22;41.7;41.97;41.6;41.97;185500.0
2002-02-25;42.2;42.45;42.0;42.12;196000.0
2002-02-26;42.15;42.5;42.07;42.1;179533.0
2002-02-27;42.1;42.26;42.0;42.08;242700.0
2002-02-28;42.08;42.25;41.89;42.0;382067.0
2002-03-01;42.0;42.25;42.0;42.2;233100.0
2002-03-04;42.0;43.22;42.0;43.22;582767.0
2002-03-05;43.22;44.35;43.22;44.28;597933.0
2002-03-06;44.32;44.68;43.9;44.6;483833.0
2002-03-07;44.6;44.68;44.32;44.47;276267.0
2002-03-08;44.45;44.74;44.1;44.49;259533.0
2002-03-11;44.59;44.7;43.76;44.1;241233.0
2002-03-12;44.05;44.05;43.7;44.0;182533.0
2002-03-13;44.0;44.1;43.75;43.9;152700.0
2002-03-14;44.26;44.26;43.76;44.24;135833.0
2002-03-15;44.24;44.29;43.5;43.95;1501100.0
2002-03-18;44.0;44.05;43.65;44.0;337600.0
2002-03-19;44.1;44.15;43.69;43.9;139467.0
2002-03-20;43.8;44.0;43.76;43.93;79967.0
2002-03-21;44.59;44.59;44.2;44.45;269267.0
2002-03-22;44.4;44.65;44.35;44.35;377000.0
2002-03-25;44.36;44.36;43.82;44.0;200167.0
2002-03-26;44.0;44.19;43.95;44.08;259800.0
2002-03-27;44.25;44.25;44.08;44.2;206500.0
2002-03-28;44.22;44.42;44.13;44.2;526367.0
2002-04-01;44.28;44.28;44.18;44.24;183700.0
2002-04-02;44.24;44.75;44.2;44.59;826900.0
2002-04-03;44.65;44.75;44.3;44.7;991033.0
2002-04-04;44.76;44.95;44.75;44.95;271200.0
2002-04-05;45.03;45.87;45.03;45.79;423567.0
2002-04-08;45.99;46.15;45.75;45.86;299967.0
2002-04-09;46.0;46.75;45.9;46.74;309433.0
2002-04-10;47.05;47.75;46.8;47.62;322800.0
2002-04-11;47.39;47.39;46.55;47.06;286100.0
2002-04-12;47.06;47.94;47.0;47.87;459200.0
2002-04-15;47.65;47.9;46.5;47.15;287567.0
2002-04-16;47.15;47.4;46.2;46.43;207033.0
2002-04-17;46.43;46.45;45.3;45.7;357033.0
2002-04-18;45.8;46.35;45.75;46.1;400200.0
2002-04-19;46.3;46.3;45.6;45.63;210367.0
2002-04-22;45.6;45.7;45.0;45.3;258733.0
2002-04-23;45.1;45.12;44.45;44.48;313500.0
2002-04-24;44.55;45.05;44.55;44.88;241900.0
2002-04-25;44.95;45.02;44.49;44.68;241400.0
2002-04-26;44.92;44.96;44.65;44.88;149833.0
2002-04-29;44.92;44.95;44.72;44.9;146600.0
2002-04-30;44.9;45.75;44.8;45.73;388800.0
2002-05-01;45.75;46.15;45.41;46.15;195367.0
2002-05-02;46.15;47.1;46.0;47.0;274033.0
2002-05-03;47.0;47.5;46.8;47.4;236867.0
2002-05-06;47.5;47.5;47.0;47.0;141400.0
2002-05-07;47.0;47.02;46.6;46.98;126900.0
2002-05-08;47.1;47.1;45.9;46.32;229467.0
2002-05-09;46.07;46.24;45.9;46.01;269800.0
2002-05-10;46.0;46.0;44.9;45.37;903933.0
2002-05-13;45.37;45.97;45.15;45.3;207933.0
2002-05-14;45.5;45.5;45.3;45.4;113033.0
2002-05-15;45.4;45.8;45.36;45.8;100300.0
2002-05-16;45.8;45.94;45.15;45.77;127933.0
2002-05-17;46.02;46.09;45.8;46.09;245133.0
2002-05-20;46.25;46.79;46.2;46.75;516900.0
2002-05-21;46.8;46.91;46.5;46.6;206233.0
2002-05-22;46.6;46.62;46.42;46.43;131567.0
2002-05-23;46.45;46.98;46.44;46.93;456333.0
2002-05-24;46.93;47.36;46.45;47.33;158667.0
2002-05-28;47.55;47.74;47.3;47.54;248767.0
2002-05-29;47.6;48.45;47.6;48.37;330600.0
2002-05-30;48.62;48.62;48.1;48.32;152033.0
2002-05-31;48.32;48.71;48.25;48.63;195067.0
2002-06-03;48.7;48.85;48.2;48.24;181733.0
2002-06-04;48.3;48.43;47.9;48.18;159833.0
2002-06-05;48.15;48.15;47.85;48.11;260700.0
2002-06-06;48.11;48.28;47.88;48.15;195867.0
2002-06-07;48.05;48.06;47.52;47.78;127533.0
2002-06-10;47.83;48.25;47.83;48.25;85300.0
2002-06-11;48.15;48.5;48.05;48.26;201967.0
2002-06-12;48.3;48.55;48.29;48.53;179667.0
2002-06-13;48.54;49.08;48.5;48.7;249400.0
2002-06-14;48.65;48.65;48.3;48.3;216867.0
2002-06-17;48.3;48.3;47.95;48.2;180567.0
2002-06-18;48.2;48.35;48.1;48.16;159167.0
2002-06-19;48.07;48.71;48.05;48.2;234767.0
2002-06-20;48.2;49.15;48.2;48.9;326700.0
2002-06-21;48.8;50.3;48.8;50.2;423267.0
2002-06-24;50.17;50.59;49.6;49.71;153867.0
2002-06-25;49.8;50.46;49.8;50.25;268100.0
2002-06-26;50.15;50.15;48.73;49.8;245133.0
2002-06-27;50.05;50.1;49.83;49.92;199367.0
2002-06-28;49.93;51.0;49.93;51.0;482667.0
2002-07-01;50.85;51.0;49.72;50.0;1230900.0
2002-07-02;49.35;49.5;48.85;49.43;1020467.0
2002-07-03;49.5;49.68;48.29;48.52;356400.0
2002-07-05;48.55;49.59;48.52;48.85;115233.0
2002-07-08;48.95;49.15;47.68;47.75;368200.0
2002-07-09;48.25;48.35;47.75;48.0;251233.0
2002-07-10;47.9;48.07;47.5;47.55;271700.0
2002-07-11;47.55;47.57;46.01;46.75;568233.0
2002-07-12;46.76;47.5;46.65;46.65;272867.0
2002-07-15;46.4;46.65;44.9;46.0;539833.0
2002-07-16;46.01;47.8;45.8;47.05;750767.0
2002-07-17;47.3;47.69;46.29;46.6;624533.0
2002-07-18;46.55;46.7;45.97;46.08;630733.0
2002-07-19;46.0;46.01;44.05;45.0;593133.0
2002-07-22;44.99;46.44;43.09;44.01;670533.0
2002-07-23;44.01;44.5;42.94;43.1;542300.0
2002-07-24;42.9;43.61;41.35;42.77;969267.0
2002-07-25;42.8;44.85;42.2;44.0;592233.0
2002-07-26;45.0;46.1;44.9;45.93;478133.0
2002-07-29;46.5;48.49;46.5;48.3;597433.0
2002-07-30;48.24;49.97;47.25;48.5;725900.0
2002-07-31;48.5;49.0;47.85;48.48;624533.0
2002-08-01;48.48;48.63;47.6;48.4;401000.0
2002-08-02;48.41;48.64;47.86;48.35;350300.0
2002-08-05;47.95;48.14;47.7;47.91;252800.0
2002-08-06;48.02;48.65;47.4;48.08;241100.0
2002-08-07;48.2;48.67;48.1;48.63;246200.0
2002-08-08;48.7;49.75;48.46;48.58;390200.0
2002-08-09;48.33;48.45;48.07;48.19;177867.0
2002-08-12;48.2;48.45;47.66;48.25;398000.0
2002-08-13;48.25;48.6;47.11;47.11;428233.0
2002-08-14;47.35;47.7;47.2;47.5;296100.0
2002-08-15;47.5;48.6;47.45;48.6;480467.0
2002-08-16;48.6;49.74;48.6;49.74;361800.0
2002-08-19;49.74;49.74;48.61;48.87;309967.0
2002-08-20;48.9;49.15;48.9;49.05;127033.0
2002-08-21;49.1;49.5;49.1;49.5;232933.0
2002-08-22;49.5;49.7;49.4;49.66;366367.0
2002-08-23;49.7;50.05;49.7;49.9;243733.0
2002-08-26;49.9;50.08;49.48;49.9;211433.0
2002-08-27;50.15;50.25;49.59;49.7;299600.0
2002-08-28;49.66;50.73;49.66;50.58;258233.0
2002-08-29;50.5;50.5;50.03;50.35;237233.0
2002-08-30;50.1;50.53;50.1;50.39;247067.0
2002-09-03;50.39;50.5;49.85;50.2;312933.0
2002-09-04;50.21;50.4;49.57;49.6;279633.0
2002-09-05;49.6;49.99;49.48;49.68;365600.0
2002-09-06;49.88;49.98;49.6;49.9;189767.0
2002-09-09;49.88;49.98;49.65;49.85;314100.0
2002-09-10;49.98;49.99;49.8;49.97;274967.0
2002-09-11;49.99;49.99;49.8;49.81;73367.0
2002-09-12;49.81;49.81;49.4;49.7;440033.0
2002-09-13;49.7;50.12;49.62;50.0;336933.0
2002-09-16;50.0;50.27;49.8;49.8;166067.0
2002-09-17;49.9;50.73;49.73;50.7;437833.0
2002-09-18;50.8;50.9;50.15;50.39;228933.0
2002-09-19;50.64;51.06;50.5;50.8;376867.0
2002-09-20;50.89;51.35;50.86;51.3;258233.0
2002-09-23;51.54;51.7;51.3;51.7;214800.0
2002-09-24;51.7;51.7;50.6;50.99;234400.0
2002-09-25;51.02;51.2;50.4;50.65;352100.0
2002-09-26;50.73;51.45;50.55;51.45;285233.0
2002-09-27;51.42;51.8;51.18;51.55;200300.0
2002-09-30;51.53;51.53;50.9;51.5;462600.0
2002-10-01;51.3;51.31;49.9;50.08;2271633.0
2002-10-02;49.25;49.35;49.06;49.15;1575367.0
2002-10-03;48.99;49.2;48.4;49.15;886667.0
2002-10-04;49.25;49.25;48.4;48.4;650600.0
2002-10-07;48.05;48.06;47.35;47.35;398133.0
2002-10-08;47.28;47.35;46.4;47.33;487733.0
2002-10-09;47.09;47.2;46.1;46.1;523633.0
2002-10-10;45.85;47.3;45.15;47.3;544400.0
2002-10-11;47.75;48.3;47.6;47.67;365333.0
2002-10-14;47.68;47.97;46.92;46.95;182000.0
2002-10-15;47.3;48.47;47.3;48.26;424200.0
2002-10-16;48.01;48.41;47.6;47.75;274700.0
2002-10-17;48.0;48.5;47.95;48.09;214433.0
2002-10-18;48.15;48.4;47.93;48.0;268500.0
2002-10-21;47.9;47.93;47.16;47.25;255133.0
2002-10-22;47.15;47.15;46.65;46.75;195067.0
2002-10-23;46.89;47.05;45.9;46.5;254600.0
2002-10-24;46.61;47.05;46.54;47.02;323067.0
2002-10-25;47.12;48.22;47.12;48.05;258367.0
2002-10-28;48.3;48.3;47.59;47.74;331633.0
2002-10-29;47.75;48.15;46.85;47.62;400467.0
2002-10-30;47.62;48.38;47.5;48.18;453500.0
2002-10-31;48.28;48.74;47.85;48.08;421733.0
2002-11-01;48.15;48.45;48.14;48.44;760367.0
2002-11-04;48.14;49.25;48.14;49.07;477600.0
2002-11-05;49.07;49.28;48.85;49.16;181600.0
2002-11-06;49.4;49.79;49.27;49.74;243567.0
2002-11-07;49.74;49.75;49.15;49.33;199367.0
2002-11-08;49.33;49.55;49.0;49.36;170200.0
2002-11-11;49.42;49.42;48.66;48.84;331367.0
2002-11-12;48.86;49.98;48.86;49.98;244600.0
2002-11-13;50.1;50.36;49.18;49.25;323067.0
2002-11-14;49.26;49.65;48.76;49.6;1185000.0
2002-11-15;49.1;50.05;49.1;49.59;165133.0
2002-11-18;49.69;49.76;49.02;49.3;287800.0
2002-11-19;49.5;50.0;49.35;49.77;305833.0
2002-11-20;49.77;49.82;48.74;49.3;524033.0
2002-11-21;49.35;49.4;48.65;48.98;385967.0
2002-11-22;48.98;49.43;48.7;49.25;656800.0
2002-11-25;49.5;49.5;48.6;49.2;265233.0
2002-11-26;49.05;49.45;49.0;49.24;201700.0
2002-11-27;49.25;49.91;49.24;49.48;143367.0
2002-11-29;49.55;49.87;49.27;49.4;106400.0
2002-12-02;49.75;50.22;49.55;50.2;290000.0
2002-12-03;50.05;50.5;49.94;50.06;306067.0
2002-12-04;50.06;50.18;49.95;50.18;310367.0
2002-12-05;50.18;50.44;50.01;50.42;154367.0
2002-12-06;50.4;50.56;50.25;50.35;220133.0
2002-12-09;50.4;50.75;50.25;50.5;194833.0
2002-12-10;50.4;50.6;50.16;50.52;243967.0
2002-12-11;50.45;50.6;49.7;50.07;326167.0
2002-12-12;50.1;50.19;50.0;50.12;654600.0
2002-12-13;50.13;50.42;50.05;50.35;343567.0
2002-12-16;50.36;50.59;50.21;50.5;526867.0
2002-12-17;50.35;50.6;50.3;50.3;222067.0
2002-12-18;50.31;50.4;50.24;50.31;543233.0
2002-12-19;50.35;50.7;50.2;50.47;325800.0
2002-12-20;50.72;50.86;50.48;50.86;329033.0
2002-12-23;50.86;51.25;50.55;51.25;233733.0
2002-12-24;51.05;51.5;51.05;51.38;61833.0
2002-12-26;51.5;51.9;50.9;51.02;459700.0
2002-12-27;50.9;51.59;50.9;51.5;228933.0
2002-12-30;51.45;51.84;51.43;51.75;256700.0
2002-12-31;51.82;52.29;51.57;52.0;1383233.0
2003-01-02;51.8;51.8;50.75;51.4;1441333.0
2003-01-03;51.23;51.92;51.05;51.62;317500.0
2003-01-06;51.62;52.05;51.48;52.05;163467.0
2003-01-07;51.71;51.72;50.75;50.85;486300.0
2003-01-08;50.85;50.88;50.0;50.14;977800.0
2003-01-09;50.0;50.15;49.5;50.03;710333.0
2003-01-10;49.94;49.94;49.4;49.48;618167.0
2003-01-13;49.48;49.7;49.17;49.27;391267.0
2003-01-14;49.02;49.15;48.8;48.8;710200.0
2003-01-15;48.81;49.25;48.6;49.2;279900.0
2003-01-16;49.2;49.2;48.67;48.72;231533.0
2003-01-17;48.76;48.76;48.4;48.5;220500.0
2003-01-21;48.6;48.83;48.47;48.74;279767.0
2003-01-22;48.75;49.25;48.5;49.05;239567.0
2003-01-23;49.25;49.32;49.01;49.09;190033.0
2003-01-24;49.1;49.25;48.8;48.8;175633.0
2003-01-27;48.25;48.27;47.7;48.27;674300.0
2003-01-28;48.27;48.68;48.1;48.55;258633.0
2003-01-29;48.27;48.68;48.1;48.55;253433.0
2003-01-30;49.07;49.29;48.75;49.0;221567.0
2003-01-31;49.05;49.75;48.91;49.5;833267.0
2003-02-03;49.5;49.5;49.1;49.33;427300.0
2003-02-04;49.63;51.0;49.62;50.76;1352633.0
2003-02-05;50.95;51.45;50.89;51.3;762333.0
2003-02-06;51.31;51.35;51.0;51.01;291167.0
2003-02-07;51.11;51.23;50.65;50.65;197700.0
2003-02-10;50.9;51.2;50.64;51.2;185500.0
2003-02-11;51.45;51.45;50.79;50.86;192100.0
2003-02-12;50.86;51.1;50.64;50.65;219100.0
2003-02-13;51.0;51.0;50.25;50.35;352633.0
2003-02-14;50.35;50.4;50.0;50.0;251000.0
2003-02-18;50.5;50.99;50.45;50.92;335633.0
2003-02-19;50.95;51.5;50.8;51.45;240367.0
2003-02-20;51.35;51.76;51.35;51.67;194200.0
2003-02-21;51.75;52.05;51.5;51.85;170733.0
2003-02-24;51.86;52.13;51.59;51.71;326167.0
2003-02-25;51.7;52.12;51.29;52.12;234633.0
2003-02-26;52.05;52.2;51.75;52.03;245533.0
2003-02-27;52.28;52.6;52.21;52.44;420933.0
2003-02-28;52.44;52.89;52.24;52.27;179667.0
2003-03-03;52.42;52.86;52.36;52.75;382467.0
2003-03-04;52.75;52.99;52.45;52.45;236967.0
2003-03-05;52.45;52.46;51.55;52.13;632667.0
2003-03-06;52.05;52.28;51.79;52.07;202367.0
2003-03-07;52.01;52.23;51.6;52.13;186933.0
2003-03-10;52.28;52.28;51.6;51.76;225567.0
2003-03-11;51.76;52.23;51.75;52.23;272133.0
2003-03-12;52.22;52.22;51.5;52.12;252400.0
2003-03-13;52.26;52.68;52.24;52.63;175533.0
2003-03-14;52.7;52.7;52.15;52.38;156200.0
2003-03-17;52.25;53.5;52.2;53.46;172267.0
2003-03-18;53.7;53.71;53.22;53.48;280267.0
2003-03-19;53.48;54.02;53.48;54.02;207300.0
2003-03-20;54.02;54.42;53.6;54.39;256033.0
2003-03-21;54.64;55.2;54.37;54.93;486700.0
2003-03-24;54.8;54.81;53.5;54.22;349900.0
2003-03-25;54.44;54.7;54.2;54.62;197833.0
2003-03-26;54.37;54.69;54.37;54.63;183167.0
2003-03-27;54.64;54.64;53.4;53.93;389033.0
2003-03-28;53.89;54.1;53.75;54.07;519867.0
2003-03-31;53.94;54.85;53.57;53.95;1819167.0
2003-04-01;53.48;54.44;53.48;54.44;1893967.0
2003-04-02;54.75;55.15;54.7;54.99;261633.0
2003-04-03;55.25;55.3;54.9;55.0;314900.0
2003-04-04;55.1;55.1;54.53;54.6;286900.0
2003-04-07;55.0;55.09;54.71;54.78;172267.0
2003-04-08;54.78;54.78;54.28;54.44;344467.0
2003-04-09;54.45;54.5;54.0;54.24;367033.0
2003-04-10;54.34;54.35;54.1;54.18;332267.0
2003-04-11;54.29;54.5;53.95;54.01;194967.0
2003-04-14;54.42;54.45;53.94;54.35;386467.0
2003-04-15;54.36;54.54;54.2;54.5;321500.0
2003-04-16;54.58;54.58;54.26;54.55;321133.0
2003-04-17;54.69;55.03;54.6;55.0;306733.0
2003-04-21;55.25;55.4;54.8;55.38;306367.0
2003-04-22;55.35;56.08;55.29;55.86;302300.0
2003-04-23;55.88;56.31;55.65;56.17;173700.0
2003-04-24;56.18;56.3;55.7;55.7;283000.0
2003-04-25;55.74;55.82;55.44;55.63;859700.0
2003-04-28;55.8;55.83;55.37;55.57;352367.0
2003-04-29;56.17;57.05;56.01;56.11;590533.0
2003-04-30;56.6;56.6;55.25;55.62;541133.0
2003-05-01;55.55;56.28;55.51;56.16;249267.0
2003-05-02;56.0;56.62;55.95;56.29;350933.0
2003-05-05;56.49;56.64;56.14;56.58;337467.0
2003-05-06;56.7;57.84;56.7;57.53;318900.0
2003-05-07;57.38;57.49;57.03;57.09;214433.0
2003-05-08;57.1;57.9;56.68;57.71;251733.0
2003-05-09;57.96;58.65;57.93;58.65;208033.0
2003-05-12;58.65;58.9;58.35;58.6;427833.0
2003-05-13;58.65;58.79;58.4;58.4;420067.0
2003-05-14;58.6;58.6;57.8;57.99;166067.0
2003-05-15;58.24;58.39;57.75;58.06;362467.0
2003-05-16;57.96;58.43;57.44;58.43;391000.0
2003-05-19;58.31;59.09;58.03;59.0;217500.0
2003-05-20;59.0;59.39;58.89;58.9;263833.0
2003-05-21;59.15;59.15;58.65;58.87;204167.0
2003-05-22;58.87;59.51;58.76;59.5;254733.0
2003-05-23;59.49;59.76;59.25;59.76;209633.0
2003-05-27;59.86;59.86;59.2;59.6;446100.0
2003-05-28;59.59;59.85;58.67;58.85;324500.0
2003-05-29;58.85;58.88;55.78;57.3;744833.0
2003-05-30;57.25;58.66;57.25;58.65;1007500.0
2003-06-02;58.65;59.6;58.65;59.6;346800.0
2003-06-03;59.5;59.95;59.25;59.95;237100.0
2003-06-04;59.94;60.99;59.85;60.7;362367.0
2003-06-05;60.73;61.01;60.2;60.96;334600.0
2003-06-06;61.16;61.72;61.0;61.43;181500.0
2003-06-09;61.42;61.48;60.75;60.86;204167.0
2003-06-10;60.76;61.75;60.76;61.52;319300.0
2003-06-11;61.54;63.0;61.5;62.5;531800.0
2003-06-12;62.65;62.65;61.63;61.63;233467.0
2003-06-13;61.64;61.81;61.1;61.42;278200.0
2003-06-16;61.6;62.3;61.6;62.3;268500.0
2003-06-17;62.15;62.85;61.77;61.86;194333.0
2003-06-18;61.55;61.59;61.14;61.19;245767.0
2003-06-19;61.2;61.6;61.05;61.3;263667.0
2003-06-20;61.5;61.75;61.31;61.35;222733.0
2003-06-23;61.35;61.38;60.66;61.05;186400.0
2003-06-24;61.02;61.05;60.05;60.91;391533.0
2003-06-25;61.01;62.05;60.91;61.92;270300.0
2003-06-26;62.42;63.18;61.92;63.18;243733.0
2003-06-27;63.1;63.11;62.71;62.9;335633.0
2003-06-30;62.9;62.9;62.08;62.44;417067.0
2003-07-01;62.44;63.46;62.3;63.46;332267.0
2003-07-02;62.99;64.5;62.75;64.5;402800.0
2003-07-03;64.35;65.25;63.8;65.25;217133.0
2003-07-07;64.75;66.2;64.72;66.2;2001700.0
2003-07-08;66.0;66.04;65.55;65.9;406300.0
2003-07-09;65.9;65.9;65.25;65.47;508733.0
2003-07-10;65.55;65.55;64.83;64.87;199233.0
2003-07-11;65.87;66.807;65.87;66.8;786300.0
2003-07-14;67.05;68.0;67.05;68.0;405400.0
2003-07-15;67.8;68.22;67.65;68.2;343567.0
2003-07-16;68.16;68.16;67.15;67.24;362600.0
2003-07-17;67.3;67.3;65.68;65.76;574867.0
2003-07-18;65.9;66.54;65.6;65.79;328900.0
2003-07-21;65.79;65.99;65.18;65.49;376733.0
2003-07-22;65.42;65.77;65.35;65.46;687667.0
2003-07-23;65.65;65.65;65.1;65.23;250567.0
2003-07-24;65.35;66.35;65.31;66.3;256400.0
2003-07-25;66.65;67.14;66.3;66.65;239833.0
2003-07-28;66.9;66.96;66.2;66.37;233600.0
2003-07-29;66.87;67.25;66.39;67.0;570967.0
2003-07-30;67.01;68.42;67.01;68.3;323333.0
2003-07-31;69.0;69.0;67.61;68.18;328133.0
2003-08-01;67.93;67.93;67.17;67.18;240067.0
2003-08-04;67.3;67.3;65.7;66.05;225967.0
2003-08-05;66.04;66.08;65.7;65.97;170600.0
2003-08-06;66.0;66.62;65.45;66.62;265500.0
2003-08-07;66.61;66.71;66.26;66.7;165133.0
2003-08-08;66.7;67.46;66.7;67.25;158000.0
2003-08-11;67.3;67.55;67.09;67.1;101900.0
2003-08-12;67.2;67.29;66.58;67.0;206500.0
2003-08-13;67.15;67.15;66.09;66.26;288300.0
2003-08-14;66.26;66.36;65.8;66.35;303233.0
2003-08-15;66.3;66.5;65.7;66.45;119000.0
2003-08-18;66.2;66.46;66.17;66.33;272767.0
2003-08-19;66.37;67.13;66.37;67.0;235267.0
2003-08-20;66.99;67.74;66.81;67.72;210133.0
2003-08-21;67.85;68.35;67.65;68.22;176933.0
2003-08-22;68.5;68.52;67.67;67.68;92533.0
2003-08-25;67.78;67.79;66.71;67.13;178633.0
2003-08-26;67.13;67.9;66.6;67.76;196900.0
2003-08-27;67.76;68.6;67.75;68.45;221133.0
2003-08-28;68.55;68.65;68.26;68.47;274467.0
2003-08-29;68.4;69.7;68.3;69.35;360267.0
2003-09-02;69.5;70.91;69.28;70.9;269500.0
2003-09-03;71.0;71.352;70.61;71.35;353133.0
2003-09-04;71.15;72.1;71.15;71.79;209767.0
2003-09-05;71.2;71.21;70.7;71.1;368067.0
2003-09-08;71.1;71.1;70.44;70.75;506667.0
2003-09-09;70.65;70.65;69.93;70.6;202733.0
2003-09-10;70.5;70.69;69.1;69.39;250067.0
2003-09-11;69.39;69.91;69.38;69.42;302433.0
2003-09-12;69.34;69.41;69.0;69.4;711000.0
2003-09-15;69.4;69.8;68.8;69.49;215467.0
2003-09-16;69.48;69.95;69.18;69.66;124033.0
2003-09-17;69.66;69.66;68.78;69.0;292233.0
2003-09-18;69.08;69.26;68.84;69.1;217800.0
2003-09-19;69.1;69.62;69.0;69.0;614267.0
2003-09-22;68.55;69.26;68.51;69.26;269367.0
2003-09-23;69.19;70.01;69.15;69.95;194967.0
2003-09-24;70.0;70.09;69.47;69.5;190833.0
2003-09-25;69.51;69.98;69.1;69.94;229467.0
2003-09-26;69.91;70.7;69.8;70.67;389200.0
2003-09-29;70.92;71.471;70.89;71.47;318533.0
2003-09-30;71.47;72.0;71.11;71.7;333567.0
2003-10-01;71.73;72.49;71.73;72.15;255900.0
2003-10-02;73.9;74.39;73.15;73.45;797867.0
2003-10-03;74.2;74.77;73.7;74.11;367533.0
2003-10-06;74.5;75.22;74.5;75.03;430400.0
2003-10-07;75.03;75.1;74.27;74.28;280800.0
2003-10-08;74.53;74.95;74.44;74.77;241533.0
2003-10-09;75.02;75.39;74.6;75.05;337100.0
2003-10-10;74.35;74.38;73.9;74.05;286767.0
2003-10-13;74.2;74.59;73.91;74.19;158133.0
2003-10-14;74.18;74.52;73.92;74.5;243200.0
2003-10-15;74.75;75.35;74.74;75.35;447000.0
2003-10-16;75.35;76.0;75.35;75.78;454533.0
2003-10-17;75.53;75.8;74.6;75.8;555533.0
2003-10-20;75.8;75.8;74.6;74.87;254367.0
2003-10-21;75.0;75.24;74.8;74.96;442867.0
2003-10-22;74.95;74.96;74.2;74.2;154500.0
2003-10-23;73.5;74.25;72.6;74.25;241767.0
2003-10-24;74.05;74.05;73.12;73.76;150267.0
2003-10-27;74.01;76.0;74.01;75.87;502767.0
2003-10-28;76.17;76.17;74.75;75.28;519367.0
2003-10-29;75.35;76.7;75.31;76.7;282867.0
2003-10-30;76.8;77.1;76.25;76.98;298200.0
2003-10-31;77.23;77.28;76.35;76.5;284667.0
2003-11-03;76.65;78.1;76.65;78.0;262000.0
2003-11-04;78.0;79.58;77.85;78.73;409800.0
2003-11-05;78.7;78.83;78.35;78.69;200300.0
2003-11-06;78.69;80.19;78.5;80.19;318400.0
2003-11-07;80.29;80.29;79.36;79.5;351200.0
2003-11-10;79.49;79.49;78.53;78.8;230467.0
2003-11-11;79.05;79.09;78.45;78.6;138700.0
2003-11-12;78.6;80.06;78.51;79.92;280800.0
2003-11-13;79.8;80.08;79.51;80.0;184433.0
2003-11-14;79.95;80.9;79.95;80.4;242800.0
2003-11-17;80.4;80.4;79.18;79.7;249933.0
2003-11-18;79.8;80.5;79.8;80.2;315267.0
2003-11-19;80.25;80.55;78.87;78.93;336300.0
2003-11-20;79.0;79.03;77.29;77.7;436233.0
2003-11-21;77.9;78.0;76.51;77.7;302700.0
2003-11-24;77.8;78.25;77.53;78.0;206133.0
2003-11-25;77.9;78.79;77.9;78.5;273300.0
2003-11-26;78.6;79.67;78.57;79.65;207300.0
2003-11-28;79.9;80.66;79.9;80.6;205700.0
2003-12-01;80.74;81.45;80.58;80.75;415633.0
2003-12-02;80.85;80.99;80.32;80.48;248900.0
2003-12-03;80.5;80.95;80.35;80.8;436367.0
2003-12-04;80.7;80.77;79.82;79.92;193033.0
2003-12-05;79.95;80.0;79.31;79.61;264700.0
2003-12-08;26.35;26.73;26.2;26.66;486367.0
2003-12-09;26.8;26.84;26.5;26.67;1350500.0
2003-12-10;26.73;26.73;26.21;26.53;706700.0
2003-12-11;26.5;26.75;26.45;26.55;1199400.0
2003-12-12;26.5;26.68;26.46;26.5;924200.0
2003-12-15;26.9;27.05;26.67;26.7;1093900.0
2003-12-16;26.85;26.92;26.44;26.75;1315000.0
2003-12-17;26.85;26.85;26.64;26.75;914700.0
2003-12-18;26.73;26.9;26.59;26.84;1779900.0
2003-12-19;26.96;27.18;26.79;27.07;1010900.0
2003-12-22;27.02;27.6;26.93;27.51;1291300.0
2003-12-23;27.5;27.65;27.18;27.32;993000.0
2003-12-24;27.47;27.718;27.32;27.34;284800.0
2003-12-26;27.4;27.5;27.24;27.3;218900.0
2003-12-29;27.55;27.9;27.29;27.75;1089100.0
2003-12-30;27.93;28.03;27.68;27.89;741300.0
2003-12-31;27.89;27.96;27.55;27.75;754100.0
2004-01-02;27.75;27.83;27.5;27.65;609000.0
2004-01-05;27.9;28.15;27.5;27.7;1163000.0
2004-01-06;27.7;27.9;27.65;27.84;901300.0
2004-01-07;27.84;27.95;27.3;27.42;902800.0
2004-01-08;27.6;27.65;27.25;27.55;1016100.0
2004-01-09;27.52;27.72;27.31;27.59;906900.0
2004-01-12;27.72;27.9;27.55;27.75;704700.0
2004-01-13;27.61;27.75;27.45;27.6;1014900.0
2004-01-14;27.35;27.72;27.35;27.56;813100.0
2004-01-15;27.7;27.74;27.53;27.7;671200.0
2004-01-16;27.6;27.78;27.5;27.5;850400.0
2004-01-20;27.55;27.69;27.5;27.58;712700.0
2004-01-21;27.63;27.9;27.36;27.9;506900.0
2004-01-22;27.9;28.8;27.62;27.75;830900.0
2004-01-23;27.75;28.49;27.73;28.49;760800.0
2004-01-26;28.55;29.45;28.29;29.2;1172700.0
2004-01-27;29.22;30.07;29.22;29.7;1973400.0
2004-01-28;29.85;29.85;29.25;29.26;1067600.0
2004-01-29;29.4;29.61;29.1;29.55;859500.0
2004-01-30;29.8;30.0;29.45;30.0;1514200.0
2004-02-02;29.97;30.6;29.75;30.48;1152100.0
2004-02-03;30.6;31.11;30.1;30.14;1233400.0
2004-02-04;30.14;30.2;29.43;29.43;1167900.0
2004-02-05;29.44;29.96;29.3;29.89;1007400.0
2004-02-06;30.0;30.36;29.72;30.35;781900.0
2004-02-09;30.5;30.5;30.2;30.35;674400.0
2004-02-10;30.6;30.72;30.35;30.72;752100.0
2004-02-11;31.32;31.32;30.55;31.16;1077200.0
2004-02-12;31.16;31.16;30.2;30.36;911500.0
2004-02-13;30.56;30.68;30.05;30.33;651800.0
2004-02-17;30.75;30.85;30.26;30.42;587400.0
2004-02-18;30.55;30.56;30.03;30.23;733800.0
2004-02-19;30.15;30.47;30.1;30.47;1197500.0
2004-02-20;30.47;30.5;30.3;30.45;667500.0
2004-02-23;30.51;30.61;30.35;30.61;546700.0
2004-02-24;30.6;30.7;30.41;30.61;858000.0
2004-02-25;30.67;30.95;30.55;30.9;724200.0
2004-02-26;31.15;31.15;30.78;31.0;980200.0
2004-02-27;31.05;31.26;31.0;31.26;956100.0
2004-03-01;31.51;32.05;31.35;31.9;980500.0
2004-03-02;31.9;32.33;31.85;32.16;987400.0
2004-03-03;32.16;32.45;31.99;32.0;969400.0
2004-03-04;32.15;32.36;31.96;32.34;765100.0
2004-03-05;32.4;33.0;32.27;32.79;747600.0
2004-03-08;32.79;32.88;32.55;32.61;895800.0
2004-03-09;32.61;32.7;32.19;32.5;1124700.0
2004-03-10;32.65;32.9;32.48;32.54;1482000.0
2004-03-11;32.39;32.63;32.0;32.47;1439400.0
2004-03-12;32.47;32.92;32.45;32.83;734900.0
2004-03-15;32.83;33.05;32.6;32.76;549300.0
2004-03-16;32.76;33.2;32.76;33.11;1023600.0
2004-03-17;33.19;33.95;33.19;33.95;1106300.0
2004-03-18;33.94;34.5;33.6;34.36;1895200.0
2004-03-19;34.38;34.5;34.2;34.27;1067200.0
2004-03-22;34.21;34.27;34.0;34.26;796400.0
2004-03-23;34.25;34.35;34.06;34.35;765900.0
2004-03-24;34.35;34.37;33.63;33.88;1262400.0
2004-03-25;33.9;34.4;33.75;34.4;996100.0
2004-03-26;34.39;34.39;33.58;33.59;1287700.0
2004-03-29;33.79;34.07;33.64;33.88;1025800.0
2004-03-30;34.0;34.85;33.81;34.85;1016800.0
2004-03-31;34.85;35.15;34.67;35.15;1739600.0
2004-04-01;35.1;35.3;34.99;35.3;1574800.0
2004-04-02;35.3;35.3;33.83;33.97;2286600.0
2004-04-05;33.8;33.88;31.71;31.92;3639800.0
2004-04-06;31.63;31.63;29.75;30.37;4453400.0
2004-04-07;30.57;31.46;29.69;30.69;3259900.0
2004-04-08;30.8;31.0;29.87;29.95;1861200.0
2004-04-12;29.74;29.74;27.63;28.05;4670600.0
2004-04-13;27.75;28.64;26.75;27.84;3687000.0
2004-04-14;27.5;28.22;27.27;27.35;2044400.0
2004-04-15;27.24;27.97;27.13;27.69;1801300.0
2004-04-16;28.0;29.07;28.0;28.6;1846600.0
2004-04-19;28.85;29.0;27.95;28.8;1179800.0
2004-04-20;28.8;28.8;26.96;27.16;2010300.0
2004-04-21;27.23;27.54;26.75;26.88;1847600.0
2004-04-22;26.98;27.6;26.75;27.34;1851300.0
2004-04-23;27.8;27.8;26.67;26.97;1540100.0
2004-04-26;26.77;27.86;26.77;27.51;1686700.0
2004-04-27;27.5;28.4;27.5;28.38;1851300.0
2004-04-28;28.38;28.43;28.02;28.36;1362900.0
2004-04-29;28.36;28.43;26.81;27.65;1492300.0
2004-04-30;27.66;27.93;26.84;27.11;1548400.0
2004-05-03;27.18;27.37;26.7;27.25;1599900.0
2004-05-04;27.25;27.63;26.91;26.96;1659100.0
2004-05-05;27.21;27.3;26.61;26.77;1464600.0
2004-05-06;26.8;26.81;26.28;26.75;1976900.0
2004-05-07;26.34;26.35;25.61;25.92;2266000.0
2004-05-10;25.35;25.86;24.31;25.51;2912700.0
2004-05-11;25.76;26.39;25.3;25.6;1601800.0
2004-05-12;25.54;25.95;25.14;25.85;1328300.0
2004-05-13;25.85;26.1;25.59;25.78;1033500.0
2004-05-14;26.03;26.6;25.75;26.37;2040000.0
2004-05-17;26.0;27.1;25.95;26.54;1273700.0
2004-05-18;26.44;27.0;26.41;27.0;1352000.0
2004-05-19;27.15;27.45;26.15;26.45;1298500.0
2004-05-20;26.46;27.3;26.44;27.17;1051500.0
2004-05-21;27.17;27.6;26.75;26.75;1384000.0
2004-05-24;27.2;27.55;27.0;27.2;718700.0
2004-05-25;27.35;28.2;27.33;28.0;904600.0
2004-05-26;27.93;28.6;27.6;28.27;1058200.0
2004-05-27;28.75;28.94;28.46;28.91;1092500.0
2004-05-28;28.91;29.4;28.85;29.38;1462800.0
2004-06-01;29.38;29.38;28.45;28.85;1378000.0
2004-06-02;29.05;29.55;28.52;29.55;1288700.0
2004-06-03;29.7;29.85;29.05;29.23;988400.0
2004-06-04;29.33;29.78;29.12;29.13;624700.0
2004-06-07;29.17;29.52;29.15;29.4;448000.0
2004-06-08;29.41;29.63;29.1;29.47;767200.0
2004-06-09;29.45;29.81;29.35;29.36;1072400.0
2004-06-10;29.37;29.49;28.99;29.13;669500.0
2004-06-14;28.88;28.88;28.37;28.8;961200.0
2004-06-15;28.9;29.64;28.9;29.59;870800.0
2004-06-16;29.34;29.58;29.28;29.4;772000.0
2004-06-17;29.4;29.79;29.28;29.78;1470200.0
2004-06-18;29.9;30.0;29.67;29.97;680000.0
2004-06-21;30.05;30.39;29.97;30.12;1571900.0
2004-06-22;30.05;30.15;29.62;29.8;1091600.0
2004-06-23;29.95;30.04;29.77;29.78;676700.0
2004-06-24;29.78;30.05;29.61;29.63;757700.0
2004-06-25;29.7;29.95;29.64;29.9;1409600.0
2004-06-28;30.0;30.3;29.82;29.93;1022600.0
2004-06-29;29.92;29.92;28.97;29.08;1168200.0
2004-06-30;29.1;29.75;28.98;29.57;1839800.0
2004-07-01;29.4;29.95;29.4;29.62;1082900.0
2004-07-02;29.83;30.61;29.81;30.6;1257300.0
2004-07-06;30.62;31.0;30.02;30.81;991600.0
2004-07-07;31.19;31.4;30.98;31.4;983900.0
2004-07-08;31.45;31.45;30.67;30.73;795500.0
2004-07-09;30.9;31.1;30.52;30.73;547700.0
2004-07-12;30.8;31.11;30.68;31.02;919400.0
2004-07-13;30.7;30.85;30.3;30.5;741700.0
2004-07-14;30.6;30.69;30.4;30.66;526300.0
2004-07-15;30.85;31.2;30.81;31.1;577700.0
2004-07-16;31.5;31.55;30.75;30.88;582100.0
2004-07-19;30.9;31.39;30.8;31.3;634100.0
2004-07-20;31.4;31.72;31.2;31.52;1083400.0
2004-07-21;31.88;31.88;30.75;30.94;626900.0
2004-07-22;30.59;30.88;30.02;30.03;796700.0
2004-07-23;30.03;30.08;29.48;29.48;1045400.0
2004-07-26;29.5;29.66;28.9;29.17;847800.0
2004-07-27;29.2;29.6;28.9;29.04;828500.0
2004-07-28;28.85;29.95;28.64;29.45;845300.0
2004-07-29;29.8;30.03;29.59;29.73;743800.0
2004-07-30;30.05;30.35;29.95;30.08;796000.0
2004-08-02;30.08;31.25;29.95;31.25;1145900.0
2004-08-03;31.15;31.5;30.99;31.27;878700.0
2004-08-04;31.22;31.75;31.05;31.7;565800.0
2004-08-05;31.9;31.94;30.73;30.73;992000.0
2004-08-06;30.88;31.5;30.68;30.97;992600.0
2004-08-09;30.97;31.44;30.79;31.44;644100.0
2004-08-10;31.43;31.7;31.28;31.48;855500.0
2004-08-11;31.36;31.4;31.1;31.26;502200.0
2004-08-12;31.16;31.28;30.66;30.74;592200.0
2004-08-13;30.76;30.94;30.53;30.78;408900.0
2004-08-16;30.76;31.49;30.7;31.45;547200.0
2004-08-17;31.6;32.05;31.55;31.78;600000.0
2004-08-18;31.7;32.12;31.66;32.05;1734600.0
2004-08-19;32.0;32.03;31.54;31.54;682000.0
2004-08-20;31.46;31.46;29.85;30.0;5707800.0
2004-08-23;30.01;30.02;28.79;28.95;4239200.0
2004-08-24;28.85;29.0;28.41;29.0;6256100.0
2004-08-25;29.0;29.01;28.6;28.7;2770100.0
2004-08-26;28.8;29.1;28.78;28.97;4364400.0
2004-08-27;29.0;29.05;28.73;28.84;1499600.0
2004-08-30;28.9;29.4;28.88;29.39;2518100.0
2004-08-31;29.4;30.19;29.26;30.17;2598200.0
2004-09-01;30.17;30.28;29.95;30.1;1882800.0
2004-09-02;30.0;30.2;29.95;30.15;1929400.0
2004-09-03;30.11;30.46;30.1;30.35;1371300.0
2004-09-07;30.3;30.7;30.11;30.55;2140100.0
2004-09-08;30.55;31.0;30.46;30.85;3125300.0
2004-09-09;30.65;30.65;30.2;30.45;2417200.0
2004-09-10;30.35;30.7;30.31;30.5;1627300.0
2004-09-13;30.46;30.61;30.35;30.55;1168100.0
2004-09-14;30.55;30.6;29.74;30.5;1000100.0
2004-09-15;30.5;30.6;30.2;30.38;2879500.0
2004-09-16;30.5;31.16;30.5;31.1;1191300.0
2004-09-17;31.1;31.1;30.63;30.8;1422300.0
2004-09-20;30.81;30.97;30.72;30.8;1031400.0
2004-09-21;30.8;31.31;30.75;31.12;1536300.0
2004-09-22;31.12;31.13;30.6;30.95;1573100.0
2004-09-23;30.85;31.08;30.65;30.95;1478000.0
2004-09-24;30.8;31.1;30.8;31.0;1292800.0
2004-09-27;31.01;31.45;30.8;30.91;1130700.0
2004-09-28;30.92;30.96;30.71;30.84;1906200.0
2004-09-29;30.9;31.24;30.78;30.8;2041200.0
2004-09-30;30.7;31.14;30.7;31.0;1438700.0
2004-10-01;31.18;31.95;30.9;31.84;1162600.0
2004-10-04;31.85;32.25;31.78;31.96;987700.0
2004-10-05;31.96;32.1;31.8;31.96;1374800.0
2004-10-06;31.8;32.19;31.76;32.0;1929900.0
2004-10-07;31.9;32.0;31.43;31.59;1172200.0
2004-10-08;31.75;32.5;31.75;32.37;1411500.0
2004-10-11;32.37;32.5;32.11;32.35;661900.0
2004-10-12;32.36;32.75;32.15;32.5;2800800.0
2004-10-13;32.15;32.35;31.63;32.03;1446300.0
2004-10-14;31.85;32.4;31.75;32.25;735200.0
2004-10-15;32.25;32.57;31.96;32.38;1631900.0
2004-10-18;32.33;32.63;32.16;32.39;682500.0
2004-10-19;32.4;32.57;32.01;32.15;1336100.0
2004-10-20;32.05;32.28;31.45;32.21;1331700.0
2004-10-21;32.29;32.97;32.1;32.9;1262200.0
2004-10-22;32.9;33.26;32.52;32.75;1255400.0
2004-10-25;32.75;32.8;32.4;32.55;801100.0
2004-10-26;33.0;33.19;32.6;33.18;2728500.0
2004-10-27;33.2;33.4;33.06;33.21;1013500.0
2004-10-28;33.27;33.35;33.05;33.15;764700.0
2004-10-29;33.2;33.3;32.96;32.99;641800.0
2004-11-01;33.2;33.36;32.9;33.36;701200.0
2004-11-02;33.21;33.48;33.14;33.17;906700.0
2004-11-03;33.5;33.85;33.45;33.67;1203100.0
2004-11-04;33.45;33.95;33.36;33.91;981500.0
2004-11-05;33.85;33.86;31.54;32.05;2049300.0
2004-11-08;32.05;32.5;31.7;32.45;1342000.0
2004-11-09;32.41;32.59;32.2;32.5;985900.0
2004-11-10;32.25;33.07;32.15;32.65;653600.0
2004-11-11;32.59;32.65;32.4;32.6;1036600.0
2004-11-12;32.65;34.15;32.63;34.0;1345500.0
2004-11-15;33.9;34.5;33.5;34.45;1308500.0
2004-11-16;34.45;34.5;34.0;34.02;1309800.0
2004-11-17;33.95;34.2;32.95;33.35;1523600.0
2004-11-18;33.45;33.7;32.95;33.43;887900.0
2004-11-19;33.43;33.5;32.65;32.73;775200.0
2004-11-22;32.85;33.11;32.52;33.0;1648100.0
2004-11-23;33.2;34.0;33.08;33.9;938600.0
2004-11-24;33.89;34.3;33.77;34.0;783400.0
2004-11-26;34.0;34.17;33.86;34.17;224600.0
2004-11-29;34.12;34.56;33.8;34.3;967500.0
2004-11-30;34.35;34.35;34.1;34.31;855400.0
2004-12-01;34.5;35.25;34.3;35.05;780400.0
2004-12-02;35.19;35.19;34.2;34.5;783600.0
2004-12-03;34.65;35.57;34.65;35.45;583400.0
2004-12-06;35.5;36.0;35.35;35.88;867300.0
2004-12-07;35.88;35.88;35.02;35.3;784500.0
2004-12-08;35.3;35.95;35.18;35.44;946200.0
2004-12-09;35.61;36.05;35.313;36.05;664700.0
2004-12-10;36.7;36.7;35.71;36.63;705200.0
2004-12-13;36.6;36.6;35.91;36.12;860900.0
2004-12-14;35.7;35.9;35.42;35.77;1080700.0
2004-12-15;35.92;36.46;35.38;35.95;885600.0
2004-12-16;35.85;35.88;35.25;35.25;652500.0
2004-12-17;35.27;35.8;34.74;35.55;963500.0
2004-12-20;35.65;35.69;35.0;35.45;499700.0
2004-12-21;35.45;35.71;35.18;35.39;1206200.0
2004-12-22;35.6;35.97;35.44;35.9;865400.0
2004-12-23;35.8;36.1;35.7;35.7;741000.0
2004-12-27;35.7;35.81;34.79;34.94;1124000.0
2004-12-28;35.0;35.1;34.83;35.0;849800.0
2004-12-29;35.0;35.58;34.96;35.47;615600.0
2004-12-30;35.35;36.83;35.35;36.3;1077200.0
2004-12-31;36.45;36.9;36.16;36.16;808500.0
2005-01-03;36.15;36.3;35.03;35.3;1580600.0
2005-01-04;35.33;35.77;34.6;34.73;1621100.0
2005-01-05;34.73;34.75;33.12;33.54;2301000.0
2005-01-06;33.34;33.92;33.28;33.59;1179900.0
2005-01-07;34.3;34.56;33.6;34.12;1150200.0
2005-01-10;34.13;34.19;33.46;33.56;1028200.0
2005-01-11;33.6;33.68;32.93;33.3;1112100.0
2005-01-12;32.94;33.12;31.75;32.74;2224200.0
2005-01-13;32.74;33.9;32.5;33.33;1602800.0
2005-01-14;33.28;33.72;33.16;33.22;837400.0
2005-01-18;33.05;33.55;32.9;33.5;931000.0
2005-01-19;33.5;34.11;33.36;34.01;1349600.0
2005-01-20;33.9;33.91;33.4;33.54;801100.0
2005-01-21;33.54;33.69;33.13;33.25;965500.0
2005-01-24;33.25;33.53;32.7;32.85;929300.0
2005-01-25;32.84;33.09;31.75;31.83;1304600.0
2005-01-26;31.87;32.04;31.51;31.78;1024800.0
2005-01-27;31.78;31.95;31.41;31.64;1022600.0
2005-01-28;31.77;32.03;31.5;32.0;1164000.0
2005-01-31;32.15;32.31;31.38;31.77;1419400.0
2005-02-01;31.65;32.45;31.58;32.45;1240400.0
2005-02-02;32.5;33.0;32.3;33.0;1114300.0
2005-02-03;33.38;33.6;33.17;33.6;1330500.0
2005-02-04;33.82;34.43;33.62;34.17;1132000.0
2005-02-07;34.42;34.42;34.098;34.3;841600.0
2005-02-08;34.3;34.95;34.17;34.9;1233400.0
2005-02-09;35.03;35.82;35.0;35.8;1935300.0
2005-02-10;35.85;36.75;35.68;36.55;1668100.0
2005-02-11;36.55;37.11;36.25;36.74;1725400.0
2005-02-14;36.85;37.5;36.82;37.28;1467700.0
2005-02-15;37.05;37.37;36.99;37.15;1473100.0
2005-02-16;37.15;37.75;36.9;37.54;1449700.0
2005-02-17;37.59;37.71;37.27;37.47;1166800.0
2005-02-18;37.35;37.35;36.52;36.52;1845000.0
2005-02-22;36.53;36.53;35.43;35.48;1302600.0
2005-02-23;35.85;36.3;35.15;35.25;1660000.0
2005-02-24;35.4;35.5;35.08;35.2;1432800.0
2005-02-25;35.21;35.57;35.21;35.57;1171900.0
2005-02-28;35.5;35.72;34.83;34.9;1593900.0
2005-03-01;34.91;35.3;34.7;34.95;1560300.0
2005-03-02;34.85;35.04;34.65;34.87;1015800.0
2005-03-03;34.89;35.1;34.6;34.9;1221500.0
2005-03-04;34.91;35.89;34.91;35.68;1524600.0
2005-03-07;35.6;36.229;35.43;35.93;1660800.0
2005-03-08;35.85;35.85;35.26;35.4;1191100.0
2005-03-09;35.21;35.22;33.7;33.91;1657300.0
2005-03-10;33.99;34.47;33.68;34.33;1089400.0
2005-03-11;34.1;34.16;33.67;33.85;818600.0
2005-03-14;33.85;34.4;33.69;34.4;884800.0
2005-03-15;34.46;34.86;33.69;34.03;603900.0
2005-03-16;34.04;34.25;33.5;33.55;824400.0
2005-03-17;33.66;34.38;33.66;34.18;913100.0
2005-03-18;34.2;34.8;34.1;34.32;1285400.0
2005-03-21;34.57;34.57;33.8;33.99;1462200.0
2005-03-22;33.93;34.58;33.16;33.21;1793300.0
2005-03-23;33.21;33.22;32.62;32.95;1686200.0
2005-03-24;32.96;33.73;32.79;33.0;1479800.0
2005-03-28;32.92;33.01;32.71;32.83;954800.0
2005-03-29;32.75;33.44;32.7;32.98;1064900.0
2005-03-30;32.98;33.95;32.96;33.9;1088700.0
2005-03-31;33.91;34.53;33.83;34.1;1703300.0
2005-04-01;35.7;35.7;33.8;34.0;2334900.0
2005-04-04;33.9;33.91;33.4;33.8;1117000.0
2005-04-05;33.8;33.99;33.66;33.9;1197400.0
2005-04-06;33.9;34.27;33.86;34.06;3444600.0
2005-04-07;34.0;34.32;34.0;34.32;1695900.0
2005-04-08;34.26;34.26;33.95;34.05;1184600.0
2005-04-11;34.05;34.11;33.9;34.11;736300.0
2005-04-12;33.98;35.03;33.872;35.02;2227100.0
2005-04-13;35.0;35.17;34.5;34.95;3159300.0
2005-04-14;34.96;35.04;34.55;34.72;1230900.0
2005-04-15;34.8;34.82;34.33;34.65;1457400.0
2005-04-18;35.1;35.24;34.65;35.02;1397500.0
2005-04-19;35.03;35.62;35.03;35.51;1065800.0
2005-04-20;35.52;35.72;35.25;35.58;1038500.0
2005-04-21;35.69;35.79;35.4;35.79;1082300.0
2005-04-22;35.97;37.06;35.91;36.95;2402000.0
2005-04-25;36.95;37.75;36.91;37.55;1939600.0
2005-04-26;37.56;38.07;37.55;37.91;1210900.0
2005-04-27;37.91;38.48;37.71;38.1;1792900.0
2005-04-28;38.25;38.38;37.8;38.15;1524700.0
2005-04-29;38.24;39.15;37.87;39.11;1486100.0
2005-05-02;39.3;39.3;38.1;38.39;1466300.0
2005-05-03;37.81;37.81;37.17;37.53;2745000.0
2005-05-04;37.37;38.0;37.13;38.0;1338600.0
2005-05-05;38.0;38.38;37.82;37.96;770500.0
2005-05-06;37.46;37.64;36.8;37.1;1372600.0
2005-05-09;37.0;37.85;36.89;37.75;1640100.0
2005-05-10;37.65;38.15;37.5;38.15;877000.0
2005-05-11;38.1;38.3;37.72;38.26;1078700.0
2005-05-12;38.12;38.5;37.63;37.83;925000.0
2005-05-13;37.83;37.92;37.25;37.35;922800.0
2005-05-16;37.48;38.0;37.36;38.0;716900.0
2005-05-17;37.86;38.35;37.76;38.17;1134500.0
2005-05-18;38.35;38.83;38.26;38.83;1337400.0
2005-05-19;38.8;39.24;38.67;39.21;929500.0
2005-05-20;39.1;39.75;38.78;39.71;1356900.0
2005-05-23;39.77;40.21;39.65;39.88;1210100.0
2005-05-24;39.42;39.64;38.78;39.04;1655200.0
2005-05-25;38.82;39.01;38.0;38.31;1173300.0
2005-05-26;38.22;38.68;38.0;38.15;669700.0
2005-05-27;38.35;38.5;37.99;38.5;532700.0
2005-05-31;38.67;39.1;38.62;38.93;1679200.0
2005-06-01;38.92;39.95;38.8;39.8702;922100.0
2005-06-02;39.85;39.89;39.5;39.59;522800.0
2005-06-03;39.7;40.3;39.61;39.9;1260000.0
2005-06-06;39.65;40.18;39.65;40.05;1368500.0
2005-06-07;40.03;40.73;39.99;40.26;1407400.0
2005-06-08;40.23;40.93;40.22;40.52;797300.0
2005-06-09;40.4;40.72;40.12;40.63;746800.0
2005-06-10;40.51;40.78;40.4;40.63;643100.0
2005-06-13;40.45;40.58;40.27;40.57;1200100.0
2005-06-14;40.42;41.28;40.27;41.27;643300.0
2005-06-15;41.24;41.25;40.76;41.02;726800.0
2005-06-16;40.98;41.22;40.73;41.17;814100.0
2005-06-17;41.31;42.08;41.31;41.84;1409300.0
2005-06-20;41.7;41.75;41.36;41.37;1416000.0
2005-06-21;41.26;41.4;40.7;40.71;1075300.0
2005-06-22;40.9;41.2;40.61;40.68;623500.0
2005-06-23;40.54;40.95;40.53;40.69;771700.0
2005-06-24;40.6;41.0;40.37;40.51;2649200.0
2005-06-27;40.39;40.7;40.25;40.49;673000.0
2005-06-28;40.37;40.74;40.13;40.65;1362400.0
2005-06-29;40.59;41.13;40.53;40.75;723200.0
2005-06-30;40.71;41.11;40.21;41.09;1404700.0
2005-07-01;41.09;41.81;40.82;41.81;721700.0
2005-07-05;41.75;42.26;41.7;42.25;1133600.0
2005-07-06;42.25;42.64;42.06;42.07;844200.0
2005-07-07;41.72;42.65;41.72;42.64;722300.0
2005-07-08;42.64;43.75;42.6;43.38;728900.0
2005-07-11;44.0;44.31;43.88;43.95;1604000.0
2005-07-12;44.0;44.85;43.7;44.43;1477300.0
2005-07-13;44.5;44.5;43.4;43.87;2325500.0
2005-07-14;43.87;43.93;42.69;42.92;1701600.0
2005-07-15;42.8;43.44;42.475;43.36;1105700.0
2005-07-18;43.15;43.88;43.15;43.47;987200.0
2005-07-19;43.47;43.81;43.42;43.6;983900.0
2005-07-20;43.8;44.37;43.4;44.23;916900.0
2005-07-21;44.23;44.36;43.02;43.5;1443900.0
2005-07-22;43.35;44.0;43.35;43.86;1093100.0
2005-07-25;43.65;44.55;43.65;44.35;925700.0
2005-07-26;44.75;45.33;44.53;45.21;1053900.0
2005-07-27;45.3;46.06;44.98;45.71;2521800.0
2005-07-28;45.75;46.46;45.67;46.25;1606300.0
2005-07-29;46.3;46.5;45.94;45.98;998600.0
2005-08-01;46.18;46.64;45.81;46.5;1035500.0
2005-08-02;46.6;47.476;46.33;47.47;1413800.0
2005-08-03;46.42;47.2;46.39;46.88;1404400.0
2005-08-04;46.4;46.68;45.92;45.98;1607900.0
2005-08-05;45.5;45.56;43.88;43.89;2360300.0
2005-08-08;42.5;43.25;41.55;41.76;2921700.0
2005-08-09;42.6;43.49;42.13;42.66;2895800.0
2005-08-10;43.05;44.01;42.97;43.03;1678100.0
2005-08-11;43.02;43.95;42.87;43.79;799700.0
2005-08-12;43.9;44.37;43.6;44.26;1127500.0
2005-08-15;44.26;44.7;44.001;44.48;1228100.0
2005-08-16;44.52;45.17;44.44;45.04;1525000.0
2005-08-17;45.0;45.3;44.53;44.8;2015500.0
2005-08-18;44.6;44.82;44.17;44.27;1621200.0
2005-08-19;44.45;44.45;43.81;44.02;868300.0
2005-08-22;43.95;44.43;43.94;44.17;754300.0
2005-08-23;44.33;44.75;44.15;44.5;947800.0
2005-08-24;44.69;45.29;44.6;44.74;788500.0
2005-08-25;44.99;45.02;44.55;44.66;645400.0
2005-08-26;44.7;45.02;43.89;43.9;997100.0
2005-08-29;43.76;44.08;43.24;43.76;939700.0
2005-08-30;43.59;44.0;43.4;43.98;892200.0
2005-08-31;43.9;45.54;43.86;45.09;1754100.0
2005-09-01;45.34;45.99;44.93;45.5;1486800.0
2005-09-02;45.75;46.12;45.5;45.54;785700.0
2005-09-06;45.61;47.02;45.61;47.01;1172000.0
2005-09-07;46.95;47.02;46.3875;46.8;1480200.0
2005-09-08;46.49;47.21;46.27;46.47;1600400.0
2005-09-09;46.52;47.02;46.2;46.84;1112100.0
2005-09-12;46.84;46.9;46.35;46.5;1288700.0
2005-09-13;46.3;46.57;46.14;46.32;843500.0
2005-09-14;46.3;46.44;45.81;46.18;1244400.0
2005-09-15;46.15;46.37;45.57;45.74;1054800.0
2005-09-16;45.74;45.77;45.2;45.29;1355000.0
2005-09-19;45.29;45.36;44.77;44.78;1074700.0
2005-09-20;44.68;45.24;44.18;44.34;1073600.0
2005-09-21;44.25;44.35;42.47;42.7;2537300.0
2005-09-22;42.75;42.94;41.85;42.39;2198100.0
2005-09-23;42.4;43.43;42.2;43.16;1689000.0
2005-09-26;43.1;44.14;42.9;43.95;1302400.0
2005-09-27;43.88;44.03;43.43;43.45;2018600.0
2005-09-28;43.6;43.83;43.17;43.41;1281800.0
2005-09-29;43.46;44.32;43.25;44.09;1446200.0
2005-09-30;44.21;45.08;44.16;44.93;1434300.0
2005-10-03;45.05;45.09;44.09;44.52;1386100.0
2005-10-04;44.5;44.89;43.67;43.77;1079400.0
2005-10-05;43.57;43.68;42.86;43.0;1245300.0
2005-10-06;43.0;43.4;42.34;42.96;1478700.0
2005-10-07;42.85;43.45;42.13;42.84;1141700.0
2005-10-10;43.06;43.11;42.19;42.22;1096300.0
2005-10-11;42.42;42.66;41.69;41.7;2020100.0
2005-10-12;40.9;41.29;40.42;40.9;1703200.0
2005-10-13;40.65;41.17;39.6;40.38;2089000.0
2005-10-14;40.78;41.48;40.29;41.3;2464000.0
2005-10-17;41.25;41.87;41.11;41.87;1079200.0
2005-10-18;41.86;41.86;40.72;40.8;1169000.0
2005-10-19;40.8;41.31;40.24;41.18;2437800.0
2005-10-20;41.08;41.17;40.31;40.46;1208100.0
2005-10-21;40.55;41.12;40.36;41.0;928500.0
2005-10-24;41.37;42.05;41.25;41.7;887700.0
2005-10-25;41.64;41.89;41.05;41.19;1232900.0
2005-10-26;41.03;41.3599;40.75;40.81;1011900.0
2005-10-27;40.84;40.89;39.9;39.94;1252800.0
2005-10-28;40.1;41.95;40.1;41.8;2309500.0
2005-10-31;42.04;42.88;41.9801;42.48;1512100.0
2005-11-01;41.0;41.5;40.33;40.93;2982300.0
2005-11-02;40.75;41.405;40.54;40.91;1420800.0
2005-11-03;41.03;41.39;40.8;40.95;1617000.0
2005-11-04;41.02;41.1;40.36;41.03;1573600.0
2005-11-07;41.1;41.31;40.57;41.05;1288900.0
2005-11-08;40.24;41.04;40.06;40.95;1481100.0
2005-11-09;40.79;41.94;40.57;41.51;2482800.0
2005-11-10;41.48;42.82;41.22;42.74;2435500.0
2005-11-11;42.75;43.33;42.55;43.26;759000.0
2005-11-14;43.2;43.53;42.83;43.02;1070800.0
2005-11-15;43.02;43.55;42.9;43.31;1094600.0
2005-11-16;43.79;43.8;43.14;43.42;834900.0
2005-11-17;43.36;44.3;43.2;44.12;1170500.0
2005-11-18;44.26;44.66;44.08;44.6;998300.0
2005-11-21;44.83;45.37;44.49;45.31;1368100.0
2005-11-22;44.88;46.55;44.79;46.31;1528100.0
2005-11-23;46.3;47.03;46.2;46.69;1743400.0
2005-11-25;46.5;46.85;46.07;46.51;394500.0
2005-11-28;46.37;46.83;45.68;45.77;1142100.0
2005-11-29;46.14;46.41;45.65;45.95;1915400.0
2005-11-30;45.98;46.23;45.35;45.62;1812400.0
2005-12-01;45.64;46.52;45.5801;46.3;1559900.0
2005-12-02;46.39;46.41;45.94;46.08;1791900.0
2005-12-05;46.3;46.3;45.56;45.81;1487600.0
2005-12-06;46.25;46.59;46.07;46.31;1184500.0
2005-12-07;46.37;46.51;45.3;45.56;1531200.0
2005-12-08;45.85;46.52;45.64;45.92;1441200.0
2005-12-09;46.1;46.27;45.73;46.15;892400.0
2005-12-12;46.6;46.6;46.17;46.39;1130100.0
2005-12-13;46.39;47.15;46.13;47.09;904700.0
2005-12-14;47.01;47.72;46.7;47.61;1207000.0
2005-12-15;47.7;48.27;47.5;47.62;1427800.0
2005-12-16;47.59;47.9199;47.43;47.5;1249900.0
2005-12-19;47.45;47.53;46.76;46.9;1190400.0
2005-12-20;46.85;47.02;46.24;46.43;1303100.0
2005-12-21;46.43;47.41;46.37;47.12;1024400.0
2005-12-22;47.05;47.64;46.5;47.45;860800.0
2005-12-23;47.65;48.15;47.55;47.86;642400.0
2005-12-27;48.05;48.14;47.8;47.81;721700.0
2005-12-28;47.81;47.81;46.9;47.3;928600.0
2005-12-29;47.24;47.73;46.97;47.25;1083200.0
2005-12-30;47.15;47.55;46.9;46.99;819500.0
2006-01-03;47.1;48.29;46.23;48.28;1920400.0
2006-01-04;48.06;48.91;48.0;48.84;1431900.0
2006-01-05;48.8;49.87;48.74;49.44;1209300.0
2006-01-06;49.67;49.93;49.09;49.73;1584300.0
2006-01-09;49.39;50.1;49.39;50.0;1314500.0
2006-01-10;49.85;51.11;49.85;50.95;2539700.0
2006-01-11;51.14;51.8;50.84;51.19;2003100.0
2006-01-12;50.82;51.13;50.4;50.89;1525100.0
2006-01-13;50.0;50.34;49.33;49.57;2292200.0
2006-01-17;49.18;49.7;48.87;49.67;1132300.0
2006-01-18;49.29;49.74;49.21;49.66;1026100.0
2006-01-19;49.48;49.95;49.43;49.82;1252300.0
2006-01-20;49.88;50.1;49.19;49.44;1433400.0
2006-01-23;49.32;49.85;49.32;49.74;736800.0
2006-01-24;49.61;50.0;49.57;49.86;1574000.0
2006-01-25;49.89;50.2;49.64;49.9;1853300.0
2006-01-26;49.95;50.3;49.78;50.24;1318500.0
2006-01-27;50.6;51.68;50.54;51.41;1301500.0
2006-01-30;51.41;51.7;50.94;51.51;925000.0
2006-01-31;50.62;51.8;50.4999;51.6;1640900.0
2006-02-01;51.28;52.14;51.18;51.95;1715700.0
2006-02-02;51.83;52.12;51.35;51.5;1128700.0
2006-02-03;50.8;51.1;49.95;50.72;1536300.0
2006-02-06;50.6;50.74;50.2;50.66;1016800.0
2006-02-07;50.61;50.75;49.68;49.68;1373400.0
2006-02-08;49.78;49.78;48.32;49.3;2045200.0
2006-02-09;49.37;49.82;48.83;49.3;1575300.0
2006-02-10;49.34;49.6;48.64;49.34;1174900.0
2006-02-13;49.6;49.72;49.21;49.43;1081900.0
2006-02-14;49.38;49.63;48.49;49.33;1001000.0
2006-02-15;49.36;50.02;49.1;50.01;1242900.0
2006-02-16;50.25;51.27;50.14;51.16;974900.0
2006-02-17;51.15;51.71;50.9;51.69;739700.0
2006-02-21;51.69;52.32;51.4;52.1;1159000.0
2006-02-22;49.0;50.99;49.0;49.92;4510500.0
2006-02-23;49.6;50.45;49.6;50.39;2165400.0
2006-02-24;50.14;50.52;50.0;50.45;1559900.0
2006-02-27;50.42;50.9;50.21;50.65;2011700.0
2006-02-28;50.45;50.99;50.3;50.39;1800200.0
2006-03-01;50.63;50.9;49.87;50.65;1247300.0
2006-03-02;50.24;50.37;49.76;50.2;1332600.0
2006-03-03;49.8;49.96;49.15;49.22;1283500.0
2006-03-06;49.4;50.37;49.15;49.99;1735700.0
2006-03-07;49.99;50.135;48.5;48.51;1350500.0
2006-03-08;48.05;48.05;46.892;47.78;2304200.0
2006-03-09;48.0;48.74;47.94;48.47;1523900.0
2006-03-10;48.55;48.7;48.18;48.53;1931600.0
2006-03-13;48.28;49.1;48.07;48.31;1470800.0
2006-03-14;48.62;49.6;48.44;49.51;1449600.0
2006-03-15;49.77;51.23;49.75;51.02;2094700.0
2006-03-16;51.12;51.77;50.91;51.36;1476800.0
2006-03-17;51.08;51.4;50.2;51.3;2648200.0
2006-03-20;51.6;51.63;50.04;50.25;1182200.0
2006-03-21;50.0;50.22;49.22;49.24;1732200.0
2006-03-22;49.48;50.03;49.24;49.8;845400.0
2006-03-23;49.65;50.17;49.5;49.65;1080400.0
2006-03-24;49.7;49.9;49.36;49.64;1115600.0
2006-03-27;49.6;49.73;48.66;48.93;1296300.0
2006-03-28;48.93;50.47;48.88;49.81;2033400.0
2006-03-29;50.6;51.07;50.11;50.99;1917500.0
2006-03-30;51.0;51.09;49.05;49.5;2247600.0
2006-03-31;49.51;49.8;48.6401;48.87;2399600.0
2006-04-03;49.06;49.06;47.15;47.23;2240700.0
2006-04-04;47.23;47.26;46.16;46.43;3510600.0
2006-04-05;46.5;47.03;46.44;46.87;1940600.0
2006-04-06;46.78;47.43;46.66;46.93;1068300.0
2006-04-07;46.8;47.0;46.11;46.12;1097100.0
2006-04-10;45.87;45.87;44.77;44.99;2051700.0
2006-04-11;44.8;45.27;44.43;45.03;1658200.0
2006-04-12;44.81;45.54;44.7;45.07;1244300.0
2006-04-13;44.75;45.28;44.34;44.61;1367500.0
2006-04-17;44.52;45.06;44.36;44.75;1206200.0
2006-04-18;45.03;46.03;44.67;45.95;1886400.0
2006-04-19;45.9;46.89;45.75;46.34;1689300.0
2006-04-20;47.72;47.78;46.54;46.66;2111700.0
2006-04-21;46.68;47.13;46.43;46.62;1524200.0
2006-04-24;46.45;46.79;46.24;46.43;1363400.0
2006-04-25;46.52;46.64;46.23;46.49;1146100.0
2006-04-26;46.41;46.432;45.69;45.84;1681600.0
2006-04-27;45.52;46.66;45.31;46.42;1294600.0
2006-04-28;46.35;47.38;46.15;46.95;1281600.0
2006-05-01;47.13;47.17;45.59;45.71;1800800.0
2006-05-02;45.66;45.73;44.64;45.0;2002500.0
2006-05-03;45.0;45.35;44.4;44.9;1471600.0
2006-05-04;45.73;46.2;45.05;45.71;1470300.0
2006-05-05;46.07;47.42;46.07;47.19;1715600.0
2006-05-08;47.02;47.47;46.91;47.15;1139300.0
2006-05-09;47.14;47.9;46.62;47.67;2833600.0
2006-05-10;47.57;47.95;46.98;47.6;975500.0
2006-05-11;47.5;47.51;45.32;45.81;2648000.0
2006-05-12;45.7;45.7;44.89;45.28;1543700.0
2006-05-15;44.95;45.79;44.4;45.73;1741900.0
2006-05-16;45.73;46.2;45.51;45.64;1180600.0
2006-05-17;44.72;44.99;43.75;44.34;2733500.0
2006-05-18;44.56;45.11;43.68;43.7;1791000.0
2006-05-19;43.82;44.11;43.1;43.41;1513500.0
2006-05-22;43.32;43.38;42.68;43.03;1064300.0
2006-05-23;43.29;43.65;42.36;42.36;1260700.0
2006-05-24;42.17;43.4;41.92;43.2;1944500.0
2006-05-25;43.41;44.29;43.19;44.09;1308700.0
2006-05-26;45.0;45.2;44.28;44.5;1615900.0
2006-05-30;44.5;44.87;44.08;44.48;1928000.0
2006-05-31;44.69;44.99;43.52;43.76;2099500.0
2006-06-01;43.97;44.53;43.9;44.45;1175000.0
2006-06-02;45.2;45.99;44.77;45.78;1459600.0
2006-06-05;45.78;48.1;45.71;46.9;2162800.0
2006-06-06;46.95;47.26;45.17;45.5;1313500.0
2006-06-07;45.2;45.93;44.77;45.48;1266800.0
2006-06-08;45.39;45.39;44.25;45.01;1303200.0
2006-06-09;45.18;45.71;45.01;45.63;809100.0
2006-06-12;45.31;45.81;44.63;44.86;710400.0
2006-06-13;44.79;45.34;43.56;43.56;1680200.0
2006-06-14;43.64;43.67;42.65;43.11;1449900.0
2006-06-15;43.12;44.11;43.12;44.08;1886600.0
2006-06-16;43.95;44.64;43.77;44.47;944800.0
2006-06-19;44.67;44.88;43.88;44.1;1420800.0
2006-06-20;43.97;44.1;42.8;43.43;1322400.0
2006-06-21;43.54;44.35;43.05;44.07;1127500.0
2006-06-22;43.78;43.94;42.86;43.41;1362100.0
2006-06-23;43.39;43.63;42.63;42.85;836500.0
2006-06-26;42.95;43.32;42.88;43.11;1075800.0
2006-06-27;43.09;43.26;42.66;42.86;648800.0
2006-06-28;42.86;43.13;42.56;42.89;1093900.0
2006-06-29;42.89;44.07;42.76;43.97;1177500.0
2006-06-30;44.09;45.45;43.43;45.06;1926400.0
2006-07-03;45.5;46.23;45.1;46.19;710800.0
2006-07-05;45.7;46.43;45.45;45.71;987700.0
2006-07-06;45.71;46.22;45.39;45.83;779600.0
2006-07-07;45.78;45.83;44.84;45.09;1319600.0
2006-07-10;45.09;45.86;44.95;45.77;1596500.0
2006-07-11;45.75;45.89;45.38;45.71;1313800.0
2006-07-12;45.78;46.1;45.45;45.51;973400.0
2006-07-13;45.26;45.75;45.04;45.4;1253400.0
2006-07-14;45.43;45.48;44.1;44.29;1467600.0
2006-07-17;44.07;44.93;43.72;44.0;1076100.0
2006-07-18;43.94;44.05;43.53;43.9;942200.0
2006-07-19;43.89;45.13;43.81;45.01;1573500.0
2006-07-20;45.25;45.34;44.7;45.1;928100.0
2006-07-21;45.32;45.32;44.32;44.51;824900.0
2006-07-24;44.51;45.05;44.27;44.59;816000.0
2006-07-25;44.59;45.08;44.46;45.05;667300.0
2006-07-26;45.26;45.57;45.03;45.57;614600.0
2006-07-27;45.82;46.24;45.46;45.57;726600.0
2006-07-28;45.94;46.6;45.88;46.19;737700.0
2006-07-31;46.03;46.35;45.45;45.64;780800.0
2006-08-01;45.47;45.55;44.83;44.93;894300.0
2006-08-02;45.03;45.03;44.02;44.62;939100.0
2006-08-03;44.15;44.3;43.8;44.1;1337800.0
2006-08-04;44.45;45.71;44.44;45.71;1538600.0
2006-08-07;45.58;46.0;45.23;45.58;1101300.0
2006-08-08;44.0;44.94;43.9;44.19;3733400.0
2006-08-09;44.34;44.64;44.1;44.51;2207200.0
2006-08-10;44.26;44.5;43.95;44.1;2019200.0
2006-08-11;44.26;44.28;43.49;43.55;1394200.0
2006-08-14;43.75;44.54;43.55;44.26;918600.0
2006-08-15;44.75;44.87;44.28;44.35;1266600.0
2006-08-16;44.72;44.72;44.13;44.21;1666500.0
2006-08-17;44.2;44.51;43.53;44.22;1065300.0
2006-08-18;44.33;44.49;43.98;44.4;1008400.0
2006-08-21;44.25;44.61;44.23;44.6;518300.0
2006-08-22;44.5;45.32;44.44;45.31;824900.0
2006-08-23;45.21;45.38;44.66;44.98;650800.0
2006-08-24;44.91;45.35;44.8;45.34;518900.0
2006-08-25;45.12;45.42;45.08;45.19;595100.0
2006-08-28;45.19;45.75;44.9;45.56;694200.0
2006-08-29;45.6;45.6;44.7;45.03;816200.0
2006-08-30;44.96;45.4;44.91;45.39;569300.0
2006-08-31;45.39;45.53;45.16;45.33;832100.0
2006-09-01;45.33;45.4;44.92;45.0;626900.0
2006-09-05;45.0;45.87;44.91;45.86;796000.0
2006-09-06;45.75;45.97;45.48;45.97;1502600.0
2006-09-07;45.75;45.75;45.22;45.37;1041300.0
2006-09-08;45.54;45.88;45.0;45.79;848400.0
2006-09-11;45.45;46.36;45.28;46.33;656200.0
2006-09-12;45.97;47.5;45.8;47.49;1276400.0
2006-09-13;47.49;48.7;47.26;48.22;1263300.0
2006-09-14;47.15;47.81;46.86;47.81;1716700.0
2006-09-15;47.3;48.26;47.15;48.11;1585300.0
2006-09-18;47.78;47.91;47.14;47.34;1776800.0
2006-09-19;47.21;47.77;47.08;47.7;776600.0
2006-09-20;47.77;47.98;47.4;47.74;731300.0
2006-09-21;47.74;47.8;46.79;47.17;1680800.0
2006-09-22;47.26;47.62;46.84;47.56;744300.0
2006-09-25;47.6;47.86;47.092;47.51;999500.0
2006-09-26;47.32;47.64;47.04;47.5;1303500.0
2006-09-27;47.56;48.0;47.21;47.9;1653600.0
2006-09-28;47.8;47.93;47.37;47.77;738400.0
2006-09-29;47.69;47.98;47.5;47.65;1015300.0
2006-10-02;47.35;48.24;46.99;47.73;776500.0
2006-10-03;47.73;48.8;47.73;48.61;1371900.0
2006-10-04;48.84;49.15;48.67;49.08;1098100.0
2006-10-05;49.09;49.42;48.94;49.38;821000.0
2006-10-06;48.88;49.24;48.8;48.91;796900.0
2006-10-09;49.0;49.49;48.5;49.38;861200.0
2006-10-10;49.44;50.23;48.88;49.73;1347000.0
2006-10-11;49.73;50.17;49.4;49.65;1135200.0
2006-10-12;49.83;50.5;49.68;50.04;1019000.0
2006-10-13;50.08;51.57;50.01;51.34;1459400.0
2006-10-16;51.5;52.1;51.27;52.07;1522500.0
2006-10-17;51.78;52.66;51.74;52.5;2278600.0
2006-10-18;52.61;52.88;52.39;52.66;1120600.0
2006-10-19;52.65;52.71;52.04;52.52;1228500.0
2006-10-20;52.51;52.51;51.48;51.5;1580800.0
2006-10-23;51.41;52.22;51.21;52.21;1017100.0
2006-10-24;51.96;52.1;51.56;51.75;786700.0
2006-10-25;51.69;52.1;51.68;52.0;891200.0
2006-10-26;52.04;52.3;51.8;52.29;951200.0
2006-10-27;52.08;52.09;51.42;51.51;1004000.0
2006-10-30;51.26;51.84;50.91;51.79;1080700.0
2006-10-31;51.95;52.0;51.5;51.9;1078800.0
2006-11-01;51.81;51.91;51.31;51.35;1242800.0
2006-11-02;50.8;50.92;49.55;50.25;1669200.0
2006-11-03;50.04;50.29;48.78;49.16;2145800.0
2006-11-06;49.29;49.72;48.84;48.95;2511300.0
2006-11-07;47.25;48.0;46.51;47.75;4772500.0
2006-11-08;47.6;47.62;46.99;47.31;1554700.0
2006-11-09;47.31;47.51;46.92;47.08;1379100.0
2006-11-10;47.03;47.19;46.71;47.0;1280800.0
2006-11-13;46.9;47.0;46.14;46.5;2099100.0
2006-11-14;46.86;47.56;46.74;47.54;3225700.0
2006-11-15;47.64;48.29;47.4;47.97;1771300.0
2006-11-16;48.1;48.49;47.95;48.4;1358400.0
2006-11-17;48.3;48.53;48.17;48.34;1725500.0
2006-11-20;48.75;56.0;48.75;50.77;4085700.0
2006-11-21;50.76;52.77;50.6;52.73;3935500.0
2006-11-22;52.52;53.1;52.5;52.7;1981000.0
2006-11-24;52.7;52.89;52.3;52.65;803900.0
2006-11-27;52.55;52.7;51.7;51.7;1962400.0
2006-11-28;51.65;52.07;50.84;51.8;2729500.0
2006-11-29;51.85;53.5;51.8;53.14;1559400.0
2006-11-30;53.53;55.03;53.23;54.94;2644200.0
2006-12-01;55.0;55.5;54.76;55.33;2450400.0
2006-12-04;55.1917;55.92;55.1917;55.7;1717200.0
2006-12-05;55.77;56.14;55.18;55.31;1778100.0
2006-12-06;55.02;55.43;54.43;55.01;1469800.0
2006-12-07;55.1;55.54;54.32;54.48;1465900.0
2006-12-08;54.65;54.87;54.21;54.52;1196400.0
2006-12-11;54.6;55.0;54.53;54.76;1522700.0
2006-12-12;54.93;55.23;53.95;53.98;1300700.0
2006-12-13;54.14;54.33;52.6;53.72;1997900.0
2006-12-14;53.78;54.39;53.69;53.75;1612700.0
2006-12-15;54.0;54.1;53.01;53.12;1083200.0
2006-12-18;53.12;53.74;52.75;52.8;939000.0
2006-12-19;52.49;52.57;51.24;51.96;1643400.0
2006-12-20;52.25;52.6;51.98;52.3;1636200.0
2006-12-21;52.3;52.54;51.72;51.74;1078400.0
2006-12-22;51.4;51.71;50.91;51.22;848500.0
2006-12-26;51.3;52.43;51.22;51.96;798100.0
2006-12-27;51.85;52.93;51.85;52.93;887300.0
2006-12-28;52.8;52.89;52.0;52.3;1293800.0
2006-12-29;52.6;52.84;52.15;52.23;2149500.0
2007-01-03;52.87;52.93;51.74;52.1;1504800.0
2007-01-04;52.1;52.48;51.37;52.31;1342600.0
2007-01-05;52.15;52.43;51.44;51.51;1717000.0
2007-01-08;51.4;52.36;51.16;52.02;1204500.0
2007-01-09;52.35;53.71;52.35;53.57;1880700.0
2007-01-10;53.46;55.16;53.3;55.05;2675300.0
2007-01-11;55.09;56.26;55.02;55.4;1998700.0
2007-01-12;54.95;55.41;54.77;54.85;1301500.0
2007-01-16;55.09;56.1;54.65;55.83;1146100.0
2007-01-17;55.68;56.06;54.85;56.01;1227800.0
2007-01-18;56.3;56.35;55.45;55.66;1007000.0
2007-01-19;55.75;56.28;55.1;56.19;835600.0
2007-01-22;56.07;56.81;55.91;56.66;1622400.0
2007-01-23;57.16;57.91;57.14;57.4;1535400.0
2007-01-24;57.33;58.51;57.25;58.43;896200.0
2007-01-25;58.87;59.46;58.5;58.98;1752300.0
2007-01-26;59.23;59.88;58.63;59.62;1499000.0
2007-01-29;59.5;60.09;59.3;59.85;1293500.0
2007-01-30;60.0;61.11;59.7;60.72;1742500.0
2007-01-31;60.7;61.99;60.45;61.52;1557700.0
2007-02-01;60.9;61.18;60.55;61.04;2211400.0
2007-02-02;61.24;61.48;60.9;61.48;1570400.0
2007-02-05;61.73;61.88;61.38;61.74;1547700.0
2007-02-06;62.07;63.72;62.0;63.59;2275500.0
2007-02-07;63.63;66.73;62.95;66.39;3935300.0
2007-02-08;65.6;66.85;64.82;64.9;3903400.0
2007-02-09;64.9;65.17;60.75;62.18;6704800.0
2007-02-12;61.9;62.24;59.71;60.4;3779200.0
2007-02-13;59.45;63.12;59.42;62.98;5917400.0
2007-02-14;63.59;65.2;63.1;64.72;4622700.0
2007-02-15;64.6;65.73;64.25;65.22;2053100.0
2007-02-16;65.3299;65.91;64.26;65.65;1935900.0
2007-02-20;65.29;66.19;64.8;65.8;1629200.0
2007-02-21;65.3;66.37;65.01;66.32;2064600.0
2007-02-22;65.94;66.58;65.5;65.81;2401700.0
2007-02-23;65.95;65.98;64.64;64.8;2143500.0
2007-02-26;65.09;65.1;63.15;64.12;2685300.0
2007-02-27;63.01;63.54;61.21;62.49;3051700.0
2007-02-28;62.99;63.78;62.38;63.41;2478000.0
2007-03-01;62.5;63.98;61.3;62.93;2742100.0
2007-03-02;62.36;62.81;60.94;60.94;1986800.0
2007-03-05;60.1;60.76;58.05;58.06;2679200.0
2007-03-06;59.14;62.08;59.05;61.88;3053800.0
2007-03-07;61.68;62.25;60.8;61.24;2261300.0
2007-03-08;62.25;63.27;62.21;62.72;1923700.0
2007-03-09;62.65;63.78;62.65;63.68;1877600.0
2007-03-12;64.36;64.91;62.95;64.67;2638700.0
2007-03-13;64.29;64.29;62.87;63.1;3868200.0
2007-03-14;63.2;63.98;62.1;63.72;2306400.0
2007-03-15;63.52;65.16;63.39;64.85;2022700.0
2007-03-16;64.85;64.91;63.73;64.3;1813900.0
2007-03-19;64.54;65.31;64.53;65.21;1659600.0
2007-03-20;64.86;65.85;64.68;65.37;2191600.0
2007-03-21;65.69;67.0;65.07;66.39;2436800.0
2007-03-22;66.75;66.95;65.94;66.44;1527200.0
2007-03-23;66.2;67.43;66.12;67.0;1548500.0
2007-03-26;66.97;67.33;65.3;65.57;2032800.0
2007-03-27;65.51;65.6;64.14;64.35;1788900.0
2007-03-28;64.08;64.7;62.85;64.05;1931400.0
2007-03-29;64.45;64.97;63.27;63.46;1853800.0
2007-03-30;63.57;64.81;63.05;64.57;1997200.0
2007-04-02;64.29;65.49;64.01;65.04;1604900.0
2007-04-03;65.04;65.4;64.53;64.76;2202100.0
2007-04-04;64.75;65.19;63.49;63.74;2109500.0
2007-04-05;63.87;64.25;63.71;64.17;1427200.0
2007-04-09;64.27;64.96;64.17;64.87;1155200.0
2007-04-10;65.3475;65.89;64.9;65.72;1893700.0
2007-04-11;63.73;64.15;63.1;63.22;1.04333E7
2007-04-12;62.925;63.37;62.45;63.2;2967100.0
2007-04-13;63.06;63.69;62.9;63.55;2009200.0
2007-04-16;63.71;64.0;63.28;63.42;1849800.0
2007-04-17;64.26;64.49;63.3;64.38;2887600.0
2007-04-18;64.32;64.59;63.88;64.3;1307600.0
2007-04-19;63.88;64.21;63.19;63.24;1820400.0
2007-04-20;64.68;64.7;63.4;63.82;2021100.0
2007-04-23;63.92;65.05;63.8;64.94;2146800.0
2007-04-24;65.1;65.25;64.38;64.91;2718000.0
2007-04-25;65.53;65.55;64.02;64.77;1916600.0
2007-04-26;64.52;65.12;64.17;64.62;1330400.0
2007-04-27;64.46;65.25;64.17;65.09;1377800.0
2007-04-30;65.2;65.81;63.83;63.85;1901100.0
2007-05-01;62.78;63.09;61.77;62.36;4073500.0
2007-05-02;62.33;62.9;62.11;62.55;2276500.0
2007-05-03;62.62;63.24;62.41;62.9;1553900.0
2007-05-04;63.16;63.43;61.9;61.97;2787100.0
2007-05-07;62.85;63.25;62.52;62.59;1608500.0
2007-05-08;62.6;62.6;61.93;61.97;1328900.0
2007-05-09;61.95;62.74;61.7;61.97;2249800.0
2007-05-10;61.58;62.28;61.18;61.32;1423200.0
2007-05-11;61.58;62.37;61.39;62.31;2344400.0
2007-05-14;62.5;62.62;61.38;61.45;1304700.0
2007-05-15;61.87;61.87;60.05;60.23;2883800.0
2007-05-16;60.04;60.41;58.88;59.06;2624300.0
2007-05-17;58.99;59.16;57.8001;57.99;2654000.0
2007-05-18;58.258;58.31;56.75;56.94;3687800.0
2007-05-21;57.47;57.88;57.19;57.5;3894800.0
2007-05-22;57.76;58.73;57.4088;58.27;2533600.0
2007-05-23;58.32;59.108;57.63;57.64;2375200.0
2007-05-24;57.84;57.88;55.23;55.7;3484900.0
2007-05-25;55.95;56.8;55.5;55.83;2233600.0
2007-05-29;56.78;58.89;56.61;58.62;4378900.0
2007-05-30;58.98;60.51;58.76;60.46;3278300.0
2007-05-31;64.13;64.13;59.04;59.04;5033400.0
2007-06-01;59.06;59.35;58.61;58.71;2311000.0
2007-06-04;58.75;59.4;58.67;59.15;1825600.0
2007-06-05;58.57;58.97;57.92;58.0;1807700.0
2007-06-06;57.6601;58.48;57.27;57.87;1387800.0
2007-06-07;57.87;57.87;54.55;54.72;4132600.0
2007-06-08;54.79;56.32;54.11;56.17;3074300.0
2007-06-11;55.55;55.89;54.92;55.33;1950500.0
2007-06-12;54.65;55.8;54.33;54.9;2912200.0
2007-06-13;55.21;56.43;54.81;56.31;2523800.0
2007-06-14;56.48;56.89;55.27;55.65;2052700.0
2007-06-15;56.07;56.8;55.91;56.47;1710100.0
2007-06-18;56.34;56.46;54.65;54.65;2164200.0
2007-06-19;54.5201;55.03;54.05;55.03;2133000.0
2007-06-20;54.83;54.99;53.27;53.27;2983300.0
2007-06-21;51.47;52.94;51.47;52.89;4398300.0
2007-06-22;52.81;53.13;52.38;52.75;3813400.0
2007-06-25;52.61;53.06;51.36;51.57;2651700.0
2007-06-26;53.4;53.49;52.21;52.4;7969200.0
2007-06-27;52.33;53.33;51.86;53.0;6210400.0
2007-06-28;53.2;53.77;52.86;53.0;6364800.0
2007-06-29;53.28;53.7;52.43;52.95;5.30629E7
2007-07-02;52.91;53.66;52.81;53.47;6485200.0
2007-07-03;53.79;54.33;53.68;54.11;2996600.0
2007-07-05;55.11;55.2;54.33;54.54;3361200.0
2007-07-06;54.46;54.54;53.8;54.05;3419100.0
2007-07-09;54.2;54.63;53.99;54.55;2156200.0
2007-07-10;54.14;54.42;53.06;53.14;4185800.0
2007-07-11;53.14;53.14;52.15;52.55;2899800.0
2007-07-12;52.55;53.22;52.34;53.22;3440300.0
2007-07-13;52.71;53.54;52.38;53.4;1597100.0
2007-07-16;53.17;53.9;52.67;52.72;2401300.0
2007-07-17;52.67;52.92;51.75;52.18;1756600.0
2007-07-18;52.25;52.25;51.0;52.01;2744800.0
2007-07-19;52.45;52.96;52.07;52.27;1473800.0
2007-07-20;51.77;52.0;50.52;51.25;4060500.0
2007-07-23;51.42;51.57;50.77;50.88;2235300.0
2007-07-24;50.44;51.26;49.81;50.1;3565700.0
2007-07-25;50.18;51.0399;48.96;49.82;3449400.0
2007-07-26;49.82;49.82;47.03;48.42;5428900.0
2007-07-27;46.54;49.08;46.54;46.7;3960600.0
2007-07-30;47.0;48.02;46.57;47.71;4230200.0
2007-07-31;48.52;49.05;47.68;47.98;3556600.0
2007-08-01;44.97;47.7;44.97;47.18;4900000.0
2007-08-02;47.18;47.47;46.18;46.98;4585800.0
2007-08-03;48.04;48.72;46.47;46.82;4977900.0
2007-08-06;47.69;49.04;46.55;48.32;4550600.0
2007-08-07;44.78;49.3;44.78;48.57;3918600.0
2007-08-08;48.38;51.18;47.26;50.92;4977700.0
2007-08-09;46.49;52.1;42.4;51.73;5564900.0
2007-08-10;51.11;51.99;50.16;50.95;4710700.0
2007-08-13;51.33;51.75;50.4;51.11;3651300.0
2007-08-14;50.84;51.74;48.97;49.0;4774300.0
2007-08-15;49.0;50.23;48.41;48.61;5513900.0
2007-08-16;48.37;50.45;48.12;49.4;7595700.0
2007-08-17;54.99;55.0;49.4425;50.35;6595100.0
2007-08-20;50.89;51.57;50.23;51.26;3790400.0
2007-08-21;50.72;51.14;50.11;50.6;3703700.0
2007-08-22;51.05;51.74;50.86;51.49;3655100.0
2007-08-23;51.97;51.97;50.03;50.32;2156700.0
2007-08-24;49.99;50.3;49.45;50.02;1618500.0
2007-08-27;49.95;50.02;48.73;48.93;1343100.0
2007-08-28;48.54;48.73;46.61;46.77;2517900.0
2007-08-29;47.04;48.0;46.66;47.92;2273100.0
2007-08-30;47.55;48.72;47.15;48.53;2336900.0
2007-08-31;48.81;50.24;48.74;49.71;2510000.0
2007-09-04;49.8;50.96;49.39;50.34;2873000.0
2007-09-05;50.01;50.17;49.12;49.29;2314000.0
2007-09-06;49.29;49.62;48.4731;49.47;2146900.0
2007-09-07;48.47;49.43;48.4;49.25;2757800.0
2007-09-10;49.35;49.4;48.0;48.62;2702800.0
2007-09-11;49.02;49.25;48.36;48.8;2494500.0
2007-09-12;48.7;49.17;48.4;48.65;1428700.0
2007-09-13;49.13;49.83;48.98;49.55;1658400.0
2007-09-14;49.18;49.56;48.85;49.56;1286400.0
2007-09-17;49.31;50.07;49.11;49.78;1842200.0
2007-09-18;49.78;52.11;49.65;51.95;3766000.0
2007-09-19;52.26;53.17;52.06;52.8;4742900.0
2007-09-20;52.55;52.71;51.75;51.92;2240500.0
2007-09-21;52.2;52.23;51.79;51.98;3308400.0
2007-09-24;51.98;53.6;51.74;53.19;2981300.0
2007-09-25;52.82;53.49;52.3;52.32;2981400.0
2007-09-26;52.78;53.27;52.67;53.08;2948900.0
2007-09-27;52.92;53.86;51.93;53.72;1825800.0
2007-09-28;53.88;53.98;52.97;53.62;2164600.0
2007-10-01;53.69;55.45;53.43;55.13;2684600.0
2007-10-02;55.0;55.7;54.852;55.61;2331800.0
2007-10-03;55.61;55.71;54.92;55.21;1736400.0
2007-10-04;55.3;55.61;54.36;55.25;1925600.0
2007-10-05;55.26;57.37;55.26;57.31;2584400.0
2007-10-08;57.45;57.45;55.72;55.78;1356100.0
2007-10-09;56.14;57.28;55.46;57.2;2375700.0
2007-10-10;57.16;57.8;56.91;57.51;2392200.0
2007-10-11;57.52;57.84;56.15;56.43;2581700.0
2007-10-12;56.72;57.22;56.47;56.87;1606900.0
2007-10-15;56.72;56.72;54.41;54.61;1982800.0
2007-10-16;54.67;54.95;53.91;54.44;2019700.0
2007-10-17;54.66;55.06;52.64;53.9;1737400.0
2007-10-18;53.7;54.45;52.9;53.9;1485500.0
2007-10-19;53.82;53.91;51.99;52.29;3528100.0
2007-10-22;51.93;52.97;51.4;52.97;2321600.0
2007-10-23;53.05;53.76;52.5;53.17;1801300.0
2007-10-24;52.88;53.35;51.86;53.18;2453600.0
2007-10-25;53.42;54.0;52.48;53.2;2978200.0
2007-10-26;54.2;54.45;52.24;52.79;2244200.0
2007-10-29;53.21;53.38;52.41;52.44;1627100.0
2007-10-30;52.17;53.75;52.11;53.24;1086700.0
2007-10-31;53.72;54.36;53.15;54.36;2578800.0
2007-11-01;53.96;54.53;52.58;52.98;2756400.0
2007-11-02;52.86;53.09;50.27;51.58;3412600.0
2007-11-05;50.74;51.55;50.36;51.0;1844200.0
2007-11-06;50.96;51.57;50.54;51.46;1875300.0
2007-11-07;51.0;51.0;49.45;49.68;3186800.0
2007-11-08;49.55;50.08;47.85;48.85;5031000.0
2007-11-09;48.43;48.43;46.73;47.06;5189000.0
2007-11-12;46.27;47.31;45.84;46.95;6088000.0
2007-11-13;47.33;49.95;47.32;49.9;4114500.0
2007-11-14;50.1;51.24;49.8;49.95;3666500.0
2007-11-15;49.3;50.33;48.54;49.04;2748300.0
2007-11-16;49.36;49.56;48.05;48.79;4070500.0
2007-11-19;48.39;48.5;46.95;46.99;2511100.0
2007-11-20;46.97;48.04;45.0;45.74;3609500.0
2007-11-21;45.285;45.86;44.24;45.46;2614700.0
2007-11-23;45.68;46.75;45.61;46.59;729300.0
2007-11-26;46.5;46.5;42.79;42.93;4338100.0
2007-11-27;43.8;44.8;43.06;44.12;4432000.0
2007-11-28;44.28;46.85;44.28;46.67;4264100.0
2007-11-29;46.44;46.48;45.33;45.92;2194700.0
2007-11-30;48.32;48.37;45.88;46.44;3026800.0
2007-12-03;46.42;47.19;45.59;47.05;2454700.0
2007-12-04;46.86;46.87;45.65;45.84;2158500.0
2007-12-05;46.07;47.64;46.07;47.49;2369600.0
2007-12-06;47.36;48.77;47.12;48.57;2096500.0
2007-12-07;48.5;49.08;47.87;47.97;1863100.0
2007-12-10;48.01;49.03;47.62;49.03;1704900.0
2007-12-11;47.62;49.79;45.24;45.43;4104500.0
2007-12-12;46.54;47.89;44.16;44.9;3796400.0
2007-12-13;44.59;44.97;43.65;44.75;2363800.0
2007-12-14;44.38;46.59;44.0;44.45;5116300.0
2007-12-17;43.79;44.17;41.93;42.25;4982900.0
2007-12-18;42.52;42.73;40.05;41.51;8456300.0
2007-12-19;41.58;42.84;40.64;41.46;6272800.0
2007-12-20;41.6;41.85;40.505;40.8;6054500.0
2007-12-21;41.2;42.42;41.19;41.25;4042700.0
2007-12-24;41.26;43.73;41.26;43.73;957000.0
2007-12-26;43.1;43.31;42.54;43.0;1782400.0
2007-12-27;42.33;42.74;41.14;41.37;1671700.0
2007-12-28;41.5;42.02;39.31;40.55;3357600.0
2007-12-31;40.36;41.5;40.29;41.18;2070000.0
2008-01-02;40.52;41.16;39.84;40.6;3120800.0
2008-01-03;40.4;40.555;38.24;38.42;5604200.0
2008-01-04;38.02;38.02;36.51;36.66;5944200.0
2008-01-07;36.8;36.81;34.91;35.99;6483300.0
2008-01-08;36.1;36.99;33.84;33.9;7662300.0
2008-01-09;34.24;34.38;31.94;34.17;7885200.0
2008-01-10;33.86;34.06;32.58;33.53;9106000.0
2008-01-11;33.17;34.78;32.38;34.43;8505400.0
2008-01-14;34.9;35.27;32.48;33.68;6041200.0
2008-01-15;32.57;32.62;31.43;31.91;7608700.0
2008-01-16;31.83;34.38;31.83;33.6;7733100.0
2008-01-17;33.64;34.82;33.29;33.4;8239800.0
2008-01-18;33.43;34.3;32.24;32.86;7085200.0
2008-01-22;31.36;36.1;31.0;34.43;1.06277E7
2008-01-23;33.86;38.02;32.74;37.71;8894000.0
2008-01-24;37.87;38.23;35.95;36.42;7027900.0
2008-01-25;37.4112;37.6;35.43;35.75;4512600.0
2008-01-28;35.87;37.07;35.01;36.78;3960900.0
2008-01-29;36.78;37.43;36.09;36.3;3765500.0
2008-01-30;36.3;37.78;36.04;36.3;5996200.0
2008-01-31;35.85;36.92;35.23;36.51;4350500.0
2008-02-01;36.85;40.06;36.66;40.0;6025600.0
2008-02-04;39.85;40.0;38.77;39.37;4704100.0
2008-02-05;38.6;38.61;36.83;37.01;4761300.0
2008-02-06;36.69;37.54;36.1;36.29;4234400.0
2008-02-07;36.08;38.09;35.73;37.94;3923600.0
2008-02-08;37.49;37.54;34.59;34.87;8062800.0
2008-02-11;34.79;35.36;34.21;35.01;5488800.0
2008-02-12;35.5;37.17;35.5;36.38;6993400.0
2008-02-13;36.59;37.8;36.02;36.67;4351600.0
2008-02-14;36.8;37.04;35.56;35.65;3705100.0
2008-02-15;35.62;36.51;35.09;36.5;3976700.0
2008-02-19;36.85;37.14;34.91;35.29;3669000.0
2008-02-20;35.14;35.42;34.51;35.34;5486000.0
2008-02-21;35.62;35.63;33.56;33.74;4508200.0
2008-02-22;34.0;35.07;33.4;35.04;4577900.0
2008-02-25;34.92;37.48;34.45;37.37;7717000.0
2008-02-26;37.16;38.37;36.39;37.97;6616600.0
2008-02-27;37.71;38.51;37.12;37.34;3390100.0
2008-02-28;37.15;37.15;35.91;35.97;3275800.0
2008-02-29;35.63;36.11;35.0;35.31;4514200.0
2008-03-03;35.25;35.69;34.36;35.26;3731600.0
2008-03-04;34.98;35.2519;33.81;35.06;5435100.0
2008-03-05;34.9;36.13;34.9;35.88;4010000.0
2008-03-06;35.66;35.78;32.85;33.09;8089000.0
2008-03-07;32.83;34.05;32.05;33.73;6684400.0
2008-03-10;33.66;33.93;32.63;32.73;4010500.0
2008-03-11;33.73;35.21;32.85;35.05;8367400.0
2008-03-12;34.97;35.1;33.43;33.45;4850600.0
2008-03-13;32.74;34.11;31.83;33.59;5407300.0
2008-03-14;33.78;34.09;31.35;32.31;7328300.0
2008-03-17;31.14;32.08;30.2;31.65;8105900.0
2008-03-18;32.21;34.53;30.73;33.01;1.1919E7
2008-03-19;33.11;34.05;32.7;32.83;5586900.0
2008-03-20;33.13;38.06;32.83;37.92;9132600.0
2008-03-24;38.16;39.58;37.52;38.26;5650100.0
2008-03-25;40.6;42.31;39.01;41.0;2.26148E7
2008-03-26;40.61;41.0;38.9;39.6;6162100.0
2008-03-27;39.86;40.25;38.57;38.71;4201300.0
2008-03-28;38.59;39.2;37.6;38.69;5363700.0
2008-03-31;38.115;39.25;37.37;38.17;4841900.0
2008-04-01;38.75;40.74;38.71;40.74;5663100.0
2008-04-02;41.07;41.89;40.29;41.35;4420700.0
2008-04-03;40.82;43.24;40.66;43.08;5428600.0
2008-04-04;43.05;43.08;41.94;42.25;4205000.0
2008-04-07;42.65;43.25;41.41;41.87;3272400.0
2008-04-08;41.87;42.25;40.69;40.8;3205500.0
2008-04-09;40.7;40.97;39.13;39.22;2801700.0
2008-04-10;39.55;39.55;37.94;38.7;4314600.0
2008-04-11;38.16;39.16;37.3;38.1;2866400.0
2008-04-14;37.78;38.38;37.28;37.33;2310500.0
2008-04-15;37.51;38.07;37.11;37.81;2296900.0
2008-04-16;38.37;40.33;38.36;40.26;5410000.0
2008-04-17;39.42;40.64;39.4;40.57;3110700.0
2008-04-18;41.46;42.0;40.39;40.76;3463600.0
2008-04-21;40.38;40.47;39.49;39.69;1935500.0
2008-04-22;39.62;39.93;39.01;39.55;1800300.0
2008-04-23;40.01;40.68;39.61;40.25;2741400.0
2008-04-24;40.48;42.56;40.36;42.38;3616700.0
2008-04-25;42.5;43.07;41.62;42.39;2638500.0
2008-04-28;42.54;43.05;41.64;42.77;2299900.0
2008-04-29;42.88;43.12;42.4;42.61;4318600.0
2008-04-30;42.78;43.22;40.76;40.96;3675900.0
2008-05-01;40.83;42.74;40.61;42.48;3255800.0
2008-05-02;43.37;43.81;42.7;43.1;3065900.0
2008-05-05;42.46;42.81;41.79;42.22;1907900.0
2008-05-06;42.1;43.41;41.83;43.41;3132100.0
2008-05-07;43.59;44.03;41.42;41.5;3283000.0
2008-05-08;41.71;42.01;40.96;41.37;2312800.0
2008-05-09;40.38;42.0;40.38;41.2;1852200.0
2008-05-12;41.23;42.67;41.09;42.52;1854100.0
2008-05-13;42.75;42.99;41.65;42.29;2187700.0
2008-05-14;42.65;43.08;42.29;42.58;1889900.0
2008-05-15;42.48;43.41;42.26;43.41;1741000.0
2008-05-16;43.98;44.23;43.39;43.83;3537800.0
2008-05-19;43.8;44.01;42.79;43.06;3035100.0
2008-05-20;42.77;42.91;41.79;42.49;2833200.0
2008-05-21;42.48;43.21;40.39;40.74;4453600.0
2008-05-22;40.72;40.91;39.51;39.88;4347100.0
2008-05-23;39.88;39.88;38.74;39.33;3752600.0
2008-05-27;39.28;40.12;39.17;40.02;2492900.0
2008-05-28;40.39;40.87;40.2;40.57;2444200.0
2008-05-29;40.39;41.95;40.0;41.92;3875300.0
2008-05-30;42.1;42.3;41.28;41.56;2746100.0
2008-06-02;41.22;41.22;39.7;40.03;2134100.0
2008-06-03;40.235;40.43;39.34;39.93;3407700.0
2008-06-04;39.86;40.54;39.53;40.27;2564600.0
2008-06-05;40.34;42.43;40.31;42.22;3270800.0
2008-06-06;40.79;41.89;39.46;39.73;4024300.0
2008-06-09;39.7;40.33;38.44;38.52;3520200.0
2008-06-10;38.25;39.43;37.93;39.2;5276900.0
2008-06-11;39.05;39.25;38.0;38.07;3738600.0
2008-06-12;38.19;39.45;37.875;38.64;3923000.0
2008-06-13;39.0;39.64;38.36;39.63;3062700.0
2008-06-16;39.39;40.44;38.7;40.3;2481500.0
2008-06-17;40.79;40.79;38.58;38.58;2946400.0
2008-06-18;38.15;38.56;37.7;38.01;3937200.0
2008-06-19;38.01;39.44;37.85;39.33;2883000.0
2008-06-20;38.21;39.2;37.74;38.18;4912500.0
2008-06-23;38.18;38.7;36.61;36.67;4366300.0
2008-06-24;36.62;37.51;35.97;36.93;3704100.0
2008-06-25;37.14;38.67;37.13;38.1;4220200.0
2008-06-26;37.46;37.65;35.67;35.74;5091800.0
2008-06-27;35.89;36.4;34.75;35.12;6119200.0
2008-06-30;35.97;36.0;34.95;35.03;5636500.0
2008-07-01;34.67;35.005;33.29;34.51;5915700.0
2008-07-02;34.94;35.17;33.58;33.6;4461600.0
2008-07-03;33.88;34.0;32.41;32.6;2909200.0
2008-07-07;32.68;33.44;31.18;31.54;8376700.0
2008-07-08;31.47;34.88;30.79;33.87;7437300.0
2008-07-09;33.59;33.8;30.7;30.92;7708900.0
2008-07-10;30.91;32.24;30.23;31.48;6647400.0
2008-07-11;29.91;31.03;28.86;30.0;1.57088E7
2008-07-14;29.91;32.81;28.51;28.61;1.04943E7
2008-07-15;28.1;28.885;26.87;27.28;1.1919E7
2008-07-16;27.28;29.6;26.72;29.42;1.01701E7
2008-07-17;29.98;31.35;28.65;29.89;1.34464E7
2008-07-18;29.94;30.43;29.01;30.1;8304900.0
2008-07-21;29.97;30.67;29.28;29.59;7366100.0
2008-07-22;29.31;29.94;28.0;29.85;1.04987E7
2008-07-23;29.78;33.33;28.75;32.39;1.36586E7
2008-07-24;32.57;32.59;28.86;29.17;1.01192E7
2008-07-25;29.23;30.16;28.75;29.37;6627300.0
2008-07-28;29.1;29.94;28.0;28.14;6189200.0
2008-07-29;28.27;30.5;28.25;30.25;9674200.0
2008-07-30;30.63;31.82;29.07;30.09;7863100.0
2008-07-31;26.57;28.52;25.72;27.41;1.57963E7
2008-08-01;27.69;27.93;26.37;26.99;1.00143E7
2008-08-04;26.72;26.86;25.65;26.24;7757100.0
2008-08-05;26.58;27.89;26.31;27.71;8948300.0
2008-08-06;27.7;28.49;27.025;28.24;5899500.0
2008-08-07;27.63;28.24;27.04;27.31;8394400.0
2008-08-08;27.0;27.97;25.87;27.48;1.34203E7
2008-08-11;27.64;27.94;26.52;27.0;9979700.0
2008-08-12;26.83;26.9175;25.34;25.75;1.01532E7
2008-08-13;25.55;25.55;24.09;24.63;1.57252E7
2008-08-14;24.03;24.91;23.95;24.74;9255100.0
2008-08-15;24.97;25.26;24.15;25.15;6573100.0
2008-08-18;25.24;25.38;24.06;24.19;6663300.0
2008-08-19;24.31;25.1;23.32;23.58;1.27673E7
2008-08-20;23.93;24.16;22.93;23.94;7861100.0
2008-08-21;23.43;24.1;23.0;23.73;6311700.0
2008-08-22;23.93;25.21;23.84;24.98;6112800.0
2008-08-25;24.79;25.0;23.5;23.59;5434500.0
2008-08-26;23.71;24.36;23.21;24.36;6574500.0
2008-08-27;24.3;24.71;23.86;24.41;3913800.0
2008-08-28;24.66;26.06;24.66;25.95;5004400.0
2008-08-29;25.07;26.22;24.9;25.93;6221900.0
2008-09-02;26.57;26.85;25.0;25.74;6383000.0
2008-09-03;26.63;26.72;25.44;26.69;6194100.0
2008-09-04;26.26;26.72;25.37;25.48;5114200.0
2008-09-05;25.14;25.87;24.77;25.82;4181100.0
2008-09-08;28.74;29.85;26.48;27.73;1.15978E7
2008-09-09;27.71;27.97;25.72;25.93;7745100.0
2008-09-10;25.82;26.44;25.02;25.98;5666300.0
2008-09-11;25.35;26.41;25.02;26.33;5732300.0
2008-09-12;25.79;27.58;25.42;27.55;6510100.0
2008-09-15;26.44;26.76;23.75;23.75;1.28687E7
2008-09-16;23.53;23.75;20.75;23.66;1.40794E7
2008-09-17;22.85;23.05;19.84;20.37;1.64446E7
2008-09-18;20.93;21.47;13.37;19.92;3.5501E7
2008-09-19;25.06;27.43;19.41;21.42;234700.0
2008-09-22;20.6;21.29;15.75;16.08;1.60157E7
2008-09-23;17.7;19.01;16.55;17.0;1.01589E7
2008-09-24;16.96;16.96;15.09;15.84;5833000.0
2008-09-25;16.08;16.5;15.4;16.0;7358900.0
2008-09-26;15.47;17.53;15.14;17.05;6701400.0
2008-09-29;16.46;16.92;13.87;14.21;6882600.0
2008-09-30;15.02;17.5;14.0;15.1;7090800.0
2008-10-01;14.86;15.0;14.2;14.62;4991700.0
2008-10-02;14.62;14.62;7.08;7.59;1.89422E7
2008-10-03;10.87;12.48;8.98;9.67;2.20363E7
2008-10-06;9.5;10.0;7.24;7.75;9817000.0
2008-10-07;7.87;9.722;3.51;4.5;3.9436E7
2008-10-08;4.95;5.99;4.0;5.4;2.30177E7
2008-10-09;5.69;5.69;3.84;3.9;2.17737E7
2008-10-10;3.52;5.4;3.11;4.82;2.6044E7
2008-10-13;6.29;6.33;4.8;5.65;1.61504E7
2008-10-14;5.88;6.25;5.17;5.45;1.37236E7
2008-10-15;4.97;6.16;4.67;5.63;1.58091E7
2008-10-16;5.77;5.97;4.94;5.39;1.21737E7
2008-10-17;5.26;6.63;5.11;6.12;1.39958E7
2008-10-20;6.47;6.47;5.25;5.59;7625500.0
2008-10-21;5.46;5.78;4.82;4.84;1.14389E7
2008-10-22;4.77;4.8;2.98;3.05;2.02375E7
2008-10-23;3.2;3.48;2.33;2.8;1.74356E7
2008-10-24;2.44;2.75;2.05;2.17;1.21003E7
2008-10-27;2.03;2.5;1.97;1.97;1.53577E7
2008-10-28;2.38;4.16;2.1;3.39;3.28191E7
2008-10-29;3.37;3.4;2.84;2.99;1.52773E7
2008-10-30;3.32;3.9;3.02;3.59;1.33514E7
2008-10-31;3.64;4.44;3.365;4.14;1.54608E7
2008-11-03;4.08;4.5;3.65;3.73;9295700.0
2008-11-04;3.89;4.51;3.89;4.49;1.25885E7
2008-11-05;4.05;4.05;2.09;2.25;3.96507E7
2008-11-06;2.21;2.48;2.05;2.36;1.96616E7
2008-11-07;2.48;2.48;1.91;2.07;2.02142E7
2008-11-10;2.18;2.18;1.3;1.37;2.20548E7
2008-11-11;0.87;0.87;0.33;0.489;6.97406E7
2008-11-12;0.43;0.43;0.24;0.35;9.6674496E7
2008-11-13;0.35;0.43;0.29;0.35;4.40126E7
2008-11-14;0.39;0.63;0.38;0.44;4.89775E7
2008-11-17;0.41;0.69;0.41;0.69;2.1741E7
2008-11-18;0.58;0.58;0.42;0.47;2.50759E7
2008-11-19;0.5;0.53;0.39;0.4;2.05818E7
2008-11-20;0.34;0.51;0.31;0.4;2.8552E7
2008-11-21;0.48001;0.59;0.41;0.41;1.89879E7
2008-11-24;0.53;1.0;0.49;1.0;3.5536E7
2008-11-25;1.51;2.0;1.32;1.36;5.03653E7
2008-11-26;1.38;1.48;1.05;1.16;1.57212E7
2008-11-28;1.15;1.7;1.03;1.38;8019400.0
2008-12-01;1.55;1.55;1.05;1.14;1.05087E7
2008-12-02;1.16;1.34;0.83;0.94;1.31044E7
2008-12-03;1.12;1.41;1.03;1.35;2.62555E7
2008-12-04;1.24;1.82;1.2;1.6;2.24761E7
2008-12-05;1.54;1.75;1.45;1.65;1.35939E7
2008-12-08;1.8;1.84;1.15;1.55;1.46315E7
2008-12-09;1.57;1.86;1.45;1.58;2.05667E7
2008-12-10;1.66;1.8;1.59;1.62;9103900.0
2008-12-11;1.62;1.7;1.3;1.44;1.63507E7
2008-12-12;2.32;2.49;1.67;1.8;2.95313E7
2008-12-15;1.71;1.85;1.5;1.85;1.33853E7
2008-12-16;1.75;1.85;1.63;1.66;1.02797E7
2008-12-17;1.7;1.8;1.58;1.58;6853300.0
2008-12-18;1.94;2.0;1.41;1.61;2.70065E7
2008-12-19;1.57;1.75;1.41;1.75;9649100.0
2008-12-22;1.56;1.61;1.3;1.35;8051700.0
2008-12-23;1.4;1.4;1.09;1.23;9842200.0
2008-12-24;1.07;1.22;1.07;1.1;4301200.0
2008-12-26;1.03;1.33;0.85;1.29;8144800.0
2008-12-29;1.24;1.33;1.12;1.21;6924600.0
2008-12-30;1.22;1.27;1.13;1.2;4197500.0
2008-12-31;1.17;1.29;1.12;1.29;8431200.0
2009-01-02;1.31;1.5;1.26;1.42;8508400.0
2009-01-05;1.34;1.51;1.26;1.35;1.31395E7
2009-01-06;1.52;1.6;1.45;1.6;1.8437E7
2009-01-07;1.59;2.0;1.5;1.98;2.37401E7
2009-01-08;1.93;2.26;1.82;2.09;3.00782E7
2009-01-09;2.07;2.0899;1.78;1.83;1.0489E7
2009-01-12;1.86;1.8899;1.41;1.48;1.54865E7
2009-01-13;1.38;1.67;1.35;1.46;1.14719E7
2009-01-14;1.27;1.43;1.25;1.31;1.05305E7
2009-01-15;1.35;1.38;1.11;1.18;9636100.0
2009-01-16;1.34;1.43;1.11;1.16;1.32491E7
2009-01-20;1.19;1.24;1.11;1.11;6036700.0
2009-01-21;1.17;1.22;1.08;1.22;5871300.0
2009-01-22;1.2;1.2;1.02;1.03;6868800.0
2009-01-23;1.03;1.07;1.0;1.07;7634800.0
2009-01-26;1.16;1.16;1.01;1.03;5238000.0
2009-01-27;1.07;1.07;0.7829;0.85;1.71291E7
2009-01-28;0.95;0.96;0.85;0.88;8537300.0
2009-01-29;0.89;0.89;0.69;0.71;1.28911E7
2009-01-30;0.775;0.775;0.56;0.65;1.50526E7
2009-02-02;0.85;0.92;0.73;0.85;1.59454E7
2009-02-03;0.8032;0.81;0.7;0.75;7788600.0
2009-02-04;0.7489;0.79;0.68;0.77;6359800.0
2009-02-05;0.75;0.75;0.68;0.75;5254600.0
2009-02-06;0.74;0.81;0.72;0.81;4735400.0
2009-02-09;0.76;0.85;0.71;0.85;6439800.0
2009-02-10;0.85;0.85;0.7208;0.73;5237300.0
2009-02-11;0.75;0.78;0.6;0.68;7338100.0
2009-02-12;0.73;0.73;0.58;0.62;6712200.0
2009-02-13;0.6;0.63;0.5;0.55;9658900.0
2009-02-17;0.57;0.6;0.49;0.51;4519600.0
2009-02-18;0.53;0.59;0.5;0.52;6583100.0
2009-02-19;0.5606;0.57;0.46;0.46;7300000.0
2009-02-20;0.46;0.49;0.41;0.46;5926900.0
2009-02-23;0.48;0.5;0.36;0.36;1.00876E7
2009-02-24;0.42;0.52;0.38;0.49;1.13537E7
2009-02-25;0.5198;0.65;0.48;0.62;1.3583E7
2009-02-26;0.65;0.73;0.56;0.68;1.47726E7
2009-02-27;0.59;0.62;0.49;0.59;8866900.0
2009-03-02;0.54;0.59;0.45;0.46;5099700.0
2009-03-03;0.5;0.6;0.37;0.38;1.39373E7
2009-03-04;0.44;0.46;0.38;0.41;6011700.0
2009-03-05;0.4;0.41;0.33;0.33;9750400.0
2009-03-06;0.3719;0.38;0.32;0.33;5361200.0
2009-03-09;0.35;0.42;0.35;0.38;5997700.0
2009-03-10;0.423;0.43;0.38;0.43;6752200.0
2009-03-11;0.405;0.42;0.36;0.4;8217600.0
2009-03-12;0.4;0.44;0.376;0.44;6270600.0
2009-03-13;0.455;0.64;0.44;0.64;9923100.0
2009-03-16;0.69;0.71;0.3901;0.61;1.63402E7
2009-03-17;0.63;0.63;0.51;0.61;8238500.0
2009-03-18;0.58;0.65;0.5242;0.62;7921000.0
2009-03-19;0.6;0.6;0.5;0.5;8513600.0
2009-03-20;0.55;0.57;0.4;0.44;1.03122E7
2009-03-23;0.54;0.66;0.5;0.66;1.2098E7
2009-03-24;0.61;0.72;0.58;0.64;1.05689E7
2009-03-25;0.7;0.72;0.6;0.7;7970800.0
2009-03-26;0.7;0.73;0.61;0.69;1.17049E7
2009-03-27;0.71;0.71;0.622;0.66;4993900.0
2009-03-30;0.632;0.632;0.55;0.55;8122900.0
2009-03-31;0.5888;0.71;0.5888;0.71;7425500.0
2009-04-01;0.6502;0.69;0.62;0.65;5568000.0
2009-04-02;0.7;0.7;0.63;0.68;1.11048E7
2009-04-03;0.6122;0.72;0.61;0.72;1.12176E7
2009-04-06;0.7193;1.36;0.67;0.97;6.05836E7
2009-04-07;1.04;1.25;0.97;1.05;3.3157E7
2009-04-08;1.12;1.15;0.82;0.85;2.09568E7
2009-04-09;0.95;0.98;0.88;0.95;1.43981E7
2009-04-13;0.94;1.18;0.94;1.05;2.09886E7
2009-04-14;1.05;1.13;0.96;1.04;1.04173E7
2009-04-15;1.04;1.08;0.96;1.05;1.04549E7
2009-04-16;1.05;1.05;1.05;1.05;0.0
2009-04-17;0.68;0.86;0.5;0.615;1.03482096E8
2009-04-20;0.62;0.71;0.53;0.535;2.4417E7
2009-04-21;0.505;0.58;0.48;0.55;1.82299E7
2009-04-22;0.55;0.62;0.49;0.575;6951500.0
2009-04-23;0.585;0.59;0.54;0.54;5729500.0
2009-04-24;0.55;0.63;0.53;0.62;6044600.0
2009-04-27;0.615;0.72;0.59;0.63;5939300.0
2009-04-28;0.64;0.645;0.6;0.635;2453200.0
2009-04-29;0.625;0.69;0.62;0.645;2780300.0
2009-04-30;0.65;0.67;0.59;0.63;3598200.0
2009-05-01;0.615;0.63;0.56;0.62;2684500.0
2009-05-04;0.62;0.91;0.61;0.815;1.3009E7
2009-05-05;0.84;1.05;0.84;0.98;1.23519E7
2009-05-06;1.0;1.09;0.881;0.91;8552400.0
2009-05-07;0.95;0.975;0.825;0.935;1.03287E7
2009-05-08;0.945;0.95;0.865;0.935;5085600.0
2009-05-11;0.98;1.2;0.97;1.2;9889200.0
2009-05-12;1.22;1.48;1.11;1.22;1.21557E7
2009-05-13;1.25;1.25;1.02;1.1;3816600.0
2009-05-14;1.12;1.2;1.03;1.045;4587500.0
2009-05-15;1.04;1.16;1.01;1.04;4766800.0
2009-05-18;1.025;1.07;0.98;1.02;1901600.0
2009-05-19;1.01;1.05;0.97;1.02;1530700.0
2009-05-20;1.02;1.16;1.02;1.16;4001500.0
2009-05-21;1.15;1.2;1.1;1.17;2257300.0
2009-05-22;1.17;1.19;1.15;1.17;1589200.0
2009-05-26;1.15;1.22;1.13;1.19;3448400.0
2009-05-27;1.13;1.32;1.13;1.31;4867000.0
2009-05-28;1.42;1.96;1.0;1.8;2.54526E7
2009-05-29;1.89;2.42;1.89;2.02;1.87797E7
2009-06-01;2.405;2.56;2.16;2.43;1.55782E7
2009-06-02;2.5;2.5;2.29;2.42;9180600.0
2009-06-03;2.37;2.42;2.12;2.37;9935300.0
2009-06-04;2.36;2.89;2.3;2.73;1.14368E7
2009-06-05;2.94;3.05;2.82;2.9;1.18351E7
2009-06-08;2.99;2.99;2.62;2.83;5957600.0
2009-06-09;2.85;2.86;2.65;2.7;3602600.0
2009-06-10;2.75;2.75;2.35;2.46;7066400.0
2009-06-11;2.42;2.5;2.22;2.32;3593400.0
2009-06-12;2.18;2.25;1.9;2.07;8045000.0
2009-06-15;2.01;2.4;1.89;2.31;3193000.0
2009-06-16;2.43;2.46;2.24;2.36;2756300.0
2009-06-17;2.31;2.34;2.11;2.17;3690700.0
2009-06-18;2.14;2.16;2.0;2.04;4221700.0
2009-06-19;2.03;2.19;2.03;2.07;1605700.0
2009-06-22;2.08;2.1;1.77;1.85;4904600.0
2009-06-23;1.86;1.96;1.64;1.7;3852900.0
2009-06-24;1.72;1.9;1.69;1.82;3283300.0
2009-06-25;1.81;1.94;1.75;1.88;679300.0
2009-06-26;1.88;2.05;1.86;2.04;1003800.0
2009-06-29;2.03;2.05;1.83;1.84;2523000.0
2009-06-30;1.9;1.92;1.78;1.83;1297700.0
2009-07-01;1.83;2.04;1.79;1.82;2432100.0
2009-07-02;1.76;1.96;1.76;1.95;1445800.0
2009-07-06;1.91;2.03;1.84;1.85;2932000.0
2009-07-07;1.92;1.92;1.77;1.8;1570400.0
2009-07-08;1.77;1.81;1.52;1.59;5195000.0
2009-07-09;1.55;1.56;1.33;1.39;5941200.0
2009-07-10;1.4;1.49;1.33;1.4;2136400.0
2009-07-13;1.38;1.68;1.38;1.6;1940800.0
2009-07-14;1.605;1.67;1.55;1.64;3469800.0
2009-07-15;1.65;1.76;1.57;1.67;3165600.0
2009-07-16;1.63;1.725;1.6;1.69;1791500.0
2009-07-17;1.69;1.83;1.62;1.72;4479100.0
2009-07-20;1.79;1.8;1.71;1.73;2977300.0
2009-07-21;1.7;1.73;1.62;1.7;1548000.0
2009-07-22;1.7;1.7;1.52;1.67;3206200.0
2009-07-23;1.69;1.83;1.58;1.77;2127600.0
2009-07-24;1.795;1.89;1.76;1.86;2187800.0
2009-07-27;1.88;1.88;1.76;1.78;2064700.0
2009-07-28;1.75;1.82;1.73;1.78;709100.0
2009-07-29;1.79;2.05;1.77;2.02;7591000.0
2009-07-30;2.02;2.19;2.0;2.07;3154200.0
2009-07-31;2.1;2.1;2.0;2.02;1862600.0
2009-08-03;2.0;2.05;1.95;1.95;2583600.0
2009-08-04;1.95;2.02;1.86;2.02;2552000.0
2009-08-05;2.02;2.6;2.02;2.47;8867400.0
2009-08-06;2.47;2.75;2.09;2.14;8990000.0
2009-08-07;2.22;2.51;2.2;2.45;7724100.0
2009-08-10;2.47;2.76;2.47;2.64;4493500.0
2009-08-11;2.7;2.8;2.6;2.8;3425600.0
2009-08-12;2.95;3.35;2.94;3.12;1.34861E7
2009-08-13;3.16;3.19;2.84;2.99;4894600.0
2009-08-14;2.89;2.95;2.85;2.92;1455000.0
2009-08-17;2.82;2.83;2.62;2.8;2811000.0
2009-08-18;2.77;2.85;2.7;2.7;1173600.0
2009-08-19;2.7;2.74;2.52;2.62;2165800.0
2009-08-20;2.63;2.73;2.55;2.61;1304000.0
2009-08-21;2.66;3.08;2.63;2.95;6818400.0
2009-08-24;3.0;3.0;2.81;2.82;3639900.0
2009-08-25;2.81;2.88;2.7;2.74;1804200.0
2009-08-26;2.74;2.74;2.62;2.66;1463300.0
2009-08-27;2.68;2.82;2.66;2.75;1204400.0
2009-08-28;2.71;2.79;2.67;2.69;2020900.0
2009-08-31;2.69;2.8;2.6;2.61;1760400.0
2009-09-01;2.62;2.62;2.45;2.47;3969400.0
2009-09-02;2.45;2.48;2.4;2.4;1815300.0
2009-09-03;2.4;2.64;2.4;2.59;1173400.0
2009-09-04;2.59;2.64;2.55;2.6;1269800.0
2009-09-08;2.69;2.7;2.54;2.7;1328200.0
2009-09-09;2.69;3.0;2.69;2.82;5756600.0
2009-09-10;2.89;3.04;2.85;2.97;7532400.0
2009-09-11;2.97;3.49;2.97;3.48;6442400.0
2009-09-14;3.5;3.6;3.42;3.5;4492800.0
2009-09-15;3.5;3.99;3.49;3.69;8469400.0
2009-09-16;3.77;4.7;3.76;4.59;1.08711E7
2009-09-17;4.56;4.95;4.2;4.22;9058400.0
2009-09-18;4.23;4.45;3.8;4.2;4054500.0
2009-09-21;4.2;4.55;3.99;4.37;2525000.0
2009-09-22;4.44;4.49;4.21;4.31;2527400.0
2009-09-23;4.29;4.37;4.05;4.06;3205200.0
2009-09-24;4.1;4.12;3.75;3.86;5781700.0
2009-09-25;3.87;3.98;3.74;3.77;2656700.0
2009-09-28;3.85;4.25;3.85;4.25;2549700.0
2009-09-29;4.24;4.58;4.2;4.46;2714600.0
2009-09-30;4.51;4.93;4.3;4.85;4241800.0
2009-10-01;4.75;4.85;4.55;4.65;3366100.0
2009-10-02;4.49;4.6;4.3;4.38;2947400.0
2009-10-05;4.44;4.8;4.4;4.69;3757200.0
2009-10-06;4.77;4.8;4.67;4.76;1798200.0
2009-10-07;4.77;5.04;4.69;4.835;3699400.0
2009-10-08;4.93;5.13;4.87;5.09;3224100.0
2009-10-09;5.03;5.28;5.03;5.15;1775500.0
2009-10-12;5.15;5.18;4.92;5.08;1274400.0
2009-10-13;5.07;5.1;4.84;4.86;1519200.0
2009-10-14;4.88;5.1;4.71;4.73;2911800.0
2009-10-15;4.74;4.97;4.7;4.96;848300.0
2009-10-16;4.95;5.07;4.83;5.06;1409300.0
2009-10-19;5.05;5.17;4.92;5.15;1266300.0
2009-10-20;5.15;5.33;5.05;5.241;2204100.0
2009-10-21;5.22;5.4;5.22;5.25;1618300.0
2009-10-22;5.28;5.3;5.16;5.24;2149700.0
2009-10-23;5.25;5.26;5.19;5.19;2099200.0
2009-10-26;5.18;5.48;5.05;5.07;2082500.0
2009-10-27;5.1;5.15;4.77;4.92;2280100.0
2009-10-28;4.9;4.95;3.95;4.23;9264600.0
2009-10-29;4.24;4.45;4.22;4.38;2322100.0
2009-10-30;4.4;4.42;4.03;4.08;2403100.0
2009-11-02;4.1;4.16;3.75;3.85;2947300.0
2009-11-03;3.82;4.3;3.57;3.8;4239000.0
2009-11-04;3.9;4.33;3.85;4.1;1889300.0
2009-11-05;4.2;4.3;4.1;4.15;1118700.0
2009-11-06;4.03;4.12;3.86;3.99;2337900.0
2009-11-09;4.02;4.2;3.99;4.17;2349500.0
2009-11-10;4.17;4.2;4.0;4.06;1489700.0
2009-11-11;4.1;4.11;4.04;4.09;811300.0
2009-11-12;4.05;4.08;3.93;4.0;932200.0
2009-11-13;3.98;4.18;3.94;4.13;1074100.0
2009-11-16;4.14;4.55;4.12;4.53;2322900.0
2009-11-17;4.49;4.5;4.27;4.27;1203400.0
2009-11-18;4.97;6.19;4.9;5.82;2.46503E7
2009-11-19;5.78;6.94;5.3;6.79;1.62991E7
2009-11-20;6.79;7.1;6.45;6.58;6174600.0
2009-11-23;6.51;7.0;6.49;6.85;3150600.0
2009-11-24;6.85;7.01;6.75;6.81;4029000.0
2009-11-25;6.14;6.35;5.92;6.27;2810600.0
2009-11-27;6.14;6.35;5.92;6.27;1275900.0
2009-11-30;6.32;6.52;6.32;6.52;1689100.0
2009-12-01;6.72;7.0;6.6;6.9;2082000.0
2009-12-02;6.94;6.99;6.74;6.95;1835700.0
2009-12-03;7.03;8.06;7.01;7.98;6796400.0
2009-12-04;9.54;10.02;8.99;9.8;1.20824E7
2009-12-07;9.75;9.8;9.25;9.44;3320800.0
2009-12-08;9.25;10.3;9.11;9.8;3815900.0
2009-12-09;9.85;11.03;9.85;10.69;8270500.0
2009-12-10;11.0;11.62;10.85;11.58;7606400.0
2009-12-11;11.66;12.03;9.99;10.67;7856200.0
2009-12-14;10.65;10.89;10.0;10.8;2219300.0
2009-12-15;10.61;10.61;9.7;9.83;4836700.0
2009-12-16;9.4;9.41;7.0;8.81;1.74769E7
2009-12-17;8.64;10.01;8.3;9.58;4209800.0
2009-12-18;9.76;9.98;8.8;9.4;2862000.0
2009-12-21;9.25;9.67;8.88;9.15;2078700.0
2009-12-22;8.86;11.14;8.83;10.95;1.75023E7
2009-12-23;11.05;12.24;11.05;11.93;6117300.0
2009-12-24;11.96;12.75;11.96;12.45;2542000.0
2009-12-28;12.48;13.24;12.45;13.0;4181400.0
2009-12-29;13.09;13.15;10.95;12.41;4839900.0
2009-12-30;12.0;12.05;11.15;11.55;1.31836E7
2009-12-31;11.63;12.1;11.55;11.56;2138500.0
2010-01-04;11.72;11.94;11.21;11.5;2997000.0
2010-01-05;11.56;12.2;11.56;12.15;2315000.0
2010-01-06;11.98;12.1;11.79;12.04;4165100.0
2010-01-07;12.02;13.0;11.8;12.19;5030100.0
2010-01-08;12.17;12.95;11.87;12.35;2199300.0
2010-01-11;12.35;12.35;11.62;12.08;2168300.0
2010-01-12;12.02;12.1;11.15;11.21;3865300.0
2010-01-13;11.2;11.2;10.5;10.96;4088100.0
2010-01-14;10.97;11.75;10.6;10.8;2885100.0
2010-01-15;10.9;11.1;10.6;10.98;1566800.0
2010-01-19;10.99;11.5;10.95;10.95;1493900.0
2010-01-20;11.0;11.45;10.9;11.0;1570400.0
2010-01-21;11.07;11.78;10.8;10.9;4143100.0
2010-01-22;10.81;11.07;10.18;10.3;4851200.0
2010-01-25;10.27;10.6;9.8;10.24;2718300.0
2010-01-26;10.33;10.68;9.76;9.9;1951300.0
2010-01-27;9.85;10.04;9.65;9.82;1205300.0
2010-01-28;9.91;9.95;9.58;9.65;1945600.0
2010-01-29;9.64;9.75;9.26;9.3;2271600.0
2010-02-01;9.24;9.24;8.58;8.94;4935900.0
2010-02-02;9.05;9.56;9.0;9.5;1812900.0
2010-02-03;9.52;9.98;9.5;9.96;1015100.0
2010-02-04;9.97;9.97;9.0;9.08;2919200.0
2010-02-05;9.08;9.3;8.81;9.0;3234400.0
2010-02-08;8.95;9.09;8.82;8.94;584000.0
2010-02-09;9.05;9.2;8.83;9.16;796900.0
2010-02-10;9.24;9.25;8.95;9.14;688800.0
2010-02-11;9.02;9.22;8.96;9.07;822000.0
2010-02-12;9.05;9.47;9.05;9.4;1363400.0
2010-02-16;10.83;12.03;10.8;12.02;2.08187E7
2010-02-17;12.03;13.24;12.0;12.92;1.53047E7
2010-02-18;12.74;12.9;12.24;12.69;9900400.0
2010-02-19;12.9;12.92;12.55;12.74;4391600.0
2010-02-22;12.66;12.88;12.63;12.76;5127100.0
2010-02-23;13.15;13.6;12.89;12.97;1.37236E7
2010-02-24;12.92;13.86;12.8;12.89;3.62164E7
2010-02-25;13.0;13.25;12.77;13.04;5676300.0
2010-02-26;13.12;13.25;12.96;13.11;3851400.0
2010-03-01;13.06;13.33;12.94;13.05;3026700.0
2010-03-02;13.14;13.25;12.95;13.21;2894100.0
2010-03-03;13.215;13.68;13.16;13.49;3235900.0
2010-03-04;13.61;13.72;13.26;13.69;3524600.0
2010-03-05;13.7;14.4;13.5;14.01;4676500.0
2010-03-08;14.18;14.36;13.91;14.08;1932000.0
2010-03-09;14.64;15.0;14.35;14.55;1.32917E7
2010-03-10;14.84;15.0;14.34;14.4;8528900.0
2010-03-11;14.74;14.74;14.37;14.63;2768300.0
2010-03-12;14.61;14.75;14.52;14.75;1668800.0
2010-03-15;14.75;14.8;14.4;14.75;3111400.0
2010-03-16;14.61;15.55;14.56;15.1;5479100.0
2010-03-17;15.48;16.2;14.99;15.84;1.42839E7
2010-03-18;16.14;16.64;15.85;16.44;8499000.0
2010-03-19;16.59;16.78;16.19;16.75;4138800.0
2010-03-22;16.52;16.95;16.5;16.8;2669500.0
2010-03-23;17.28;17.28;15.75;16.15;8782200.0
2010-03-24;16.08;16.4499;15.75;15.88;3021100.0
2010-03-25;16.14;16.26;16.0;16.18;2882600.0
2010-03-26;16.23;16.5;16.07;16.49;2155100.0
2010-03-29;16.5;16.73;16.46;16.73;1405900.0
2010-03-30;16.52;16.7;16.17;16.22;1472100.0
2010-03-31;16.18;16.42;16.01;16.09;1478300.0
2010-04-01;16.01;16.2;14.0;15.95;2671400.0
2010-04-05;15.68;16.355;15.68;16.21;1923600.0
2010-04-06;16.01;16.38;15.97;16.27;1094900.0
2010-04-07;16.27;16.36;15.99;16.16;1267800.0
2010-04-08;16.13;16.47;16.1;16.4;842000.0
2010-04-09;16.36;16.75;16.35;16.73;1977700.0
2010-04-12;16.24;16.42;15.61;16.13;7406400.0
2010-04-13;16.14;16.2;15.83;16.15;2979100.0
2010-04-14;16.09;16.38;15.95;16.38;4780800.0
2010-04-15;16.32;16.32;15.91;16.01;3501800.0
2010-04-16;15.9;16.0101;14.4;15.38;5681400.0
2010-04-19;15.04;15.47;14.99;15.1;3778600.0
2010-04-20;15.24;15.42;14.65;15.18;2761800.0
2010-04-21;15.07;15.74;15.0;15.42;1918500.0
2010-04-22;15.72;15.84;15.29;15.39;1604400.0
2010-04-23;15.4;15.55;15.22;15.5;1755800.0
2010-04-26;15.43;15.8;15.3;15.71;1930100.0
2010-04-27;15.8;15.95;15.41;15.68;2006700.0
2010-04-28;15.74;15.84;15.51;15.72;1485100.0
2010-04-29;15.61;15.97;15.56;15.94;1741600.0
2010-04-30;15.89;16.11;15.55;15.7;1213800.0
2010-05-03;15.8;18.15;15.51;16.78;8351800.0
2010-05-04;16.82;16.84;16.26;16.5;3079700.0
2010-05-05;16.3;16.74;16.06;16.57;2548300.0
2010-05-06;16.51;16.5999;15.3;15.84;3973600.0
2010-05-07;16.41;16.41;13.86;14.07;2.12433E7
2010-05-10;14.82;15.13;14.54;14.77;5335000.0
2010-05-11;14.6;14.97;14.37;14.93;2575200.0
2010-05-12;14.78;15.01;14.66;14.96;2609800.0
2010-05-13;14.84;15.22;14.7;15.0;2057600.0
2010-05-14;14.99;15.0;14.34;14.5;3240400.0
2010-05-17;14.43;14.8;14.24;14.25;3033200.0
2010-05-18;14.58;14.58;13.81;13.88;2767100.0
2010-05-19;13.87;13.88;12.8;13.42;5850000.0
2010-05-20;12.8;13.2;12.42;12.75;6871000.0
2010-05-21;12.49;13.4;12.31;13.12;5384400.0
2010-05-24;13.5;13.5;12.95;13.18;2656900.0
2010-05-25;12.55;13.12;12.55;13.04;3175300.0
2010-05-26;13.12;13.65;13.09;13.19;2463500.0
2010-05-27;13.74;14.1;13.64;14.1;2971100.0
2010-05-28;14.1;14.45;13.92;14.02;1675400.0
2010-06-01;13.75;14.38;13.69;13.98;1422500.0
2010-06-02;14.02;14.28;13.72;14.1;1086400.0
2010-06-03;14.05;14.34;13.93;14.16;1475200.0
2010-06-04;13.84;14.08;13.53;13.68;2989100.0
2010-06-07;13.7;13.88;13.16;13.25;1780300.0
2010-06-08;13.24;13.569;12.72;13.23;3664700.0
2010-06-09;13.21;13.75;13.03;13.17;1720500.0
2010-06-10;13.3;13.5;13.07;13.5;1791700.0
2010-06-11;13.19;13.73;13.18;13.65;1837400.0
2010-06-14;13.71;14.27;13.65;13.97;2784600.0
2010-06-15;14.05;14.3;13.92;14.24;1724100.0
2010-06-16;14.2;14.35;14.12;14.32;1964700.0
2010-06-17;14.45;14.61;14.07;14.61;3185000.0
2010-06-18;14.63;14.7;14.37;14.63;2680800.0
2010-06-21;14.74;14.85;14.47;14.57;1740500.0
2010-06-22;14.5;14.66;14.16;14.24;2465500.0
2010-06-23;14.27;14.43;14.01;14.38;1446300.0
2010-06-24;14.38;14.4;14.06;14.11;2909600.0
2010-06-25;14.12;14.45;13.89;14.24;2.06411E7
2010-06-28;14.21;14.28;13.99;14.03;1631700.0
2010-06-29;13.81;13.8289;13.3;13.48;3440600.0
2010-06-30;13.32;13.62;13.16;13.26;3570000.0
2010-07-01;13.23;13.26;12.53;12.93;4727200.0
2010-07-02;12.97;13.05;12.71;12.75;1986000.0
2010-07-06;12.84;13.05;12.23;12.36;3543000.0
2010-07-07;12.33;13.22;12.33;13.22;2645900.0
2010-07-08;13.27;13.5;12.93;13.42;2245300.0
2010-07-09;13.38;13.89;13.27;13.75;1410000.0
2010-07-12;13.74;13.84;13.57;13.71;1142800.0
2010-07-13;13.89;14.25;13.85;13.95;2008200.0
2010-07-14;13.91;14.15;13.75;14.09;2407200.0
2010-07-15;14.16;14.16;13.52;13.77;2921800.0
2010-07-16;13.61;13.7201;13.16;13.23;2071000.0
2010-07-19;13.22;13.48;12.98;13.42;1298200.0
2010-07-20;13.22;13.65;13.07;13.57;1526000.0
2010-07-21;13.69;13.72;13.21;13.39;1580500.0
2010-07-22;13.62;13.9;13.54;13.7;2055000.0
2010-07-23;13.7;13.78;13.42;13.76;1575600.0
2010-07-26;13.76;13.93;13.66;13.91;2169500.0
2010-07-27;13.94;14.01;13.75;13.83;2243500.0
2010-07-28;13.77;13.96;13.67;13.86;2104700.0
2010-07-29;13.99;13.99;13.81;13.88;1261600.0
2010-07-30;13.75;13.96;13.75;13.92;1681100.0
2010-08-02;13.97;14.24;13.887;14.21;2623500.0
2010-08-03;14.12;14.2;13.93;14.02;1439100.0
2010-08-04;14.0;14.28;13.99;14.27;1845000.0
2010-08-05;14.14;14.35;14.06;14.29;1481100.0
2010-08-06;14.12;14.27;13.99;14.23;1179600.0
2010-08-09;14.25;14.4;14.25;14.4;1132600.0
2010-08-10;14.17;14.36;13.8;14.22;1734600.0
2010-08-11;13.93;14.02;13.72;13.74;2163300.0
2010-08-12;13.54;13.72;13.46;13.47;1712900.0
2010-08-13;13.45;13.69;13.45;13.5;1274800.0
2010-08-16;13.42;13.75;13.42;13.56;990400.0
2010-08-17;13.75;14.14;13.68;14.07;2780200.0
2010-08-18;14.11;14.33;14.0;14.32;1824400.0
2010-08-19;14.2;14.35;14.02;14.13;2443200.0
2010-08-20;14.15;14.18;13.84;13.96;1279600.0
2010-08-23;13.98;14.17;13.88;13.9;1611000.0
2010-08-24;13.63;13.89;13.59;13.79;1436300.0
2010-08-25;13.61;14.01;13.54;13.87;2734500.0
2010-08-26;13.99;14.05;13.73;13.74;2030100.0
2010-08-27;13.8;13.95;13.6;13.93;2302400.0
2010-08-30;13.8;14.02;13.61;13.64;1940300.0
2010-08-31;13.72;14.16;13.72;14.07;2942800.0
2010-09-01;14.25;14.5;14.21;14.44;2313300.0
2010-09-02;14.46;14.82;14.4;14.8;2196400.0
2010-09-03;14.85;14.98;14.48;14.74;2273500.0
2010-09-07;14.6;14.94;14.56;14.72;2894900.0
2010-09-08;14.74;14.94;14.57;14.76;1558700.0
2010-09-09;14.95;14.95;14.5;14.58;892800.0
2010-09-10;14.71;14.83;14.54;14.66;805000.0
2010-09-13;14.81;15.6;14.68;15.39;3226700.0
2010-09-14;15.3;15.455;14.92;15.35;2281100.0
2010-09-15;15.25;15.52;15.09;15.4;2513500.0
2010-09-16;15.4;15.44;15.1;15.11;1086600.0
2010-09-17;15.17;15.32;15.03;15.08;5699600.0
2010-09-20;15.35;15.69;15.19;15.62;5257900.0
2010-09-21;15.6;15.75;15.31;15.31;1198000.0
2010-09-22;15.24;15.59;15.24;15.3;1119200.0
2010-09-23;15.21;15.41;15.05;15.09;1554000.0
2010-09-24;15.31;15.6;15.25;15.54;1064100.0
2010-09-27;15.58;15.6;15.38;15.51;921500.0
2010-09-28;15.49;15.62;15.3;15.56;1370700.0
2010-09-29;15.47;15.75;15.47;15.67;1219500.0
2010-09-30;15.75;15.79;15.59;15.6;1343600.0
2010-10-01;15.69;15.73;15.255;15.58;1933400.0
2010-10-04;15.54;15.99;15.52;15.94;1626400.0
2010-10-05;16.04;16.41;15.8572;16.04;2567800.0
2010-10-06;16.04;16.12;15.94;16.05;1407300.0
2010-10-07;16.06;16.12;15.68;15.78;1200600.0
2010-10-08;15.67;16.285;15.6205;15.8;2083000.0
2010-10-11;15.86;15.86;15.68;15.72;920500.0
2010-10-12;15.73;15.91;15.71;15.8;1784300.0
2010-10-13;15.96;16.0801;15.76;15.9;2024600.0
2010-10-14;15.93;16.25;15.8;16.13;1784500.0
2010-10-15;16.07;16.62;16.03;16.12;2592200.0
2010-10-18;16.24;16.55;16.15;16.48;1769700.0
2010-10-19;16.3;16.48;16.24;16.42;2113900.0
2010-10-20;16.44;17.41;16.44;17.36;4270700.0
2010-10-21;17.58;17.7;16.84;16.93;4281100.0
2010-10-22;16.8801;17.1;16.52;16.99;4771300.0
2010-10-25;17.17;17.25;16.92;17.06;2388900.0
2010-10-26;16.96;17.0399;16.83;16.94;1427700.0
2010-10-27;16.81;16.9299;16.42;16.57;2.0286E7
2010-10-28;16.7;16.77;16.39;16.49;1478700.0
2010-10-29;16.4;16.99;16.25;16.8;1.85445E7
2010-11-01;16.75;17.1;16.74;16.97;2323600.0
2010-11-02;17.1;17.15;16.9;17.08;2059000.0
2010-11-03;17.06;17.27;16.92;17.19;2581100.0
2010-11-04;17.43;17.52;17.29;17.48;3637400.0
2010-11-05;17.49;17.765;17.2;17.75;3861300.0
2010-11-08;17.75;18.27;17.67;17.8;3668000.0
2010-11-09;17.8;17.99;16.95;17.39;4474600.0
2010-11-10;14.46;14.85;14.3;14.73;7999900.0
2010-11-11;14.6;16.05;14.53;15.44;1.02394E7
2010-11-12;15.65;16.08;15.39;15.4;6638500.0
2010-11-15;15.28;15.73;15.0;15.4;6167800.0
2010-11-16;15.2;15.3;14.15;14.31;6.1063E7
2010-11-17;14.41;14.84;14.39;14.64;1.65402E7
2010-11-18;14.83;14.85;14.54;14.68;1.19774E7
2010-11-19;14.72;15.23;14.47;15.1;2.68241E7
2010-11-22;15.05;15.59;15.02;15.5;6420700.0
2010-11-23;15.24;15.56;15.12;15.45;8659900.0
2010-11-24;15.68;15.84;15.35;15.8;6134000.0
2010-11-26;16.04;16.4;15.66;16.28;7790000.0
2010-11-29;16.44;16.5;15.49;16.1;1.34532E7
2010-11-30;16.0;16.24;15.77;16.19;6.28087E7
2010-12-01;16.06;16.18;15.73;15.95;1.06378E7
2010-12-02;15.96;16.0;15.615;15.8;6710900.0
2010-12-03;15.85;16.09;15.715;15.94;3997100.0
2010-12-06;15.91;16.15;15.85;16.07;4931800.0
2010-12-07;16.18;16.3;15.72;15.79;4479300.0
2010-12-08;15.85;15.93;15.11;15.26;4805300.0
2010-12-09;15.51;15.5323;14.81;14.91;5483300.0
2010-12-10;14.96;15.31;14.87;15.14;5336800.0
2010-12-13;15.22;15.44;15.1;15.27;5292400.0
2010-12-14;15.2;15.64;14.96;15.03;8256300.0
2010-12-15;15.01;15.465;14.95;15.01;6420400.0
2010-12-16;14.98;15.34;14.68;15.12;7473300.0
2010-12-17;15.23;15.87;15.15;15.6;4.17923E7
2010-12-20;15.6;15.8;15.32;15.7;6457200.0
2010-12-21;15.85;15.97;15.71;15.96;5236500.0
2010-12-22;15.98;16.09;15.55;15.78;4657300.0
2010-12-23;15.81;15.95;15.37;15.49;2169300.0
2010-12-27;15.46;15.54;15.26;15.48;2103400.0
2010-12-28;15.1;15.4;15.0;15.25;2629000.0
2010-12-29;15.29;15.55;15.27;15.49;2696900.0
2010-12-30;15.49;15.74;15.49;15.7;2100400.0
2010-12-31;15.61;15.75;15.39;15.48;3208700.0
2011-01-03;15.6;15.83;15.47;15.73;4348200.0
2011-01-04;15.66;15.75;15.29;15.33;5513500.0
2011-01-05;15.21;15.44;15.04;15.41;5129800.0
2011-01-06;15.34;15.36;14.88;14.93;7885500.0
2011-01-07;14.92;15.05;14.64;15.02;5335400.0
2011-01-10;14.65;15.01;14.63;14.99;6787600.0
2011-01-11;15.06;15.06;14.54;14.74;7546700.0
2011-01-12;14.88;15.01;14.69;14.8;5261300.0
2011-01-13;14.76;14.94;14.6025;14.81;4122400.0
2011-01-14;14.74;15.14;14.66;15.1;4839900.0
2011-01-18;15.1;15.12;14.72;14.84;6092800.0
2011-01-19;14.8;14.82;14.42;14.5;4782100.0
2011-01-20;14.43;14.695;14.3;14.43;5673300.0
2011-01-21;14.45;14.5;14.26;14.35;4347700.0
2011-01-24;14.45;14.67;14.4;14.67;5985200.0
2011-01-25;14.6;14.85;14.54;14.85;6479900.0
2011-01-26;14.86;14.9;14.66;14.88;4927800.0
2011-01-27;14.83;15.25;14.75;15.0;5617600.0
2011-01-28;15.07;15.07;14.41;14.57;5072100.0
2011-01-31;14.59;14.87;14.59;14.81;5328500.0
2011-02-01;14.91;14.99;14.545;14.93;2.26815E7
2011-02-02;14.86;14.985;14.76;14.84;4270400.0
2011-02-03;14.77;14.98;14.65;14.93;3728900.0
2011-02-04;14.95;15.09;14.81;14.96;4689400.0
2011-02-07;14.99;15.24;14.95;15.2;5616000.0
2011-02-08;15.2;15.33;15.01;15.28;4781600.0
2011-02-09;15.21;15.33;15.11;15.3;3188000.0
2011-02-10;15.2;15.39;15.16;15.37;2447200.0
2011-02-11;15.35;15.455;15.2;15.45;3129300.0
2011-02-14;15.47;15.5;15.29;15.45;2531000.0
2011-02-15;15.47;15.5;15.27;15.38;3578300.0
2011-02-16;15.5;15.83;15.38;15.76;5065900.0
2011-02-17;15.7;15.82;15.61;15.81;3002500.0
2011-02-18;15.74;15.82;15.58;15.76;3558300.0
2011-02-22;15.65;15.72;15.37;15.52;3259200.0
2011-02-23;15.49;15.55;15.26;15.38;5381500.0
2011-02-24;15.3;15.41;15.03;15.21;4530700.0
2011-02-25;15.35;15.58;15.22;15.58;5322300.0
2011-02-28;15.53;15.93;15.49;15.92;5138300.0
2011-03-01;16.13;16.24;15.425;15.53;6352700.0
2011-03-02;15.45;15.57;15.03;15.08;4648400.0
2011-03-03;15.28;15.45;15.18;15.28;7221900.0
2011-03-04;15.49;15.49;15.09;15.13;3897100.0
2011-03-07;15.19;15.4;14.94;14.98;4578900.0
2011-03-08;14.99;15.37;14.91;15.23;4923300.0
2011-03-09;15.24;15.26;14.88;14.92;4575100.0
2011-03-10;14.87;15.03;14.54;14.68;5956700.0
2011-03-11;14.68;14.94;14.5;14.88;3124200.0
2011-03-14;14.71;14.83;14.24;14.57;3948100.0
2011-03-15;14.18;14.9;14.13;14.8;3783800.0
2011-03-16;14.72;14.87;14.42;14.58;4238300.0
2011-03-17;14.74;14.8;14.57;14.8;3103100.0
2011-03-18;14.92;15.25;14.78;15.2;2.26722E7
2011-03-21;15.35;15.5;15.14;15.48;4991100.0
2011-03-22;15.52;15.52;15.34;15.48;3969600.0
2011-03-23;15.38;15.45;15.14;15.15;5348300.0
2011-03-24;15.18;15.35;15.03;15.16;4075200.0
2011-03-25;15.23;15.31;15.13;15.14;1852300.0
2011-03-28;15.14;15.25;15.12;15.18;1248000.0
2011-03-29;15.2;15.25;14.97;15.0;2165300.0
2011-03-30;15.08;15.27;14.97;15.25;2398800.0
2011-03-31;15.16;15.58;15.06;15.48;6307700.0
2011-04-01;15.52;15.66;15.42;15.47;3220700.0
2011-04-04;15.56;15.57;15.36;15.42;2401300.0
2011-04-05;15.35;15.44;15.22;15.26;3071300.0
2011-04-06;15.37;15.37;15.24;15.31;1916500.0
2011-04-07;15.22;15.3;15.06;15.07;3429300.0
2011-04-08;15.11;15.13;14.94;15.01;2846900.0
2011-04-11;14.99;15.17;14.88;14.94;1853100.0
2011-04-12;14.88;15.0;14.81;14.92;1615500.0
2011-04-13;14.94;15.06;14.85;15.0;3629600.0
2011-04-14;14.97;15.47;14.93;15.45;7894200.0
2011-04-15;15.41;15.55;15.37;15.44;5807600.0
2011-04-18;15.23;15.35;15.04;15.29;3768900.0
2011-04-19;15.26;15.57;15.21;15.38;1971900.0
2011-04-20;15.46;15.64;15.37;15.63;3759000.0
2011-04-21;15.64;15.97;15.42;15.93;4015600.0
2011-04-25;15.95;16.1;15.8;15.94;4218800.0
2011-04-26;16.01;16.23;15.89;15.99;6482600.0
2011-04-27;15.93;16.41;15.8;16.35;5243900.0
2011-04-28;16.45;16.8;16.37;16.7;6768400.0
2011-04-29;16.78;16.78;16.55;16.7;3775400.0
2011-05-02;16.83;16.85;16.56;16.68;3683200.0
2011-05-03;16.55;16.73;16.21;16.35;3115500.0
2011-05-04;16.3;16.425;15.97;16.11;2.02529E7
2011-05-05;16.06;16.13;15.81;16.07;3952500.0
2011-05-06;16.14;16.2;15.82;15.92;5448800.0
2011-05-09;15.92;16.08;15.77;16.03;3410500.0
2011-05-10;16.08;16.52;15.99;16.35;7817400.0
2011-05-11;16.3;16.47;16.15;16.24;4400400.0
2011-05-12;16.1;16.51;16.0099;16.42;3954800.0
2011-05-13;16.49;16.49;16.0;16.12;3313600.0
2011-05-16;16.02;16.35;16.02;16.15;2165800.0
2011-05-17;16.14;16.15;15.93;16.05;4974200.0
2011-05-18;16.03;16.2;15.94;16.14;3725000.0
2011-05-19;16.15;16.37;16.08;16.34;7866000.0
2011-05-20;16.23;16.33;15.99;16.04;5979100.0
2011-05-23;15.77;16.1;15.73;15.91;6094600.0
2011-05-24;15.92;16.06;15.79;15.88;6474500.0
2011-05-25;15.84;16.35;15.68;16.15;7697100.0
2011-05-26;16.15;16.345;15.99;16.23;3455500.0
2011-05-27;16.33;16.37;16.16;16.3;3393700.0
2011-05-31;16.4;16.49;16.26;16.48;6370300.0
2011-06-01;16.37;16.42;16.07;16.09;6158200.0
2011-06-02;16.08;16.5;16.04;16.5;1.38092E7
2011-06-03;16.28;16.8;16.12;16.23;8726700.0
2011-06-06;16.23;16.4;15.93;16.04;6552800.0
2011-06-07;16.07;16.37;16.06;16.15;3951300.0
2011-06-08;16.1;16.25;16.0;16.18;4658500.0
2011-06-09;16.2;16.2;15.89;15.97;3965300.0
2011-06-10;15.91;15.91;15.52;15.54;5334800.0
2011-06-13;15.51;15.93;15.51;15.83;5317300.0
2011-06-14;16.0;16.0;15.83;15.95;5057900.0
2011-06-15;15.8;15.99;15.54;15.69;4296100.0
2011-06-16;15.67;15.98;15.67;15.94;4465000.0
2011-06-17;16.0;16.41;15.94;16.36;1.17765E7
2011-06-20;16.34;16.5;16.14;16.46;3801900.0
2011-06-21;16.45;16.56;16.25;16.46;4167500.0
2011-06-22;16.43;16.64;16.37;16.37;3848200.0
2011-06-23;16.14;16.28;15.89;16.21;4020400.0
2011-06-24;16.22;16.44;15.94;16.11;1.36575E7
2011-06-27;16.11;16.27;15.99;16.26;2457300.0
2011-06-28;16.29;16.67;16.29;16.49;3573200.0
2011-06-29;16.48;16.65;16.32;16.62;2697300.0
2011-06-30;16.66;16.8;16.51;16.69;3938400.0
2011-07-01;16.74;16.89;16.64;16.72;4200000.0
2011-07-05;16.77;16.99;16.655;16.95;3318400.0
2011-07-06;16.87;16.98;16.7;16.95;3146900.0
2011-07-07;17.0;17.41;16.95;17.36;4674400.0
2011-07-08;17.2;17.32;17.151;17.27;2937400.0
2011-07-11;17.01;17.18;16.76;16.79;2795100.0
2011-07-12;16.79;16.95;16.68;16.71;4112600.0
2011-07-13;16.74;16.74;16.4;16.48;4435200.0
2011-07-14;16.5;16.59;16.18;16.2;2727300.0
2011-07-15;16.21;16.48;16.21;16.44;1923400.0
2011-07-18;16.37;16.45;16.11;16.39;2231700.0
2011-07-19;16.44;16.81;16.42;16.8;3547900.0
2011-07-20;16.83;17.12;16.71;17.07;2164900.0
2011-07-21;17.13;17.43;17.09;17.3;2910100.0
2011-07-22;17.33;17.41;17.14;17.38;1803200.0
2011-07-25;17.15;17.31;17.03;17.19;2137300.0
2011-07-26;17.15;17.285;17.04;17.12;2044700.0
2011-07-27;17.06;17.08;16.66;16.66;3801600.0
2011-07-28;16.69;17.15;16.67;16.84;3923400.0
2011-07-29;16.67;16.87;16.4;16.81;2134800.0
2011-08-01;16.96;17.13;16.54;16.77;3866100.0
2011-08-02;15.96;16.53;15.25;15.32;1.38646E7
2011-08-03;15.5;15.61;14.95;15.49;7613800.0
2011-08-04;14.86;15.24;14.05;14.09;1.00688E7
2011-08-05;14.31;14.43;13.57;13.8;9840200.0
2011-08-08;13.31;13.345;11.74;11.75;1.01901E7
2011-08-09;12.16;13.75;12.09;13.59;1.3438E7
2011-08-10;13.34;14.54;13.28;13.48;1.39346E7
2011-08-11;13.58;14.6;13.44;14.32;6368700.0
2011-08-12;14.41;14.53;13.75;13.86;5887700.0
2011-08-15;14.03;14.45;14.0;14.44;3316900.0
2011-08-16;14.25;14.36;14.0445;14.28;3798400.0
2011-08-17;14.4;14.55;14.02;14.2;3062000.0
2011-08-18;13.72;13.8;12.98;13.19;6290600.0
2011-08-19;13.0;13.38;12.72;13.13;5820900.0
2011-08-22;13.53;13.6;13.0;13.21;4251700.0
2011-08-23;13.31;13.56;13.07;13.38;4681600.0
2011-08-24;13.34;13.6;12.96;13.28;3638800.0
2011-08-25;13.42;13.55;12.64;12.8;4141800.0
2011-08-26;12.74;13.35;12.5;13.04;5260600.0
2011-08-29;13.24;13.84;13.12;13.82;3709900.0
2011-08-30;13.73;13.77;13.36;13.6;2838500.0
2011-08-31;13.7;13.91;13.55;13.64;4649800.0
2011-09-01;13.7;13.73;13.27;13.32;4268200.0
2011-09-02;13.04;13.16;12.6;12.71;4776400.0
2011-09-06;12.29;12.62;12.03;12.48;3785300.0
2011-09-07;12.66;12.95;12.51;12.85;7862400.0
2011-09-08;12.92;12.96;12.61;12.61;3419300.0
2011-09-09;12.53;12.57;12.01;12.06;5352100.0
2011-09-12;11.99;12.31;11.85;12.28;4105800.0
2011-09-13;12.33;12.54;12.07;12.48;6578000.0
2011-09-14;12.7;12.89;12.41;12.81;5964400.0
2011-09-15;12.95;13.14;12.78;13.12;5516500.0
2011-09-16;13.07;13.12;12.63;12.71;9487300.0
2011-09-19;12.45;12.85;12.38;12.65;5534700.0
2011-09-20;12.69;13.1;12.61;13.04;5423500.0
2011-09-21;13.01;13.03;12.22;12.24;5291600.0
2011-09-22;11.92;12.24;11.64;11.9;5473000.0
2011-09-23;11.87;12.34;11.72;12.33;4452000.0
2011-09-26;12.42;12.53;12.14;12.49;4554900.0
2011-09-27;12.74;12.97;12.62;12.81;5017100.0
2011-09-28;12.89;12.92;12.41;12.41;5575900.0
2011-09-29;12.7;12.74;12.44;12.71;5341700.0
2011-09-30;12.56;12.77;12.08;12.1;6157200.0
2011-10-03;11.93;12.205;11.31;11.33;6615700.0
2011-10-04;11.15;11.54;10.68;11.47;1.02899E7
2011-10-05;11.48;11.55;10.98;11.44;4200000.0
2011-10-06;11.4;12.21;11.34;12.19;6901800.0
2011-10-07;12.2;12.375;11.85;11.85;5505800.0
2011-10-10;12.07;12.36;12.01;12.35;5172800.0
2011-10-11;12.27;12.4;12.12;12.26;4590200.0
2011-10-12;12.3;12.905;12.25;12.7;5404100.0
2011-10-13;12.62;12.84;12.37;12.7;4978000.0
2011-10-14;12.83;12.96;12.6;12.78;3322400.0
2011-10-17;12.66;12.69;12.32;12.39;3079400.0
2011-10-18;12.4;13.19;12.28;13.09;6494100.0
2011-10-19;13.14;13.18;12.79;12.95;4287400.0
2011-10-20;12.87;13.1;12.655;13.09;2510900.0
2011-10-21;13.24;13.62;13.24;13.48;4146000.0
2011-10-24;13.55;14.21;13.49;14.08;6335900.0
2011-10-25;14.02;14.08;13.71;13.93;7364400.0
2011-10-26;14.03;14.18;13.72;13.9;4522200.0
2011-10-27;14.47;14.65;14.12;14.45;6672000.0
2011-10-28;14.51;14.8;14.34;14.76;4047500.0
2011-10-31;14.5;14.84;14.295;14.7;4345900.0
2011-11-01;14.08;14.37;13.92;13.94;6134800.0
2011-11-02;14.19;14.51;14.01;14.48;4557900.0
2011-11-03;14.63;14.72;14.12;14.71;3661100.0
2011-11-04;14.52;14.59;14.25;14.55;2092800.0
2011-11-07;14.46;14.86;14.24;14.51;1870800.0
2011-11-08;14.55;14.88;14.11;14.83;4407600.0
2011-11-09;14.25;14.8;14.16;14.25;5998600.0
2011-11-10;14.38;14.59;14.06;14.14;4334100.0
2011-11-11;14.4;14.59;14.2;14.46;3112800.0
2011-11-14;14.38;14.49;14.15;14.25;2777500.0
2011-11-15;14.21;14.5;14.1;14.39;2381900.0
2011-11-16;14.26;14.5;14.13;14.13;2677900.0
2011-11-17;14.1;14.2025;13.53;13.68;4996700.0
2011-11-18;13.85;13.85;13.52;13.7;3464600.0
2011-11-21;13.23;13.45;13.18;13.29;4132000.0
2011-11-22;13.35;13.53;13.25;13.38;3540700.0
2011-11-23;13.245;13.33;12.82;12.82;2888400.0
2011-11-25;12.85;13.28;12.82;12.99;973200.0
2011-11-28;13.43;13.53;13.29;13.5;6476200.0
2011-11-29;13.53;13.67;13.44;13.54;5216900.0
2011-11-30;14.01;14.27;13.84;14.08;7669600.0
2011-12-01;13.97;14.06;13.69;13.95;4692500.0
2011-12-02;14.01;14.25;13.82;13.92;4233100.0
2011-12-05;14.13;14.55;13.92;14.25;5825500.0
2011-12-06;14.19;14.36;14.05;14.2;4434800.0
2011-12-07;14.1;14.35;13.93;14.29;3261300.0
2011-12-08;14.21;14.21;13.7304;13.87;4937300.0
2011-12-09;13.93;14.17;13.81;14.12;5014000.0
2011-12-12;13.94;14.03;13.66;14.0;5239700.0
2011-12-13;14.03;14.29;13.86;14.04;4831800.0
2011-12-14;13.91;14.21;13.79;14.05;4526300.0
2011-12-15;14.19;14.38;14.03;14.37;5862400.0
2011-12-16;14.45;14.68;14.33;14.52;1.12753E7
2011-12-19;14.11;14.56;14.03;14.35;4726900.0
2011-12-20;14.61;15.03;14.47;14.89;7374300.0
2011-12-21;14.89;14.93;14.73;14.85;4433600.0
2011-12-22;14.95;15.14;14.9;14.96;4483600.0
2011-12-23;15.11;15.11;14.77;15.0;1531400.0
2011-12-27;15.0;15.12;14.87;14.97;1492100.0
2011-12-28;14.94;14.9794;14.66;14.72;3080800.0
2011-12-29;14.79;14.96;14.6801;14.95;2651000.0
2011-12-30;14.88;15.19;14.85;15.02;4272000.0
2012-01-03;15.25;15.39;15.08;15.24;4455200.0
2012-01-04;14.99;15.09;14.795;14.88;3435500.0
2012-01-05;14.78;15.04;14.66;15.0;3284000.0
2012-01-06;15.0;15.01;14.705;14.81;3679100.0
2012-01-09;14.87;14.94;14.67;14.77;1313000.0
2012-01-10;14.9;15.08;14.8625;14.9;2067900.0
2012-01-11;14.83;15.07;14.79;14.97;1901300.0
2012-01-12;15.07;15.07;14.78;14.84;2994300.0
2012-01-13;14.5;14.77;14.49;14.75;685600.0
2012-01-17;14.82;15.11;14.82;15.06;4615800.0
2012-01-18;15.12;15.34;15.05;15.25;3729500.0
2012-01-19;15.25;15.37;15.055;15.09;4325100.0
2012-01-20;15.05;15.62;15.0;15.61;4647100.0
2012-01-23;15.5;15.56;15.25;15.37;3704300.0
2012-01-24;15.32;15.63;15.23;15.63;2113900.0
2012-01-25;15.59;15.97;15.5;15.81;2996200.0
2012-01-26;15.95;16.0;15.71;15.93;2977000.0
2012-01-27;15.9;16.02;15.755;15.96;2250000.0
2012-01-30;15.8;15.84;15.68;15.77;4008900.0
2012-01-31;15.82;15.9;15.68;15.78;4721400.0
2012-02-01;15.86;15.91;15.75;15.82;5881800.0
2012-02-02;15.87;16.095;15.78;16.05;5029700.0
2012-02-03;16.24;16.58;16.18;16.55;6169500.0
2012-02-06;16.49;16.6;16.35;16.57;2590700.0
2012-02-07;16.49;16.61;16.45;16.58;3287900.0
2012-02-08;16.55;16.79;16.5;16.67;4437200.0
2012-02-09;16.7;16.8;16.19;16.57;4602800.0
2012-02-10;16.38;16.63;16.36;16.4;4145800.0
2012-02-13;16.15;16.78;16.12;16.71;2759900.0
2012-02-14;16.58;16.63;16.34;16.52;2965000.0
2012-02-15;16.56;17.07;16.5;16.85;5923700.0
2012-02-16;16.85;17.07;16.82;17.02;4457500.0
2012-02-17;17.05;17.07;16.72;16.79;3485000.0
2012-02-21;16.77;16.83;16.37;16.5;2701800.0
2012-02-22;16.42;16.6;16.155;16.19;3202500.0
2012-02-23;16.15;16.68;16.15;16.64;3732700.0
2012-02-24;16.72;16.81;16.55;16.73;2707800.0
2012-02-27;16.59;16.86;16.45;16.75;2951500.0
2012-02-28;16.92;16.92;16.5;16.52;3714900.0
2012-02-29;16.59;16.68;16.24;16.27;6413900.0
2012-03-01;16.27;16.46;16.26;16.44;3313400.0
2012-03-02;16.49;16.62;16.42;16.5;2650800.0
2012-03-05;16.49;16.7;16.35;16.69;2233900.0
2012-03-06;16.53;16.65;16.42;16.48;4295800.0
2012-03-07;16.43;16.81;16.24;16.81;4019200.0
2012-03-08;16.93;16.93;16.38;16.52;3749400.0
2012-03-09;16.5;16.5;16.32;16.36;4664300.0
2012-03-12;16.31;16.41;16.23;16.29;2430400.0
2012-03-13;16.43;16.93;16.41;16.87;3648200.0
2012-03-14;16.91;16.99;16.72;16.78;2445100.0
2012-03-15;16.82;16.9;16.55;16.6;4682000.0
2012-03-16;16.67;16.97;16.62;16.91;3479600.0
2012-03-19;16.98;17.01;16.83;16.95;4775100.0
2012-03-20;16.87;17.04;16.77;17.04;3161000.0
2012-03-21;17.01;17.07;16.82;16.82;2463300.0
2012-03-22;16.72;16.72;16.25;16.38;7975700.0
2012-03-23;16.41;16.68;16.27;16.63;2122800.0
2012-03-26;16.85;16.85;16.69;16.8;2449500.0
2012-03-27;16.75;16.95;16.74;16.81;2832900.0
2012-03-28;16.74;16.82;16.44;16.7;3520100.0
2012-03-29;16.57;16.81;16.36;16.79;3158800.0
2012-03-30;16.88;16.99;16.73;16.99;6512400.0
2012-04-02;16.91;17.05;16.89;16.98;3219500.0
2012-04-03;16.9;16.98;16.7238;16.74;3032700.0
2012-04-04;16.63;16.75;16.51;16.65;2025100.0
2012-04-05;16.64;16.81;16.56;16.73;2292500.0
2012-04-09;16.44;16.67;16.36;16.64;1891300.0
2012-04-10;16.66;16.71;16.0;16.24;4107700.0
2012-04-11;16.4;16.53;16.28;16.51;2426100.0
2012-04-12;16.39;16.78;16.33;16.78;2044300.0
2012-04-13;16.76;16.81;16.62;16.7;1633000.0
2012-04-16;16.84;17.0;16.71;17.0;1761200.0
2012-04-17;17.14;17.2;16.96;17.1;2556400.0
2012-04-18;17.04;17.14;16.91;17.08;2279100.0
2012-04-19;17.02;17.13;16.89;16.98;1747400.0
2012-04-20;17.09;17.31;17.06;17.31;1832200.0
2012-04-23;17.14;17.19;17.05;17.13;3780300.0
2012-04-24;17.19;17.32;17.125;17.22;3286200.0
2012-04-25;17.39;17.64;17.36;17.57;2917000.0
2012-04-26;17.5;17.76;17.34;17.68;3570200.0
2012-04-27;17.87;18.07;17.8;18.05;4524600.0
2012-04-30;18.01;18.05;17.64;17.8;3603700.0
2012-05-01;17.9;18.15;17.84;17.92;4036300.0
2012-05-02;17.6;18.43;17.57;18.34;6692300.0
2012-05-03;18.29;18.44;18.23;18.32;3061200.0
2012-05-04;18.22;18.22;17.77;17.9;4050700.0
2012-05-07;17.76;18.04;17.71;18.04;4164000.0
2012-05-08;17.87;17.95;17.59;17.8;6829100.0
2012-05-09;17.64;18.02;17.59;17.93;3538600.0
2012-05-10;18.06;18.27;17.95;18.11;4935700.0
2012-05-11;18.06;18.24;17.92;18.0;4003300.0
2012-05-14;17.89;18.07;17.67;17.69;3783900.0
2012-05-15;17.72;17.77;17.53;17.64;3257700.0
2012-05-16;17.64;17.69;17.19;17.25;3314100.0
2012-05-17;17.26;17.29;16.58;16.61;3551400.0
2012-05-18;16.55;16.675;16.18;16.29;3040400.0
2012-05-21;16.37;16.8;16.28;16.75;4655100.0
2012-05-22;16.81;17.025;16.74;16.88;4530700.0
2012-05-23;16.7;16.94;16.44;16.94;2600000.0
2012-05-24;16.94;17.1;16.67;16.98;2382600.0
2012-05-25;16.98;17.03;16.67;16.81;1529700.0
2012-05-29;16.89;17.33;16.855;17.32;2114800.0
2012-05-30;17.1;17.11;16.81;16.81;2868700.0
2012-05-31;16.77;16.91;16.52;16.75;3654400.0
2012-06-01;16.45;16.51;16.08;16.15;3465700.0
2012-06-04;16.26;16.28;15.845;15.96;3322100.0
2012-06-05;15.94;16.59;15.89;16.51;2837800.0
2012-06-06;16.71;17.08;16.535;17.06;4231100.0
2012-06-07;17.27;17.39;16.75;16.75;3851400.0
2012-06-08;16.73;17.13;16.64;17.13;2026900.0
2012-06-11;17.26;17.29;16.71;16.71;6038500.0
2012-06-12;16.74;17.01;16.65;16.99;3746200.0
2012-06-13;16.87;17.09;16.74;16.91;4500900.0
2012-06-14;16.94;17.22;16.89;17.22;4565900.0
2012-06-15;17.15;17.2;16.97;17.1;5498000.0
2012-06-18;17.03;17.41;16.965;17.18;3294500.0
2012-06-19;17.28;17.53;17.18;17.3;3162300.0
2012-06-20;17.35;17.5;17.12;17.5;4204900.0
2012-06-21;17.5;17.52;17.14;17.23;4003300.0
2012-06-22;17.36;17.48;17.08;17.3;5769600.0
2012-06-25;17.1;17.33;17.01;17.18;2849400.0
2012-06-26;17.19;17.45;17.18;17.3;5606500.0
2012-06-27;17.29;17.54;17.235;17.5;2567300.0
2012-06-28;17.5;17.63;17.31;17.58;5799900.0
2012-06-29;18.27;18.43;17.8713;18.09;7737800.0
2012-07-02;18.15;18.41;18.07;18.36;7079200.0
2012-07-03;18.35;18.415;18.22;18.3;2301300.0
2012-07-05;18.32;18.43;18.19;18.3;1990500.0
2012-07-06;18.09;18.49;18.07;18.49;2401800.0
2012-07-09;18.39;18.53;18.39;18.5;2458400.0
2012-07-10;18.65;18.655;18.18;18.29;2723400.0
2012-07-11;18.28;18.4;18.06;18.18;2471700.0
2012-07-12;17.9;18.1;17.79;17.96;6092200.0
2012-07-13;18.0;18.18;17.95;18.07;2069800.0
2012-07-16;17.78;18.12;17.68;18.07;2442500.0
2012-07-17;18.16;18.23;17.92;18.07;3030600.0
2012-07-18;17.97;18.21;17.81;17.85;2847300.0
2012-07-19;17.96;17.97;17.43;17.51;3873200.0
2012-07-20;17.31;17.4524;17.19;17.23;3832800.0
2012-07-23;17.05;17.25;16.95;17.2;4176100.0
2012-07-24;17.26;17.41;16.99;17.22;4036500.0
2012-07-25;17.32;17.54;17.19;17.44;3442100.0
2012-07-26;17.64;17.88;17.61;17.87;3257800.0
2012-07-27;17.96;18.24;17.91;18.1;3129600.0
2012-07-30;18.0;18.23;17.97;18.23;2433600.0
2012-07-31;18.15;18.21;17.965;18.12;3957300.0
2012-08-01;18.29;18.42;18.1;18.21;3433100.0
2012-08-02;18.27;18.72;18.27;18.52;3850900.0
2012-08-03;18.72;18.85;18.42;18.79;7809500.0
2012-08-06;18.82;18.97;18.7;18.71;2517500.0
2012-08-07;18.81;18.84;18.56;18.61;4337500.0
2012-08-08;18.67;18.74;18.5301;18.69;3456200.0
2012-08-09;18.59;18.85;18.51;18.58;2769600.0
2012-08-10;18.52;18.75;18.5;18.7;1924000.0
2012-08-13;18.62;18.75;18.495;18.63;2999100.0
2012-08-14;18.7;18.71;18.41;18.53;4166300.0
2012-08-15;18.67;18.74;18.5;18.65;3345300.0
2012-08-16;18.71;18.73;18.49;18.73;3322600.0
2012-08-17;18.44;18.56;18.36;18.55;9092100.0
2012-08-20;18.58;18.58;18.4;18.49;2787300.0
2012-08-21;18.45;18.56;18.39;18.56;2956200.0
2012-08-22;18.46;18.55;18.34;18.52;2025800.0
2012-08-23;18.48;21.12;18.35;20.32;4.37534E7
2012-08-24;19.42;19.79;19.32;19.76;2.04414E7
2012-08-27;19.75;20.38;19.57;20.02;1.22566E7
2012-08-28;20.08;20.47;20.05;20.35;8657700.0
2012-08-29;20.49;20.52;20.22;20.4;5485100.0
2012-08-30;20.32;20.54;20.28;20.54;4254500.0
2012-08-31;20.55;20.81;20.425;20.58;4828500.0
2012-09-04;20.65;20.77;20.54;20.76;7005000.0
2012-09-05;20.75;21.25;20.45;20.98;1.12279E7
2012-09-06;21.0;21.23;20.76;20.86;6924600.0
2012-09-07;21.02;21.25;20.88;20.99;4710400.0
2012-09-10;20.92;20.96;20.6;20.6;3417700.0
2012-09-11;19.83;20.16;19.55;20.09;1.23624E7
2012-09-12;19.78;20.0;19.5;19.91;8703200.0
2012-09-13;20.0;20.12;19.865;20.0;4710800.0
2012-09-14;19.99;20.23;19.98;20.07;4911800.0
2012-09-17;19.93;20.17;19.874;20.0;2775800.0
2012-09-18;19.99;20.08;19.76;19.9;3357300.0
2012-09-19;19.76;19.95;19.75;19.87;3031300.0
2012-09-20;19.86;19.86;19.54;19.68;5848200.0
2012-09-21;19.75;19.81;19.45;19.45;9822100.0
2012-09-24;19.42;19.5938;19.32;19.32;3706000.0
2012-09-25;19.41;19.59;19.14;19.19;5191600.0
2012-09-26;19.18;19.34;19.12;19.26;5317000.0
2012-09-27;19.23;19.71;19.18;19.47;4137600.0
2012-09-28;19.34;19.57;19.23;19.48;5428200.0
2012-10-01;19.53;19.58;18.94;19.17;5368100.0
2012-10-02;19.27;19.28;18.75;19.09;7302900.0
2012-10-03;19.1;19.53;19.0775;19.19;4133300.0
2012-10-04;19.25;19.33;18.9;19.24;4416200.0
2012-10-05;19.31;19.455;19.24;19.35;3457800.0
2012-10-08;19.26;19.38;19.2;19.29;3641500.0
2012-10-09;19.32;19.585;19.285;19.29;3732000.0
2012-10-10;19.3;19.485;19.27;19.41;2514900.0
2012-10-11;19.47;19.48;19.325;19.36;3977400.0
2012-10-12;19.35;19.41;19.26;19.32;2317900.0
2012-10-15;19.34;19.59;19.185;19.59;2415800.0
2012-10-16;19.63;19.8;19.62;19.73;2088500.0
2012-10-17;19.67;19.83;19.491;19.74;3271900.0
2012-10-18;19.68;19.79;19.57;19.74;2332800.0
2012-10-19;19.74;19.9;19.43;19.47;2619600.0
2012-10-22;19.44;19.45;19.16;19.34;3218600.0
2012-10-23;19.21;19.21;18.89;19.01;2771400.0
2012-10-24;19.1;19.31;19.09;19.14;2288800.0
2012-10-25;19.41;19.41;18.96;19.16;2533700.0
2012-10-26;19.14;19.255;18.92;19.14;2413000.0
2012-10-31;19.26;19.66;18.94;19.66;4152800.0
2012-11-01;19.07;19.3;18.82;19.22;6047900.0
2012-11-02;19.37;19.5;19.22;19.34;2696400.0
2012-11-05;19.34;19.34;19.0;19.0;1819900.0
2012-11-06;19.03;19.13;18.77;18.97;2758200.0
2012-11-07;18.9;19.07;18.8;18.89;4298200.0
2012-11-08;18.88;19.15;18.84;18.93;3261000.0
2012-11-09;18.83;19.0;18.72;18.88;1985700.0
2012-11-12;18.86;19.02;18.73;18.82;1962600.0
2012-11-13;18.65;18.93;18.65;18.75;1782100.0
2012-11-14;18.99;18.99;18.39;18.47;3488700.0
2012-11-15;18.47;18.7;18.24;18.53;3534600.0
2012-11-16;18.54;18.76;18.41;18.67;2618600.0
2012-11-19;18.83;19.08;18.79;18.95;2690900.0
2012-11-20;18.97;19.035;18.7;18.74;3934900.0
2012-11-21;18.74;18.9;18.67;18.84;2188800.0
2012-11-23;18.93;19.04;18.815;19.02;468500.0
2012-11-26;18.9;19.18;18.9;19.16;2527200.0
2012-11-27;19.1;19.15;18.72;18.8;3148600.0
2012-11-28;18.78;18.78;18.55;18.78;2660300.0
2012-11-29;18.86;19.13;18.79;19.11;2662000.0
2012-11-30;19.08;19.63;19.08;19.37;5643000.0
2012-12-03;19.45;19.7;19.42;19.51;1882800.0
2012-12-04;19.45;19.6;19.33;19.42;2077300.0
2012-12-05;19.47;19.57;19.37;19.56;5809600.0
2012-12-06;19.75;20.14;19.69;20.02;6810100.0
2012-12-07;20.04;20.55;20.04;20.2;6518700.0
2012-12-10;20.19;20.49;20.15;20.27;5732600.0
2012-12-11;20.43;20.43;20.02;20.1;6011700.0
2012-12-12;20.05;20.26;19.81;20.19;6229500.0
2012-12-13;20.09;20.13;19.77;19.99;1.13471E7
2012-12-14;19.96;20.07;19.86;19.95;9260500.0
2012-12-17;19.97;20.06;19.74;19.86;4418300.0
2012-12-18;19.93;19.95;19.78;19.9;4317700.0
2012-12-19;19.9;20.01;19.7;19.7;4327900.0
2012-12-20;19.71;19.93;19.67;19.86;2582800.0
2012-12-21;19.73;19.83;19.59;19.65;3557700.0
2012-12-24;19.6;19.74;19.57;19.65;1228200.0
2012-12-26;19.65;19.73;19.44;19.5;2650600.0
2012-12-27;19.44;19.76;19.43;19.7;2536100.0
2012-12-28;19.6;19.765;19.5606;19.68;2253600.0
2012-12-31;19.59;19.87;19.59;19.85;3460800.0
2013-01-02;20.08;20.13;19.95;20.05;4869500.0
2013-01-03;19.27;19.57;19.18;19.46;2195600.0
2013-01-04;19.53;19.55;19.24;19.27;9062900.0
2013-01-07;19.25;19.29;19.15;19.24;1.25038E7
2013-01-08;19.24;19.32;19.0;19.29;1.01517E7
2013-01-09;19.36;19.4299;19.18;19.22;3340100.0
2013-01-10;19.27;19.32;18.99;19.12;4802600.0
2013-01-11;19.11;19.13;18.96;19.13;4821900.0
2013-01-14;19.1;19.16;18.96;19.12;4103700.0
2013-01-15;19.05;19.375;18.99;19.31;3428300.0
2013-01-16;19.25;19.51;19.2;19.43;3233500.0
2013-01-17;19.39;19.62;19.34;19.43;4985600.0
2013-01-18;19.42;19.45;19.34;19.39;3736400.0
2013-01-22;19.36;19.5;19.35;19.48;3411700.0
2013-01-23;19.4;19.61;19.4;19.5;2598300.0
2013-01-24;19.48;19.55;19.23;19.36;2987900.0
2013-01-25;19.37;19.74;19.37;19.68;3842500.0
2013-01-28;19.76;19.79;19.45;19.53;2823400.0
2013-01-29;19.5;19.79;19.5;19.72;4256800.0
2013-01-30;19.66;19.84;19.64;19.8;4293100.0
2013-01-31;19.71;19.79;19.495;19.52;6602000.0
2013-02-01;19.54;20.01;19.47;19.98;4401300.0
2013-02-04;19.83;20.05;19.79;19.98;3685400.0
2013-02-05;20.67;20.97;20.13;20.21;6504600.0
2013-02-06;19.85;20.27;19.81;20.26;3798300.0
2013-02-07;20.21;20.21;19.96;20.01;2901400.0
2013-02-08;20.04;20.15;19.94;20.14;2675400.0
2013-02-11;20.15;20.25;20.12;20.18;1954800.0
2013-02-12;19.96;20.25;19.92;20.15;4993700.0
2013-02-13;20.13;20.27;19.83;19.91;5177200.0
2013-02-14;19.93;19.98;19.71;19.8;2843200.0
2013-02-15;19.82;20.04;19.79;19.96;3442600.0
2013-02-19;19.96;20.1;19.83;20.08;3604600.0
2013-02-20;20.07;20.26;19.88;19.9;4882600.0
2013-02-21;19.85;19.9;19.43;19.45;3935700.0
2013-02-22;19.55;19.73;19.46;19.66;2228000.0
2013-02-25;19.75;19.77;19.19;19.19;3252200.0
2013-02-26;19.21;19.38;19.07;19.17;3025800.0
2013-02-27;19.19;19.39;19.16;19.32;3147300.0
2013-02-28;19.33;19.33;19.12;19.14;6278000.0
2013-03-01;19.14;19.71;19.08;19.7;5449700.0
2013-03-04;19.7;19.91;19.6501;19.91;3748700.0
2013-03-05;20.0;20.08;19.92;20.0;4328900.0
2013-03-06;20.05;20.23;19.79;20.14;5435800.0
2013-03-07;19.91;20.1;19.79;19.83;5897000.0
2013-03-08;19.9;19.9;19.65;19.75;4041200.0
2013-03-11;19.74;19.95;19.685;19.93;3697100.0
2013-03-12;19.91;20.09;19.91;19.97;4250200.0
2013-03-13;19.93;20.06;19.765;19.81;5899300.0
2013-03-14;19.78;19.97;19.77;19.86;7223000.0
2013-03-15;19.89;19.975;19.82;19.88;6835000.0
2013-03-18;19.76;19.9;19.7;19.9;4669900.0
2013-03-19;19.88;19.96;19.76;19.86;3238100.0
2013-03-20;19.86;20.0;19.8;19.99;2201000.0
2013-03-21;19.89;20.04;19.88;19.89;5734000.0
2013-03-22;19.89;20.04;19.82;19.95;2969400.0
2013-03-25;20.0;20.05;19.885;19.96;5604700.0
2013-03-26;20.01;20.075;19.93;19.99;3797000.0
2013-03-27;19.99;20.03;19.9;19.94;3969000.0
2013-03-28;20.0;20.05;19.87;19.88;6686800.0
2013-04-01;19.89;19.99;19.79;19.97;4186900.0
2013-04-02;20.0;20.35;20.0;20.16;3881500.0
2013-04-03;20.26;20.5;20.03;20.22;3675900.0
2013-04-04;20.24;20.455;20.2;20.41;3623100.0
2013-04-05;20.18;20.57;20.16;20.48;3567300.0
2013-04-08;20.45;20.72;20.37;20.68;3708400.0
2013-04-09;20.69;20.79;20.49;20.68;4423000.0
2013-04-10;20.7;20.91;20.68;20.85;6509800.0
2013-04-11;20.91;21.315;20.82;21.13;6791000.0
2013-04-12;20.93;21.31;20.74;21.2;3479200.0
2013-04-15;21.1;21.195;20.86;20.93;3770100.0
2013-04-16;20.98;21.29;20.94;21.26;4624400.0
2013-04-17;21.03;21.14;20.825;21.05;3192700.0
2013-04-18;20.99;21.12;20.9;21.09;2911900.0
2013-04-19;21.04;21.53;21.01;21.53;2660300.0
2013-04-22;21.53;21.57;21.26;21.52;2912000.0
2013-04-23;21.6;21.865;21.59;21.67;5193900.0
2013-04-24;21.68;21.99;21.55;21.92;3424200.0
2013-04-25;21.78;21.985;21.52;21.87;3064400.0
2013-04-26;21.83;22.0;21.76;21.77;2487000.0
2013-04-29;21.93;22.03;21.82;22.03;2311600.0
2013-04-30;22.13;22.8;22.1025;22.72;5513600.0
2013-05-01;22.7;23.07;22.5;22.59;2849200.0
2013-05-02;22.68;23.0;22.525;22.97;2440700.0
2013-05-03;23.05;23.21;22.8;22.96;2628300.0
2013-05-06;22.96;23.33;22.96;23.33;2053400.0
2013-05-07;22.82;22.9;22.7;22.82;7624400.0
2013-05-08;22.82;22.99;22.67;22.83;5013500.0
2013-05-09;22.89;23.0;22.59;22.63;3661600.0
2013-05-10;22.69;22.81;22.57;22.71;1452800.0
2013-05-13;22.75;22.91;22.71;22.86;2437400.0
2013-05-14;22.91;22.995;22.73;22.81;2123100.0
2013-05-15;22.77;22.86;22.67;22.86;2581400.0
2013-05-16;22.88;23.075;22.8;22.89;4412700.0
2013-05-17;22.96;23.06;22.77;22.97;2226700.0
2013-05-20;22.98;23.15;22.88;23.01;5363200.0
2013-05-21;23.01;23.13;22.85;22.86;6134600.0
2013-05-22;22.86;22.9;21.95;22.07;7899300.0
2013-05-23;21.78;21.83;18.63;21.54;4067200.0
2013-05-24;21.39;21.54;21.18;21.54;3116500.0
2013-05-28;21.61;21.75;20.91;21.1;4903400.0
2013-05-29;20.91;21.12;20.33;21.1;6367900.0
2013-05-30;21.05;21.35;20.74;20.83;5776000.0
2013-05-31;20.83;20.905;20.47;20.53;8475700.0
2013-06-03;20.54;20.78;20.28;20.42;4456200.0
2013-06-04;20.47;20.54;20.055;20.07;4286500.0
2013-06-05;20.04;20.25;19.79;19.97;2740900.0
2013-06-06;19.87;20.66;19.86;20.64;4288500.0
2013-06-07;20.76;20.93;20.44;20.78;3749800.0
2013-06-10;20.78;20.826;20.5;20.69;3894600.0
2013-06-11;20.6;20.71;20.35;20.44;4251200.0
2013-06-12;20.54;20.57;20.04;20.15;2373500.0
2013-06-13;20.3;20.85;20.2;20.76;2760800.0
2013-06-14;20.78;20.96;20.64;20.88;2335000.0
2013-06-17;20.94;21.05;20.62;20.91;2148100.0
2013-06-18;20.87;21.22;20.79;21.07;2083800.0
2013-06-19;21.08;21.16;20.42;20.56;4377000.0
2013-06-20;20.35;20.4;19.415;19.59;3670100.0
2013-06-21;19.67;19.9;19.32;19.5;5203900.0
2013-06-24;19.26;19.655;18.84;19.32;3934300.0
2013-06-25;19.45;19.57;19.31;19.42;2907900.0
2013-06-26;19.56;19.83;19.56;19.71;2984400.0
2013-06-27;19.86;20.12;19.82;20.04;1833600.0
2013-06-28;20.04;20.09;19.76;19.87;5045200.0
2013-07-01;19.99;20.18;19.755;19.84;2488700.0
2013-07-02;19.92;20.05;19.78;20.02;3295700.0
2013-07-03;19.98;20.06;19.84;19.94;2640500.0
2013-07-05;19.99;20.08;19.66;20.04;2617500.0
2013-07-08;20.06;20.32;20.0;20.11;3083700.0
2013-07-09;20.25;20.56;20.1;20.39;2569100.0
2013-07-10;20.38;20.57;20.245;20.49;2632100.0
2013-07-11;20.78;21.04;20.75;21.0;2022600.0
2013-07-12;21.12;21.15;20.735;21.03;2391000.0
2013-07-15;21.03;21.41;20.87;21.28;2409100.0
2013-07-16;21.31;21.35;21.15;21.32;1782500.0
2013-07-17;21.42;21.49;21.16;21.25;2150500.0
2013-07-18;21.25;21.53;21.17;21.41;2501900.0
2013-07-19;21.33;21.48;21.28;21.4;1326400.0
2013-07-22;21.37;21.54;21.2;21.44;2563700.0
2013-07-23;21.51;21.68;21.4;21.64;1970700.0
2013-07-24;21.72;21.73;21.3;21.39;5845600.0
2013-07-25;21.36;21.53;21.34;21.45;4517000.0
2013-07-26;21.4;21.64;21.39;21.63;5517500.0
2013-07-29;21.57;21.66;21.21;21.21;2755500.0
2013-07-30;21.41;21.94;21.32;21.44;3429600.0
2013-07-31;21.66;21.66;20.53;20.74;5361800.0
2013-08-01;20.82;20.93;20.5;20.63;3589200.0
2013-08-02;20.53;20.95;20.51;20.69;2388700.0
2013-08-05;20.61;20.71;20.52;20.68;1654400.0
2013-08-06;20.65;20.79;20.45;20.5;1783600.0
2013-08-07;20.46;20.48;20.26;20.48;1209200.0
2013-08-08;20.51;20.61;20.38;20.55;2376000.0
2013-08-09;20.5;20.87;20.49;20.82;1860800.0
2013-08-12;20.75;20.93;20.655;20.83;3901600.0
2013-08-13;20.8;20.82;20.41;20.57;4150000.0
2013-08-14;20.57;20.66;20.48;20.56;2800700.0
2013-08-15;20.25;20.37;19.91;20.21;3379600.0
2013-08-16;20.17;20.18;19.54;19.57;4629500.0
2013-08-19;19.6;19.61;19.03;19.06;3380600.0
2013-08-20;19.09;19.6;19.08;19.42;2953800.0
2013-08-21;19.31;19.67;19.11;19.32;2413100.0
2013-08-22;19.35;19.4;19.1;19.26;3024000.0
2013-08-23;18.99;19.46;18.95;19.41;2728400.0
2013-08-26;19.42;19.5;19.2;19.33;1843000.0
2013-08-27;19.09;19.32;18.96;19.22;3109900.0
2013-08-28;19.18;19.3;19.06;19.14;2578200.0
2013-08-29;19.06;19.29;19.06;19.17;3148800.0
2013-08-30;19.26;19.3499;19.06;19.18;6315500.0
2013-09-03;19.4;19.48;18.85;19.03;3560400.0
2013-09-04;18.99;19.22;18.91;18.97;3522500.0
2013-09-05;19.04;19.07;18.67;18.69;3076100.0
2013-09-06;18.81;19.38;18.81;19.12;2571800.0
2013-09-09;19.2;19.71;19.19;19.71;3669900.0
2013-09-10;19.67;19.78;19.41;19.48;4511500.0
2013-09-11;19.36;19.59;19.19;19.58;3787200.0
2013-09-12;19.54;19.72;19.36;19.36;3132600.0
2013-09-13;19.49;19.86;19.33;19.49;3765800.0
2013-09-16;19.88;20.05;19.64;19.71;2694000.0
2013-09-17;19.7;19.83;19.6;19.61;3386100.0
2013-09-18;19.71;20.09;19.37;20.06;6133900.0
2013-09-19;20.11;20.38;20.09;20.14;4249000.0
2013-09-20;20.11;20.13;19.77;20.01;1.13255E7
2013-09-23;19.88;19.94;19.735;19.77;3030500.0
2013-09-24;19.73;19.75;19.41;19.44;4245000.0
2013-09-25;19.42;19.59;19.28;19.37;2890700.0
2013-09-26;19.4;19.48;19.34;19.46;3148000.0
2013-09-27;19.41;19.49;19.3099;19.38;3080600.0
2013-09-30;19.51;19.6;19.17;19.29;5788700.0
2013-10-01;19.27;19.76;19.26;19.56;7342600.0
2013-10-02;19.51;19.97;19.5;19.91;3624900.0
2013-10-03;19.93;19.99;19.57;19.79;3650100.0
2013-10-04;19.86;20.07;19.67;19.85;3496600.0
2013-10-07;19.62;19.94;19.62;19.92;2356900.0
2013-10-08;19.91;20.05;19.67;19.68;2884700.0
2013-10-09;19.74;20.035;19.49;19.52;3710500.0
2013-10-10;19.53;19.99;19.5;19.93;3482700.0
2013-10-11;19.93;20.07;19.73;20.07;2648100.0
2013-10-14;19.91;20.11;19.83;20.08;1950700.0
2013-10-15;20.05;20.27;19.96;20.14;2405700.0
2013-10-16;20.25;20.73;20.19;20.67;3400200.0
2013-10-17;20.65;21.08;20.62;21.05;2828200.0
2013-10-18;21.16;21.16;20.87;21.04;2088700.0
2013-10-21;21.05;21.1;20.67;20.81;3229800.0
2013-10-22;20.86;21.22;20.735;21.11;2838700.0
2013-10-23;21.03;21.33;20.95;21.19;2824700.0
2013-10-24;21.31;21.405;21.22;21.33;3182800.0
2013-10-25;21.46;21.62;21.21;21.34;2972000.0
2013-10-28;21.35;21.39;21.06;21.33;3002800.0
2013-10-29;21.78;22.25;21.03;21.28;5715800.0
2013-10-30;21.26;21.62;21.19;21.61;4500400.0
2013-10-31;21.61;21.655;21.105;21.23;5313800.0
2013-11-01;21.85;21.85;21.35;21.56;4138400.0
2013-11-04;21.6;21.76;21.31;21.41;4222300.0
2013-11-05;21.37;21.39;20.84;20.87;6678200.0
2013-11-06;21.12;21.18;20.77;20.79;5743100.0
2013-11-07;20.78;20.88;20.35;20.36;6807000.0
2013-11-08;20.24;20.49;19.91;20.47;5347700.0
2013-11-11;20.37;20.75;20.19;20.62;2789500.0
2013-11-12;20.63;20.7;20.43;20.61;5192200.0
2013-11-13;20.51;20.69;20.41;20.65;2590800.0
2013-11-14;20.67;20.95;20.57;20.8;2361200.0
2013-11-15;20.77;20.88;20.66;20.79;3059000.0
2013-11-18;20.81;21.06;20.715;20.79;3238700.0
2013-11-19;20.73;20.78;20.415;20.56;2239400.0
2013-11-20;20.63;20.94;20.52;20.57;2931100.0
2013-11-21;20.64;20.935;20.57;20.87;2680900.0
2013-11-22;20.87;20.9;20.58;20.67;2305100.0
2013-11-25;20.67;20.84;20.65;20.74;2387800.0
2013-11-26;20.7;21.0;20.57;20.89;4817200.0
2013-11-27;20.94;21.07;20.89;20.97;3283600.0
2013-11-29;21.09;21.18;20.655;20.75;1618500.0
2013-12-02;20.61;20.66;20.34;20.5;3586200.0
2013-12-03;20.36;20.44;20.15;20.26;2967400.0
2013-12-04;20.11;20.4;20.0;20.28;6070300.0
2013-12-05;21.22;21.27;20.69;20.82;2.07692E7
2013-12-06;20.95;21.2;20.95;21.14;1.43941E7
2013-12-09;21.23;21.52;21.04;21.17;1.16835696E8
2013-12-10;21.23;21.32;20.94;21.15;1.1947E7
2013-12-11;21.0;21.05;20.56;20.61;9787600.0
2013-12-12;20.63;20.71;20.4;20.49;7570400.0
2013-12-13;20.6;20.78;20.32;20.4;7434800.0
2013-12-16;20.37;20.43;20.07;20.21;6718800.0
2013-12-17;20.17;20.3;20.06;20.25;6139400.0
2013-12-18;20.2;20.5;19.77;20.45;6306600.0
2013-12-19;20.32;20.4;19.99;20.17;5633000.0
2013-12-20;20.1;20.4;20.06;20.4;9440600.0
2013-12-23;20.52;20.56;20.34;20.39;3979900.0
2013-12-24;20.38;20.46;20.19;20.34;1849000.0
2013-12-26;20.71;20.71;20.2;20.24;3448700.0
2013-12-27;20.29;20.29;20.04;20.16;3918100.0
2013-12-30;20.16;20.23;20.07;20.2;4301100.0
2013-12-31;20.04;20.39;20.01;20.07;7078400.0
2014-01-02;20.08;20.12;19.86;20.04;4861800.0
2014-01-03;20.05;20.31;20.0;20.21;2783200.0
2014-01-06;20.3;20.33;20.14;20.23;5142400.0
2014-01-07;20.29;20.44;20.08;20.32;4325400.0
2014-01-08;20.13;20.37;20.0;20.18;5522500.0
2014-01-09;20.28;20.28;19.96;20.12;6419100.0
2014-01-10;20.37;20.54;20.211;20.53;3539500.0
2014-01-13;20.46;20.67;20.33;20.37;3202200.0
2014-01-14;20.37;20.63;20.37;20.5;8584000.0
2014-01-15;20.51;20.76;20.49;20.69;3686900.0
2014-01-16;20.73;20.79;20.46;20.52;4322900.0
2014-01-17;20.59;20.59;20.35;20.41;4254900.0
2014-01-21;20.45;20.58;20.35;20.43;5150800.0
2014-01-22;20.48;20.63;20.37;20.38;3268500.0
2014-01-23;20.18;20.4;20.08;20.15;4653400.0
2014-01-24;20.05;20.21;19.6;19.61;6025500.0
2014-01-27;19.59;19.8;19.38;19.54;5433300.0
2014-01-28;19.57;19.82;19.56;19.65;3950200.0
2014-01-29;19.47;19.62;19.39;19.58;2995000.0
2014-01-30;19.72;19.99;19.67;19.99;3290000.0
2014-01-31;19.8;20.31;19.68;20.14;4738800.0
2014-02-03;20.14;20.16;19.62;19.8;6256400.0
2014-02-04;20.0;20.48;19.99;20.03;8888400.0
2014-02-05;20.02;20.21;19.83;20.17;6323100.0
2014-02-06;20.21;20.36;20.19;20.29;4465000.0
2014-02-07;20.45;20.62;20.34;20.61;4489900.0
2014-02-10;20.67;20.88;20.61;20.83;4229800.0
2014-02-11;20.92;21.37;20.89;21.33;6335600.0
2014-02-12;21.38;21.55;21.305;21.48;4780300.0
2014-02-13;21.4;21.89;21.37;21.62;6716000.0
2014-02-14;21.59;22.04;21.55;21.92;4279000.0
2014-02-18;21.98;22.4;21.98;22.39;5624900.0
2014-02-19;22.27;22.53;22.16;22.23;5591900.0
2014-02-20;22.28;22.48;22.16;22.34;3434400.0
2014-02-21;22.31;22.48;22.19;22.26;3902900.0
2014-02-24;22.33;22.71;22.285;22.41;6659400.0
2014-02-25;22.44;22.6;22.285;22.36;3762600.0
2014-02-26;22.48;22.675;22.36;22.45;4818400.0
2014-02-27;22.33;22.4;22.01;22.2;4684900.0
2014-02-28;21.75;22.36;21.75;22.02;1.44192E7
2014-03-03;21.89;22.16;21.81;22.06;5744900.0
2014-03-04;22.27;22.46;22.26;22.42;6056400.0
2014-03-05;22.42;22.45;22.12;22.36;4653100.0
2014-03-06;22.41;22.47;22.18;22.23;4659200.0
2014-03-07;22.24;22.26;21.9;22.13;3788600.0
2014-03-10;22.08;22.18;21.825;22.0;3862300.0
2014-03-11;22.06;22.14;21.97;22.08;4385500.0
2014-03-12;22.15;22.36;22.07;22.35;5366100.0
2014-03-13;22.32;22.38;22.15;22.26;5900400.0
2014-03-14;22.24;22.4;22.19;22.2;6365000.0
2014-03-17;22.33;22.33;22.13;22.2;5677900.0
2014-03-18;22.0;22.35;22.0;22.21;4558200.0
2014-03-19;22.14;22.4;21.66;21.75;4300000.0
2014-03-20;21.68;21.76;21.44;21.69;4498200.0
2014-03-21;21.83;21.963;21.66;21.73;8779100.0
2014-03-24;21.89;21.916;21.47;21.49;5176100.0
2014-03-25;21.62;21.91;21.49;21.81;3922600.0
2014-03-26;21.86;21.9;21.45;21.45;3542500.0
2014-03-27;21.4;21.65;21.31;21.61;2243100.0
2014-03-28;21.7;21.95;21.66;21.88;2834600.0
2014-03-31;21.93;22.1;21.67;22.0;4584800.0
2014-04-01;22.04;22.04;21.76;22.02;6459000.0
2014-04-02;22.07;22.09;21.91;22.01;3132000.0
2014-04-03;22.0;22.03;21.73;21.97;6651900.0
2014-04-04;22.13;22.3;22.02;22.19;5097200.0
2014-04-07;22.16;22.41;22.11;22.29;4631600.0
2014-04-08;22.24;22.37;22.16;22.3;5083500.0
2014-04-09;22.37;22.42;22.18;22.42;4341000.0
2014-04-10;22.39;22.46;22.14;22.25;6284900.0
2014-04-11;21.95;22.22;21.93;22.07;5362600.0
2014-04-14;22.21;22.36;22.03;22.33;5126800.0
2014-04-15;22.32;22.45;22.17;22.44;5394200.0
2014-04-16;22.5;22.74;22.4;22.72;3655100.0
2014-04-17;22.61;22.85;22.53;22.81;6210300.0
2014-04-21;22.81;22.94;22.73;22.84;3700300.0
2014-04-22;22.79;22.95;22.67;22.9;5942900.0
2014-04-23;22.89;22.9;22.69;22.78;4679800.0
2014-04-24;22.84;22.84;22.69;22.81;2277100.0
2014-04-25;22.83;22.94;22.6;22.68;2537300.0
2014-04-28;22.78;22.83;22.57;22.82;3585100.0
2014-04-29;22.98;22.98;22.71;22.93;3580700.0
2014-04-30;22.82;22.99;22.69;22.97;3675000.0
2014-05-01;22.95;23.135;22.75;23.09;3518200.0
2014-05-02;23.05;23.265;22.95;23.17;3139300.0
2014-05-05;23.03;23.28;22.94;23.21;2160400.0
2014-05-06;23.12;23.2;22.93;23.02;2340300.0
2014-05-07;23.09;23.44;23.02;23.41;3489700.0
2014-05-08;23.44;23.66;23.38;23.45;3305300.0
2014-05-09;23.5;23.635;23.28;23.63;3536400.0
2014-05-12;23.71;23.78;23.575;23.72;2990700.0
2014-05-13;23.72;23.87;23.41;23.49;3072400.0
2014-05-14;23.46;23.66;23.36;23.45;3129100.0
2014-05-15;23.44;23.44;23.095;23.34;3608900.0
2014-05-16;23.28;23.63;23.28;23.6;3183100.0
2014-05-19;23.62;23.685;23.44;23.54;2381300.0
2014-05-20;23.54;23.62;23.41;23.48;2129600.0
2014-05-21;23.6;23.64;23.28;23.4;1890700.0
2014-05-22;23.31;23.52;23.29;23.44;3669300.0
2014-05-23;23.58;23.58;23.39;23.51;2044100.0
2014-05-27;23.54;23.69;23.54;23.57;2440400.0
2014-05-28;23.57;23.67;23.4;23.61;2499000.0
2014-05-29;23.65;23.67;23.48;23.65;2204200.0
2014-05-30;23.59;23.85;23.5;23.83;8289900.0
2014-06-02;23.79;24.08;23.74;23.98;3992100.0
2014-06-03;23.94;23.95;23.78;23.83;2690500.0
2014-06-04;23.8;23.945;23.76;23.88;2470600.0
2014-06-05;23.92;24.32;23.805;24.3;3987700.0
2014-06-06;24.35;24.35;24.07;24.18;2672200.0
2014-06-09;24.13;24.26;23.81;23.89;3348200.0
2014-06-10;23.84;23.9;23.57;23.63;3245300.0
2014-06-11;23.66;24.02;23.25;23.46;3586700.0
2014-06-12;23.41;23.52;23.225;23.38;2783200.0
2014-06-13;23.42;23.56;23.17;23.51;2347300.0
2014-06-16;23.48;23.59;23.3;23.43;3297600.0
2014-06-17;23.36;23.65;23.26;23.62;3067400.0
2014-06-18;23.57;23.77;23.44;23.73;3676600.0
2014-06-19;23.72;23.9;23.61;23.81;3089600.0
2014-06-20;23.84;23.98;23.64;23.9;5198100.0
2014-06-23;23.88;23.96;23.74;23.77;2378400.0
2014-06-24;23.75;23.81;23.66;23.7;2090900.0
2014-06-25;23.62;23.765;23.54;23.64;2404500.0
2014-06-26;23.59;23.63;23.35;23.42;2661000.0
2014-06-27;23.39;23.59;23.3499;23.56;3037100.0
2014-06-30;23.56;23.605;23.31;23.56;2718400.0
2014-07-01;23.62;23.67;23.44;23.62;3222500.0
2014-07-02;23.58;23.64;23.43;23.57;2956400.0
2014-07-03;23.58;23.63;23.35;23.62;2264200.0
2014-07-07;23.56;23.77;23.55;23.76;2706900.0
2014-07-08;23.74;23.94;23.74;23.83;2862800.0
2014-07-09;23.89;23.96;23.7;23.9;2364100.0
2014-07-10;23.76;24.08;23.76;24.03;2348600.0
2014-07-11;23.89;23.91;23.67;23.87;2115600.0
2014-07-14;23.95;24.125;23.83;24.08;1933300.0
2014-07-15;24.08;24.13;23.86;24.08;2656900.0
2014-07-16;24.11;24.14;24.0;24.12;2306200.0
2014-07-17;23.96;24.12;23.93;24.1;2555900.0
2014-07-18;23.96;24.12;23.93;24.1;2106300.0
2014-07-21;24.03;24.06;23.9;23.94;1940100.0
2014-07-22;24.07;24.15;24.015;24.08;2674400.0
2014-07-23;24.1;24.38;24.095;24.3;5529900.0
2014-07-24;24.35;24.35;24.01;24.08;1860800.0
2014-07-25;23.97;24.09;23.8;23.85;2335800.0
2014-07-28;23.84;24.18;23.84;24.12;2978000.0
2014-07-29;24.17;24.17;23.62;23.7;3733300.0
2014-07-30;23.7;23.825;23.33;23.57;2805100.0
2014-07-31;23.45;23.55;23.33;23.37;3260300.0
2014-08-01;23.16;23.42;23.03;23.35;2562800.0
2014-08-04;23.16;23.42;23.03;23.35;2385700.0
2014-08-05;23.21;23.35;23.0;23.05;2427600.0
2014-08-06;23.47;23.47;22.96;22.98;3077000.0
2014-08-07;23.05;23.2;22.92;23.18;3263600.0
2014-08-08;23.24;23.52;23.175;23.48;2713400.0
2014-08-11;23.48;23.89;23.42;23.81;3455100.0
2014-08-12;23.75;23.88;23.73;23.8;2300000.0
2014-08-13;23.9;24.11;23.8;24.1;1778800.0
2014-08-14;24.16;24.22;24.09;24.2;2908900.0
2014-08-15;24.28;24.28;24.01;24.15;8071400.0
2014-08-18;24.24;24.355;24.16;24.33;1988800.0
2014-08-19;24.34;24.45;24.24;24.41;2088400.0
2014-08-20;24.41;24.525;24.285;24.45;2804500.0
2014-08-21;24.49;24.6;24.385;24.41;3124700.0
2014-08-22;24.38;24.41;24.145;24.23;1927100.0
2014-08-25;24.37;24.41;24.1;24.21;1414300.0
2014-08-26;24.19;24.29;24.08;24.14;1651800.0
2014-08-27;24.14;24.3;24.12;24.23;1616700.0
2014-08-28;24.16;24.295;24.14;24.27;2243800.0
2014-08-29;24.26;24.59;24.26;24.57;3138100.0
2014-09-02;24.61;24.65;24.41;24.45;2806800.0
2014-09-03;24.5;24.61;24.42;24.53;2173600.0
2014-09-04;24.51;24.72;24.43;24.54;1849300.0
2014-09-05;24.57;24.97;24.52;24.96;2876500.0
2014-09-08;24.89;25.14;24.86;24.99;4110700.0
2014-09-09;24.95;24.95;24.78;24.86;2677800.0
2014-09-10;24.76;24.765;24.5;24.54;2688100.0
2014-09-11;24.5;24.62;24.32;24.39;2886900.0
2014-09-12;24.41;24.425;23.69;23.78;6028900.0
2014-09-15;23.81;24.04;23.65;23.85;3971200.0
2014-09-16;23.88;24.24;23.84;24.21;4266900.0
2014-09-17;24.3;24.55;24.07;24.08;4692800.0
2014-09-18;24.17;24.17;23.912;23.97;4297900.0
2014-09-19;24.06;24.17;23.82;23.91;2.30497E7
2014-09-22;23.82;23.87;23.61;23.7;4355905.0
2014-09-23;23.69;23.865;23.59;23.6;3853421.0
2014-09-24;23.57;23.88;23.55;23.57;4853497.0
2014-09-25;23.56;23.56;23.34;23.37;3044552.0
2014-09-26;23.34;23.72;23.24;23.69;3456879.0
2014-09-29;23.57;23.67;23.39;23.66;2590317.0
2014-09-30;23.66;23.71;23.42;23.55;4159902.0
2014-10-01;23.5;23.71;23.385;23.49;4186789.0
2014-10-02;23.43;23.63;23.19;23.35;3744077.0
2014-10-03;23.43;23.525;23.32;23.48;3124797.0
2014-10-06;23.54;23.72;23.46;23.52;3661417.0
2014-10-07;23.47;23.62;23.39;23.41;2685913.0
2014-10-08;23.45;23.9;23.38;23.89;3434825.0
2014-10-09;23.89;24.26;23.865;23.87;4242660.0
2014-10-10;23.76;24.09;23.65;23.68;3595187.0
2014-10-13;23.72;24.03;23.63;23.64;3249505.0
2014-10-14;23.81;24.48;23.77;24.25;4044416.0
2014-10-15;24.13;24.36;23.73;24.04;4547515.0
2014-10-16;23.78;24.1;23.58;24.03;3445606.0
2014-10-17;24.2;24.2;23.835;24.15;2973767.0
2014-10-20;24.16;24.4;24.06;24.4;2610434.0
2014-10-21;24.46;24.71;24.3;24.71;2069483.0
2014-10-22;24.71;24.89;24.53;24.54;2672596.0
2014-10-23;24.67;24.82;24.45;24.78;3499746.0
2014-10-24;24.82;24.88;24.55;24.65;3393351.0
2014-10-27;24.65;24.91;24.57;24.89;3728874.0
2014-10-28;24.73;25.05;24.66;25.04;3140075.0
2014-10-29;24.99;25.18;24.865;25.1;2818129.0
2014-10-30;24.7;25.23;24.6896;25.21;3182692.0
2014-10-31;25.41;25.92;25.21;25.91;4581952.0
2014-11-03;25.91;26.41;25.82;26.4;3679613.0
2014-11-04;26.39;26.49;26.115;26.38;3709196.0
2014-11-05;26.37;26.48;26.0;26.14;4228508.0
2014-11-06;26.16;26.26;25.675;25.77;5151128.0
2014-11-07;25.8;25.81;25.48;25.55;5879896.0
2014-11-10;25.47;25.86;25.47;25.76;3709623.0
2014-11-11;25.89;25.89;25.57;25.64;2520347.0
2014-11-12;25.65;25.7;25.36;25.4;2466661.0
2014-11-13;25.46;25.71;25.41;25.69;2584785.0
2014-11-14;25.7;25.71;25.5;25.56;3536530.0
2014-11-17;25.56;25.85;25.51;25.85;2716102.0
2014-11-18;25.83;26.015;25.73;25.91;2506197.0
2014-11-19;26.06;26.48;25.91;26.17;5351605.0
2014-11-20;26.13;26.29;25.95;26.04;5622370.0
2014-11-21;26.28;26.43;26.1;26.27;6365024.0
2014-11-24;26.37;26.57;26.3;26.47;2108009.0
2014-11-25;26.45;26.67;26.38;26.59;4554440.0
2014-11-26;26.53;26.86;26.52;26.83;2217370.0
2014-11-28;26.93;27.11;26.67;26.76;2105723.0
2014-12-01;26.78;27.019;26.68;26.84;2463623.0
2014-12-02;26.84;27.31;26.68;27.3;5067786.0
2014-12-03;27.26;27.31;27.01;27.1;3216361.0
2014-12-04;27.12;27.15;26.91;27.13;3842494.0
2014-12-05;27.09;27.295;26.97;27.28;4074079.0
2014-12-08;27.33;27.57;27.24;27.38;4253430.0
2014-12-09;27.2;27.58;27.11;27.44;2906870.0
2014-12-10;27.46;27.49;27.14;27.3;3483948.0
2014-12-11;27.21;27.39;27.09;27.2;3878308.0
2014-12-12;27.14;27.4;27.06;27.15;5379305.0
2014-12-15;27.21;27.28;26.875;27.12;4182006.0
2014-12-16;27.02;27.19;26.76;27.01;5006480.0
2014-12-17;27.12;27.92;27.095;27.86;6200631.0
2014-12-18;28.1;28.16;27.78;28.16;3421710.0
2014-12-19;28.12;28.415;28.09;28.16;5457107.0
2014-12-22;28.19;28.48;28.19;28.39;4101207.0
2014-12-23;28.54;28.67;28.38;28.43;2394719.0
2014-12-24;28.45;28.7;28.32;28.34;1142109.0
2014-12-26;28.45;28.61;28.405;28.52;1035889.0
2014-12-29;28.47;28.76;28.44;28.66;1888178.0
2014-12-30;28.67;28.8;28.47;28.52;2027724.0
2014-12-31;28.65;28.88;28.08;28.13;3016889.0
2015-01-02;28.3;28.575;28.115;28.55;2475656.0
2015-01-05;28.46;28.84;28.38;28.74;2849530.0
2015-01-06;28.85;29.32;28.84;29.15;3841472.0
2015-01-07;29.32;29.985;29.12;29.81;3503587.0
2015-01-08;30.02;30.17;29.74;30.08;3735032.0
2015-01-09;30.14;30.34;29.83;30.18;2690841.0
2015-01-12;30.17;30.41;30.17;30.39;2783641.0
2015-01-13;30.54;30.57;30.02;30.2;3635472.0
2015-01-14;30.0;30.51;29.96;30.48;5828132.0
2015-01-15;30.53;30.66;30.31;30.37;4826019.0
2015-01-16;30.35;30.48;30.23;30.43;5711255.0
2015-01-20;30.63;30.78;30.2;30.3;4802587.0
2015-01-21;30.22;30.435;30.1;30.37;3299442.0
2015-01-22;30.52;31.28;30.33;31.21;5015344.0
2015-01-23;31.25;31.295;30.97;31.05;2180941.0
2015-01-26;30.99;31.47;30.89;31.46;2490183.0
2015-01-27;31.31;31.54;31.18;31.34;2169726.0
2015-01-28;31.41;31.7;31.19;31.21;3644976.0
2015-01-29;31.1;31.44;30.63;30.94;4513314.0
2015-01-30;30.78;30.93;30.18;30.18;6819496.0
2015-02-02;30.17;30.26;29.38;29.92;7669424.0
2015-02-03;30.34;30.545;30.09;30.53;9210370.0
2015-02-04;30.41;30.71;30.22;30.53;4829585.0
2015-02-05;30.69;30.76;30.54;30.6;5403321.0
2015-02-06;30.53;30.59;29.54;29.71;4822391.0
2015-02-09;29.66;29.91;29.405;29.5;4396004.0
2015-02-10;29.53;29.69;29.195;29.5;6338806.0
2015-02-11;29.58;29.76;29.25;29.4;3657491.0
2015-02-12;29.42;29.59;29.23;29.53;6217994.0
2015-02-13;29.5;29.54;29.14;29.25;4791583.0
2015-02-17;29.23;29.6;29.07;29.37;4619836.0
2015-02-18;29.42;29.85;29.01;29.68;5556095.0
2015-02-19;29.53;29.66;28.94;29.02;3721076.0
2015-02-20;28.95;29.58;28.93;29.54;5215591.0
2015-02-23;29.59;29.83;29.47;29.79;4000171.0
2015-02-24;29.62;29.68;28.99;29.1;4706214.0
2015-02-25;29.11;29.435;29.07;29.12;3397636.0
2015-02-26;29.06;29.15;28.595;28.74;4261532.0
2015-02-27;28.78;29.11;28.6;29.01;4992217.0
2015-03-02;29.0;29.52;28.93;29.23;4118132.0
2015-03-03;29.08;29.35;28.84;29.22;3916859.0
2015-03-04;29.18;29.3;28.76;29.01;5138106.0
2015-03-05;29.36;29.42;29.05;29.05;4910422.0
2015-03-06;28.76;28.76;28.135;28.2;4885806.0
2015-03-09;28.29;28.89;28.23;28.7;7049883.0
2015-03-10;28.58;29.02;28.55;28.82;5357732.0
2015-03-11;28.82;29.13;28.78;29.03;4488415.0
2015-03-12;29.09;29.32;29.05;29.23;7670399.0
2015-03-13;29.14;29.67;29.105;29.65;5989573.0
2015-03-16;29.74;30.25;29.71;30.11;3995666.0
2015-03-17;29.94;30.21;29.79;30.11;3864768.0
2015-03-18;30.18;31.035;29.99;30.94;4354366.0
2015-03-19;30.81;31.005;30.57;30.58;4521528.0
2015-03-20;30.55;31.02;30.51;31.0;7657277.0
2015-03-23;31.1;31.32;30.89;30.93;4104736.0
2015-03-24;30.84;30.95;30.65;30.65;3745968.0
2015-03-25;30.73;30.79;29.98;30.06;7280835.0
2015-03-26;29.9;30.1;29.57;29.62;5202407.0
2015-03-27;29.62;29.83;29.395;29.55;7749091.0
2015-03-30;29.68;30.0;29.51;29.98;6494343.0
2015-03-31;29.93;30.155;29.48;29.55;5661835.0
2015-04-01;29.59;29.82;29.22;29.8;6708190.0
2015-04-02;29.85;30.2;29.74;30.04;4288888.0
2015-04-06;30.06;30.53;30.06;30.4;3081753.0
2015-04-07;30.34;30.34;29.77;29.78;2687090.0
2015-04-08;29.76;29.8;29.46;29.52;3659625.0
2015-04-09;29.51;29.51;28.91;28.95;3556882.0
2015-04-10;29.08;29.25;28.68;28.81;4648790.0
2015-04-13;28.67;29.11;28.62;28.89;4481204.0
2015-04-14;28.9;29.115;28.85;28.93;3453122.0
2015-04-15;28.97;29.06;28.585;28.62;2489480.0
2015-04-16;28.47;28.9;28.34;28.66;2374931.0
2015-04-17;28.59;28.77;28.375;28.56;3058779.0
2015-04-20;28.59;28.82;28.47;28.54;2894071.0
2015-04-21;28.63;28.86;28.53;28.7;4191553.0
2015-04-22;28.73;28.88;28.56;28.67;2491027.0
2015-04-23;28.66;28.845;28.49;28.73;4163328.0
2015-04-24;28.54;29.035;28.47;28.78;2765410.0
2015-04-27;28.82;29.015;28.59;28.65;2409834.0
2015-04-28;28.23;28.58;28.04;28.38;3906820.0
2015-04-29;28.13;28.28;27.81;27.89;3781164.0
2015-04-30;27.75;27.86;27.18;27.4;5612177.0
2015-05-01;27.47;28.02;27.45;27.91;5493533.0
2015-05-04;28.03;28.26;27.44;27.51;5572033.0
2015-05-05;27.38;27.51;26.91;26.98;6565699.0
2015-05-06;26.97;27.16;26.65;26.73;3966414.0
2015-05-07;26.79;27.24;26.63;27.1;5034762.0
2015-05-08;27.8;28.15;27.64;27.7;3124609.0
2015-05-11;27.71;27.83;27.15;27.27;3078000.0
2015-05-12;27.07;27.5;26.945;27.38;2798746.0
2015-05-13;27.56;27.84;27.34;27.43;4495362.0
2015-05-14;27.53;28.3;27.48;28.29;6199442.0
2015-05-15;28.35;28.59;28.2375;28.5;5774027.0
2015-05-18;28.32;28.68;28.17;28.53;5701446.0
2015-05-19;28.37;28.74;28.33;28.61;3507828.0
2015-05-20;28.69;28.79;28.435;28.47;2860216.0
2015-05-21;28.52;28.56;28.11;28.3;4416787.0
2015-05-22;28.21;28.63;28.1;28.42;2349853.0
2015-05-26;28.34;28.42;28.15;28.28;3179674.0
2015-05-27;28.39;28.73;28.265;28.62;3637034.0
2015-05-28;28.6;28.7;28.37;28.57;3567282.0
2015-05-29;28.57;28.65;28.19;28.33;6891925.0
2015-06-01;28.36;28.6;28.22;28.49;2979160.0
2015-06-02;28.39;28.45;28.035;28.23;3417529.0
2015-06-03;28.22;28.24;27.46;27.55;3615746.0
2015-06-04;27.56;27.67;27.38;27.4;2842923.0
2015-06-05;27.11;27.2;26.88;26.97;4030387.0
2015-06-08;26.99;27.04;26.77;26.79;2538221.0
2015-06-09;26.77;26.8;26.42;26.49;3108955.0
2015-06-10;26.65;26.91;26.38;26.65;3156103.0
2015-06-11;26.83;26.93;26.671;26.79;3483694.0
2015-06-12;26.7;26.86;26.64;26.79;3065340.0
2015-06-15;26.72;26.85;26.55;26.85;3730319.0
2015-06-16;26.82;27.04;26.69;27.0;4027476.0
2015-06-17;26.94;27.16;26.63;27.09;4319813.0
2015-06-18;27.18;27.7;27.18;27.61;5018727.0
2015-06-19;27.54;27.64;27.1;27.1;5701388.0
2015-06-22;27.11;27.24;26.63;26.66;4129829.0
2015-06-23;26.57;26.73;26.43;26.54;3205043.0
2015-06-24;26.57;26.75;26.36;26.37;2391770.0
2015-06-25;26.38;26.41;26.05;26.05;3190028.0
2015-06-26;26.04;26.3438;25.97;26.29;3419565.0
2015-06-29;26.31;26.48;25.69;25.71;3531291.0
2015-06-30;25.98;25.98;25.59;25.66;4698652.0
2015-07-01;25.73;26.1;25.61;26.1;4350030.0
2015-07-02;26.25;26.49;26.05;26.22;3877129.0
2015-07-06;26.03;26.42;26.03;26.15;5411733.0
2015-07-07;26.2;26.88;26.2;26.84;5137839.0
2015-07-08;26.66;26.84;26.38;26.61;4759277.0
2015-07-09;26.71;26.81;26.24;26.38;3197678.0
2015-07-10;26.54;26.66;26.38;26.38;3792907.0
2015-07-13;26.59;26.71;26.06;26.28;2847427.0
2015-07-14;26.33;26.53;26.165;26.46;3238295.0
2015-07-15;26.41;26.66;26.3;26.61;3251945.0
2015-07-16;26.76;27.09;26.73;26.88;3966573.0
2015-07-17;26.93;26.93;26.42;26.47;2603380.0
2015-07-20;26.39;26.6;26.36;26.5;2479260.0
2015-07-21;26.48;26.585;26.37;26.49;2933593.0
2015-07-22;26.48;26.815;26.48;26.64;3071150.0
2015-07-23;26.59;26.63;26.045;26.23;3518517.0
2015-07-24;26.17;26.38;26.07;26.3;3950506.0
2015-07-27;26.33;26.585;26.32;26.5;3428949.0
2015-07-28;26.57;26.825;26.38;26.65;3492165.0
2015-07-29;26.61;27.02;26.48;26.98;4680967.0
2015-07-30;26.85;27.02;26.75;26.9;3379531.0
2015-07-31;27.52;28.44;27.06;27.14;5637690.0
2015-08-03;27.12;27.43;27.09;27.24;4334740.0
2015-08-04;26.75;27.55;26.75;26.93;4003444.0
2015-08-05;27.09;27.21;26.87;27.08;3904100.0
2015-08-06;27.09;27.46;26.88;27.44;3713862.0
2015-08-07;27.39;27.8486;27.22;27.75;3244692.0
2015-08-10;27.9;27.94;27.39;27.53;2362361.0
2015-08-11;27.54;28.12;27.52;28.04;5196164.0
2015-08-12;28.02;28.04;27.67;27.93;4603790.0
2015-08-13;27.75;28.0;27.52;27.83;2673215.0
2015-08-14;27.24;27.88;27.24;27.87;2138655.0
2015-08-17;27.84;28.06;27.67;28.02;2070919.0
2015-08-18;27.94;28.03;27.85;27.95;2454231.0
2015-08-19;27.78;28.15;27.55;27.88;2813853.0
2015-08-20;27.88;27.94;27.435;27.59;3639414.0
2015-08-21;27.5;27.79;27.21;27.21;5423826.0
2015-08-24;25.32;26.78;25.25;25.75;7853841.0
2015-08-25;26.49;26.5;24.88;24.92;4892040.0
2015-08-26;25.35;25.82;25.18;25.76;7672006.0
2015-08-27;26.04;26.39;25.74;26.23;6153018.0
2015-08-28;26.74;26.82;25.83;26.07;3792542.0
2015-08-31;25.97;26.13;25.36;25.38;6306202.0
2015-09-01;24.87;25.19;24.55;24.75;5719297.0
2015-09-02;25.19;25.19;24.84;25.06;3564806.0
2015-09-03;25.19;25.38;25.08;25.18;3539339.0
2015-09-04;24.78;24.86;24.22;24.48;5244050.0
2015-09-08;24.78;24.87;24.41;24.78;4519213.0
2015-09-09;24.98;25.02;24.35;24.4;4500920.0
2015-09-10;24.33;24.69;24.23;24.37;4020417.0
2015-09-11;24.37;24.96;24.24;24.95;5210545.0
2015-09-14;25.03;25.09;24.81;24.95;3751986.0
2015-09-15;24.92;25.345;24.76;25.22;3151619.0
2015-09-16;25.21;25.6;25.195;25.49;3294928.0
2015-09-17;25.52;26.25;25.29;25.74;4844045.0
2015-09-18;25.33;26.1;25.31;25.72;1.4160074E7
2015-09-21;25.75;26.2;25.67;26.02;3943624.0
2015-09-22;25.79;25.91;25.45;25.57;3138833.0
2015-09-23;25.57;25.8;25.41;25.63;2840195.0
2015-09-24;25.53;25.7;24.99;25.06;4522270.0
2015-09-25;25.43;26.02;25.14;25.42;3803096.0
2015-09-28;25.34;25.39;24.79;24.97;4520567.0
2015-09-29;24.98;25.74;24.97;25.57;5252673.0
2015-09-30;25.78;26.02;25.575;25.97;5617702.0
2015-10-01;26.11;26.47;25.98;26.43;4962952.0
2015-10-02;26.14;26.46;25.6;26.46;4135404.0
2015-10-05;26.56;27.12;26.54;27.08;3751511.0
2015-10-06;26.91;27.1801;26.62;26.65;6155178.0
2015-10-07;26.65;26.97;26.62;26.9;4558578.0
2015-10-08;26.9;27.36;26.83;27.31;3747605.0
2015-10-09;27.27;27.33;26.96;27.14;2725318.0
2015-10-12;27.11;27.375;27.05;27.24;4761047.0
2015-10-13;27.07;27.275;26.82;26.87;4620128.0
2015-10-14;27.03;27.14;26.745;26.81;2779882.0
2015-10-15;26.91;27.09;26.77;27.06;2769760.0
2015-10-16;27.12;27.38;27.06;27.24;3181714.0
2015-10-19;27.18;27.8;27.18;27.79;2551973.0
2015-10-20;27.71;27.92;27.59;27.84;3605874.0
2015-10-21;27.89;28.85;27.694;27.84;8220384.0
2015-10-22;28.01;28.65;27.99;28.6;5335304.0
2015-10-23;28.58;28.7;28.26;28.49;3118585.0
2015-10-26;28.49;28.73;28.41;28.69;3606594.0
2015-10-27;28.61;28.935;28.5;28.87;4523491.0
2015-10-28;28.85;28.98;28.41;28.94;3288243.0
2015-10-29;28.8;29.075;28.73;29.04;3916974.0
2015-10-30;28.97;29.11;28.88;28.95;5540461.0
2015-11-02;28.91;29.56;28.86;29.55;6466646.0
2015-11-03;28.57;29.08;28.42;28.7;9076307.0
2015-11-04;28.72;28.83;28.56;28.68;3623081.0
2015-11-05;28.67;29.05;28.57;28.84;4137523.0
2015-11-06;28.15;28.42;27.32;27.5;6539308.0
2015-11-09;27.37;27.55;26.37;26.63;5686929.0
2015-11-10;26.68;26.97;26.59;26.84;4843465.0
2015-11-11;26.86;26.97;26.64;26.74;2720514.0
2015-11-12;26.69;26.79;26.31;26.37;3299486.0
2015-11-13;26.42;26.46;25.16;25.18;8709874.0
2015-11-16;24.75;25.43;24.515;25.42;7667232.0
2015-11-17;25.51;25.6;25.105;25.12;4209040.0
2015-11-18;25.28;25.45;24.955;25.42;3566589.0
2015-11-19;25.48;25.67;25.235;25.46;4725134.0
2015-11-20;25.53;25.85;25.48;25.79;6763258.0
2015-11-23;25.76;25.97;25.73;25.9;3468683.0
2015-11-24;25.71;25.86;25.32;25.64;4841028.0
2015-11-25;25.7;25.7;25.43;25.56;6059668.0
2015-11-27;25.52;25.97;25.47;25.9;1786861.0
2015-11-30;25.99;26.055;25.32;25.47;6672205.0
2015-12-01;25.62;26.155;25.47;26.11;6124219.0
2015-12-02;25.95;26.15;25.33;25.37;5946705.0
2015-12-03;25.24;25.41;25.11;25.33;8064966.0
2015-12-04;25.55;26.46;25.38;26.37;9502151.0
2015-12-07;26.34;26.38;25.95;26.13;2716612.0
2015-12-08;26.13;26.49;26.11;26.37;4321921.0
2015-12-09;26.19;26.62;26.05;26.43;4588297.0
2015-12-10;26.44;26.565;26.075;26.1;4786338.0
2015-12-11;25.62;26.07;25.46;25.93;4325014.0
2015-12-14;25.84;26.11;25.58;26.08;4581975.0
2015-12-15;26.25;26.52;26.2;26.37;4521076.0
2015-12-16;26.48;27.12;26.48;27.02;4650026.0
2015-12-17;26.84;26.93;26.69;26.83;3946779.0
2015-12-18;26.61;26.76;26.21;26.22;6685289.0
2015-12-21;26.48;26.49;25.99;26.19;5008331.0
2015-12-22;26.33;26.57;26.23;26.28;5264567.0
2015-12-23;26.35;26.97;26.28;26.97;4886033.0
2015-12-24;26.9;27.13;26.82;27.03;1744834.0
2015-12-28;26.91;27.17;26.75;27.16;2709760.0
2015-12-29;27.44;27.47;27.21;27.44;2198249.0
2015-12-30;27.44;27.58;27.36;27.41;2060592.0
2015-12-31;27.34;27.41;27.2;27.21;3624548.0
2016-01-04;26.75;26.88;26.38;26.71;4777777.0
2016-01-05;26.81;27.52;26.72;27.37;3952944.0
2016-01-06;27.16;27.63;27.16;27.62;6207507.0
2016-01-07;26.93;27.33;26.81;26.93;6850359.0
2016-01-08;27.0;27.1;26.15;26.18;4502048.0
2016-01-11;26.35;26.38;25.67;25.87;5193127.0
2016-01-12;26.15;26.16;25.42;25.76;4214629.0
2016-01-13;25.97;26.98;25.72;25.8;8174829.0
2016-01-14;25.95;26.38;25.77;25.8;6447459.0
2016-01-15;25.27;27.44;25.12;27.03;1.8503126E7
2016-01-19;26.79;27.2;26.26;26.42;9646762.0
2016-01-20;25.95;26.49;25.1;25.65;6208684.0
2016-01-21;25.98;26.94;25.7;26.34;8363977.0
2016-01-22;26.73;27.085;26.58;26.81;5545775.0
2016-01-25;26.84;27.46;26.46;26.92;6322637.0
2016-01-26;26.92;27.42;26.92;27.35;5936838.0
2016-01-27;27.25;27.35;26.79;27.14;7183086.0
2016-01-28;27.23;29.0;26.445;27.56;1.2699112E7
2016-01-29;27.83;28.3;27.52;28.04;9527246.0
2016-02-01;27.77;28.51;27.29;28.08;8140752.0
2016-02-02;28.34;29.0;27.52;28.66;7864737.0
2016-02-03;28.87;28.965;27.765;28.09;7067673.0
2016-02-04;27.81;28.31;27.8;28.11;4324125.0
2016-02-05;27.82;28.0;26.4;27.03;7292739.0
2016-02-08;27.04;27.22;24.97;25.8;7949033.0
2016-02-09;25.53;25.56;24.735;25.0;7186581.0
2016-02-10;25.19;25.66;24.935;24.97;5549558.0
2016-02-11;24.48;25.09;24.43;24.72;5260635.0
2016-02-12;25.08;25.57;24.84;25.56;5715619.0
2016-02-16;26.0;26.025;25.39;25.68;5058148.0
2016-02-17;25.96;26.13;25.675;25.72;3998011.0
2016-02-18;25.68;26.27;25.455;26.07;2679912.0
2016-02-19;25.94;26.39;25.7;26.23;3604175.0
2016-02-22;26.44;26.76;26.435;26.64;3573715.0
2016-02-23;26.47;27.04;26.47;26.74;3348326.0
2016-02-24;26.4;26.84;26.4;26.76;2755388.0
2016-02-25;26.96;27.385;26.87;27.36;3634955.0
2016-02-26;27.36;27.87;27.22;27.65;5022759.0
2016-02-29;27.59;28.12;27.4263;27.52;6311912.0
2016-03-01;27.92;28.58;27.77;28.57;5271151.0
2016-03-02;28.39;28.73;28.3;28.5;2923737.0
2016-03-03;28.6;28.67;28.29;28.62;3817973.0
2016-03-04;28.62;28.62;28.37;28.42;3262782.0
2016-03-07;28.6;28.74;28.27;28.35;3656898.0
2016-03-08;28.27;28.39;27.96;28.1;2893271.0
2016-03-09;28.17;28.42;28.07;28.22;2256684.0
2016-03-10;28.44;28.64;27.945;28.31;3712385.0
2016-03-11;28.63;28.96;28.44;28.92;2769486.0
2016-03-14;28.8;29.13;28.49;29.02;3006371.0
2016-03-15;28.88;29.11;28.83;28.97;2597538.0
2016-03-16;28.78;29.6;28.67;29.45;2517259.0
2016-03-17;29.45;30.3;29.32;30.17;4933742.0
2016-03-18;30.15;30.19;29.53;29.54;6565893.0
2016-03-21;29.54;29.75;28.975;29.1;4385756.0
2016-03-22;29.0;29.35;28.94;29.05;3713258.0
2016-03-23;28.99;29.095;28.81;28.94;2528859.0
2016-03-24;28.81;28.87;28.54;28.74;2883922.0
2016-03-28;28.87;29.0;28.79;28.88;3983393.0
2016-03-29;28.9;29.37;28.775;29.25;5568073.0
2016-03-30;29.42;29.71;29.34;29.51;3528343.0
2016-03-31;29.51;29.83;29.51;29.73;6200406.0
2016-04-01;29.66;29.81;29.46;29.5;4704664.0
2016-04-04;29.51;29.73;29.21;29.32;5626592.0
2016-04-05;29.15;29.3;28.94;29.01;2446659.0
2016-04-06;29.02;29.09;28.875;28.95;2939868.0
2016-04-07;28.8;28.94;28.69;28.76;3431594.0
2016-04-08;28.84;29.11;28.74;28.91;2652818.0
2016-04-11;28.97;29.16;28.75;28.75;2478627.0
2016-04-12;28.85;29.17;28.7899;29.12;3148855.0
2016-04-13;29.06;29.27;28.565;28.84;2603747.0
2016-04-14;28.8;28.94;28.63;28.87;2991760.0
2016-04-15;28.89;29.03;28.83;28.96;2876113.0
2016-04-18;28.93;29.36;28.81;29.34;3196794.0
2016-04-19;29.38;29.62;29.18;29.4;3112083.0
2016-04-20;29.4;29.42;28.755;28.8;2492734.0
2016-04-21;28.69;28.81;28.01;28.17;3315755.0
2016-04-22;28.28;28.65;28.18;28.58;2683462.0
2016-04-25;28.41;28.67;28.36;28.67;2081075.0
2016-04-26;28.76;29.115;28.74;28.9;2955603.0
2016-04-27;28.95;29.03;28.58;28.94;2270233.0
2016-04-28;28.67;29.09;28.59;28.75;1721929.0
2016-04-29;28.59;28.64;27.955;28.03;4687102.0
2016-05-02;28.18;28.73;28.16;28.63;2491298.0
2016-05-03;28.91;29.135;28.665;28.99;3712645.0
2016-05-04;28.71;29.28;28.56;29.2;2249684.0
2016-05-05;29.15;29.4;28.93;29.4;2326639.0
2016-05-06;29.33;29.44;29.05;29.41;2336392.0
2016-05-09;29.46;29.71;29.4;29.64;2063436.0
2016-05-10;29.79;29.91;29.35;29.46;2789484.0
2016-05-11;29.42;29.46;27.62;27.72;8689401.0
2016-05-12;27.67;28.25;27.26;28.13;6975919.0
2016-05-13;27.87;27.87;26.91;27.67;7844014.0
2016-05-16;27.73;28.06;27.58;27.87;4296637.0
2016-05-17;27.75;27.75;26.99;27.12;3835006.0
2016-05-18;26.95;27.1;26.12;26.6;7047497.0
2016-05-19;26.26;26.49;26.02;26.2;6574773.0
2016-05-20;26.38;26.63;26.24;26.63;5059838.0
2016-05-23;26.68;26.705;26.3;26.42;4642844.0
2016-05-24;26.58;26.95;26.514;26.88;5319372.0
2016-05-25;26.9;26.93;26.49;26.69;3375625.0
2016-05-26;26.74;26.92;26.55;26.78;2793722.0
2016-05-27;26.78;27.06;26.69;26.95;2581861.0
2016-05-31;27.06;27.11;26.61;26.87;5111796.0
2016-06-01;26.72;27.185;26.69;26.85;4104090.0
2016-06-02;26.81;26.89;26.56;26.73;3835121.0
2016-06-03;26.89;26.98;26.53;26.78;6187608.0
2016-06-06;26.81;27.03;26.5;26.77;4174601.0
2016-06-07;26.79;27.01;26.66;26.74;4146661.0
2016-06-08;26.76;27.695;26.71;27.52;5637035.0
2016-06-09;27.49;27.77;27.375;27.59;3719384.0
2016-06-10;27.4;27.55;27.29;27.46;2540146.0
2016-06-13;27.51;27.82;27.5;27.61;4039763.0
2016-06-14;27.6;27.81;27.55;27.76;3883057.0
2016-06-15;27.77;28.16;27.74;27.99;4689779.0
2016-06-16;27.88;28.26;27.555;28.25;3627032.0
2016-06-17;28.16;28.24;27.9;28.21;6560928.0
2016-06-20;28.48;28.78;28.36;28.46;3601823.0
2016-06-21;28.5;28.83;28.45;28.74;3178926.0
2016-06-22;28.78;28.95;28.66;28.75;2954380.0
2016-06-23;28.92;29.04;28.79;29.0;3218873.0
2016-06-24;28.15;28.92;27.92;28.55;6577448.0
2016-06-27;28.37;28.79;28.25;28.63;4591498.0
2016-06-28;28.81;29.39;28.68;29.39;4101920.0
2016-06-29;29.52;29.895;29.49;29.87;3979416.0
2016-06-30;29.88;29.92;29.55;29.82;7062488.0
2016-07-01;29.88;30.24;29.815;29.85;3302439.0
2016-07-05;29.84;30.2;29.84;30.11;3627547.0
2016-07-06;30.03;30.22;29.89;30.22;5246192.0
2016-07-07;30.14;30.2;29.82;30.04;4624826.0
2016-07-08;30.27;30.98;30.18;30.98;4221108.0
2016-07-11;31.0;31.2199;30.76;31.1;2527055.0
2016-07-12;31.09;31.18;30.48;31.06;4168168.0
2016-07-13;30.93;31.18;30.81;31.16;2187503.0
2016-07-14;31.15;31.2;30.93;30.99;2722045.0
2016-07-15;31.04;31.08;30.79;31.01;3423368.0
2016-07-18;31.09;31.12;30.9;31.06;1999883.0
2016-07-19;31.06;31.15;30.79;31.1;3173263.0
2016-07-20;31.19;31.32;31.08;31.3;2837983.0
2016-07-21;31.2;31.5;31.1;31.5;2617124.0
2016-07-22;31.44;31.8499;31.36;31.67;3108858.0
2016-07-25;31.71;31.91;31.51;31.8;3243355.0
2016-07-26;31.8;31.99;31.75;31.97;3296284.0
2016-07-27;31.89;31.89;31.135;31.38;4322490.0
2016-07-28;31.35;31.78;31.28;31.66;2614669.0
2016-07-29;31.7;32.06;31.63;31.95;2803640.0
2016-08-01;31.93;32.1;31.69;31.86;3241178.0
2016-08-02;31.86;31.99;31.02;31.21;5385763.0
2016-08-03;31.24;31.27;30.74;31.08;3155150.0
2016-08-04;31.08;31.13;30.86;30.91;3035736.0
2016-08-05;31.03;31.13;30.82;31.06;1797804.0
2016-08-08;31.08;31.345;30.91;30.98;2632737.0
2016-08-09;30.96;31.16;30.63;30.94;3319362.0
2016-08-10;31.02;31.2;30.65;30.72;4394971.0
2016-08-11;30.5;30.5;29.33;29.66;8531461.0
2016-08-12;29.63;29.99;29.63;29.95;6579128.0
2016-08-15;30.07;30.11;29.89;30.0;4057474.0
2016-08-16;29.94;30.07;29.52;29.57;3712088.0
2016-08-17;29.66;29.89;29.48;29.79;4034323.0
2016-08-18;29.76;29.92;29.65;29.73;2296189.0
2016-08-19;29.61;29.77;29.04;29.16;3856397.0
2016-08-22;29.29;29.42;29.02;29.23;4649681.0
2016-08-23;29.39;29.45;29.2;29.2;2333268.0
2016-08-24;29.2;29.31;28.92;29.05;3012486.0
2016-08-25;29.11;29.7;29.07;29.38;4547542.0
2016-08-26;29.37;29.73;28.97;29.12;3405094.0
2016-08-29;29.15;29.54;29.15;29.43;2436435.0
2016-08-30;29.48;29.5;29.12;29.26;2613228.0
2016-08-31;29.17;29.35;28.95;29.14;4651788.0
2016-09-01;29.12;29.23;28.88;29.0;3306454.0
2016-09-02;29.16;29.65;29.09;29.29;2219156.0
2016-09-06;29.1;29.43;28.96;29.42;3082737.0
2016-09-07;29.39;29.45;29.17;29.44;2810686.0
2016-09-08;29.31;29.345;29.13;29.23;5018779.0
2016-09-09;28.84;28.88;27.46;28.11;4380729.0
2016-09-12;28.02;28.61;28.01;28.51;5212798.0
2016-09-13;28.31;28.31;27.475;27.49;4074321.0
2016-09-14;27.57;27.825;27.36;27.74;4505710.0
2016-09-15;27.66;28.105;27.485;28.03;4051080.0
2016-09-16;27.88;28.19;27.76;28.16;7083791.0
2016-09-19;28.26;28.4;28.17;28.34;2463377.0
2016-09-20;28.5;28.521;28.23;28.24;3271997.0
2016-09-21;28.25;28.385;27.64;28.29;4641032.0
2016-09-22;28.58;28.86;28.49;28.68;3801755.0
2016-09-23;28.43;28.84;28.275;28.76;4156769.0
2016-09-26;28.64;28.9;28.63;28.66;2670827.0
2016-09-27;28.76;28.81;28.26;28.3;2645449.0
2016-09-28;28.28;28.43;27.9;28.17;4298393.0
2016-09-29;28.1;28.12;27.285;27.57;5327840.0
2016-09-30;27.82;27.96;27.41;27.6;5852601.0
2016-10-03;27.43;27.43;26.95;27.06;4206696.0
2016-10-04;27.0;27.05;26.41;26.53;4657383.0
2016-10-05;26.61;26.82;25.89;26.1;4347711.0
2016-10-06;26.05;26.33;25.77;26.07;6627359.0
2016-10-07;26.26;26.59;25.78;25.97;3312335.0
2016-10-10;26.0;26.21;25.87;26.14;5833713.0
2016-10-11;26.11;26.27;25.67;25.71;4587555.0
2016-10-12;25.54;26.105;25.53;26.06;4281861.0
2016-10-13;25.85;26.17;25.82;26.0;3680845.0
2016-10-14;26.39;26.59;26.06;26.17;4626572.0
2016-10-17;26.12;26.48;26.11;26.2;2479894.0
2016-10-18;26.36;26.52;26.21;26.23;2562624.0
2016-10-19;26.16;26.36;26.0;26.31;3515722.0
2016-10-20;26.37;26.58;25.99;26.12;2170061.0
2016-10-21;25.92;26.16;25.92;26.0;2576248.0
2016-10-24;26.15;26.45;26.02;26.08;2800350.0
2016-10-25;26.01;26.16;25.97;26.05;2388386.0
2016-10-26;25.9;25.9;24.97;25.46;5701443.0
2016-10-27;25.48;25.53;24.6;24.63;8314867.0
2016-10-28;24.71;25.04;24.58;24.6;4336573.0
2016-10-31;24.75;25.03;24.54;24.95;6301264.0
2016-11-01;25.07;25.5;24.505;24.7;6332743.0
2016-11-02;24.72;24.76;24.24;24.25;4746219.0
2016-11-03;24.22;24.55;24.19;24.44;4429793.0
2016-11-04;24.48;24.755;24.34;24.68;3519237.0
2016-11-07;25.02;25.3601;25.0;25.18;3233930.0
2016-11-08;25.1;25.32;24.97;25.22;2712609.0
2016-11-09;24.65;24.95;23.89;24.83;4922035.0
2016-11-10;24.87;25.48;24.205;25.25;9518260.0
2016-11-11;25.21;25.79;25.19;25.31;4767873.0
2016-11-14;25.34;26.3;25.19;26.24;6499322.0
2016-11-15;26.42;27.1;26.0625;26.2;7321500.0
2016-11-16;26.19;26.2;25.49;25.7;3324232.0
2016-11-17;25.66;25.75;25.27;25.45;4796943.0
2016-11-18;25.47;25.61;25.12;25.19;3526948.0
2016-11-21;25.26;25.52;25.0;25.03;3298470.0
2016-11-22;25.12;25.37;25.07;25.29;3715595.0
2016-11-23;25.13;25.45;24.93;25.41;3256432.0
2016-11-25;25.42;25.65;25.24;25.43;1696725.0
2016-11-28;25.37;25.76;25.36;25.69;4209001.0
2016-11-29;25.75;26.15;25.59;25.66;4424603.0
2016-11-30;25.4;25.58;25.15;25.34;6515860.0
2016-12-01;25.18;25.2;24.66;24.84;5182008.0
2016-12-02;24.92;25.53;24.92;25.46;3864543.0
2016-12-05;25.5;25.59;25.2764;25.59;3019495.0
2016-12-06;25.69;25.85;25.5;25.62;3100290.0
2016-12-07;25.7;26.12;25.64;26.09;3001085.0
2016-12-08;25.96;26.42;25.76;26.33;3157440.0
2016-12-09;26.31;26.58;26.165;26.2;2938020.0
2016-12-12;26.1;26.63;26.07;26.58;4656289.0
2016-12-13;26.47;26.58;26.0;26.27;3361768.0
2016-12-14;26.19;26.415;25.82;25.86;4286420.0
2016-12-15;25.86;26.21;25.69;25.76;3221201.0
2016-12-16;25.97;26.43;25.835;26.09;1.1584864E7
2016-12-19;26.26;26.4;26.06;26.15;3737178.0
2016-12-20;26.16;26.315;25.9;26.08;3476083.0
2016-12-21;26.11;26.35;25.35;25.38;4451526.0
2016-12-22;25.12;25.14;24.44;24.54;5727386.0
2016-12-23;24.6;24.62;24.23;24.56;3496367.0
2016-12-27;24.5;24.73;24.36;24.57;2663093.0
2016-12-28;24.59;24.61;24.26;24.41;4120093.0
2016-12-29;24.52;24.66;24.28;24.51;3247343.0
2016-12-30;24.58;25.0;24.45;24.98;6127936.0
2017-01-03;25.19;25.41;24.73;25.37;4969462.0
2017-01-04;25.47;26.04;25.46;25.98;4512342.0
2017-01-05;25.5;26.03;24.76;26.0;6507446.0
2017-01-06;25.89;26.205;25.48;26.0;4351457.0
2017-01-09;25.9;26.04;25.46;25.55;4109312.0
2017-01-10;25.48;25.5259;25.01;25.04;3088633.0
2017-01-11;25.0;25.3;24.85;24.93;3338352.0
2017-01-12;24.89;24.97;24.66;24.9;3020782.0
2017-01-13;24.88;25.03;24.575;24.82;2456908.0
2017-01-17;24.9;25.01;24.78;24.93;5090439.0
2017-01-18;24.93;25.3;24.845;25.1;3140480.0
2017-01-19;25.03;25.05;24.46;24.63;3830657.0
2017-01-20;24.55;25.0;24.35;24.99;5217465.0
2017-01-23;24.92;25.79;24.84;25.62;1.0241842E7
2017-01-24;25.62;25.91;25.23;25.25;6098303.0
2017-01-25;25.21;25.29;24.76;24.78;4091895.0
2017-01-26;24.87;25.03;24.66;24.68;2642570.0
2017-01-27;24.77;24.8;23.95;24.22;4048097.0
2017-01-30;24.65;24.65;23.77;23.96;5414104.0
2017-01-31;24.2;25.21;24.2;24.84;7309000.0
2017-02-01;24.94;25.21;24.7;24.71;5247095.0
2017-02-02;24.7;25.0;24.66;24.75;4080872.0
2017-02-03;24.9;25.08;24.64;24.94;4211988.0
2017-02-06;24.93;25.28;24.92;25.06;3493562.0
2017-02-07;24.73;25.22;24.73;24.81;3842232.0
2017-02-08;24.85;25.18;24.84;25.05;3470649.0
2017-02-09;25.1;25.4;24.97;25.38;3336801.0
2017-02-10;25.32;25.52;25.25;25.48;2494424.0
2017-02-13;25.55;25.72;25.135;25.3;2252635.0
2017-02-14;25.27;25.27;24.935;25.03;2882213.0
2017-02-15;24.95;25.1;24.39;25.01;4561916.0
2017-02-16;25.0;25.2;24.92;25.0;4279827.0
2017-02-17;25.02;25.28;24.86;25.02;3698276.0
2017-02-21;25.03;25.6;24.98;25.59;3028330.0
2017-02-22;25.55;25.69;25.31;25.51;2440618.0
2017-02-23;25.62;25.62;25.38;25.44;2449408.0
2017-02-24;25.45;25.47;24.78;25.05;7714218.0
2017-02-27;25.16;25.4;24.98;25.21;4617420.0
2017-02-28;25.21;25.26;24.695;24.86;3764340.0
2017-03-01;24.86;24.87;24.45;24.78;7368410.0
2017-03-02;24.63;24.8;24.445;24.58;3223226.0
2017-03-03;24.58;24.64;24.08;24.4;5139746.0
2017-03-06;24.36;24.39;24.08;24.27;3619710.0
2017-03-07;24.3;24.34;23.7;23.92;4331334.0
2017-03-08;23.85;23.85;23.365;23.58;6796845.0
2017-03-09;23.63;23.7;22.86;22.92;8197974.0
2017-03-10;23.07;23.26;22.89;23.05;5550356.0
2017-03-13;23.12;23.3;22.92;23.28;6479782.0
2017-03-14;23.07;23.21;22.9;23.0;7997522.0
2017-03-15;23.13;23.78;23.06;23.62;5095492.0
2017-03-16;23.63;23.75;23.39;23.47;4376342.0
2017-03-17;23.52;23.57;23.19;23.32;6414516.0
2017-03-20;23.34;23.4;23.09;23.19;5122491.0
2017-03-21;23.31;23.355;22.955;23.21;5600339.0
2017-03-22;23.2;23.2;22.39;22.66;9675577.0
2017-03-23;22.67;23.18;22.65;23.01;5657888.0
2017-03-24;23.02;23.27;22.965;23.11;3548325.0
2017-03-27;23.08;23.26;22.65;22.72;5432181.0
2017-03-28;22.72;22.84;22.34;22.68;1.3144884E7
2017-03-29;22.66;23.07;22.47;23.0;7442649.0
2017-03-30;22.97;23.105;22.755;22.94;7562647.0
2017-03-31;22.92;23.41;22.89;23.18;4513222.0
2017-04-03;23.2;23.76;23.05;23.59;5298024.0
2017-04-04;23.6;23.8;23.195;23.24;6468341.0
2017-04-05;23.31;23.39;22.94;22.98;5850143.0
2017-04-06;22.95;23.06;22.72;23.04;7389492.0
2017-04-07;23.04;23.22;22.93;23.06;5990401.0
2017-04-10;23.11;23.52;22.9;23.45;7709102.0
2017-04-11;23.21;23.4;23.115;23.28;4592756.0
2017-04-12;23.29;23.56;23.185;23.21;4027116.0
2017-04-13;23.22;23.34;23.1;23.15;4073637.0
2017-04-17;23.24;23.51;23.24;23.44;7353476.0
2017-04-18;23.4;23.59;23.29;23.58;4271054.0
2017-04-19;23.6;23.8;23.45;23.65;4574828.0
2017-04-20;23.69;23.69;23.42;23.54;4455443.0
2017-04-21;23.51;23.54;23.19;23.31;3719242.0
2017-04-24;23.54;23.54;22.54;22.55;9617625.0
2017-04-25;22.66;22.66;22.465;22.61;5147877.0
2017-04-26;22.65;22.65;21.95;21.97;6654882.0
2017-04-27;22.06;22.465;22.04;22.14;5088153.0
2017-04-28;22.13;22.13;21.515;21.61;7573043.0
2017-05-01;21.37;23.07;21.05;22.61;1.5160513E7
2017-05-02;22.61;23.435;22.57;23.04;1.5588741E7
2017-05-03;23.12;23.12;22.27;22.43;8296965.0
2017-05-04;22.26;22.34;21.55;22.3;1.0178314E7
2017-05-05;22.34;22.495;22.13;22.27;5732701.0
2017-05-08;22.31;22.42;21.73;22.19;8953047.0
2017-05-09;22.19;22.38;21.92;22.3;7598327.0
2017-05-10;22.26;22.84;22.2;22.66;7740833.0
2017-05-11;22.46;22.4775;21.888;22.43;9962947.0
2017-05-12;22.39;22.4;21.74;21.84;7279506.0
2017-05-15;21.85;22.2;21.82;22.17;8740685.0
2017-05-16;22.13;22.24;21.685;22.01;1.1334262E7
2017-05-17;21.88;22.19;21.7;21.95;7468204.0
2017-05-18;21.85;22.44;21.82;22.39;8701164.0
2017-05-19;22.43;23.33;22.26;22.9;1.1263997E7
2017-05-22;22.93;23.12;22.715;22.8;5719349.0
2017-05-23;22.8;22.975;22.73;22.81;5231441.0
2017-05-24;22.8;23.4;22.66;23.33;8027756.0
2017-05-25;23.37;23.85;23.2826;23.69;8311443.0
2017-05-26;23.65;23.69;22.61;22.65;8679472.0
2017-05-30;22.45;22.65;22.14;22.2;6911506.0
2017-05-31;22.27;22.38;22.0;22.28;1.0249073E7
2017-06-01;22.24;22.7;22.19;22.6;5404778.0
2017-06-02;22.7;22.78;22.33;22.49;7785672.0
2017-06-05;22.42;22.5;22.1;22.33;6588835.0
2017-06-06;22.35;22.76;22.02;22.62;5819420.0
2017-06-07;22.66;23.52;22.66;23.31;9589501.0
2017-06-08;23.32;23.49;22.995;23.06;5764785.0
2017-06-09;23.02;23.475;22.67;23.32;4324195.0
2017-06-12;23.4;24.1;23.34;24.03;7501056.0
2017-06-13;23.92;24.26;23.64;24.04;5698619.0
2017-06-14;24.25;24.27;23.8;24.04;8217870.0
2017-06-15;23.87;24.32;23.85;24.26;5370831.0
2017-06-16;24.3;24.31;23.74;24.15;1.064589E7
2017-06-19;24.13;24.19;23.81;24.08;4449489.0
2017-06-20;23.75;24.11;23.57;23.78;5709682.0
2017-06-21;24.0;24.02;23.39;23.61;5822735.0
2017-06-22;23.49;23.56;23.11;23.48;7852398.0
2017-06-23;23.5;23.835;23.42;23.67;8075021.0
2017-06-26;23.72;24.3;23.69;23.97;4210631.0
2017-06-27;23.91;24.25;23.91;23.99;5158407.0
2017-06-28;24.06;24.37;24.02;24.08;2887905.0
2017-06-29;24.01;24.34;23.8;23.81;4468834.0
2017-06-30;23.96;24.1;23.31;23.56;4934457.0
2017-07-03;23.73;24.115;23.57;24.07;2315293.0
2017-07-05;24.03;24.05;23.07;23.13;6461217.0
2017-07-06;23.03;23.09;22.48;22.59;5259442.0
2017-07-07;22.64;22.84;22.52;22.76;3391641.0
2017-07-10;22.79;22.82;22.57;22.6;3647302.0
2017-07-11;22.43;22.47;22.09;22.4;5433129.0
2017-07-12;22.54;23.04;22.45;22.53;3826256.0
2017-07-13;22.59;23.04;22.56;22.93;3442540.0
2017-07-14;23.02;23.6;23.02;23.59;4930659.0
2017-07-17;23.59;23.92;23.5;23.69;4611515.0
2017-07-18;23.64;23.76;23.26;23.4;3871143.0
2017-07-19;23.38;23.7;23.35;23.68;3236580.0
2017-07-20;23.68;23.8;23.46;23.63;2795881.0
2017-07-21;23.61;23.65;23.05;23.28;3799545.0
2017-07-24;23.32;23.32;23.025;23.1;3869257.0
2017-07-25;23.23;23.475;22.96;23.46;6242522.0
2017-07-26;23.555;23.8;23.34;23.75;4582585.0
2017-07-27;23.62;24.09;23.26;24.07;4545034.0
2017-07-28;23.99;24.0;22.645;22.78;6774602.0
2017-07-31;22.8;22.81;22.49;22.61;5104054.0
2017-08-01;22.91;23.249;22.38;23.04;7462686.0
2017-08-02;22.18;22.22;21.05;21.91;2.0397976E7
2017-08-03;21.75;21.94;21.46;21.78;1.0521804E7
2017-08-04;21.78;22.24;21.7;22.19;8491780.0
2017-08-07;22.19;22.81;22.03;22.78;6259955.0
2017-08-08;22.66;22.83;22.34;22.51;5987103.0
2017-08-09;22.47;22.56;22.0;22.04;6566908.0
2017-08-10;22.02;22.08;21.52;21.56;5410262.0
2017-08-11;21.34;21.57;21.04;21.2;6142140.0
2017-08-14;21.29;21.785;21.21;21.73;4554591.0
2017-08-15;21.66;21.67;21.04;21.1;5439136.0
2017-08-16;21.18;21.535;21.135;21.35;6424377.0
2017-08-17;21.35;21.52;20.97;20.97;5432312.0
2017-08-18;20.83;20.89;20.425;20.5;8971849.0
2017-08-21;20.5;20.82;20.31;20.78;4298588.0
2017-08-22;20.83;20.9;20.57;20.57;2736089.0
2017-08-23;20.54;21.21;20.47;21.15;3785664.0
2017-08-24;21.36;21.62;20.71;20.75;6229510.0
2017-08-25;20.78;21.17;20.615;21.03;3582876.0
2017-08-28;21.05;21.09;20.6;20.73;3694422.0
2017-08-29;20.58;20.84;20.555;20.71;3802747.0
2017-08-30;20.7;20.91;20.38;20.89;3110979.0
2017-08-31;20.99;21.04;20.67;20.75;4852660.0
2017-09-01;20.83;21.43;20.79;21.2;5148375.0
2017-09-05;21.19;21.34;20.73;20.94;5705456.0
2017-09-06;21.07;21.48;20.98;21.12;3880344.0
2017-09-07;21.16;21.44;21.1;21.36;4197804.0
2017-09-08;21.29;21.4;21.17;21.28;2955933.0
2017-09-11;21.43;21.7;21.37;21.59;4226270.0
2017-09-12;21.55;21.78;21.07;21.17;4484234.0
2017-09-13;21.21;21.53;21.15;21.53;5620468.0
2017-09-14;21.53;21.77;21.4;21.7;5155208.0
2017-09-15;21.69;21.85;21.51;21.82;1.4358104E7
2017-09-18;21.82;21.99;21.26;21.36;6080236.0
2017-09-19;21.32;21.38;20.73;20.95;8522346.0
2017-09-20;20.99;21.04;20.7;20.75;5682662.0
2017-09-21;20.78;20.9764;20.68;20.74;4744052.0
2017-09-22;20.72;20.81;20.45;20.5;4856605.0
2017-09-25;20.57;20.93;20.51;20.75;6194408.0
2017-09-26;21.04;21.37;20.9;21.04;9475009.0
2017-09-27;21.05;21.2;20.66;20.7;5503079.0
2017-09-28;20.68;21.34;20.65;21.28;7777137.0
2017-09-29;21.22;21.35;20.68;20.77;6787846.0
2017-10-02;20.78;20.84;20.58;20.59;4862456.0
2017-10-03;20.64;20.81;20.455;20.75;3008158.0
2017-10-04;20.7;21.17;20.7;21.15;7456464.0
2017-10-05;21.22;21.79;21.21;21.54;6063502.0
2017-10-06;21.39;21.43;21.1;21.21;4132462.0
2017-10-09;21.21;21.42;21.185;21.29;2433336.0
2017-10-10;21.37;21.67;21.33;21.64;4268031.0
2017-10-11;21.63;21.79;21.52;21.68;3682710.0
2017-10-12;21.42;21.62;21.18;21.46;6132752.0
2017-10-13;21.56;21.835;21.37;21.66;4248106.0
2017-10-16;21.67;21.68;21.33;21.45;2632190.0
2017-10-17;21.37;21.6;21.36;21.57;2495932.0
2017-10-18;21.55;21.64;21.14;21.18;3001192.0
2017-10-19;21.21;21.47;21.085;21.26;3554133.0
2017-10-20;21.35;21.35;21.06;21.17;4416787.0
2017-10-23;21.25;21.44;21.1;21.31;4043659.0
2017-10-24;21.33;21.36;20.86;20.88;4717421.0
2017-10-25;20.68;20.86;20.195;20.595;6278730.0
2017-10-26;20.91;20.92;20.175;20.45;6813114.0
2017-10-27;20.36;20.36;19.8;19.95;1.0179558E7
2017-10-30;19.93;20.255;19.93;19.95;7905254.0
2017-10-31;19.92;20.0;18.86;19.46;1.1940806E7
2017-11-01;19.5;19.7;19.4;19.44;6860202.0
2017-11-02;19.43;19.73;19.34;19.67;6399484.0
2017-11-03;19.47;19.5401;18.83;19.1;1.1533684E7
2017-11-06;19.02;19.43;18.99;19.01;8329604.0
2017-11-07;19.01;22.71;19.01;22.2;5.2486852E7
2017-11-09;21.67;22.42;21.55;22.0;1.1625947E7
2017-11-10;21.94;22.28;21.88;22.2;7026025.0
2017-11-13;23.65;24.23;23.36;24.05;3.1735114E7
2017-11-14;23.95;24.1;23.75;23.95;1.1884589E7
2017-11-15;23.87;24.0;23.46;23.85;1.6145038E7
2017-11-16;23.83;24.0;23.69;23.92;7629843.0
2017-11-17;23.86;24.06;23.6;23.66;6798237.0
2017-11-20;23.66;23.67;23.31;23.43;1.3202484E7
2017-11-21;23.44;23.455;23.25;23.35;1.0934512E7
2017-11-22;23.32;23.45;23.25;23.34;9840604.0
2017-11-24;23.45;23.505;23.23;23.35;3135472.0
2017-11-27;23.35;23.42;23.16;23.24;8855859.0
2017-11-28;23.2;23.41;23.11;23.35;5860016.0
2017-11-29;23.35;23.5;23.23;23.4;5426259.0
2017-11-30;23.37;23.57;23.25;23.5;6073853.0
2017-12-01;23.57;23.715;23.42;23.59;5308291.0
2017-12-04;23.67;23.81;23.55;23.63;6722493.0
2017-12-05;23.6;23.64;23.47;23.54;3737623.0
2017-12-06;23.6;23.62;23.34;23.4;5329359.0
2017-12-07;23.41;23.49;23.31;23.4;6482307.0
2017-12-08;23.48;23.48;23.28;23.43;5452389.0
2017-12-11;23.45;23.7;23.25;23.39;9430496.0
2017-12-12;23.61;23.89;23.425;23.77;1.2934245E7
2017-12-13;23.67;23.87;23.56;23.69;6598304.0
2017-12-14;23.485;23.59;23.365;23.42;4833906.0
2017-12-15;23.42;23.52;23.3;23.31;1.0080954E7
2017-12-18;23.37;23.55;23.25;23.28;6771674.0
2017-12-19;23.295;23.46;23.25;23.37;6072184.0
2017-12-20;23.38;23.46;23.09;23.1;5239680.0
2017-12-21;23.19;23.26;22.995;23.07;3191750.0
2017-12-22;23.07;23.57;23.02;23.4;5998167.0
2017-12-26;23.4;23.61;23.2;23.48;4645008.0
2017-12-27;23.5;23.655;23.43;23.47;5520237.0
2017-12-28;23.58;23.59;23.39;23.42;3036923.0
2017-12-29;23.47;23.55;23.35;23.39;3950873.0
2018-01-02;23.47;23.86;23.38;23.74;3177170.0
2018-01-03;23.75;23.815;23.51;23.58;2880145.0
2018-01-04;23.64;23.64;23.2005;23.26;4033062.0
2018-01-05;23.33;23.77;23.22;23.75;5553628.0
2018-01-08;23.73;23.78;23.52;23.56;5819901.0
2018-01-09;23.61;23.69;23.21;23.24;3984543.0
2018-01-10;23.18;23.42;23.11;23.32;4578189.0
2018-01-11;23.33;23.37;23.19;23.23;3680147.0
2018-01-12;23.27;23.35;23.12;23.19;5355218.0
2018-01-16;23.32;23.49;23.07;23.08;3814396.0
2018-01-17;23.2;23.26;23.06;23.21;4502012.0
2018-01-18;23.2;23.21;22.9;22.99;7537514.0
2018-01-19;23.04;23.085;22.92;23.05;5733291.0
2018-01-22;23.01;23.17;22.835;23.17;3677199.0
2018-01-23;23.09;23.62;23.09;23.6;4427208.0
2018-01-24;23.54;23.66;23.35;23.65;5299196.0
2018-01-25;23.61;23.7;23.26;23.6;4940705.0
2018-01-26;23.63;23.86;23.47;23.85;4111490.0
2018-01-29;23.79;23.82;23.37;23.44;2802422.0
2018-01-30;23.4;23.53;23.07;23.11;2905163.0
2018-01-31;23.23;23.26;22.34;23.03;7933412.0
2018-02-01;23.08;23.215;22.67;22.84;3429195.0
2018-02-02;22.55;22.73;22.15;22.52;4783914.0
2018-02-05;22.37;22.49;21.545;21.63;5690216.0
2018-02-06;21.45;21.6;20.93;21.59;6948167.0
2018-02-07;21.58;22.53;21.58;21.97;5683194.0
2018-02-08;21.88;22.09;21.51;21.62;6935761.0
2018-02-09;21.71;22.47;21.125;22.21;9123415.0
2018-02-12;22.26;22.64;21.55;22.5;1.0230012E7
2018-02-13;22.39;22.43;21.69;22.35;6676195.0
2018-02-14;22.16;22.22;21.61;21.76;6450077.0
2018-02-15;21.84;22.11;21.83;22.08;3550303.0
2018-02-16;22.02;22.24;21.82;22.0;3576492.0
2018-02-20;21.97;22.11;21.62;21.62;5438002.0
2018-02-21;21.56;21.7;21.1;21.1;6204240.0
2018-02-22;21.18;21.55;21.18;21.28;3364873.0
2018-02-23;21.35;21.56;21.32;21.52;4839186.0
2018-02-26;21.77;21.95;21.56;21.89;3789682.0
2018-02-27;21.94;22.01;21.06;21.06;3528774.0
2018-02-28;21.13;21.37;21.03;21.17;8601482.0
2018-03-01;21.04;21.59;20.9;21.19;2997568.0
2018-03-02;21.18;21.38;20.84;21.06;3106071.0
2018-03-05;20.9;21.48;20.9;21.35;3507292.0
2018-03-06;21.36;21.47;21.065;21.36;2106403.0
2018-03-07;21.24;21.39;20.985;21.25;4671507.0
2018-03-08;21.32;21.33;21.025;21.11;1840695.0
2018-03-09;21.16;21.2;20.87;21.13;2276622.0
2018-03-12;21.07;21.4;21.07;21.36;3521320.0
2018-03-13;21.45;21.68;21.34;21.43;3878480.0
2018-03-14;21.48;21.69;21.35;21.69;3835326.0
2018-03-15;21.73;21.77;21.43;21.63;3714568.0
2018-03-16;21.65;21.79;21.5225;21.72;9443048.0
2018-03-19;22.14;22.25;21.31;21.52;6490648.0
2018-03-20;21.61;21.7;21.19;21.24;3532296.0
2018-03-21;21.24;21.37;20.94;21.06;4518033.0
2018-03-22;21.01;21.43;20.98;21.12;3999645.0
2018-03-23;21.13;21.36;21.09;21.15;4047715.0
2018-03-26;21.3;21.3;20.955;21.21;2932483.0
2018-03-27;21.15;21.19;20.02;20.08;2.3657536E7
