date;open;high;low;close;volume
1994-06-08;21.13;21.5;21.13;21.25;1851500.0
1994-06-09;21.38;21.38;21.13;21.25;340200.0
1994-06-10;21.38;21.38;21.25;21.25;151800.0
1994-06-13;21.25;21.5;21.25;21.5;148300.0
1994-06-14;21.5;21.63;21.38;21.5;216700.0
1994-06-15;21.5;21.63;21.5;21.5;75300.0
1994-06-16;21.5;21.63;21.38;21.5;76700.0
1994-06-17;21.38;21.5;21.38;21.38;54400.0
1994-06-20;21.5;21.5;20.63;20.88;72300.0
1994-06-21;20.75;20.88;20.63;20.75;90200.0
1994-06-22;20.63;20.75;20.5;20.63;36300.0
1994-06-23;20.63;20.63;20.5;20.5;28400.0
1994-06-24;20.38;20.38;20.0;20.0;70000.0
1994-06-27;20.0;20.0;19.63;20.0;46000.0
1994-06-28;20.13;20.38;20.0;20.19;54700.0
1994-06-29;20.13;20.25;19.75;19.88;41100.0
1994-06-30;20.0;20.0;19.88;19.88;53700.0
1994-07-01;20.0;20.5;20.0;20.5;34000.0
1994-07-05;20.63;20.75;20.5;20.63;10000.0
1994-07-06;20.75;20.88;20.63;20.63;15200.0
1994-07-07;20.63;20.75;20.63;20.75;13300.0
1994-07-08;20.63;20.63;20.5;20.5;6200.0
1994-07-11;20.5;20.75;20.5;20.5;5300.0
1994-07-12;20.63;20.63;20.0;20.25;76000.0
1994-07-13;20.5;20.5;20.13;20.25;29400.0
1994-07-14;20.0;20.13;19.75;20.0;14700.0
1994-07-15;20.0;20.38;20.0;20.25;24500.0
1994-07-18;20.25;20.25;20.0;20.0;9000.0
1994-07-19;20.13;20.5;20.0;20.5;75100.0
1994-07-20;20.63;20.63;20.38;20.38;22500.0
1994-07-21;20.38;20.63;20.38;20.63;8900.0
1994-07-22;20.5;20.75;20.5;20.63;24800.0
1994-07-25;20.75;20.75;20.5;20.75;13200.0
1994-07-26;20.5;20.88;20.5;20.63;25800.0
1994-07-27;20.75;20.75;20.38;20.63;10800.0
1994-07-28;20.75;20.75;20.38;20.5;43100.0
1994-07-29;20.63;20.63;20.38;20.38;26800.0
1994-08-01;20.5;20.63;20.38;20.5;9700.0
1994-08-02;20.5;20.63;20.5;20.5;11400.0
1994-08-03;20.63;20.75;20.5;20.75;5500.0
1994-08-04;20.75;20.75;20.5;20.75;9900.0
1994-08-05;20.5;20.75;20.5;20.63;8300.0
1994-08-08;20.75;20.75;20.63;20.75;10400.0
1994-08-09;20.63;20.75;20.38;20.63;12900.0
1994-08-10;20.5;20.63;20.5;20.63;17800.0
1994-08-11;20.5;20.5;20.25;20.38;10800.0
1994-08-12;20.38;20.5;20.25;20.38;13500.0
1994-08-15;20.38;20.63;20.38;20.63;15500.0
1994-08-16;20.63;20.75;20.63;20.63;18500.0
1994-08-17;20.75;20.88;20.63;20.75;18500.0
1994-08-18;20.88;21.0;20.63;20.75;24700.0
1994-08-19;20.75;20.75;20.63;20.63;5300.0
1994-08-22;20.88;21.0;20.75;20.88;17600.0
1994-08-23;20.88;21.0;20.75;21.0;19700.0
1994-08-24;21.0;21.0;20.75;20.88;4800.0
1994-08-25;20.88;21.0;20.75;20.88;5100.0
1994-08-26;20.88;20.88;20.75;20.88;10000.0
1994-08-29;20.88;21.0;20.75;20.88;10000.0
1994-08-30;20.75;20.88;20.75;20.88;3000.0
1994-08-31;20.88;21.0;20.63;20.88;12900.0
1994-09-01;20.63;21.13;20.63;21.0;28000.0
1994-09-02;21.0;21.0;20.75;21.0;10300.0
1994-09-06;20.88;21.0;20.88;21.0;16500.0
1994-09-07;21.0;21.0;20.88;20.88;104000.0
1994-09-08;20.88;21.13;20.75;20.88;88500.0
1994-09-09;20.75;21.0;20.75;20.88;39600.0
1994-09-12;21.0;21.0;20.75;20.88;8900.0
1994-09-13;20.88;21.0;20.75;20.88;18100.0
1994-09-14;20.88;21.0;20.88;20.88;28700.0
1994-09-15;20.88;21.0;20.75;21.0;8700.0
1994-09-16;20.88;21.0;20.88;21.0;6000.0
1994-09-19;20.75;20.88;20.75;20.88;23600.0
1994-09-20;20.75;20.75;20.63;20.75;30400.0
1994-09-21;21.0;21.0;20.63;20.75;28800.0
1994-09-22;20.75;20.88;20.63;20.75;6000.0
1994-09-23;20.75;20.75;20.5;20.5;16500.0
1994-09-26;20.63;20.75;20.5;20.75;23600.0
1994-09-27;20.63;21.0;20.63;21.0;14500.0
1994-09-28;20.88;21.0;20.75;20.88;6800.0
1994-09-29;20.88;21.0;20.75;21.0;5800.0
1994-09-30;21.0;21.0;20.88;21.0;22400.0
1994-10-03;21.0;21.13;20.88;21.13;9200.0
1994-10-04;21.13;21.13;20.75;20.88;14800.0
1994-10-05;20.75;20.88;20.63;20.88;20200.0
1994-10-06;20.63;20.75;20.63;20.75;8000.0
1994-10-07;20.5;20.75;20.5;20.75;5600.0
1994-10-10;20.63;20.88;20.63;20.88;3100.0
1994-10-11;20.75;20.88;20.75;20.88;4400.0
1994-10-12;20.88;20.88;20.63;20.75;11200.0
1994-10-13;20.88;20.88;20.75;20.75;12700.0
1994-10-14;20.88;20.88;20.75;20.88;9900.0
1994-10-17;20.75;21.0;20.75;21.0;6600.0
1994-10-18;20.88;21.0;20.88;20.88;8500.0
1994-10-19;20.88;21.0;20.88;21.0;26400.0
1994-10-20;20.88;21.0;20.88;20.88;4700.0
1994-10-21;20.88;21.0;20.88;20.88;17300.0
1994-10-24;21.0;21.0;20.75;20.88;44200.0
1994-10-25;20.88;20.88;20.75;20.88;3900.0
1994-10-26;21.0;21.13;20.88;21.13;25700.0
1994-10-27;21.13;21.13;21.0;21.0;8700.0
1994-10-28;21.13;21.13;20.88;21.0;18100.0
1994-10-31;20.75;20.88;20.5;20.63;36300.0
1994-11-01;20.75;20.75;20.63;20.63;7200.0
1994-11-02;20.63;20.75;20.5;20.63;10100.0
1994-11-03;20.63;20.75;20.5;20.63;33500.0
1994-11-04;20.63;20.63;20.5;20.5;8600.0
1994-11-07;20.5;20.5;19.88;20.0;22400.0
1994-11-08;19.88;20.13;19.75;19.88;4000.0
1994-11-09;19.75;20.0;19.75;19.75;6400.0
1994-11-10;19.75;20.13;19.75;19.88;5600.0
1994-11-11;20.0;20.13;19.88;19.88;2500.0
1994-11-14;20.0;20.0;19.75;19.75;19100.0
1994-11-15;19.75;20.0;19.75;20.0;5300.0
1994-11-16;19.88;19.88;19.38;19.5;22200.0
1994-11-17;19.63;19.88;19.5;19.75;8900.0
1994-11-18;19.63;19.88;19.63;19.63;4500.0
1994-11-21;19.63;19.63;19.5;19.63;21900.0
1994-11-22;19.5;19.63;19.38;19.5;7100.0
1994-11-23;19.38;19.5;19.13;19.38;11200.0
1994-11-25;19.25;19.38;19.25;19.38;5900.0
1994-11-28;19.25;19.25;19.13;19.13;4800.0
1994-11-29;19.0;19.0;18.63;18.75;11300.0
1994-11-30;18.75;18.88;18.5;18.88;24900.0
1994-12-01;18.88;19.0;18.88;19.0;52500.0
1994-12-02;18.88;20.38;18.88;20.38;25800.0
1994-12-05;20.5;20.5;20.13;20.38;2400.0
1994-12-06;20.25;20.38;19.88;20.38;23100.0
1994-12-07;20.5;20.5;20.13;20.25;3900.0
1994-12-08;20.0;20.5;20.0;20.13;11700.0
1994-12-09;20.0;20.13;19.5;19.5;22000.0
1994-12-12;19.38;19.5;19.38;19.5;13300.0
1994-12-13;19.38;19.38;18.88;19.0;59000.0
1994-12-14;18.75;19.13;18.75;19.0;196200.0
1994-12-15;19.38;20.25;19.25;20.25;113900.0
1994-12-16;20.5;20.5;20.0;20.25;19700.0
1994-12-19;20.38;20.63;20.25;20.63;26400.0
1994-12-20;20.75;21.13;20.63;21.13;22000.0
1994-12-21;21.13;21.13;20.88;20.88;21200.0
1994-12-22;21.13;21.63;21.0;21.38;36000.0
1994-12-23;21.13;21.13;20.88;21.0;5900.0
1994-12-27;20.88;21.13;20.88;21.13;4500.0
1994-12-28;21.25;21.38;21.0;21.38;4100.0
1994-12-29;21.5;21.5;21.13;21.25;6700.0
1994-12-30;21.13;21.63;21.13;21.63;13800.0
1995-01-03;21.38;21.5;21.25;21.38;22800.0
1995-01-04;21.5;21.63;21.25;21.63;14600.0
1995-01-05;21.63;21.75;21.25;21.5;19200.0
1995-01-06;21.38;21.5;21.0;21.5;45600.0
1995-01-09;21.5;21.63;21.5;21.5;8500.0
1995-01-10;21.38;21.38;21.13;21.25;15400.0
1995-01-11;20.88;20.88;20.75;20.88;20900.0
1995-01-12;21.0;21.0;20.5;20.75;10600.0
1995-01-13;20.38;20.63;20.38;20.5;8300.0
1995-01-16;20.5;20.88;20.5;20.88;5000.0
1995-01-17;20.63;21.0;20.63;21.0;10500.0
1995-01-18;21.0;21.0;20.88;21.0;3200.0
1995-01-19;20.88;21.0;20.75;21.0;5800.0
1995-01-20;20.88;21.0;20.75;20.88;7700.0
1995-01-23;20.63;20.63;20.25;20.38;38300.0
1995-01-24;20.25;20.5;20.25;20.5;16200.0
1995-01-25;20.38;20.38;20.25;20.25;1600.0
1995-01-26;20.13;20.25;19.88;20.0;12900.0
1995-01-27;20.13;20.75;20.13;20.75;6700.0
1995-01-30;20.88;21.0;20.88;21.0;24300.0
1995-01-31;20.63;21.0;20.5;21.0;35400.0
1995-02-01;21.0;21.0;20.75;21.0;16900.0
1995-02-02;20.88;20.88;20.63;20.63;4200.0
1995-02-03;20.63;21.0;20.63;20.88;20600.0
1995-02-06;21.0;21.0;20.75;20.75;7300.0
1995-02-07;20.75;20.88;20.63;20.63;25500.0
1995-02-08;20.75;20.75;20.63;20.75;16500.0
1995-02-09;20.75;21.13;20.75;20.88;37100.0
1995-02-10;21.0;21.63;20.88;21.63;51100.0
1995-02-13;21.5;21.5;20.63;20.63;13700.0
1995-02-14;20.75;20.75;20.63;20.63;14200.0
1995-02-15;20.75;21.0;20.75;20.75;13400.0
1995-02-16;20.75;20.88;20.75;20.75;1298100.0
1995-02-17;20.75;20.88;20.75;20.75;290100.0
1995-02-21;20.75;21.0;20.75;20.75;281500.0
1995-02-22;20.88;20.88;20.75;20.75;34700.0
1995-02-23;20.88;20.88;20.75;20.75;74300.0
1995-02-24;20.75;21.0;20.75;20.88;54200.0
1995-02-27;20.88;20.88;20.75;20.88;38000.0
1995-02-28;20.75;20.88;20.75;20.75;47900.0
1995-03-01;20.88;20.88;20.63;20.88;24600.0
1995-03-02;20.88;20.88;20.63;20.75;17500.0
1995-03-03;20.63;20.75;20.63;20.63;38600.0
1995-03-06;20.75;20.75;20.63;20.75;23500.0
1995-03-07;20.63;20.75;20.63;20.63;68200.0
1995-03-08;20.63;20.75;20.63;20.75;59700.0
1995-03-09;20.63;20.88;20.63;20.63;28600.0
1995-03-10;20.63;20.88;20.63;20.75;57000.0
1995-03-13;20.75;20.88;20.63;20.88;34500.0
1995-03-14;20.75;21.0;20.75;21.0;24900.0
1995-03-15;21.0;21.0;20.63;20.63;48200.0
1995-03-16;20.75;20.88;20.75;20.88;19200.0
1995-03-17;20.75;21.0;20.75;20.75;54100.0
1995-03-20;20.88;21.0;20.88;21.0;43800.0
1995-03-21;21.0;21.38;20.88;21.38;92000.0
1995-03-22;21.38;21.63;21.38;21.5;67500.0
1995-03-23;21.63;21.75;21.5;21.5;37300.0
1995-03-24;21.5;21.75;21.5;21.75;42400.0
1995-03-27;21.63;21.75;21.63;21.63;28900.0
1995-03-28;21.63;21.88;21.5;21.88;55300.0
1995-03-29;22.0;22.0;21.75;21.88;160400.0
1995-03-30;21.63;22.0;21.63;22.0;22300.0
1995-03-31;22.0;22.0;21.63;22.0;53900.0
1995-04-03;21.75;21.75;21.25;21.25;39100.0
1995-04-04;21.38;21.88;21.38;21.88;75000.0
1995-04-05;21.75;21.88;21.63;21.75;43600.0
1995-04-06;21.88;22.0;21.63;21.75;43200.0
1995-04-07;21.63;21.75;21.63;21.75;12700.0
1995-04-10;21.88;21.88;21.75;21.75;52700.0
1995-04-11;22.13;22.13;21.88;22.0;47400.0
1995-04-12;22.13;22.25;22.0;22.13;85900.0
1995-04-13;22.0;22.0;21.75;21.75;42100.0
1995-04-17;21.75;22.0;21.75;21.75;10300.0
1995-04-18;21.75;21.88;21.75;21.88;12500.0
1995-04-19;22.0;22.0;21.75;22.0;26500.0
1995-04-20;21.88;22.0;21.88;21.88;71100.0
1995-04-21;21.88;22.0;21.63;21.88;24800.0
1995-04-24;21.75;22.0;21.75;21.75;51300.0
1995-04-25;21.75;21.88;21.63;21.63;8600.0
1995-04-26;21.75;22.25;21.5;22.13;27000.0
1995-04-27;22.0;22.0;21.75;21.88;18700.0
1995-04-28;21.75;22.0;21.75;22.0;13200.0
1995-05-01;21.75;22.0;21.63;21.75;24300.0
1995-05-02;21.88;22.38;21.75;22.25;69400.0
1995-05-03;22.25;22.5;22.25;22.38;35300.0
1995-05-04;22.38;22.38;21.88;22.25;53500.0
1995-05-05;22.25;22.75;22.13;22.63;21100.0
1995-05-08;22.88;23.0;22.75;22.88;73200.0
1995-05-09;22.63;23.38;22.63;23.25;83400.0
1995-05-10;23.5;24.13;23.0;23.5;54400.0
1995-05-11;23.38;23.5;23.0;23.5;47300.0
1995-05-12;23.38;23.38;22.88;23.0;69300.0
1995-05-15;23.0;23.13;22.88;22.88;22700.0
1995-05-16;22.88;22.88;22.63;22.88;14500.0
1995-05-17;22.88;22.88;22.63;22.75;19400.0
1995-05-18;22.88;23.25;22.75;23.25;50300.0
1995-05-19;23.25;23.25;23.0;23.13;32200.0
1995-05-22;23.13;23.25;23.0;23.25;17100.0
1995-05-23;23.25;23.38;23.13;23.25;28900.0
1995-05-24;23.25;23.25;23.13;23.25;16200.0
1995-05-25;23.25;23.5;23.13;23.38;36500.0
1995-05-26;23.38;23.38;23.13;23.25;10100.0
1995-05-30;23.38;23.75;23.38;23.63;55800.0
1995-05-31;23.75;24.13;23.63;24.13;33800.0
1995-06-01;24.0;24.63;24.0;24.63;110500.0
1995-06-02;24.5;24.88;24.25;24.5;104500.0
1995-06-05;24.38;24.63;24.13;24.5;37600.0
1995-06-06;24.5;25.0;24.25;24.75;70900.0
1995-06-07;24.63;24.88;24.5;24.63;27900.0
1995-06-08;24.63;24.63;24.38;24.5;32200.0
1995-06-09;24.63;24.75;24.38;24.75;59300.0
1995-06-12;24.63;24.75;24.38;24.5;13800.0
1995-06-13;24.5;24.5;24.38;24.38;14900.0
1995-06-14;24.0;24.75;23.5;23.88;160700.0
1995-06-15;23.75;24.25;23.63;24.25;84000.0
1995-06-16;24.13;24.5;24.0;24.13;35100.0
1995-06-19;24.0;24.38;24.0;24.13;42900.0
1995-06-20;24.5;24.5;24.13;24.5;33500.0
1995-06-21;24.5;24.5;24.0;24.13;48300.0
1995-06-22;24.13;24.13;24.0;24.0;43500.0
1995-06-23;24.13;24.38;23.88;24.0;47000.0
1995-06-26;24.25;24.5;24.0;24.25;36100.0
1995-06-27;24.25;24.25;24.0;24.0;17100.0
1995-06-28;23.88;24.38;23.88;24.25;14700.0
1995-06-29;24.25;24.38;24.13;24.25;16300.0
1995-06-30;24.25;25.5;24.13;25.5;69900.0
1995-07-03;25.0;25.63;24.75;24.88;37700.0
1995-07-05;24.75;25.0;24.63;24.63;49200.0
1995-07-06;24.75;25.38;24.5;25.13;30700.0
1995-07-07;25.38;26.0;25.38;25.88;51300.0
1995-07-10;26.0;26.25;25.63;25.75;46700.0
1995-07-11;25.75;26.0;25.38;26.0;44900.0
1995-07-12;26.0;26.13;25.75;25.88;53000.0
1995-07-13;25.75;26.0;25.38;25.5;39300.0
1995-07-14;25.38;25.75;25.25;25.75;31300.0
1995-07-17;25.63;25.88;25.5;25.63;30300.0
1995-07-18;25.63;26.0;25.5;25.75;101200.0
1995-07-19;25.88;25.88;25.25;25.5;93200.0
1995-07-20;25.38;25.5;25.38;25.38;24200.0
1995-07-21;25.38;25.38;25.0;25.0;45500.0
1995-07-24;25.0;25.25;24.88;25.25;27600.0
1995-07-25;25.0;25.0;24.38;24.88;28100.0
1995-07-26;25.0;25.13;24.75;25.13;33700.0
1995-07-27;25.0;25.13;25.0;25.0;52500.0
1995-07-28;25.0;25.25;25.0;25.13;52700.0
1995-07-31;25.13;25.25;25.0;25.25;9900.0
1995-08-01;25.13;25.25;25.13;25.25;28400.0
1995-08-02;24.88;25.0;24.75;24.75;17000.0
1995-08-03;24.63;25.0;24.25;24.88;59300.0
1995-08-04;24.88;25.25;24.88;25.0;11900.0
1995-08-07;25.0;25.0;24.5;24.75;20600.0
1995-08-08;24.75;24.88;24.63;24.75;33500.0
1995-08-09;24.75;24.75;24.38;24.5;26900.0
1995-08-10;24.5;24.5;24.13;24.25;42500.0
1995-08-11;24.0;24.38;24.0;24.0;50400.0
1995-08-14;24.0;24.0;23.88;23.88;45700.0
1995-08-15;24.0;24.5;23.88;24.5;57400.0
1995-08-16;24.5;24.63;24.38;24.5;1348500.0
1995-08-17;24.5;24.63;24.5;24.63;163600.0
1995-08-18;24.5;24.63;24.5;24.5;127400.0
1995-08-21;24.63;24.63;24.25;24.38;138300.0
1995-08-22;24.25;24.5;24.25;24.25;77600.0
1995-08-23;24.38;24.5;24.38;24.44;92800.0
1995-08-24;24.63;24.63;24.38;24.5;49700.0
1995-08-25;24.5;24.63;24.5;24.5;41300.0
1995-08-28;24.63;24.63;24.5;24.5;51100.0
1995-08-29;24.5;24.63;24.5;24.5;37500.0
1995-08-30;24.56;24.63;24.5;24.63;45400.0
1995-08-31;24.88;25.13;24.75;25.0;139500.0
1995-09-01;24.88;25.38;24.88;25.25;109700.0
1995-09-05;25.5;25.88;25.38;25.75;152800.0
1995-09-06;25.75;26.0;25.75;25.88;125300.0
1995-09-07;25.88;26.0;25.88;26.0;71900.0
1995-09-08;26.0;26.13;26.0;26.13;43000.0
1995-09-11;26.13;26.5;26.0;26.25;54100.0
1995-09-12;26.13;27.0;26.13;26.5;93200.0
1995-09-13;26.5;27.0;26.5;26.88;54200.0
1995-09-14;26.88;27.0;26.75;26.88;88900.0
1995-09-15;26.75;26.88;26.63;26.75;52200.0
1995-09-18;26.63;26.63;26.25;26.5;199000.0
1995-09-19;26.63;26.75;26.13;26.25;97600.0
1995-09-20;26.25;26.63;26.25;26.38;22600.0
1995-09-21;26.38;26.63;26.25;26.25;26900.0
1995-09-22;26.13;26.38;26.13;26.25;14900.0
1995-09-25;26.13;26.5;26.13;26.38;30300.0
1995-09-26;26.5;26.5;26.13;26.25;53100.0
1995-09-27;26.25;26.38;26.13;26.13;13700.0
1995-09-28;26.13;26.25;26.13;26.25;14100.0
1995-09-29;26.38;26.38;26.13;26.38;40300.0
1995-10-02;26.38;26.38;26.13;26.38;126300.0
1995-10-03;26.5;26.5;26.38;26.5;11100.0
1995-10-04;26.5;26.5;26.38;26.38;47500.0
1995-10-05;26.38;26.5;26.25;26.38;102000.0
1995-10-06;26.38;26.5;26.38;26.5;26800.0
1995-10-09;26.5;26.5;26.25;26.38;22100.0
1995-10-10;26.38;26.75;26.25;26.5;59700.0
1995-10-11;26.5;26.63;26.38;26.5;54000.0
1995-10-12;26.5;26.88;26.5;26.88;45300.0
1995-10-13;27.0;27.0;26.5;26.63;26300.0
1995-10-16;26.75;26.88;26.63;26.88;87600.0
1995-10-17;26.88;26.88;26.5;26.5;53400.0
1995-10-18;26.5;26.63;26.38;26.38;60200.0
1995-10-19;26.5;26.5;26.38;26.5;46300.0
1995-10-20;26.38;26.75;26.38;26.63;72700.0
1995-10-23;26.63;26.75;26.5;26.75;20300.0
1995-10-24;26.63;26.75;26.5;26.75;31700.0
1995-10-25;26.63;26.75;26.5;26.75;41600.0
1995-10-26;26.63;26.88;26.5;26.75;25500.0
1995-10-27;26.63;26.75;26.63;26.63;21200.0
1995-10-30;26.63;26.75;26.63;26.63;18700.0
1995-10-31;26.63;26.75;26.63;26.63;216600.0
1995-11-01;26.5;26.88;26.5;26.63;81400.0
1995-11-02;26.5;26.75;26.5;26.5;15300.0
1995-11-03;26.5;26.63;26.5;26.5;6700.0
1995-11-06;26.5;26.63;26.5;26.63;20800.0
1995-11-07;26.5;26.75;26.5;26.75;17600.0
1995-11-08;26.13;26.38;26.0;26.38;16200.0
1995-11-09;26.13;26.5;26.0;26.5;12300.0
1995-11-10;26.38;26.5;26.38;26.5;119600.0
1995-11-13;26.38;26.5;26.25;26.5;4100.0
1995-11-14;26.38;26.63;25.88;25.88;109800.0
1995-11-15;26.38;26.5;26.13;26.13;60700.0
1995-11-16;26.13;26.13;26.0;26.0;22700.0
1995-11-17;26.13;26.13;25.88;26.0;17800.0
1995-11-20;25.88;26.13;25.88;26.0;33300.0
1995-11-21;26.13;26.13;26.0;26.0;10400.0
1995-11-22;26.13;26.13;25.5;25.5;52600.0
1995-11-24;25.88;26.0;25.88;25.88;12800.0
1995-11-27;26.0;26.5;26.0;26.5;12400.0
1995-11-28;26.38;26.38;26.13;26.13;23200.0
1995-11-29;26.38;26.38;26.13;26.25;49200.0
1995-11-30;26.38;26.38;26.13;26.38;4800.0
1995-12-01;26.25;26.5;26.13;26.25;20200.0
1995-12-04;26.38;26.63;26.38;26.63;13100.0
1995-12-05;26.38;26.75;26.25;26.75;18500.0
1995-12-06;26.75;26.88;26.63;26.75;48000.0
1995-12-07;26.88;27.25;26.88;27.13;25000.0
1995-12-08;27.13;27.25;26.88;26.88;18100.0
1995-12-11;27.13;27.63;27.13;27.63;14300.0
1995-12-12;27.75;28.0;27.25;27.63;105800.0
1995-12-13;27.75;28.0;27.63;27.63;19700.0
1995-12-14;27.88;27.88;27.5;27.88;28400.0
1995-12-15;28.38;28.38;27.38;27.5;63900.0
1995-12-18;27.25;27.25;26.5;26.75;52400.0
1995-12-19;26.63;26.88;26.63;26.88;52500.0
1995-12-20;26.88;27.25;26.88;27.13;5100.0
1995-12-21;27.13;28.0;27.13;27.75;13200.0
1995-12-22;28.0;28.38;27.88;28.38;13100.0
1995-12-26;28.25;28.5;28.25;28.38;3100.0
1995-12-27;28.13;28.25;28.0;28.13;12600.0
1995-12-28;28.13;28.25;28.0;28.13;15700.0
1995-12-29;28.0;28.25;27.88;28.25;66500.0
1996-01-02;28.0;28.0;27.5;27.75;54700.0
1996-01-03;27.75;28.12;27.62;28.0;41200.0
1996-01-04;28.0;28.0;27.5;27.75;3000.0
1996-01-05;27.75;28.125;27.625;28.0;34900.0
1996-01-08;28.0;28.25;27.88;28.12;7100.0
1996-01-09;28.25;28.5;28.25;28.25;14700.0
1996-01-10;28.0;28.25;27.875;28.125;8500.0
1996-01-11;28.25;28.5;28.25;28.25;14800.0
1996-01-12;28.0;28.5;27.625;28.375;34000.0
1996-01-15;27.88;28.12;27.75;27.75;37800.0
1996-01-16;27.88;28.12;27.75;28.0;17200.0
1996-01-17;27.875;28.125;27.75;27.75;55000.0
1996-01-18;27.875;28.125;27.75;28.0;19400.0
1996-01-19;27.875;28.0;27.875;28.0;20400.0
1996-01-22;28.0;28.0;27.88;27.88;55800.0
1996-01-23;28.0;28.0;27.75;28.0;22600.0
1996-01-24;28.0;28.0;27.875;27.875;24800.0
1996-01-25;28.0;28.0;27.75;28.0;271100.0
1996-01-26;27.875;28.0;27.75;28.0;30800.0
1996-01-29;29.25;29.25;28.88;29.25;58700.0
1996-01-30;29.38;30.0;29.25;29.88;89000.0
1996-01-31;29.25;29.25;28.875;29.25;94800.0
1996-02-01;29.375;30.0;29.25;29.875;59000.0
1996-02-02;30.0;30.5;29.875;30.5;57900.0
1996-02-05;29.625;29.75;29.625;29.625;18700.0
1996-02-06;29.625;29.875;29.625;29.875;82100.0
1996-02-07;29.25;29.625;29.25;29.625;29900.0
1996-02-08;29.625;29.75;29.5;29.5;16800.0
1996-02-09;29.5;30.0;29.5;30.0;16700.0
1996-02-12;30.0;30.25;29.875;30.0;56800.0
1996-02-13;29.75;30.25;29.5;30.125;88500.0
1996-02-14;30.125;30.125;30.0;30.0;44700.0
1996-02-15;30.125;30.25;30.0;30.25;49500.0
1996-02-16;30.0;30.125;30.0;30.0;35800.0
1996-02-20;29.75;30.0;29.625;29.625;45400.0
1996-02-21;29.625;30.0;29.625;29.875;17600.0
1996-02-22;30.0;30.0;29.875;30.0;20600.0
1996-02-23;30.125;30.25;30.0;30.125;77700.0
1996-02-26;30.0;30.125;29.75;29.875;64500.0
1996-02-27;29.75;30.125;29.75;30.0;44600.0
1996-02-28;29.875;29.875;29.75;29.875;77900.0
1996-02-29;29.75;30.0;29.75;30.0;69400.0
1996-03-01;29.88;30.0;29.62;30.0;47600.0
1996-03-04;30.0;30.0;29.75;29.75;9000.0
1996-03-05;30.0;30.0;29.75;29.75;20700.0
1996-03-06;30.0;30.0;29.75;29.75;38800.0
1996-03-07;29.875;30.0;29.75;29.75;19200.0
1996-03-08;29.875;30.0;29.75;29.875;32000.0
1996-03-11;29.62;29.75;29.62;29.62;38300.0
1996-03-12;29.62;29.62;29.12;29.12;43600.0
1996-03-13;29.625;29.75;29.625;29.625;60900.0
1996-03-14;29.625;29.625;29.125;29.125;28200.0
1996-03-15;28.875;28.875;28.375;28.75;47600.0
1996-03-18;29.62;29.75;29.5;29.5;15000.0
1996-03-19;29.38;29.5;29.0;29.0;15700.0
1996-03-20;29.625;29.75;29.5;29.5;8500.0
1996-03-21;29.375;29.5;29.0;29.0;9900.0
1996-03-22;29.0;29.125;29.0;29.0;11600.0
1996-03-25;29.12;29.12;28.88;29.0;33300.0
1996-03-26;28.75;28.88;28.38;28.5;44100.0
1996-03-27;29.125;29.125;28.875;29.0;149900.0
1996-03-28;28.75;28.875;28.375;28.5;159200.0
1996-03-29;28.375;28.375;27.875;28.0;65900.0
1996-04-01;27.75;27.88;27.5;27.5;43600.0
1996-04-02;27.75;27.875;27.5;27.5;35000.0
1996-04-03;27.75;28.625;27.75;28.625;53400.0
1996-04-04;28.5;28.875;28.5;28.875;43100.0
1996-04-08;29.38;29.5;29.0;29.0;22200.0
1996-04-09;29.375;29.5;29.0;29.0;9800.0
1996-04-10;29.0;29.125;29.0;29.125;16300.0
1996-04-11;28.875;29.0;28.375;28.5;13300.0
1996-04-12;28.5;28.5;28.125;28.375;115800.0
1996-04-15;28.38;28.38;28.38;28.38;3900.0
1996-04-16;28.375;28.375;28.375;28.375;11500.0
1996-04-17;28.375;28.625;28.375;28.625;23000.0
1996-04-18;28.625;28.625;28.25;28.375;44100.0
1996-04-19;28.5;28.5;28.125;28.5;166500.0
1996-04-22;28.62;28.62;28.25;28.25;44100.0
1996-04-23;28.625;28.625;28.25;28.25;45200.0
1996-04-24;28.375;28.375;28.25;28.375;34300.0
1996-04-25;28.25;28.625;28.125;28.625;13500.0
1996-04-26;28.625;28.875;28.625;28.875;32800.0
1996-04-29;28.5;28.88;28.5;28.75;25200.0
1996-04-30;28.5;28.875;28.5;28.75;211400.0
1996-05-01;29.0;30.375;29.0;30.25;122800.0
1996-05-02;29.88;29.88;29.62;29.62;85700.0
1996-05-03;30.0;30.375;29.875;29.875;218700.0
1996-05-06;29.12;29.12;28.88;28.88;12900.0
1996-05-07;28.88;29.12;28.75;28.88;53300.0
1996-05-08;29.125;29.125;28.875;28.875;21600.0
1996-05-09;28.875;29.125;28.75;28.875;9400.0
1996-05-10;28.75;28.75;28.5;28.625;29600.0
1996-05-13;28.75;29.25;28.62;29.25;11900.0
1996-05-14;29.12;29.25;29.12;29.25;37000.0
1996-05-15;28.75;29.25;28.625;29.25;78500.0
1996-05-16;29.125;29.25;29.125;29.25;59000.0
1996-05-17;29.25;29.5;29.25;29.375;9000.0
1996-05-20;29.12;29.12;28.88;28.88;12700.0
1996-05-21;29.0;29.12;28.5;28.62;249000.0
1996-05-22;29.125;29.125;28.875;28.875;28100.0
1996-05-23;29.0;29.125;28.5;28.625;13000.0
1996-05-24;28.625;29.5;28.625;29.5;6900.0
1996-05-28;29.75;29.75;29.5;29.5;6900.0
1996-05-29;29.5;29.62;29.38;29.5;18800.0
1996-05-30;29.75;29.75;29.5;29.5;7700.0
1996-05-31;29.5;29.625;29.375;29.5;21100.0
1996-06-03;29.25;29.38;29.25;29.38;4900.0
1996-06-04;29.25;29.375;29.25;29.375;31100.0
1996-06-05;29.25;29.375;29.25;29.375;10900.0
1996-06-06;29.25;29.375;29.125;29.25;28600.0
1996-06-07;29.25;29.25;28.5;28.5;6400.0
1996-06-10;28.38;28.38;28.12;28.12;37500.0
1996-06-11;28.12;28.25;28.0;28.12;4900.0
1996-06-12;28.125;28.25;28.0;28.125;30600.0
1996-06-13;27.875;28.0;27.875;27.875;7600.0
1996-06-14;28.0;28.0;27.875;28.0;58000.0
1996-06-17;27.75;27.75;27.25;27.38;28600.0
1996-06-18;27.75;27.75;27.25;27.375;42200.0
1996-06-19;27.375;27.625;27.25;27.5;130600.0
1996-06-20;27.5;27.5;27.125;27.375;167900.0
1996-06-21;27.25;27.375;26.875;26.875;3546900.0
1996-06-24;27.38;27.5;27.0;27.38;673000.0
1996-06-25;27.375;27.5;27.0;27.375;393300.0
1996-06-26;27.375;27.5;27.25;27.375;475100.0
1996-06-27;27.5;27.625;27.375;27.625;326800.0
1996-06-28;27.375;27.625;27.25;27.5;145600.0
1996-07-01;27.75;27.88;27.62;27.62;153300.0
1996-07-02;27.75;27.75;27.25;27.25;191100.0
1996-07-03;27.75;27.875;27.625;27.625;185100.0
1996-07-05;27.25;27.875;27.25;27.875;222500.0
1996-07-08;27.62;27.62;27.38;27.5;88700.0
1996-07-09;27.38;27.62;27.38;27.38;55100.0
1996-07-10;27.625;27.625;27.375;27.5;118800.0
1996-07-11;27.375;27.625;27.375;27.375;88100.0
1996-07-12;27.375;27.5;27.375;27.5;39800.0
1996-07-15;27.38;27.62;27.38;27.38;157300.0
1996-07-16;27.25;27.38;26.5;27.0;104700.0
1996-07-17;27.375;27.625;27.375;27.375;41000.0
1996-07-18;27.375;27.375;26.5;27.0;39200.0
1996-07-19;27.125;27.125;27.0;27.0;54600.0
1996-07-22;27.38;27.5;27.25;27.25;24900.0
1996-07-23;27.25;27.5;27.12;27.12;49800.0
1996-07-24;27.375;27.5;27.25;27.25;89500.0
1996-07-25;27.25;27.5;27.125;27.125;138300.0
1996-07-26;27.375;27.375;27.25;27.25;88400.0
1996-07-29;27.75;27.75;27.5;27.75;34900.0
1996-07-30;27.62;28.0;27.62;27.75;105100.0
1996-07-31;27.75;27.75;27.5;27.75;67300.0
1996-08-01;27.625;28.0;27.625;27.75;47100.0
1996-08-02;28.0;28.5;27.88;28.38;204300.0
1996-08-05;28.5;28.5;28.25;28.25;59700.0
1996-08-06;28.38;28.62;28.25;28.38;106500.0
1996-08-07;28.5;28.5;28.25;28.25;85800.0
1996-08-08;28.375;28.625;28.25;28.375;43100.0
1996-08-09;28.125;28.125;27.875;27.875;30500.0
1996-08-12;28.38;28.5;28.25;28.5;32000.0
1996-08-13;28.38;28.62;28.38;28.62;38500.0
1996-08-14;28.375;28.5;28.25;28.5;58900.0
1996-08-15;28.375;28.625;28.375;28.625;42100.0
1996-08-16;28.5;28.75;28.375;28.5;47800.0
1996-08-19;29.0;29.12;28.88;29.0;36100.0
1996-08-20;28.88;29.12;28.88;28.88;39100.0
1996-08-21;29.0;29.125;28.875;29.0;94300.0
1996-08-22;28.875;29.125;28.875;28.875;53800.0
1996-08-23;28.875;29.25;28.875;29.0;65000.0
1996-08-26;28.88;29.25;28.88;29.0;46500.0
1996-08-27;29.12;29.12;28.88;29.0;16200.0
1996-08-28;28.875;29.25;28.875;29.0;45100.0
1996-08-29;29.125;29.125;28.875;29.0;26100.0
1996-08-30;28.875;29.375;28.875;29.25;178000.0
1996-09-03;29.75;29.88;29.12;29.88;46400.0
1996-09-04;29.75;29.875;29.125;29.875;58300.0
1996-09-05;29.75;29.875;29.625;29.75;136400.0
1996-09-06;29.75;29.75;29.25;29.25;27900.0
1996-09-09;29.38;29.5;29.25;29.5;68800.0
1996-09-10;29.375;29.5;29.25;29.5;76500.0
1996-09-11;29.375;29.375;29.125;29.25;71000.0
1996-09-12;29.25;29.5;29.25;29.5;90100.0
1996-09-13;29.5;29.5;29.25;29.5;53300.0
1996-09-16;29.88;29.88;29.5;29.75;78400.0
1996-09-17;29.75;29.875;29.5;29.75;110400.0
1996-09-18;29.625;29.75;29.5;29.5;16300.0
1996-09-19;29.5;29.5;29.375;29.375;34700.0
1996-09-20;29.375;29.875;29.375;29.75;53100.0
1996-09-23;29.5;29.5;29.25;29.38;30000.0
1996-09-24;29.5;29.5;29.25;29.375;79800.0
1996-09-25;29.375;29.5;29.125;29.25;60100.0
1996-09-26;29.25;29.25;28.75;29.0;28000.0
1996-09-27;28.875;29.25;28.875;29.25;61000.0
1996-09-30;29.75;30.38;29.75;30.38;40100.0
1996-10-01;29.875;30.375;29.75;30.375;120200.0
1996-10-02;30.5;30.75;30.5;30.62;103800.0
1996-10-03;30.25;30.625;30.0;30.5;92500.0
1996-10-04;30.5;30.75;30.5;30.625;56000.0
1996-10-07;29.88;30.25;29.88;30.0;68800.0
1996-10-08;30.12;30.12;29.62;29.75;58500.0
1996-10-09;30.0;30.25;29.875;30.0;58300.0
1996-10-10;29.875;30.125;29.625;29.75;48800.0
1996-10-11;29.5;29.625;29.25;29.25;51400.0
1996-10-14;29.62;29.62;29.5;29.62;79000.0
1996-10-15;29.75;29.88;29.5;29.5;88900.0
1996-10-16;29.625;29.625;29.5;29.625;37800.0
1996-10-17;29.75;29.875;29.5;29.5;80100.0
1996-10-18;29.5;29.75;29.375;29.5;96800.0
1996-10-21;29.5;29.62;29.12;29.25;85300.0
1996-10-22;29.12;29.38;28.62;28.75;76100.0
1996-10-23;29.625;29.625;29.125;29.25;29700.0
1996-10-24;29.125;29.375;28.625;28.75;122300.0
1996-10-25;28.75;28.75;28.625;28.75;24500.0
1996-10-28;29.5;29.5;29.12;29.38;73700.0
1996-10-29;29.38;29.38;28.88;28.88;64100.0
1996-10-30;29.5;29.5;29.125;29.375;70700.0
1996-10-31;29.375;29.375;28.875;28.875;79000.0
1996-11-01;29.0;29.0;28.5;28.5;49800.0
1996-11-04;28.75;29.0;28.62;28.88;60900.0
1996-11-05;28.75;29.0;28.625;28.875;26100.0
1996-11-06;29.0;29.625;29.0;29.625;52600.0
1996-11-07;29.625;30.25;29.5;30.0;22300.0
1996-11-08;30.125;30.5;30.0;30.5;213800.0
1996-11-11;30.0;30.0;29.75;30.0;540000.0
1996-11-12;30.0;30.0;29.75;30.0;72900.0
1996-11-13;29.75;29.875;28.875;29.125;32900.0
1996-11-14;29.0;29.25;29.0;29.125;2543900.0
1996-11-15;29.0;29.125;28.875;29.0;110600.0
1996-11-18;29.0;29.62;29.0;29.5;49800.0
1996-11-19;29.0;29.625;29.0;29.5;66400.0
1996-11-20;29.625;29.75;29.375;29.375;86400.0
1996-11-21;29.75;30.0;29.5;29.5;149400.0
1996-11-22;29.625;29.625;29.125;29.25;66400.0
1996-11-25;30.0;30.0;29.62;29.88;91200.0
1996-11-26;30.0;30.0;29.625;29.875;130200.0
1996-11-27;29.75;30.125;29.625;30.125;29300.0
1996-11-29;30.5;30.75;30.38;30.75;14500.0
1996-12-02;30.75;30.88;30.62;30.88;27700.0
1996-12-03;31.12;31.5;31.12;31.25;60300.0
1996-12-04;31.25;31.75;31.25;31.75;74700.0
1996-12-05;31.5;31.5;31.12;31.12;98000.0
1996-12-06;30.38;31.0;30.12;30.88;255700.0
1996-12-09;31.0;31.12;30.75;30.75;59900.0
1996-12-10;30.88;31.12;30.75;31.0;76700.0
1996-12-11;31.0;31.0;30.62;30.75;59500.0
1996-12-12;31.0;31.5;30.88;31.25;112300.0
1996-12-13;31.5;31.62;31.25;31.62;146100.0
1996-12-16;31.75;32.0;31.25;31.25;96700.0
1996-12-17;31.25;31.25;30.75;31.0;264700.0
1996-12-18;31.12;31.38;31.0;31.25;87900.0
1996-12-19;31.25;31.88;30.62;31.88;151200.0
1996-12-20;31.88;32.0;31.5;32.0;125800.0
1996-12-23;32.12;32.12;31.75;32.0;30600.0
1996-12-24;32.0;32.0;31.62;31.75;34600.0
1996-12-26;31.62;31.75;31.38;31.75;23600.0
1996-12-27;31.75;32.5;31.75;32.5;78200.0
1996-12-30;32.75;33.38;32.62;33.12;167000.0
1996-12-31;33.12;33.88;33.12;33.75;208000.0
1997-01-02;33.5;33.75;32.63;33.13;74800.0
1997-01-03;33.13;33.25;32.88;33.13;65500.0
1997-01-06;33.0;33.13;32.88;33.0;42000.0
1997-01-07;32.88;33.63;32.63;33.63;82100.0
1997-01-08;33.75;33.88;33.25;33.38;51900.0
1997-01-09;33.25;33.63;33.13;33.38;127300.0
1997-01-10;33.25;33.88;33.25;33.63;64800.0
1997-01-13;33.75;34.25;33.63;34.13;117300.0
1997-01-14;34.13;34.75;33.88;34.63;71200.0
1997-01-15;34.63;34.88;34.38;34.88;178000.0
1997-01-16;34.88;34.88;34.63;34.63;164500.0
1997-01-17;34.38;34.63;34.25;34.5;79400.0
1997-01-20;34.38;34.5;34.38;34.5;28600.0
1997-01-21;34.38;34.5;34.25;34.5;21900.0
1997-01-22;34.25;34.63;34.13;34.5;36100.0
1997-01-23;34.5;34.88;34.38;34.75;36300.0
1997-01-24;34.75;35.0;34.63;34.88;28400.0
1997-01-27;34.88;35.0;34.38;34.63;29500.0
1997-01-28;34.38;34.75;34.38;34.38;49900.0
1997-01-29;34.63;34.88;34.63;34.88;100700.0
1997-01-30;34.75;35.25;34.75;34.88;43900.0
1997-01-31;35.0;35.0;34.75;35.0;97200.0
1997-02-03;34.88;35.25;34.63;35.25;20100.0
1997-02-04;35.38;35.5;35.13;35.5;30800.0
1997-02-05;35.63;35.75;35.38;35.5;36500.0
1997-02-06;35.5;35.63;35.13;35.38;61400.0
1997-02-07;35.38;35.5;35.0;35.38;153600.0
1997-02-10;35.38;35.5;34.75;34.75;89700.0
1997-02-11;35.0;35.5;34.75;35.38;112700.0
1997-02-12;34.88;35.0;34.63;34.75;54300.0
1997-02-13;35.13;35.13;34.88;35.13;61300.0
1997-02-14;35.13;35.13;34.75;35.0;1533000.0
1997-02-18;34.88;35.0;34.75;34.88;26500.0
1997-02-19;34.88;35.0;34.75;35.0;49600.0
1997-02-20;34.88;35.0;34.63;34.75;69700.0
1997-02-21;34.88;34.88;34.5;34.63;59600.0
1997-02-24;34.63;34.88;34.0;34.0;220400.0
1997-02-25;34.0;34.63;34.0;34.38;70500.0
1997-02-26;34.5;34.5;33.75;34.25;73100.0
1997-02-27;34.38;34.38;34.25;34.25;20000.0
1997-02-28;34.38;34.5;34.13;34.5;73900.0
1997-03-03;34.38;34.63;34.25;34.63;36400.0
1997-03-04;34.75;35.0;34.63;35.0;142300.0
1997-03-05;34.88;35.0;34.75;34.88;58300.0
1997-03-06;34.88;35.13;34.88;35.0;42300.0
1997-03-07;35.13;35.13;34.75;34.88;134500.0
1997-03-10;35.0;35.38;34.88;35.0;77300.0
1997-03-11;35.0;35.0;34.88;35.0;71800.0
1997-03-12;35.0;35.38;34.88;35.25;27700.0
1997-03-13;35.25;35.25;35.0;35.0;40300.0
1997-03-14;35.25;35.63;35.25;35.5;31300.0
1997-03-17;35.25;35.38;34.88;35.0;155800.0
1997-03-18;34.88;35.0;34.5;34.5;28800.0
1997-03-19;34.5;34.75;34.0;34.0;116700.0
1997-03-20;34.25;34.75;33.88;34.75;49800.0
1997-03-21;34.75;34.88;34.63;34.75;196300.0
1997-03-24;34.38;35.25;34.25;35.13;69800.0
1997-03-25;35.0;35.25;34.25;34.38;38300.0
1997-03-26;34.38;35.0;34.38;35.0;85900.0
1997-03-27;34.88;34.88;33.88;34.25;106600.0
1997-03-31;34.25;34.25;33.5;33.5;60900.0
1997-04-01;33.25;33.25;32.75;33.13;42800.0
1997-04-02;33.0;33.5;33.0;33.13;138000.0
1997-04-03;33.25;33.38;32.38;32.88;70900.0
1997-04-04;32.63;32.63;32.13;32.63;34200.0
1997-04-07;32.5;32.63;32.13;32.13;102300.0
1997-04-08;32.25;32.75;32.25;32.75;72700.0
1997-04-09;32.5;32.75;32.13;32.75;101100.0
1997-04-10;32.5;32.88;32.38;32.38;72400.0
1997-04-11;32.25;32.25;31.13;31.88;129600.0
1997-04-14;32.0;32.13;31.13;31.25;47900.0
1997-04-15;31.5;32.13;31.0;32.13;42500.0
1997-04-16;31.88;32.0;31.25;31.38;81700.0
1997-04-17;31.5;31.5;30.88;31.0;70400.0
1997-04-18;30.88;31.38;30.88;31.0;50000.0
1997-04-21;31.0;31.25;31.0;31.25;56600.0
1997-04-22;31.38;31.38;31.13;31.25;48800.0
1997-04-23;31.5;31.5;31.0;31.13;42700.0
1997-04-24;31.38;31.75;31.0;31.0;71200.0
1997-04-25;31.13;31.25;30.88;30.88;10700.0
1997-04-28;31.13;31.5;30.88;31.38;27800.0
1997-04-29;31.5;32.13;31.38;31.63;88500.0
1997-04-30;31.63;31.63;30.88;31.38;56000.0
1997-05-01;31.25;31.5;31.25;31.38;113500.0
1997-05-02;31.25;31.75;31.25;31.63;68000.0
1997-05-05;31.75;31.88;31.5;31.88;132800.0
1997-05-06;31.88;32.0;31.75;32.0;539500.0
1997-05-07;31.5;31.63;31.38;31.5;72400.0
1997-05-08;31.5;31.75;31.38;31.5;37800.0
1997-05-09;31.5;31.75;31.5;31.63;1354300.0
1997-05-12;31.75;31.75;31.5;31.75;15500.0
1997-05-13;31.75;31.75;31.25;31.25;71900.0
1997-05-14;31.38;31.38;31.0;31.0;60300.0
1997-05-15;31.0;31.13;30.75;30.75;30500.0
1997-05-16;30.5;30.63;30.13;30.25;185700.0
1997-05-19;30.25;30.38;30.0;30.0;100500.0
1997-05-20;30.13;30.63;30.13;30.5;68200.0
1997-05-21;30.63;30.63;30.38;30.38;92000.0
1997-05-22;30.63;30.88;30.5;30.63;143100.0
1997-05-23;30.38;30.63;30.38;30.5;65700.0
1997-05-27;30.63;30.63;30.25;30.5;43400.0
1997-05-28;30.63;30.63;30.38;30.5;58400.0
1997-05-29;30.38;30.38;30.0;30.13;65300.0
1997-05-30;30.0;30.25;30.0;30.25;128600.0
1997-06-02;30.5;30.5;30.13;30.25;42600.0
1997-06-03;30.38;30.38;30.13;30.38;64100.0
1997-06-04;30.25;30.25;29.88;30.13;46700.0
1997-06-05;30.13;30.25;30.13;30.25;50300.0
1997-06-06;30.25;30.5;30.25;30.5;124100.0
1997-06-09;30.5;30.75;30.38;30.63;115600.0
1997-06-10;30.88;31.0;30.75;31.0;31100.0
1997-06-11;31.25;31.88;31.0;31.75;33700.0
1997-06-12;31.88;32.25;31.75;32.13;106900.0
1997-06-13;32.38;32.75;32.25;32.38;87000.0
1997-06-16;32.25;32.38;31.88;32.0;68800.0
1997-06-17;32.0;32.0;31.38;31.63;28600.0
1997-06-18;31.63;32.0;31.38;32.0;39400.0
1997-06-19;32.5;32.75;32.0;32.0;92000.0
1997-06-20;32.0;32.25;32.0;32.25;108200.0
1997-06-23;32.38;32.38;31.75;31.75;45500.0
1997-06-24;31.5;32.13;31.38;31.5;122200.0
1997-06-25;31.5;31.75;31.38;31.63;183500.0
1997-06-26;31.63;32.25;31.5;32.13;404100.0
1997-06-27;32.25;32.63;31.75;32.63;81600.0
1997-06-30;32.38;32.38;32.0;32.25;94600.0
1997-07-01;32.0;32.38;31.75;32.38;107000.0
1997-07-02;32.38;32.38;32.13;32.25;54600.0
1997-07-03;32.13;32.38;32.0;32.25;31400.0
1997-07-07;32.25;32.25;31.88;31.88;118300.0
1997-07-08;31.81;32.38;31.75;32.25;34900.0
1997-07-09;32.13;32.5;32.13;32.38;43800.0
1997-07-10;32.75;32.75;32.75;32.75;19300.0
1997-07-11;32.75;32.88;32.75;32.88;11900.0
1997-07-14;33.5;33.63;33.25;33.63;39900.0
1997-07-15;33.5;33.5;33.5;33.5;45100.0
1997-07-16;33.63;34.13;33.63;34.0;83300.0
1997-07-17;34.25;34.25;34.0;34.0;51300.0
1997-07-18;33.88;34.0;33.75;33.75;19100.0
1997-07-21;33.88;34.0;33.63;33.75;26100.0
1997-07-22;33.75;33.88;33.63;33.63;22400.0
1997-07-23;33.63;33.75;33.63;33.63;53300.0
1997-07-24;33.63;33.63;33.38;33.38;15800.0
1997-07-25;33.63;33.88;33.38;33.88;23600.0
1997-07-28;34.13;34.13;34.0;34.13;18500.0
1997-07-29;34.13;34.25;33.5;33.5;37700.0
1997-07-30;33.38;33.38;33.0;33.38;86400.0
1997-07-31;33.5;33.63;33.25;33.38;44700.0
1997-08-01;33.25;33.5;33.0;33.38;41000.0
1997-08-04;33.13;33.25;32.63;33.0;114700.0
1997-08-05;33.0;33.5;32.88;33.0;100200.0
1997-08-06;32.38;32.63;32.0;32.5;42100.0
1997-08-07;32.63;32.63;32.38;32.38;3499400.0
1997-08-08;32.25;32.5;32.25;32.25;83800.0
1997-08-11;32.38;32.63;31.75;32.25;34300.0
1997-08-12;32.25;32.5;32.25;32.38;67100.0
1997-08-13;32.38;32.5;32.25;32.25;108000.0
1997-08-14;32.25;32.38;31.88;31.88;55000.0
1997-08-15;31.88;32.0;31.38;31.38;37600.0
1997-08-18;31.5;31.56;31.31;31.5;47300.0
1997-08-19;31.5;31.5;31.13;31.38;36800.0
1997-08-20;31.38;31.5;31.31;31.44;134100.0
1997-08-21;31.19;31.19;30.75;31.13;92800.0
1997-08-22;31.0;31.13;30.81;31.06;86600.0
1997-08-25;31.06;32.0;31.0;31.75;48300.0
1997-08-26;31.88;32.25;31.63;32.25;70000.0
1997-08-27;32.25;32.38;32.13;32.25;43300.0
1997-08-28;32.25;32.38;32.0;32.13;27800.0
1997-08-29;32.38;32.63;32.0;32.5;52700.0
1997-09-02;32.5;32.63;32.38;32.63;124800.0
1997-09-03;32.75;33.0;32.38;32.38;72100.0
1997-09-04;33.13;33.38;32.63;33.13;101000.0
1997-09-05;33.25;33.38;33.0;33.13;151400.0
1997-09-08;33.13;33.25;33.0;33.0;28900.0
1997-09-09;33.13;33.38;33.0;33.0;133800.0
1997-09-10;32.75;33.25;32.75;33.25;93200.0
1997-09-11;33.13;33.25;32.75;33.0;104000.0
1997-09-12;33.13;33.38;33.13;33.38;70700.0
1997-09-15;33.25;34.38;33.25;34.38;99400.0
1997-09-16;35.5;35.63;34.75;35.0;147600.0
1997-09-17;35.0;35.25;34.5;35.0;105900.0
1997-09-18;35.25;35.75;35.13;35.63;29200.0
1997-09-19;35.75;36.0;35.63;35.88;57400.0
1997-09-22;35.63;36.0;35.5;35.5;66100.0
1997-09-23;35.38;35.5;34.75;35.13;68900.0
1997-09-24;35.13;35.25;34.88;35.0;22700.0
1997-09-25;35.0;35.13;34.88;35.13;20400.0
1997-09-26;35.0;35.13;35.0;35.0;2190600.0
1997-09-29;35.0;35.13;35.0;35.0;320900.0
1997-09-30;35.0;35.5;35.0;35.38;279100.0
1997-10-01;35.25;35.5;35.13;35.5;218100.0
1997-10-02;35.38;35.5;35.13;35.38;103700.0
1997-10-03;35.5;35.88;35.38;35.88;187100.0
1997-10-06;35.88;36.0;35.38;35.38;279300.0
1997-10-07;35.5;35.63;35.5;35.5;220300.0
1997-10-08;35.5;35.63;35.25;35.38;96500.0
1997-10-09;34.63;35.13;34.38;35.0;104900.0
1997-10-10;34.75;35.0;33.75;34.63;192000.0
1997-10-13;34.63;34.75;34.13;34.63;105700.0
1997-10-14;34.5;34.63;34.13;34.38;120400.0
1997-10-15;34.25;34.88;34.25;34.75;105500.0
1997-10-16;34.63;34.63;34.38;34.5;103500.0
1997-10-17;34.25;34.63;34.0;34.63;162000.0
1997-10-20;34.5;34.5;33.75;33.75;114700.0
1997-10-21;33.75;34.13;33.75;33.75;59200.0
1997-10-22;34.13;34.75;33.63;34.75;112500.0
1997-10-23;34.13;34.5;33.88;34.38;58400.0
1997-10-24;34.38;35.0;34.38;35.0;296900.0
1997-10-27;34.88;34.88;33.0;33.0;271500.0
1997-10-28;32.75;33.75;31.5;33.63;236800.0
1997-10-29;33.88;33.88;33.13;33.38;86000.0
1997-10-30;33.25;33.75;32.5;33.5;97500.0
1997-10-31;33.38;34.5;33.25;34.5;146300.0
1997-11-03;34.38;34.75;34.25;34.5;213400.0
1997-11-04;34.63;34.63;34.0;34.38;96300.0
1997-11-05;34.38;34.5;33.75;34.0;179400.0
1997-11-06;33.5;34.0;33.0;34.0;143300.0
1997-11-07;33.75;33.75;33.13;33.25;87400.0
1997-11-10;33.25;33.56;33.0;33.56;96000.0
1997-11-11;33.38;34.13;33.38;34.0;557200.0
1997-11-12;33.19;33.94;33.0;33.0;138200.0
1997-11-13;32.75;32.88;32.38;32.63;42900.0
1997-11-14;32.63;34.75;32.63;34.75;3065000.0
1997-11-17;34.63;34.63;34.0;34.25;65500.0
1997-11-18;34.25;34.63;34.13;34.19;133000.0
1997-11-19;34.13;34.5;34.13;34.44;71200.0
1997-11-20;34.5;34.81;34.5;34.63;158700.0
1997-11-21;34.75;34.75;34.56;34.63;80500.0
1997-11-24;35.0;35.19;34.75;35.0;296700.0
1997-11-25;35.25;35.38;35.0;35.31;225000.0
1997-11-26;35.56;35.56;35.13;35.44;125200.0
1997-11-28;35.5;35.94;35.5;35.94;73700.0
1997-12-01;35.88;36.06;35.75;35.88;141700.0
1997-12-02;35.94;35.94;35.5;35.5;152900.0
1997-12-03;35.63;35.75;35.38;35.75;265100.0
1997-12-04;35.63;35.94;35.5;35.69;135000.0
1997-12-05;35.69;35.75;35.44;35.56;123700.0
1997-12-08;35.63;35.81;35.5;35.75;194100.0
1997-12-09;35.63;35.94;35.5;35.56;152900.0
1997-12-10;35.5;35.69;34.94;34.94;222100.0
1997-12-11;35.0;35.69;34.88;35.38;114600.0
1997-12-12;35.31;35.5;35.0;35.38;113100.0
1997-12-15;35.25;35.5;35.13;35.38;167300.0
1997-12-16;35.38;35.5;35.31;35.5;101400.0
1997-12-17;35.56;35.63;34.75;35.19;117800.0
1997-12-18;35.19;35.19;34.69;34.94;55900.0
1997-12-19;34.81;34.88;34.13;34.25;141800.0
1997-12-22;34.31;34.5;34.0;34.06;130300.0
1997-12-23;34.19;35.81;34.19;35.5;234400.0
1997-12-24;35.63;36.0;35.5;35.56;55900.0
1997-12-26;35.75;35.88;35.5;35.5;23200.0
1997-12-29;35.75;35.75;35.13;35.69;128100.0
1997-12-30;35.69;37.63;35.63;37.38;182400.0
1997-12-31;37.5;37.88;36.88;37.19;226300.0
1998-01-02;37.13;37.44;36.75;37.44;60100.0
1998-01-05;37.44;37.44;36.75;36.81;169500.0
1998-01-06;36.94;37.0;36.5;36.69;149600.0
1998-01-07;36.75;36.75;36.06;36.31;229300.0
1998-01-08;36.31;36.38;36.0;36.25;68200.0
1998-01-09;36.38;36.38;35.75;35.81;45900.0
1998-01-12;35.69;35.88;35.31;35.88;315700.0
1998-01-13;36.06;36.88;35.5;36.06;122100.0
1998-01-14;36.19;37.13;36.19;37.06;108800.0
1998-01-15;37.06;37.25;36.31;36.56;254300.0
1998-01-16;36.69;37.0;36.44;36.81;106600.0
1998-01-20;36.81;37.0;36.69;36.81;98200.0
1998-01-21;36.75;36.75;35.88;36.06;118300.0
1998-01-22;35.88;36.38;35.88;36.38;537000.0
1998-01-23;36.25;36.5;36.0;36.44;155900.0
1998-01-26;36.44;36.5;36.0;36.25;73500.0
1998-01-27;36.25;36.88;36.13;36.44;118700.0
1998-01-28;36.44;36.63;36.19;36.5;73800.0
1998-01-29;36.5;36.69;36.38;36.44;88900.0
1998-01-30;36.44;36.44;36.0;36.19;49000.0
1998-02-02;36.13;36.25;35.44;35.75;246100.0
1998-02-03;35.31;36.0;35.06;35.38;207000.0
1998-02-04;35.5;35.94;35.25;35.81;207800.0
1998-02-05;35.81;36.0;35.38;35.44;2141800.0
1998-02-06;35.31;36.0;35.31;36.0;132500.0
1998-02-09;36.0;36.25;36.0;36.13;153900.0
1998-02-10;36.5;36.56;35.75;35.75;235800.0
1998-02-11;35.75;35.94;35.06;35.06;74200.0
1998-02-12;35.06;35.25;34.75;34.75;175200.0
1998-02-13;34.88;35.0;34.13;34.25;177000.0
1998-02-17;34.5;34.56;33.75;34.0;157300.0
1998-02-18;34.0;34.44;33.88;34.31;147800.0
1998-02-19;34.56;34.94;34.25;34.25;93900.0
1998-02-20;34.25;34.63;34.19;34.19;114400.0
1998-02-23;34.19;34.81;34.13;34.63;143700.0
1998-02-24;34.75;35.38;34.69;35.38;112900.0
1998-02-25;35.25;35.5;35.13;35.44;113400.0
1998-02-26;35.5;35.81;35.38;35.44;40400.0
1998-02-27;35.44;35.5;34.56;34.81;59500.0
1998-03-02;34.88;34.94;34.38;34.63;108900.0
1998-03-03;34.5;34.75;34.13;34.31;74600.0
1998-03-04;34.06;34.25;33.94;34.25;51300.0
1998-03-05;34.0;34.31;33.88;34.19;78900.0
1998-03-06;34.19;34.31;33.13;33.25;285900.0
1998-03-09;33.5;33.69;32.63;32.63;235300.0
1998-03-10;32.75;32.75;32.25;32.25;226900.0
1998-03-11;32.5;33.13;32.31;33.0;229900.0
1998-03-12;33.06;33.63;33.0;33.44;138000.0
1998-03-13;33.31;33.63;33.25;33.56;74700.0
1998-03-16;33.44;33.75;33.31;33.5;108800.0
1998-03-17;33.44;33.56;33.31;33.44;191000.0
1998-03-18;33.5;33.56;33.31;33.5;226200.0
1998-03-19;33.63;33.75;33.5;33.63;71900.0
1998-03-20;33.88;34.5;33.88;34.13;139600.0
1998-03-23;34.38;34.38;33.88;34.19;72900.0
1998-03-24;34.31;34.69;34.31;34.63;147500.0
1998-03-25;34.69;35.13;34.63;35.0;174200.0
1998-03-26;35.0;35.25;34.75;35.06;50100.0
1998-03-27;35.13;35.25;34.88;35.0;120200.0
1998-03-30;35.19;35.38;35.06;35.06;68600.0
1998-03-31;35.06;35.44;35.06;35.31;95000.0
1998-04-01;35.19;35.44;35.13;35.31;72700.0
1998-04-02;35.25;35.38;35.25;35.25;60800.0
1998-04-03;35.38;35.38;34.25;35.25;142400.0
1998-04-06;35.25;35.44;34.56;34.63;88300.0
1998-04-07;34.5;34.69;34.19;34.63;307600.0
1998-04-08;34.69;34.75;34.19;34.19;97900.0
1998-04-09;34.25;34.31;33.69;33.69;92600.0
1998-04-13;33.81;34.31;33.63;34.25;156800.0
1998-04-14;34.13;34.38;33.81;33.81;97500.0
1998-04-15;33.81;33.94;33.5;33.5;90400.0
1998-04-16;33.56;33.69;33.13;33.13;67800.0
1998-04-17;33.19;33.5;32.88;32.94;158100.0
1998-04-20;33.06;33.25;32.88;32.88;116100.0
1998-04-21;32.75;33.69;32.63;33.19;118200.0
1998-04-22;33.25;33.88;33.25;33.5;89700.0
1998-04-23;33.56;34.0;33.56;33.88;109600.0
1998-04-24;33.94;34.5;33.63;33.81;70200.0
1998-04-27;33.75;33.81;32.88;33.19;92700.0
1998-04-28;33.25;33.75;33.25;33.5;37800.0
1998-04-29;33.75;34.0;33.63;33.88;30000.0
1998-04-30;33.94;34.25;33.81;34.0;155600.0
1998-05-01;34.13;34.69;34.13;34.38;93500.0
1998-05-04;34.5;35.0;34.44;34.88;83000.0
1998-05-05;34.06;34.25;33.94;34.13;57700.0
1998-05-06;34.13;34.13;33.69;33.81;90400.0
1998-05-07;33.81;34.19;33.69;34.13;3627700.0
1998-05-08;34.13;34.88;34.06;34.75;134000.0
1998-05-11;34.5;34.56;34.0;34.0;207200.0
1998-05-12;33.88;34.0;33.5;34.0;67400.0
1998-05-13;34.0;34.19;33.75;34.0;126300.0
1998-05-14;33.88;34.0;33.44;33.63;54900.0
1998-05-15;33.5;33.69;33.25;33.5;41800.0
1998-05-18;33.5;34.06;33.44;33.44;75300.0
1998-05-19;33.38;33.56;33.13;33.25;180500.0
1998-05-20;33.31;33.31;32.69;32.69;90300.0
1998-05-21;32.81;32.94;32.56;32.69;172300.0
1998-05-22;32.75;32.81;32.5;32.56;269400.0
1998-05-26;32.56;32.69;31.94;32.44;86700.0
1998-05-27;32.19;32.38;31.75;32.38;97800.0
1998-05-28;32.56;33.06;32.25;32.5;152400.0
1998-05-29;32.75;33.19;32.63;33.0;176600.0
1998-06-01;33.13;33.5;32.81;32.81;97500.0
1998-06-02;32.75;33.0;32.75;32.81;40900.0
1998-06-03;32.81;32.88;32.5;32.56;203000.0
1998-06-04;32.69;32.88;32.31;32.81;35100.0
1998-06-05;32.75;32.81;32.19;32.44;85100.0
1998-06-08;32.5;32.5;32.19;32.25;58900.0
1998-06-09;32.31;32.31;31.81;31.81;115100.0
1998-06-10;31.88;31.88;31.12;31.44;109000.0
1998-06-11;31.5;31.56;31.25;31.31;80000.0
1998-06-12;31.19;31.38;30.5;30.69;113500.0
1998-06-15;30.75;31.5;30.44;31.25;233900.0
1998-06-16;31.13;31.5;31.06;31.06;98200.0
1998-06-17;31.19;31.44;31.06;31.06;56500.0
1998-06-18;31.06;31.75;31.06;31.25;97100.0
1998-06-19;31.13;31.44;31.06;31.06;92300.0
1998-06-22;31.19;31.31;31.06;31.06;37600.0
1998-06-23;31.13;31.25;31.0;31.25;92200.0
1998-06-24;31.13;31.13;30.63;30.88;189400.0
1998-06-25;30.75;31.25;30.69;31.25;136500.0
1998-06-26;31.06;31.25;31.0;31.06;139400.0
1998-06-29;31.0;32.31;31.0;32.25;188600.0
1998-06-30;32.88;32.94;32.25;32.31;339100.0
1998-07-01;32.38;32.38;31.69;32.25;56700.0
1998-07-02;32.31;32.38;32.25;32.25;105800.0
1998-07-06;32.19;32.5;32.19;32.38;70500.0
1998-07-07;32.38;33.25;32.38;32.94;244100.0
1998-07-08;33.0;33.0;32.5;32.63;161600.0
1998-07-09;32.69;32.75;32.56;32.75;147100.0
1998-07-10;32.75;33.0;32.63;32.69;90900.0
1998-07-13;32.81;32.88;32.25;32.25;58300.0
1998-07-14;32.25;32.44;32.0;32.25;296400.0
1998-07-15;32.31;32.31;31.81;31.88;97100.0
1998-07-16;31.88;32.31;31.88;32.19;88100.0
1998-07-17;32.19;32.44;32.0;32.38;156900.0
1998-07-20;32.38;32.5;32.06;32.25;123400.0
1998-07-21;32.13;32.25;31.88;31.94;155200.0
1998-07-22;31.88;31.94;31.63;31.63;162300.0
1998-07-23;31.69;31.81;31.38;31.38;59900.0
1998-07-24;31.38;31.5;31.06;31.25;96600.0
1998-07-27;31.13;31.19;30.75;31.06;295400.0
1998-07-28;31.13;31.13;30.69;30.75;165500.0
1998-07-29;30.69;31.0;30.63;30.63;158900.0
1998-07-30;30.63;30.75;30.44;30.75;65400.0
1998-07-31;30.88;31.0;30.69;30.94;67100.0
1998-08-03;31.0;31.13;30.56;30.56;70600.0
1998-08-04;30.06;30.19;29.0;29.0;233100.0
1998-08-05;29.0;29.0;27.75;28.63;475500.0
1998-08-06;28.38;28.56;27.88;28.31;2483900.0
1998-08-07;28.06;29.31;27.94;29.13;185700.0
1998-08-10;29.13;29.25;28.94;28.94;83800.0
1998-08-11;28.06;28.5;27.5;28.38;331600.0
1998-08-12;28.06;28.5;27.5;28.38;125200.0
1998-08-13;28.31;28.69;28.31;28.5;95200.0
1998-08-14;28.56;28.81;28.5;28.56;114600.0
1998-08-17;28.81;28.81;28.31;28.56;129800.0
1998-08-18;28.44;28.88;28.31;28.44;213600.0
1998-08-19;28.5;28.5;28.19;28.19;45300.0
1998-08-20;28.25;28.25;27.38;27.56;191500.0
1998-08-21;27.38;28.25;27.0;28.25;155900.0
1998-08-24;28.44;28.44;27.31;27.38;112200.0
1998-08-25;27.44;27.69;27.0;27.0;124800.0
1998-08-26;26.25;27.88;26.13;27.88;184900.0
1998-08-27;27.38;27.5;27.06;27.25;133700.0
1998-08-28;27.5;27.5;25.75;25.75;170400.0
1998-08-31;26.0;26.25;25.25;25.44;388300.0
1998-09-01;25.56;26.0;25.44;25.69;226000.0
1998-09-02;25.75;26.13;25.19;25.5;181600.0
1998-09-03;25.63;25.63;25.13;25.31;118600.0
1998-09-04;24.88;25.13;24.69;25.0;176600.0
1998-09-08;25.25;25.94;25.0;25.13;221400.0
1998-09-09;25.13;25.19;24.81;25.06;200600.0
1998-09-10;24.94;24.94;23.88;24.06;232100.0
1998-09-11;24.0;24.0;22.75;23.0;219700.0
1998-09-14;23.31;24.81;23.31;24.44;389400.0
1998-09-15;24.63;24.94;24.38;24.94;353900.0
1998-09-16;25.0;25.13;24.75;25.0;147000.0
1998-09-17;24.81;25.0;24.5;24.88;142200.0
1998-09-18;24.88;25.56;24.75;25.44;187900.0
1998-09-21;25.19;26.13;25.0;25.88;244500.0
1998-09-22;26.13;27.88;26.0;27.13;586100.0
1998-09-23;27.75;28.31;27.38;27.75;513000.0
1998-09-24;27.94;28.38;27.75;28.0;363800.0
1998-09-25;27.88;27.94;27.63;27.69;108500.0
1998-09-28;27.38;28.13;27.38;28.0;152400.0
1998-09-29;27.88;28.0;27.38;27.5;123000.0
1998-09-30;27.44;27.81;27.13;27.75;223900.0
1998-10-01;27.63;27.63;26.5;26.5;93500.0
1998-10-02;26.56;26.94;26.19;26.63;111800.0
1998-10-05;26.63;26.69;25.13;25.25;137700.0
1998-10-06;25.63;25.88;25.56;25.69;167100.0
1998-10-07;25.63;25.81;25.25;25.25;159300.0
1998-10-08;25.25;25.25;23.31;24.06;106500.0
1998-10-09;24.06;25.25;24.06;25.25;133900.0
1998-10-12;25.25;25.94;25.25;25.44;127500.0
1998-10-13;25.56;25.88;25.25;25.69;162900.0
1998-10-14;25.56;25.81;25.5;25.75;122100.0
1998-10-15;25.75;26.13;25.5;25.81;47500.0
1998-10-16;26.0;26.88;26.0;26.56;249200.0
1998-10-19;26.44;27.31;26.0;27.0;143900.0
1998-10-20;27.25;28.0;27.13;28.0;112800.0
1998-10-21;28.06;28.06;27.31;27.31;97500.0
1998-10-22;27.31;27.31;26.75;26.88;148000.0
1998-10-23;26.88;27.06;26.56;26.56;86700.0
1998-10-26;26.56;27.0;26.56;26.69;132700.0
1998-10-27;26.94;27.0;26.63;26.63;304200.0
1998-10-28;26.5;27.0;26.5;26.94;115800.0
1998-10-29;27.0;27.0;26.88;26.94;166100.0
1998-10-30;26.94;28.0;26.88;27.94;150800.0
1998-11-02;28.06;28.25;27.94;28.13;145800.0
1998-11-03;28.38;29.0;28.25;28.75;143900.0
1998-11-04;28.88;29.13;28.5;28.81;87500.0
1998-11-05;28.88;28.88;27.81;28.19;151200.0
1998-11-06;27.69;27.94;27.5;27.75;67600.0
1998-11-09;27.69;27.75;27.5;27.69;49800.0
1998-11-10;27.38;27.44;26.31;26.75;2514200.0
1998-11-11;26.75;26.94;26.19;26.5;241600.0
1998-11-12;26.13;26.38;25.63;26.0;91600.0
1998-11-13;26.0;26.25;25.44;25.81;165000.0
1998-11-16;25.69;26.94;25.56;26.06;122500.0
1998-11-17;26.0;26.63;26.0;26.56;106900.0
1998-11-18;26.63;27.13;26.5;26.94;127000.0
1998-11-19;27.19;27.63;27.13;27.56;82900.0
1998-11-20;27.63;27.75;26.88;27.38;123700.0
1998-11-23;27.5;27.75;26.94;27.13;69400.0
1998-11-24;27.13;27.69;27.13;27.19;191500.0
1998-11-25;27.25;28.0;27.25;27.75;89400.0
1998-11-27;27.94;27.94;27.63;27.75;36300.0
1998-11-30;27.63;27.63;26.88;27.19;102800.0
1998-12-01;27.25;27.38;26.94;27.0;79500.0
1998-12-02;27.0;27.13;26.94;27.06;77600.0
1998-12-03;27.13;27.63;27.0;27.31;71200.0
1998-12-04;27.56;27.56;27.0;27.25;149900.0
1998-12-07;27.25;27.5;27.25;27.25;112400.0
1998-12-08;27.38;27.44;26.88;26.94;159600.0
1998-12-09;26.88;26.88;26.25;26.25;88900.0
1998-12-10;26.75;26.88;26.0;26.0;144800.0
1998-12-11;26.0;26.06;25.5;25.69;64500.0
1998-12-14;25.75;25.75;25.19;25.25;239300.0
1998-12-15;25.06;25.63;24.88;25.44;150000.0
1998-12-16;25.31;25.88;25.31;25.63;164000.0
1998-12-17;25.75;26.38;25.31;25.63;132200.0
1998-12-18;25.56;26.25;25.5;26.06;224200.0
1998-12-21;26.06;26.13;25.94;26.0;168300.0
1998-12-22;26.13;26.25;25.94;25.94;186500.0
1998-12-23;25.94;26.13;25.5;25.56;135100.0
1998-12-24;25.38;25.81;25.38;25.75;34700.0
1998-12-28;25.75;25.94;25.38;25.38;129900.0
1998-12-29;25.31;25.38;25.0;25.06;147100.0
1998-12-30;25.0;25.0;24.69;24.88;145700.0
1998-12-31;24.88;25.94;24.75;25.75;166400.0
1999-01-04;25.75;26.06;25.44;25.69;623600.0
1999-01-05;25.75;25.75;25.44;25.5;109100.0
1999-01-06;25.44;25.75;25.38;25.5;169300.0
1999-01-07;25.63;25.63;25.44;25.44;215700.0
1999-01-08;25.44;25.56;25.44;25.5;196400.0
1999-01-11;25.5;25.75;25.31;25.63;103900.0
1999-01-12;25.5;25.5;25.0;25.38;93600.0
1999-01-13;25.13;25.38;25.06;25.06;65800.0
1999-01-14;25.19;25.19;25.06;25.06;86500.0
1999-01-15;25.06;25.25;24.81;24.81;189300.0
1999-01-19;24.88;25.5;24.81;25.44;140000.0
1999-01-20;25.5;25.69;24.88;25.13;88600.0
1999-01-21;25.13;25.31;24.81;24.94;45200.0
1999-01-22;24.94;24.94;24.38;24.44;128700.0
1999-01-25;24.5;25.06;24.0;25.06;474600.0
1999-01-26;25.0;25.19;24.75;24.75;141900.0
1999-01-27;24.75;24.94;24.63;24.63;233500.0
1999-01-28;24.63;24.75;24.5;24.56;141200.0
1999-01-29;24.56;24.63;24.0;24.13;176800.0
1999-02-01;24.25;24.44;24.0;24.13;116200.0
1999-02-02;23.5;23.75;23.44;23.5;87400.0
1999-02-03;23.5;23.69;23.38;23.69;116700.0
1999-02-04;23.63;24.0;23.63;23.88;5666800.0
1999-02-05;23.75;23.88;23.38;23.81;197900.0
1999-02-08;23.75;23.88;23.31;23.31;114300.0
1999-02-09;23.31;23.75;23.31;23.56;155300.0
1999-02-10;23.5;23.69;23.5;23.56;121500.0
1999-02-11;23.56;23.63;23.31;23.38;124500.0
1999-02-12;23.5;23.56;23.19;23.19;90400.0
1999-02-16;23.19;23.5;23.19;23.25;164400.0
1999-02-17;23.38;23.94;23.38;23.63;96000.0
1999-02-18;24.5;24.5;23.69;23.69;211400.0
1999-02-19;23.75;23.75;23.56;23.56;170600.0
1999-02-22;23.75;24.13;23.75;23.94;310100.0
1999-02-23;24.06;24.19;23.69;23.88;191000.0
1999-02-24;24.0;24.13;23.69;23.69;135700.0
1999-02-25;23.69;24.0;23.5;23.69;163500.0
1999-02-26;23.63;23.94;23.38;23.94;140200.0
1999-03-01;23.94;24.0;23.0;23.31;400100.0
1999-03-02;23.44;24.19;23.44;23.88;227600.0
1999-03-03;24.0;24.13;23.75;23.94;220000.0
1999-03-04;24.0;24.19;23.56;23.75;133900.0
1999-03-05;23.88;24.31;23.88;23.88;121300.0
1999-03-08;23.94;23.94;23.5;23.5;92500.0
1999-03-09;23.5;23.88;23.5;23.75;135100.0
1999-03-10;24.0;24.75;23.75;23.88;169200.0
1999-03-11;24.06;24.19;23.94;24.0;215600.0
1999-03-12;24.06;24.31;23.81;24.13;141400.0
1999-03-15;24.31;24.31;24.0;24.0;56400.0
1999-03-16;24.06;24.13;24.0;24.0;85400.0
1999-03-17;24.06;24.31;24.0;24.0;143900.0
1999-03-18;24.06;24.19;23.63;23.81;417200.0
1999-03-19;23.75;23.75;22.94;23.19;415000.0
1999-03-22;23.25;23.31;22.94;22.94;289400.0
1999-03-23;23.0;23.25;22.94;23.13;176800.0
1999-03-24;23.13;23.13;22.38;22.38;326500.0
1999-03-25;22.5;22.75;22.19;22.19;336800.0
1999-03-26;22.19;22.63;22.13;22.44;275000.0
1999-03-29;22.63;22.81;22.5;22.5;222200.0
1999-03-30;22.5;23.25;22.5;23.19;150800.0
1999-03-31;23.44;23.56;23.19;23.56;129100.0
1999-04-01;23.94;23.94;22.5;23.13;150500.0
1999-04-05;23.13;23.31;22.88;23.25;87300.0
1999-04-06;23.25;23.56;23.25;23.25;133400.0
1999-04-07;23.38;23.63;23.19;23.19;119800.0
1999-04-08;23.31;23.38;23.0;23.0;95100.0
1999-04-09;22.75;22.94;22.63;22.75;131300.0
1999-04-12;22.81;23.88;22.81;23.81;189600.0
1999-04-13;23.69;24.63;23.69;23.88;319300.0
1999-04-14;23.94;24.31;23.88;23.88;115100.0
1999-04-15;24.06;24.38;24.06;24.31;145500.0
1999-04-16;24.38;25.13;24.38;25.0;530200.0
1999-04-19;26.5;26.5;25.63;25.94;205100.0
1999-04-20;25.94;26.0;25.75;25.81;105100.0
1999-04-21;25.69;26.06;25.69;26.0;498200.0
1999-04-22;26.0;26.25;25.94;26.0;761500.0
1999-04-23;26.13;26.25;25.94;25.94;324600.0
1999-04-26;26.31;26.31;25.69;25.94;94300.0
1999-04-27;25.81;26.0;25.63;25.69;681100.0
1999-04-28;25.69;25.81;25.56;25.75;263900.0
1999-04-29;25.94;26.0;25.75;25.75;231200.0
1999-04-30;25.81;26.13;25.69;25.75;490000.0
1999-05-03;25.81;26.25;25.81;26.0;335000.0
1999-05-04;26.0;27.25;26.0;26.75;263500.0
1999-05-05;25.81;26.13;25.56;25.81;182500.0
1999-05-06;25.81;25.94;25.63;25.63;147900.0
1999-05-07;25.81;26.0;25.63;25.63;2928300.0
1999-05-10;25.75;26.75;25.75;26.13;276700.0
1999-05-11;26.25;26.94;26.25;26.81;222700.0
1999-05-12;26.88;28.0;26.88;27.44;709300.0
1999-05-13;27.5;27.75;27.38;27.5;286800.0
1999-05-14;27.5;27.5;27.0;27.0;148500.0
1999-05-17;27.0;27.25;26.25;26.5;190200.0
1999-05-18;26.44;26.44;25.75;25.75;220400.0
1999-05-19;25.94;26.38;25.94;26.13;349600.0
1999-05-20;26.75;26.75;26.25;26.31;146400.0
1999-05-21;26.44;26.5;26.25;26.44;208900.0
1999-05-24;26.63;26.63;26.19;26.44;236900.0
1999-05-25;26.38;26.69;26.38;26.5;518100.0
1999-05-26;26.56;26.63;26.31;26.44;76800.0
1999-05-27;26.44;26.56;26.44;26.56;147200.0
1999-05-28;26.63;26.94;26.31;26.38;157700.0
1999-06-01;26.44;26.56;25.94;25.94;170300.0
1999-06-02;26.0;26.5;25.88;26.38;133000.0
1999-06-03;26.56;26.69;26.13;26.13;234500.0
1999-06-04;26.25;26.63;25.63;25.81;171800.0
1999-06-07;25.81;26.25;25.81;25.94;91900.0
1999-06-08;26.0;26.5;26.0;26.1;115100.0
1999-06-09;26.38;26.75;26.38;26.75;211800.0
1999-06-10;26.81;26.94;26.5;26.69;172500.0
1999-06-11;26.63;26.81;26.63;26.81;185600.0
1999-06-14;26.81;27.0;26.63;26.69;72700.0
1999-06-15;26.94;27.13;26.81;27.06;113300.0
1999-06-16;27.06;27.63;27.06;27.44;172700.0
1999-06-17;27.38;27.56;27.13;27.5;189200.0
1999-06-18;27.5;27.75;27.5;27.69;134000.0
1999-06-21;27.81;27.81;27.25;27.25;150500.0
1999-06-22;27.25;27.38;26.88;26.88;117700.0
1999-06-23;26.88;27.06;26.69;26.81;159900.0
1999-06-24;26.75;27.0;26.75;26.75;127200.0
1999-06-25;26.88;26.94;26.5;26.56;173500.0
1999-06-28;26.63;26.94;26.63;26.75;98500.0
1999-06-29;26.88;27.0;26.81;26.94;208500.0
1999-06-30;27.19;27.44;26.94;27.44;247200.0
1999-07-01;27.38;27.38;26.75;26.75;142000.0
1999-07-02;26.88;27.0;26.81;26.88;87400.0
1999-07-06;26.81;27.13;26.81;26.88;115600.0
1999-07-07;26.88;26.94;26.5;26.5;106000.0
1999-07-08;26.75;26.75;26.13;26.19;91500.0
1999-07-09;26.25;26.44;26.0;26.13;166500.0
1999-07-12;26.31;26.44;26.0;26.19;139900.0
1999-07-13;26.06;26.25;26.06;26.13;78700.0
1999-07-14;26.31;26.34;26.0;26.0;104100.0
1999-07-15;26.19;26.31;26.06;26.13;125500.0
1999-07-16;26.13;26.31;25.88;26.0;139000.0
1999-07-19;26.0;26.0;25.81;25.81;113400.0
1999-07-20;25.88;25.94;25.81;25.81;48000.0
1999-07-21;25.81;25.88;25.63;25.75;125500.0
1999-07-22;25.81;25.81;25.25;25.31;107800.0
1999-07-23;25.25;25.44;25.19;25.19;56400.0
1999-07-26;25.25;25.25;24.81;24.94;115600.0
1999-07-27;25.06;25.13;24.94;25.06;73100.0
1999-07-28;25.13;25.19;25.0;25.0;144100.0
1999-07-29;25.0;25.13;24.56;24.63;177800.0
1999-07-30;24.0;24.0;23.25;23.5;1035900.0
1999-08-02;23.63;23.69;23.06;23.25;735100.0
1999-08-03;23.0;23.13;22.56;22.75;304300.0
1999-08-04;22.69;23.0;22.63;22.81;280500.0
1999-08-05;22.75;22.75;22.44;22.44;3461200.0
1999-08-06;22.44;22.63;22.25;22.25;166500.0
1999-08-09;22.25;22.56;22.25;22.44;151300.0
1999-08-10;22.19;22.38;22.13;22.31;334800.0
1999-08-11;22.13;22.56;22.13;22.44;186000.0
1999-08-12;22.5;22.88;22.44;22.81;257000.0
1999-08-13;23.13;23.31;23.0;23.13;394500.0
1999-08-16;23.31;23.44;23.19;23.38;244100.0
1999-08-17;23.5;23.88;23.5;23.81;264800.0
1999-08-18;24.0;24.31;23.94;24.31;348400.0
1999-08-19;24.44;24.69;24.25;24.63;169700.0
1999-08-20;24.56;24.63;24.38;24.38;329400.0
1999-08-23;24.56;24.56;24.19;24.25;287300.0
1999-08-24;24.19;24.44;24.13;24.38;145600.0
1999-08-25;24.38;24.44;24.25;24.44;333800.0
1999-08-26;24.56;24.56;24.31;24.38;121400.0
1999-08-27;24.44;24.5;24.25;24.31;118000.0
1999-08-30;24.31;24.38;24.13;24.13;169700.0
1999-08-31;24.13;24.81;24.0;24.81;136300.0
1999-09-01;24.63;24.63;24.31;24.44;81700.0
1999-09-02;24.44;24.5;24.19;24.19;90100.0
1999-09-03;24.31;24.69;24.25;24.25;117800.0
1999-09-07;24.31;24.44;24.25;24.31;70800.0
1999-09-08;24.25;24.38;24.25;24.25;50500.0
1999-09-09;24.38;24.44;24.31;24.31;43000.0
1999-09-10;24.5;24.5;24.31;24.38;66700.0
1999-09-13;24.31;24.38;24.19;24.19;61600.0
1999-09-14;24.19;24.44;24.13;24.19;90600.0
1999-09-15;24.25;24.25;24.06;24.06;117100.0
1999-09-16;24.5;26.25;24.5;25.69;998000.0
1999-09-17;25.5;25.5;25.0;25.25;390600.0
1999-09-20;25.31;25.75;25.25;25.75;152100.0
1999-09-21;25.75;25.75;25.44;25.56;136900.0
1999-09-22;25.63;25.75;25.63;25.63;141300.0
1999-09-23;25.69;25.69;25.5;25.63;76300.0
1999-09-24;25.63;25.69;25.56;25.56;107900.0
1999-09-27;25.63;25.69;25.5;25.5;210500.0
1999-09-28;25.69;25.75;25.5;25.5;305200.0
1999-09-29;25.44;25.5;25.25;25.38;141300.0
1999-09-30;25.44;25.88;25.25;25.88;210900.0
1999-10-01;25.75;25.81;25.31;25.44;232800.0
1999-10-04;25.5;25.56;25.19;25.25;156200.0
1999-10-05;25.5;25.56;25.31;25.5;191800.0
1999-10-06;25.56;25.75;25.5;25.63;88300.0
1999-10-07;25.63;25.69;25.38;25.44;77400.0
1999-10-08;25.44;25.5;25.19;25.25;45100.0
1999-10-11;25.06;25.56;25.06;25.31;88200.0
1999-10-12;25.13;25.44;25.13;25.31;65100.0
1999-10-13;25.06;25.25;25.06;25.06;77700.0
1999-10-14;25.06;25.13;24.44;24.44;159100.0
1999-10-15;24.38;24.38;23.69;24.13;166400.0
1999-10-18;23.88;24.13;23.81;23.88;126800.0
1999-10-19;24.0;24.06;23.75;23.88;127900.0
1999-10-20;24.0;24.06;23.88;23.88;84300.0
1999-10-21;23.88;24.0;23.56;23.56;52200.0
1999-10-22;23.69;23.81;23.5;23.75;93600.0
1999-10-25;23.56;24.06;23.44;24.06;275200.0
1999-10-26;24.06;24.19;24.0;24.06;200500.0
1999-10-27;24.06;24.31;24.0;24.0;499600.0
1999-10-28;24.13;24.13;23.75;23.94;208800.0
1999-10-29;24.0;24.44;24.0;24.44;414300.0
1999-11-01;24.5;24.63;24.13;24.25;54600.0
1999-11-02;24.13;24.5;24.13;24.31;115900.0
1999-11-03;24.44;24.44;24.06;24.19;219900.0
1999-11-04;24.31;24.5;24.13;24.44;253400.0
1999-11-05;24.5;24.5;23.5;23.69;1612100.0
1999-11-08;23.19;23.69;23.06;23.5;158600.0
1999-11-09;23.63;23.81;23.38;23.56;102000.0
1999-11-10;23.56;23.56;23.25;23.31;88000.0
1999-11-11;23.31;23.63;23.25;23.38;185900.0
1999-11-12;23.38;23.44;23.13;23.31;181600.0
1999-11-15;23.25;23.38;23.0;23.06;101900.0
1999-11-16;23.31;23.31;23.06;23.13;301300.0
1999-11-17;23.06;23.13;23.0;23.0;330700.0
1999-11-18;23.13;23.13;22.75;22.81;70400.0
1999-11-19;22.69;22.88;22.56;22.75;296600.0
1999-11-22;22.94;22.94;22.44;22.5;344800.0
1999-11-23;22.56;22.63;22.31;22.31;281400.0
1999-11-24;22.5;22.75;22.38;22.38;311000.0
1999-11-26;22.31;22.69;22.31;22.63;40500.0
1999-11-29;22.5;22.5;22.25;22.31;295100.0
1999-11-30;22.31;22.56;21.94;22.0;444000.0
1999-12-01;22.13;22.25;22.0;22.19;220600.0
1999-12-02;22.19;22.25;21.88;21.88;204900.0
1999-12-03;21.94;22.25;21.94;22.13;172100.0
1999-12-06;22.13;22.13;21.75;21.81;254700.0
1999-12-07;21.75;21.81;21.44;21.69;195500.0
1999-12-08;21.81;21.88;21.5;21.5;159900.0
1999-12-09;21.38;21.63;21.06;21.06;126100.0
1999-12-10;21.13;21.25;20.75;20.75;217800.0
1999-12-13;20.81;21.13;20.75;20.75;382700.0
1999-12-14;20.56;20.81;20.25;20.25;285100.0
1999-12-15;20.5;20.88;20.44;20.63;370100.0
1999-12-16;20.56;22.13;20.56;21.0;412400.0
1999-12-17;21.0;22.19;21.0;21.62;282800.0
1999-12-20;21.69;22.13;21.56;21.81;221200.0
1999-12-21;22.0;22.44;22.0;22.0;460400.0
1999-12-22;21.94;22.25;21.88;21.88;519500.0
1999-12-23;21.88;22.31;21.81;21.81;174800.0
1999-12-27;21.75;22.38;21.75;21.88;134900.0
1999-12-28;21.94;22.44;21.94;22.13;520200.0
1999-12-29;22.13;22.75;22.06;22.5;224900.0
1999-12-30;22.5;22.88;22.44;22.44;144300.0
1999-12-31;22.38;23.63;22.38;23.63;233100.0
2000-01-03;23.12;23.12;22.25;22.44;124200.0
2000-01-04;22.5;22.5;21.75;22.38;131500.0
2000-01-05;22.19;22.31;21.94;22.0;192400.0
2000-01-06;22.13;23.06;21.94;23.06;335400.0
2000-01-07;23.19;23.19;22.94;23.06;162000.0
2000-01-10;23.25;23.56;23.13;23.5;189300.0
2000-01-11;23.44;23.63;23.31;23.31;247100.0
2000-01-12;23.38;23.38;23.0;23.06;147500.0
2000-01-13;22.94;23.31;22.94;23.19;49900.0
2000-01-14;23.13;23.63;23.13;23.63;158000.0
2000-01-18;23.13;23.63;23.13;23.44;132300.0
2000-01-19;23.69;23.81;23.13;23.25;105600.0
2000-01-20;23.38;23.44;23.19;23.19;50900.0
2000-01-21;23.13;23.25;22.88;23.19;78000.0
2000-01-24;22.94;23.94;22.94;23.25;278400.0
2000-01-25;23.38;23.63;23.25;23.44;253300.0
2000-01-26;23.31;23.5;22.63;22.88;235200.0
2000-01-27;23.13;23.19;22.88;23.06;106800.0
2000-01-28;23.06;23.06;22.81;23.0;61900.0
2000-01-31;22.75;23.19;22.69;22.75;81200.0
2000-02-01;22.88;22.88;22.5;22.69;102500.0
2000-02-02;22.75;23.0;22.63;22.63;127900.0
2000-02-03;22.81;23.06;22.69;22.88;108500.0
2000-02-04;23.0;23.0;22.81;22.81;66700.0
2000-02-07;22.94;22.94;22.56;22.63;160500.0
2000-02-08;22.06;22.5;22.06;22.5;235000.0
2000-02-09;22.31;22.5;22.13;22.13;196900.0
2000-02-10;22.13;22.31;22.0;22.13;225800.0
2000-02-11;22.0;22.19;21.69;21.75;220300.0
2000-02-14;21.75;22.0;21.63;21.75;266300.0
2000-02-15;21.56;21.94;21.56;21.63;302300.0
2000-02-16;21.75;21.81;21.38;21.44;341500.0
2000-02-17;21.5;21.56;21.31;21.44;258700.0
2000-02-18;21.5;21.5;21.19;21.31;145600.0
2000-02-22;22.0;22.0;21.13;21.38;302100.0
2000-02-23;21.19;21.25;21.06;21.06;103100.0
2000-02-24;21.06;21.25;21.0;21.06;156900.0
2000-02-25;21.13;21.13;20.5;20.75;195900.0
2000-02-28;20.75;21.0;20.75;20.81;191700.0
2000-02-29;20.81;20.94;20.63;20.94;253200.0
2000-03-01;20.81;20.94;20.69;20.69;167000.0
2000-03-02;20.63;20.63;20.38;20.56;205800.0
2000-03-03;20.56;20.63;20.25;20.31;355100.0
2000-03-06;20.38;20.69;20.25;20.63;193000.0
2000-03-07;20.63;20.75;20.13;20.25;217500.0
2000-03-08;20.13;20.69;20.13;20.31;190500.0
2000-03-09;20.38;20.88;20.38;20.81;162600.0
2000-03-10;20.69;20.75;20.5;20.69;196800.0
2000-03-13;20.44;21.25;20.44;21.0;228800.0
2000-03-14;21.0;21.19;20.88;21.06;148100.0
2000-03-15;21.13;21.31;21.0;21.06;202400.0
2000-03-16;21.0;21.5;20.88;21.5;242400.0
2000-03-17;21.63;21.63;20.94;21.19;188400.0
2000-03-20;21.25;21.25;21.0;21.0;120900.0
2000-03-21;21.13;21.31;20.94;21.0;253500.0
2000-03-22;21.13;21.38;21.0;21.38;112900.0
2000-03-23;21.38;21.5;21.06;21.38;139900.0
2000-03-24;21.5;21.5;21.06;21.19;99800.0
2000-03-27;21.19;21.25;21.06;21.06;92800.0
2000-03-28;21.06;21.44;21.06;21.38;254400.0
2000-03-29;21.19;21.25;21.0;21.06;241800.0
2000-03-30;21.0;21.25;20.94;21.13;324500.0
2000-03-31;21.0;21.69;20.94;21.38;348900.0
2000-04-03;21.38;21.5;21.19;21.31;79600.0
2000-04-04;21.44;21.44;21.06;21.31;160800.0
2000-04-05;21.38;21.63;21.19;21.5;219600.0
2000-04-06;21.63;21.75;21.63;21.69;291100.0
2000-04-07;21.63;21.88;21.63;21.81;84500.0
2000-04-10;21.81;22.44;21.75;22.19;219300.0
2000-04-11;22.44;22.69;22.06;22.44;195200.0
2000-04-12;22.63;22.63;22.0;22.06;670700.0
2000-04-13;22.13;22.63;22.0;22.38;270400.0
2000-04-14;22.31;22.44;22.06;22.13;212700.0
2000-04-17;22.0;22.44;21.5;21.63;366900.0
2000-04-18;21.81;22.19;21.75;21.94;121700.0
2000-04-19;21.94;22.0;21.88;21.88;110600.0
2000-04-20;21.81;22.06;21.81;22.0;116700.0
2000-04-24;22.0;22.0;21.88;21.94;58700.0
2000-04-25;22.0;22.38;22.0;22.25;114300.0
2000-04-26;22.5;22.88;22.38;22.81;259100.0
2000-04-27;22.56;23.06;22.56;22.75;220400.0
2000-04-28;22.75;22.88;22.63;22.69;191600.0
2000-05-01;22.81;23.56;22.81;23.56;221100.0
2000-05-02;23.13;24.06;23.13;23.63;291200.0
2000-05-03;23.63;23.63;23.19;23.31;212500.0
2000-05-04;23.38;23.44;23.0;23.0;112500.0
2000-05-05;23.0;23.44;23.0;23.38;86400.0
2000-05-08;23.31;23.44;23.06;23.19;99800.0
2000-05-09;23.25;23.56;23.19;23.38;226300.0
2000-05-10;23.44;23.44;23.25;23.31;242100.0
2000-05-11;23.25;23.44;23.19;23.44;340100.0
2000-05-12;23.5;23.63;23.31;23.5;58900.0
2000-05-15;23.44;23.5;23.31;23.5;68500.0
2000-05-16;23.38;23.69;23.31;23.69;74400.0
2000-05-17;23.69;24.06;23.56;24.06;400600.0
2000-05-18;24.13;24.44;24.0;24.25;230500.0
2000-05-19;24.19;24.5;24.19;24.44;168300.0
2000-05-22;24.19;24.56;24.13;24.44;305300.0
2000-05-23;24.31;24.69;24.31;24.38;1166000.0
2000-05-24;24.25;24.25;23.88;23.94;184600.0
2000-05-25;23.88;23.94;23.69;23.81;225000.0
2000-05-26;24.06;24.06;23.69;23.75;63500.0
2000-05-30;23.75;23.88;23.63;23.69;136500.0
2000-05-31;23.69;23.75;23.56;23.56;129000.0
2000-06-01;24.0;24.0;23.81;24.0;72100.0
2000-06-02;23.94;24.25;23.88;24.19;76400.0
2000-06-05;24.13;24.13;23.75;24.0;121800.0
2000-06-06;24.0;24.0;23.75;23.88;93600.0
2000-06-07;23.88;24.0;23.75;24.0;149600.0
2000-06-08;24.0;24.25;23.94;24.25;38400.0
2000-06-09;24.0;24.38;24.0;24.31;71900.0
2000-06-12;24.25;24.5;24.13;24.5;64100.0
2000-06-13;24.63;25.13;24.63;25.13;209600.0
2000-06-14;25.13;25.69;25.0;25.44;150100.0
2000-06-15;25.31;25.5;25.13;25.31;136500.0
2000-06-16;25.38;25.44;25.38;25.44;180000.0
2000-06-19;25.38;25.44;25.0;25.38;72200.0
2000-06-20;25.31;25.63;25.31;25.56;380700.0
2000-06-21;25.56;25.81;25.56;25.81;94000.0
2000-06-22;25.81;25.94;25.63;25.75;331400.0
2000-06-23;25.56;25.75;25.5;25.75;82900.0
2000-06-26;25.88;25.94;25.78;25.94;288200.0
2000-06-27;25.88;26.0;25.88;25.94;300400.0
2000-06-28;25.94;25.94;25.81;25.94;177300.0
2000-06-29;26.0;26.0;25.88;25.88;313700.0
2000-06-30;25.94;26.0;23.98;23.98;981000.0
2000-07-03;24.25;25.31;24.25;24.88;228800.0
2000-07-05;25.13;25.5;25.06;25.5;243400.0
2000-07-06;25.44;25.75;25.38;25.75;470100.0
2000-07-07;25.69;26.0;25.69;25.81;381800.0
2000-07-10;25.81;26.06;25.81;25.94;248900.0
2000-07-11;25.88;25.94;25.44;25.56;89100.0
2000-07-12;25.5;25.56;25.13;25.44;142700.0
2000-07-13;25.31;25.63;25.31;25.63;78500.0
2000-07-14;25.63;25.94;25.5;25.75;70100.0
2000-07-17;25.69;25.81;25.63;25.63;57100.0
2000-07-18;25.81;25.81;25.56;25.75;74100.0
2000-07-19;25.94;26.06;25.81;25.81;131300.0
2000-07-20;25.75;26.44;25.75;26.31;138400.0
2000-07-21;26.06;26.25;25.88;26.25;135800.0
2000-07-24;26.06;26.31;25.81;25.94;78500.0
2000-07-25;25.88;26.06;25.88;25.94;179600.0
2000-07-26;26.0;26.31;25.94;26.31;154200.0
2000-07-27;26.31;26.63;26.13;26.5;161500.0
2000-07-28;26.5;26.63;26.25;26.56;79100.0
2000-07-31;26.5;27.0;26.44;27.0;118600.0
2000-08-01;26.81;27.19;26.63;27.19;100900.0
2000-08-02;27.0;27.19;26.94;27.13;93900.0
2000-08-03;27.0;27.13;25.75;26.38;222600.0
2000-08-04;26.44;26.44;24.94;25.44;260700.0
2000-08-07;25.31;25.75;25.13;25.56;264900.0
2000-08-08;24.94;25.13;24.75;25.13;129000.0
2000-08-09;25.19;25.25;24.88;25.06;151300.0
2000-08-10;25.13;25.31;25.0;25.25;125300.0
2000-08-11;25.25;25.38;25.0;25.31;70000.0
2000-08-14;25.25;25.5;25.25;25.5;102400.0
2000-08-15;25.38;25.44;24.88;25.13;63200.0
2000-08-16;25.13;25.38;25.0;25.38;59500.0
2000-08-17;25.19;25.31;24.63;24.88;95800.0
2000-08-18;25.0;25.06;24.5;24.75;75300.0
2000-08-21;25.19;25.25;24.94;24.94;129200.0
2000-08-22;24.88;25.31;24.88;25.0;94600.0
2000-08-23;25.0;25.31;24.94;25.0;194200.0
2000-08-24;25.19;25.19;24.81;24.81;176100.0
2000-08-25;24.81;25.06;24.75;24.88;96900.0
2000-08-28;24.88;24.94;24.69;24.75;121300.0
2000-08-29;24.75;25.0;24.13;24.25;142600.0
2000-08-30;24.25;24.38;24.13;24.38;140700.0
2000-08-31;24.31;24.38;24.06;24.06;333800.0
2000-09-01;24.19;24.38;24.13;24.13;60500.0
2000-09-05;24.38;24.38;24.06;24.31;109400.0
2000-09-06;24.38;24.38;24.0;24.19;101800.0
2000-09-07;24.13;24.38;24.0;24.31;62200.0
2000-09-08;24.19;24.69;24.19;24.44;315300.0
2000-09-11;24.56;24.63;24.19;24.63;332300.0
2000-09-12;24.56;24.81;24.44;24.63;59800.0
2000-09-13;24.88;24.88;24.56;24.63;62600.0
2000-09-14;24.56;24.81;24.44;24.5;243600.0
2000-09-15;24.25;24.5;24.13;24.13;314200.0
2000-09-18;24.5;24.5;23.81;23.81;182000.0
2000-09-19;23.63;24.19;23.63;23.94;169700.0
2000-09-20;23.94;24.13;23.88;23.88;75100.0
2000-09-21;24.13;24.13;23.63;23.69;63900.0
2000-09-22;23.56;24.06;23.5;24.0;77800.0
2000-09-25;23.75;24.06;23.63;23.69;126900.0
2000-09-26;23.69;23.75;23.5;23.56;115600.0
2000-09-27;23.56;23.63;23.44;23.5;748600.0
2000-09-28;23.63;23.88;23.5;23.63;236700.0
2000-09-29;23.75;23.94;23.63;23.63;116600.0
2000-10-02;23.5;23.69;23.06;23.06;131900.0
2000-10-03;23.06;23.38;22.81;22.94;103300.0
2000-10-04;22.94;22.94;22.5;22.5;63200.0
2000-10-05;22.63;22.63;22.31;22.44;167100.0
2000-10-06;22.44;22.5;22.31;22.5;155300.0
2000-10-09;22.38;22.75;22.31;22.56;311400.0
2000-10-10;22.56;22.81;22.56;22.75;73300.0
2000-10-11;22.63;22.75;22.44;22.69;211200.0
2000-10-12;22.75;22.81;22.19;22.44;330300.0
2000-10-13;22.69;22.75;22.31;22.63;167800.0
2000-10-16;22.5;22.88;22.5;22.63;75100.0
2000-10-17;22.81;22.81;22.38;22.38;75000.0
2000-10-18;22.06;22.44;22.06;22.31;128100.0
2000-10-19;22.31;22.44;22.25;22.25;81200.0
2000-10-20;22.38;22.44;22.25;22.38;196800.0
2000-10-23;22.38;22.44;22.13;22.25;253000.0
2000-10-24;22.13;22.25;21.94;22.0;174200.0
2000-10-25;22.0;22.0;21.75;21.94;217700.0
2000-10-26;21.81;22.19;21.81;22.19;431500.0
2000-10-27;22.06;22.38;22.06;22.31;177300.0
2000-10-30;22.25;22.31;21.0;21.38;2733300.0
2000-10-31;21.56;21.81;21.31;21.63;365500.0
2000-11-01;21.75;21.94;21.5;21.63;313100.0
2000-11-02;21.63;21.75;21.38;21.56;331000.0
2000-11-03;21.56;21.56;21.25;21.56;167400.0
2000-11-06;21.5;22.06;21.5;21.69;301100.0
2000-11-07;21.69;22.0;21.69;21.88;103800.0
2000-11-08;21.81;22.0;21.63;21.75;103900.0
2000-11-09;21.63;22.25;21.56;22.0;204000.0
2000-11-10;22.0;22.0;21.75;21.88;138000.0
2000-11-13;21.88;22.0;21.56;21.88;71700.0
2000-11-14;21.5;21.5;21.25;21.25;93100.0
2000-11-15;21.25;21.69;21.25;21.5;61000.0
2000-11-16;21.75;21.88;21.56;21.69;143500.0
2000-11-17;21.88;21.88;21.5;21.5;69400.0
2000-11-20;21.63;21.88;21.38;21.69;106500.0
2000-11-21;21.56;21.94;21.56;21.81;128500.0
2000-11-22;21.81;21.94;21.5;21.75;109800.0
2000-11-24;21.88;21.88;21.69;21.75;34600.0
2000-11-27;21.75;22.0;21.69;21.81;87000.0
2000-11-28;21.69;21.75;21.5;21.63;119800.0
2000-11-29;21.75;21.75;21.5;21.63;72000.0
2000-11-30;21.69;22.06;21.63;21.81;202800.0
2000-12-01;22.0;22.25;21.75;22.0;235600.0
2000-12-04;22.0;22.13;21.81;21.94;119600.0
2000-12-05;22.06;22.56;21.94;22.5;340800.0
2000-12-06;22.5;22.5;22.25;22.25;68900.0
2000-12-07;22.25;22.69;22.13;22.44;103600.0
2000-12-08;22.44;22.56;22.31;22.31;88500.0
2000-12-11;22.44;22.81;22.25;22.81;414900.0
2000-12-12;22.63;23.5;22.63;23.44;366600.0
2000-12-13;23.63;23.94;23.5;23.94;441600.0
2000-12-14;23.75;23.81;23.63;23.69;132600.0
2000-12-15;23.56;23.94;23.5;23.81;232100.0
2000-12-18;23.94;23.94;23.63;23.88;182100.0
2000-12-19;23.94;24.25;23.81;24.25;196100.0
2000-12-20;24.25;24.69;24.13;24.31;298800.0
2000-12-21;24.31;24.5;24.13;24.38;251100.0
2000-12-22;24.13;24.94;24.13;24.5;404600.0
2000-12-26;24.56;24.62;24.44;24.5;228100.0
2000-12-27;24.25;24.94;24.25;24.94;230200.0
2000-12-28;24.81;25.0;24.56;24.88;319300.0
2000-12-29;24.88;25.13;24.75;24.88;178300.0
2001-01-02;24.75;24.75;24.44;24.44;283500.0
2001-01-03;24.5;24.88;24.44;24.75;237100.0
2001-01-04;24.88;25.0;24.69;24.88;214400.0
2001-01-05;24.81;24.81;24.19;24.38;600300.0
2001-01-08;24.38;24.63;24.31;24.44;209000.0
2001-01-09;24.5;24.88;24.44;24.88;129800.0
2001-01-10;24.88;25.13;24.75;25.13;273300.0
2001-01-11;25.06;25.38;25.0;25.13;145400.0
2001-01-12;25.25;25.38;25.13;25.25;598600.0
2001-01-16;25.25;25.31;25.06;25.31;269100.0
2001-01-17;25.31;25.31;25.06;25.31;197700.0
2001-01-18;25.19;25.38;25.19;25.25;296300.0
2001-01-19;25.25;25.5;25.25;25.25;217200.0
2001-01-22;25.31;25.38;25.25;25.31;199900.0
2001-01-23;25.25;25.5;25.25;25.5;128100.0
2001-01-24;25.44;25.63;25.44;25.5;85800.0
2001-01-25;25.5;25.63;25.44;25.5;100200.0
2001-01-26;25.56;25.63;25.5;25.56;100500.0
2001-01-29;25.7;25.87;25.61;25.73;157700.0
2001-01-30;25.74;25.99;25.74;25.9;281600.0
2001-01-31;26.0;26.05;25.87;25.9;180500.0
2001-02-01;25.85;26.0;25.8;25.88;127400.0
2001-02-02;25.8;25.97;25.75;25.91;541000.0
2001-02-05;25.98;26.04;25.91;25.99;156400.0
2001-02-06;26.04;26.05;25.85;25.96;276500.0
2001-02-07;25.39;25.5;25.39;25.39;205400.0
2001-02-08;25.4;25.49;25.13;25.15;72400.0
2001-02-09;24.9;25.09;24.6;24.64;204100.0
2001-02-12;24.89;25.0;24.42;24.74;112900.0
2001-02-13;24.7;24.78;24.61;24.65;98400.0
2001-02-14;24.7;24.75;24.62;24.69;90800.0
2001-02-15;24.7;24.74;24.61;24.67;109800.0
2001-02-16;24.62;24.7;24.35;24.56;95200.0
2001-02-20;24.6;24.6;24.3;24.35;98200.0
2001-02-21;24.35;24.35;24.0;24.02;76900.0
2001-02-22;24.15;24.29;24.0;24.0;310900.0
2001-02-23;24.1;24.4;24.0;24.03;205100.0
2001-02-26;24.28;24.45;24.25;24.34;172300.0
2001-02-27;24.45;24.68;24.45;24.6;280600.0
2001-02-28;25.1;25.25;24.82;24.9;284400.0
2001-03-01;24.9;24.99;24.9;24.99;171200.0
2001-03-02;24.99;25.08;24.98;25.07;488500.0
2001-03-05;25.15;25.21;25.03;25.03;171700.0
2001-03-06;25.05;25.05;24.95;25.04;531700.0
2001-03-07;25.1;25.48;25.1;25.48;152000.0
2001-03-08;25.65;25.99;25.5;25.87;556900.0
2001-03-09;25.88;25.98;25.81;25.89;186200.0
2001-03-12;25.9;25.98;25.28;25.28;434500.0
2001-03-13;25.53;25.53;24.9;25.23;136000.0
2001-03-14;24.99;25.2;24.73;25.01;213500.0
2001-03-15;25.01;25.15;24.9;24.9;228300.0
2001-03-16;25.05;25.12;25.01;25.01;234600.0
2001-03-19;25.01;25.62;25.01;25.45;216000.0
2001-03-20;25.5;25.94;25.2;25.2;366400.0
2001-03-21;25.2;25.2;24.5;24.6;253300.0
2001-03-22;24.45;24.45;23.75;24.35;416000.0
2001-03-23;24.6;24.9;24.34;24.35;206100.0
2001-03-26;24.2;24.75;24.2;24.66;211800.0
2001-03-27;24.66;25.19;24.49;24.88;136700.0
2001-03-28;24.75;24.93;24.35;24.35;140500.0
2001-03-29;24.5;24.9;24.46;24.52;172500.0
2001-03-30;24.65;24.89;24.49;24.65;425700.0
2001-04-02;24.8;24.8;24.25;24.63;146400.0
2001-04-03;24.75;24.75;24.15;24.26;116400.0
2001-04-04;24.3;24.6;24.2;24.26;150500.0
2001-04-05;24.4;24.93;24.39;24.6;106200.0
2001-04-06;24.6;24.6;24.27;24.27;56800.0
2001-04-09;24.35;24.85;24.3;24.36;492200.0
2001-04-10;24.45;24.65;24.35;24.49;571000.0
2001-04-11;24.4;24.64;24.26;24.43;143600.0
2001-04-12;24.36;24.46;24.29;24.39;131100.0
2001-04-16;24.5;24.6;23.95;24.15;244000.0
2001-04-17;24.3;24.5;24.18;24.44;76500.0
2001-04-18;24.4;25.03;24.35;24.95;237200.0
2001-04-19;24.96;24.99;24.75;24.89;189100.0
2001-04-20;24.9;24.93;24.75;24.88;102700.0
2001-04-23;24.9;24.9;24.5;24.78;133500.0
2001-04-24;24.7;24.9;24.5;24.88;164400.0
2001-04-25;24.8;25.34;24.8;25.09;251500.0
2001-04-26;25.2;25.7;25.15;25.24;133700.0
2001-04-27;25.25;25.8;25.24;25.79;107000.0
2001-04-30;25.65;25.92;25.6;25.7;139900.0
2001-05-01;25.45;25.87;25.3;25.66;158400.0
2001-05-02;25.0;25.25;24.91;25.07;151400.0
2001-05-03;25.1;25.25;24.95;25.1;105300.0
2001-05-04;25.15;25.2;24.95;25.15;109000.0
2001-05-07;25.35;25.45;24.9;25.01;101800.0
2001-05-08;24.95;25.05;24.9;25.02;209000.0
2001-05-09;25.02;25.09;24.96;24.99;91500.0
2001-05-10;24.96;24.99;24.74;24.9;122600.0
2001-05-11;25.05;25.15;24.47;24.95;188100.0
2001-05-14;24.8;25.0;24.8;24.95;144500.0
2001-05-15;24.9;24.91;24.67;24.8;169400.0
2001-05-16;24.9;24.9;24.6;24.7;309200.0
2001-05-17;24.75;24.92;24.65;24.78;165500.0
2001-05-18;24.95;25.25;24.85;25.2;269000.0
2001-05-21;24.95;25.3;24.88;25.2;300000.0
2001-05-22;25.15;25.49;24.95;25.45;388300.0
2001-05-23;25.49;25.7;25.16;25.52;103400.0
2001-05-24;25.55;25.55;25.16;25.21;135400.0
2001-05-25;25.21;25.21;24.92;25.02;128800.0
2001-05-29;25.01;25.08;24.8;24.9;144100.0
2001-05-30;24.8;25.05;24.77;24.9;199200.0
2001-05-31;24.85;25.25;24.81;24.95;455100.0
2001-06-01;24.85;25.15;24.85;25.0;363500.0
2001-06-04;25.1;25.49;25.1;25.42;106200.0
2001-06-05;25.25;25.78;25.25;25.75;110800.0
2001-06-06;25.85;26.05;25.72;25.91;169000.0
2001-06-07;25.95;26.1;25.8;26.05;224200.0
2001-06-08;26.08;26.09;25.8;26.0;155600.0
2001-06-11;26.1;26.15;25.95;26.0;286300.0
2001-06-12;26.0;26.35;25.95;26.2;272700.0
2001-06-13;26.1;26.37;26.1;26.24;87900.0
2001-06-14;26.1;26.3;26.02;26.05;101800.0
2001-06-15;26.06;26.1;25.93;25.93;124600.0
2001-06-18;26.15;26.15;25.5;25.5;272400.0
2001-06-19;25.55;25.85;25.55;25.63;120900.0
2001-06-20;25.62;26.19;25.62;26.19;213700.0
2001-06-21;26.19;26.19;25.8;25.95;185000.0
2001-06-22;25.75;25.99;25.75;25.9;130800.0
2001-06-25;25.99;25.99;25.66;25.67;162200.0
2001-06-26;25.7;25.95;25.45;25.95;301800.0
2001-06-27;25.85;26.01;25.76;25.92;116800.0
2001-06-28;25.95;26.19;25.81;26.12;181100.0
2001-06-29;26.2;26.65;26.05;26.65;383100.0
2001-07-02;26.51;26.6;26.15;26.6;115700.0
2001-07-03;26.5;26.78;26.32;26.67;86500.0
2001-07-05;26.6;26.77;26.19;26.46;72400.0
2001-07-06;26.5;26.6;26.09;26.47;170900.0
2001-07-09;26.47;26.47;25.5;25.6;169000.0
2001-07-10;25.75;26.09;25.45;25.51;125500.0
2001-07-11;25.6;25.6;25.15;25.37;117600.0
2001-07-12;25.17;25.45;25.16;25.36;114200.0
2001-07-13;25.36;25.85;25.36;25.8;112000.0
2001-07-16;25.65;25.94;25.6;25.74;103800.0
2001-07-17;25.81;26.0;25.63;25.98;107900.0
2001-07-18;26.05;26.17;25.79;25.93;103100.0
2001-07-19;26.1;26.25;25.81;25.93;95600.0
2001-07-20;26.0;26.22;25.8;25.8;75700.0
2001-07-23;25.9;26.11;25.61;25.76;141600.0
2001-07-24;25.76;26.07;25.35;25.35;139800.0
2001-07-25;25.35;25.7;25.25;25.59;129300.0
2001-07-26;25.6;25.92;25.54;25.76;129500.0
2001-07-27;25.94;25.94;25.5;25.57;144800.0
2001-07-30;25.6;25.9;25.3;25.3;144000.0
2001-07-31;25.3;25.79;25.11;25.55;173900.0
2001-08-01;25.75;25.76;25.5;25.65;99000.0
2001-08-02;25.61;25.89;25.5;25.59;97600.0
2001-08-03;25.75;25.89;25.5;25.85;105600.0
2001-08-06;25.99;26.06;25.8;25.8;88000.0
2001-08-07;25.95;26.09;25.8;26.0;183000.0
2001-08-08;25.49;25.9;25.41;25.63;147200.0
2001-08-09;25.6;25.69;25.07;25.45;155400.0
2001-08-10;25.2;25.49;24.92;25.45;164000.0
2001-08-13;25.5;25.6;25.0;25.05;178300.0
2001-08-14;25.02;25.38;25.02;25.19;136400.0
2001-08-15;25.1;25.44;25.1;25.3;227200.0
2001-08-16;25.3;25.75;25.26;25.66;109000.0
2001-08-17;25.41;25.68;25.34;25.6;108000.0
2001-08-20;25.6;26.0;25.51;26.0;340500.0
2001-08-21;25.85;26.11;25.85;26.03;240000.0
2001-08-22;26.1;26.12;25.81;26.12;166500.0
2001-08-23;26.12;26.14;25.86;25.99;111000.0
2001-08-24;26.0;26.0;25.85;25.86;88700.0
2001-08-27;25.95;26.0;25.75;25.96;77400.0
2001-08-28;25.85;25.9;25.56;25.77;80500.0
2001-08-29;25.35;25.77;25.3;25.48;136400.0
2001-08-30;25.74;25.74;25.29;25.41;196200.0
2001-08-31;25.5;25.6;25.27;25.27;137100.0
2001-09-04;25.21;25.5;25.21;25.31;208900.0
2001-09-05;25.25;25.65;25.25;25.55;386400.0
2001-09-06;25.5;25.5;24.95;25.0;354500.0
2001-09-07;24.91;25.1;24.86;25.0;198900.0
2001-09-10;25.1;25.12;24.75;24.82;131000.0
2001-09-17;24.32;24.32;23.75;23.95;351200.0
2001-09-18;23.85;24.1;23.85;24.05;388200.0
2001-09-19;24.8;24.8;24.01;24.6;410100.0
2001-09-20;24.6;24.6;23.62;23.68;698300.0
2001-09-21;23.97;23.97;23.35;23.8;478400.0
2001-09-24;24.35;24.35;23.43;23.45;282200.0
2001-09-25;23.55;24.05;23.52;24.0;267200.0
2001-09-26;24.2;24.2;23.85;24.05;384800.0
2001-09-27;24.0;24.24;23.98;24.15;405300.0
2001-09-28;23.9;24.9;23.9;24.75;317900.0
2001-10-01;24.6;24.75;24.05;24.63;181600.0
2001-10-02;24.3;25.29;24.3;24.98;292800.0
2001-10-03;25.25;25.25;24.5;25.25;358100.0
2001-10-04;25.75;25.75;25.0;25.23;234900.0
2001-10-05;25.3;25.3;24.87;25.01;513800.0
2001-10-08;25.24;25.24;24.55;24.65;67700.0
2001-10-09;25.2;25.2;24.69;24.99;395100.0
2001-10-10;24.99;25.15;24.75;25.15;199500.0
2001-10-11;25.0;25.2;24.9;25.03;160500.0
2001-10-12;25.2;25.2;24.88;25.0;344500.0
2001-10-15;25.05;26.04;24.95;25.9;398100.0
2001-10-16;25.75;25.78;25.41;25.54;151600.0
2001-10-17;25.55;25.87;25.1;25.34;84600.0
2001-10-18;25.15;25.5;25.15;25.25;165700.0
2001-10-19;25.15;25.26;25.0;25.07;199600.0
2001-10-22;25.0;25.08;24.5;24.67;269300.0
2001-10-23;24.75;24.75;24.51;24.53;248100.0
2001-10-24;24.7;24.7;24.14;24.22;434100.0
2001-10-25;24.3;24.35;24.11;24.25;131900.0
2001-10-26;24.25;24.35;23.69;23.98;1237800.0
2001-10-29;23.95;24.26;23.68;24.05;130500.0
2001-10-30;24.1;24.1;23.76;23.82;310700.0
2001-10-31;23.8;24.05;23.55;23.6;507900.0
2001-11-01;23.75;23.82;23.51;23.62;916600.0
2001-11-02;23.6;23.83;23.51;23.52;321500.0
2001-11-05;23.51;23.9;23.4;23.55;242400.0
2001-11-06;23.65;24.37;23.5;24.34;124100.0
2001-11-07;24.2;24.2;23.66;23.66;153400.0
2001-11-08;23.95;24.04;23.69;23.88;105300.0
2001-11-09;23.95;24.02;23.69;23.96;106500.0
2001-11-12;23.8;24.0;23.55;24.0;113500.0
2001-11-13;24.0;24.39;24.0;24.38;133800.0
2001-11-14;23.8;23.99;23.55;23.95;109900.0
2001-11-15;23.8;24.29;23.75;24.25;440700.0
2001-11-16;24.5;24.59;24.13;24.34;99800.0
2001-11-19;24.34;24.58;24.16;24.58;215600.0
2001-11-20;24.4;24.87;24.34;24.8;345300.0
2001-11-21;24.98;24.98;24.8;24.98;225500.0
2001-11-23;25.12;25.12;24.95;25.11;42000.0
2001-11-26;25.35;25.56;24.98;25.03;196300.0
2001-11-27;24.7;25.09;24.67;25.0;195900.0
2001-11-28;25.23;25.23;24.75;25.16;363600.0
2001-11-29;25.16;25.45;25.05;25.45;88800.0
2001-11-30;25.55;25.56;25.21;25.4;233100.0
2001-12-03;25.43;25.43;24.9;25.4;150800.0
2001-12-04;25.25;25.63;25.21;25.6;141300.0
2001-12-05;25.64;26.01;25.47;26.01;194300.0
2001-12-06;26.3;26.3;25.8;26.21;79400.0
2001-12-07;26.56;26.56;26.1;26.42;222500.0
2001-12-10;25.96;26.3;25.86;25.95;205700.0
2001-12-11;25.9;26.36;25.85;26.36;96200.0
2001-12-12;26.3;26.5;26.21;26.38;250300.0
2001-12-13;26.38;26.4;25.75;25.87;116900.0
2001-12-14;26.0;26.15;25.8;26.0;118300.0
2001-12-17;26.1;26.49;26.05;26.4;110300.0
2001-12-18;26.15;26.47;25.96;26.23;79200.0
2001-12-19;26.19;26.35;26.0;26.11;210500.0
2001-12-20;25.95;26.2;25.65;25.65;171400.0
2001-12-21;25.85;25.9;25.5;25.52;446500.0
2001-12-24;25.6;25.6;25.41;25.49;79800.0
2001-12-26;25.5;25.5;25.4;25.49;139900.0
2001-12-27;25.5;25.72;25.46;25.56;228700.0
2001-12-28;25.7;25.95;25.55;25.93;86200.0
2001-12-31;25.95;26.1;25.45;25.95;233000.0
2002-01-02;26.0;26.13;25.45;25.73;104600.0
2002-01-03;26.18;26.18;25.65;25.99;109300.0
2002-01-04;25.9;25.9;25.49;25.53;412100.0
2002-01-07;25.54;25.66;25.4;25.48;125600.0
2002-01-08;25.5;25.69;25.36;25.6;196300.0
2002-01-09;25.62;25.85;25.55;25.55;108700.0
2002-01-10;25.55;25.65;25.48;25.5;143500.0
2002-01-11;25.55;25.59;25.39;25.39;109500.0
2002-01-14;25.6;26.25;25.41;26.25;95400.0
2002-01-15;26.0;26.24;25.7;26.24;185300.0
2002-01-16;26.25;26.4;26.05;26.21;131500.0
2002-01-17;26.2;26.4;26.07;26.32;165900.0
2002-01-18;26.2;26.3;25.9;25.91;141000.0
2002-01-22;25.93;26.24;25.92;26.03;86300.0
2002-01-23;26.28;26.28;26.0;26.14;87100.0
2002-01-24;26.28;26.33;26.08;26.18;70300.0
2002-01-25;26.13;26.18;26.0;26.0;94900.0
2002-01-28;26.9;26.9;26.4;26.49;374400.0
2002-01-29;26.73;26.73;26.52;26.6;373200.0
2002-01-30;26.85;26.85;26.51;26.6;257300.0
2002-01-31;26.85;26.85;26.52;26.55;412300.0
2002-02-01;26.95;26.95;26.63;26.86;244800.0
2002-02-04;26.86;27.27;26.86;27.25;221900.0
2002-02-05;27.35;27.41;27.0;27.0;199400.0
2002-02-06;26.41;26.5;26.1;26.38;222700.0
2002-02-07;26.41;26.41;26.19;26.21;302100.0
2002-02-08;26.21;26.38;26.1;26.33;5430700.0
2002-02-11;26.41;26.55;26.35;26.45;319400.0
2002-02-12;26.7;26.7;26.45;26.45;216500.0
2002-02-13;26.55;26.59;26.39;26.45;184600.0
2002-02-14;26.6;26.77;26.5;26.7;190700.0
2002-02-15;26.85;26.85;26.64;26.74;229300.0
2002-02-19;26.95;26.95;26.72;26.72;128600.0
2002-02-20;26.99;26.99;26.72;26.75;247000.0
2002-02-21;26.85;26.85;26.2;26.27;305600.0
2002-02-22;26.3;26.9;26.19;26.9;211400.0
2002-02-25;27.0;27.0;26.61;26.74;142900.0
2002-02-26;26.65;26.84;26.61;26.7;286800.0
2002-02-27;26.7;26.75;26.44;26.62;125000.0
2002-02-28;26.55;27.0;26.25;26.79;1285800.0
2002-03-01;26.85;27.1;26.74;27.05;118800.0
2002-03-04;27.1;27.4;26.95;27.4;152100.0
2002-03-05;27.3;27.75;27.3;27.51;182400.0
2002-03-06;27.4;27.92;27.23;27.89;115500.0
2002-03-07;27.89;28.0;27.63;27.76;179100.0
2002-03-08;27.75;27.92;27.53;27.6;261500.0
2002-03-11;27.35;27.68;27.25;27.61;113800.0
2002-03-12;27.58;27.58;27.2;27.53;115200.0
2002-03-13;27.53;27.53;27.11;27.32;97600.0
2002-03-14;27.84;27.84;27.07;27.79;137600.0
2002-03-15;27.0;27.9;27.0;27.68;167300.0
2002-03-18;27.8;27.9;27.55;27.71;151700.0
2002-03-19;27.78;28.0;27.69;27.97;97200.0
2002-03-20;28.2;28.2;27.8;27.9;87900.0
2002-03-21;28.25;28.25;27.64;28.25;94000.0
2002-03-22;28.12;28.3;27.85;27.85;137600.0
2002-03-25;27.95;27.95;27.55;27.85;101100.0
2002-03-26;27.85;28.29;27.76;28.11;129400.0
2002-03-27;28.4;28.4;28.11;28.3;118000.0
2002-03-28;28.35;28.4;27.95;28.09;234600.0
2002-04-01;28.14;28.14;27.76;28.02;136000.0
2002-04-02;28.14;28.25;27.96;28.08;88400.0
2002-04-03;28.12;28.34;28.1;28.15;261600.0
2002-04-04;28.16;28.38;28.0;28.19;106400.0
2002-04-05;28.15;28.45;28.1;28.31;120300.0
2002-04-08;28.22;28.96;28.11;28.91;128400.0
2002-04-09;28.78;29.4;28.7;29.26;445500.0
2002-04-10;29.26;29.45;29.12;29.36;216400.0
2002-04-11;29.35;29.37;29.1;29.27;209000.0
2002-04-12;29.25;29.34;29.13;29.29;293500.0
2002-04-15;29.25;29.28;28.76;29.12;128200.0
2002-04-16;29.14;29.2;28.66;28.75;145600.0
2002-04-17;28.75;29.0;28.15;28.5;141200.0
2002-04-18;28.4;29.1;28.25;28.5;115300.0
2002-04-19;28.75;28.75;28.1;28.2;68100.0
2002-04-22;28.1;28.15;27.75;27.75;116300.0
2002-04-23;27.61;27.75;27.23;27.35;285200.0
2002-04-24;27.6;28.07;27.35;27.46;175700.0
2002-04-25;27.55;27.75;27.36;27.5;122400.0
2002-04-26;27.51;27.87;27.15;27.24;493100.0
2002-04-29;27.45;27.6;27.16;27.38;251800.0
2002-04-30;27.45;28.19;27.45;28.12;362200.0
2002-05-01;28.2;28.69;28.03;28.69;187700.0
2002-05-02;27.9;28.35;27.62;28.0;277200.0
2002-05-03;27.75;27.94;27.5;27.59;334300.0
2002-05-06;27.35;27.5;26.61;26.62;8490300.0
2002-05-07;26.63;26.84;26.5;26.84;377500.0
2002-05-08;26.68;26.95;26.5;26.77;219600.0
2002-05-09;26.7;27.24;26.7;26.88;207800.0
2002-05-10;26.95;26.98;26.29;26.31;168200.0
2002-05-13;26.06;26.5;26.0;26.09;242000.0
2002-05-14;26.1;26.24;25.9;26.19;279700.0
2002-05-15;26.02;26.55;26.02;26.5;164700.0
2002-05-16;26.36;26.49;26.1;26.32;159000.0
2002-05-17;26.41;26.71;26.2;26.71;167000.0
2002-05-20;26.6;26.6;26.29;26.48;184600.0
2002-05-21;26.58;26.58;26.27;26.35;147500.0
2002-05-22;26.3;26.31;26.02;26.3;222600.0
2002-05-23;26.2;26.85;26.2;26.7;182600.0
2002-05-24;26.7;27.18;26.4;26.55;124600.0
2002-05-28;26.7;26.88;26.5;26.75;141500.0
2002-05-29;26.66;26.79;26.5;26.79;190700.0
2002-05-30;26.79;27.09;26.61;27.09;163900.0
2002-05-31;27.11;27.33;26.88;26.88;189900.0
2002-06-03;26.95;27.13;26.83;27.08;113100.0
2002-06-04;26.97;27.43;26.87;27.35;232900.0
2002-06-05;27.34;27.79;27.25;27.49;223200.0
2002-06-06;27.38;27.65;27.32;27.45;143200.0
2002-06-07;27.5;27.61;27.2;27.61;189100.0
2002-06-10;27.5;27.79;27.4;27.6;106100.0
2002-06-11;27.63;27.8;27.5;27.5;106700.0
2002-06-12;27.65;27.86;27.55;27.85;124000.0
2002-06-13;27.76;27.97;27.67;27.8;159400.0
2002-06-14;27.74;28.04;27.67;27.7;370700.0
2002-06-17;27.7;27.95;27.7;27.9;148200.0
2002-06-18;27.81;27.95;27.8;27.86;132400.0
2002-06-19;27.86;28.1;27.82;27.85;167000.0
2002-06-20;27.85;28.15;27.7;27.8;141700.0
2002-06-21;28.0;28.19;27.84;27.9;420200.0
2002-06-24;27.65;27.84;27.08;27.26;425400.0
2002-06-25;27.4;27.64;27.11;27.45;273400.0
2002-06-26;27.1;27.2;26.1;26.54;525900.0
2002-06-27;26.3;26.49;25.61;26.1;830400.0
2002-06-28;26.04;26.5;26.0;26.0;955200.0
2002-07-01;26.0;26.23;25.72;25.8;582500.0
2002-07-02;25.75;26.2;25.42;26.04;314700.0
2002-07-03;26.0;26.35;25.57;25.9;313800.0
2002-07-05;25.9;26.38;25.85;26.18;152900.0
2002-07-08;26.18;26.27;25.7;25.73;286100.0
2002-07-09;25.98;26.0;25.55;25.55;124000.0
2002-07-10;25.7;25.7;24.85;24.85;192500.0
2002-07-11;25.0;25.0;23.5;24.25;285700.0
2002-07-12;24.75;25.29;24.46;24.6;350300.0
2002-07-15;24.5;24.79;24.0;24.59;314900.0
2002-07-16;24.56;25.9;24.56;25.08;339300.0
2002-07-17;25.33;25.63;24.57;24.89;322900.0
2002-07-18;25.0;25.0;24.45;24.45;255200.0
2002-07-19;24.3;24.4;23.99;24.0;323800.0
2002-07-22;24.1;24.78;22.8;23.66;401800.0
2002-07-23;23.66;24.3;23.05;23.14;325900.0
2002-07-24;22.0;24.18;22.0;23.35;688400.0
2002-07-25;23.1;24.4;23.1;23.85;344300.0
2002-07-26;24.1;25.01;24.09;24.55;186500.0
2002-07-29;25.0;25.96;25.0;25.83;264200.0
2002-07-30;25.9;26.79;25.41;26.32;250700.0
2002-07-31;26.52;26.65;25.89;26.65;486400.0
2002-08-01;26.65;26.65;25.81;26.15;181600.0
2002-08-02;26.0;26.2;25.21;25.44;209500.0
2002-08-05;25.5;25.75;25.15;25.2;232600.0
2002-08-06;25.35;25.92;25.35;25.4;194600.0
2002-08-07;25.0;25.1;24.67;25.0;228800.0
2002-08-08;24.75;25.0;23.98;24.01;789800.0
2002-08-09;23.7;23.97;23.0;23.35;682100.0
2002-08-12;23.32;23.4;22.9;23.3;573900.0
2002-08-13;23.15;23.55;23.0;23.0;580900.0
2002-08-14;22.9;23.16;22.81;23.08;522900.0
2002-08-15;23.25;23.55;23.0;23.07;316100.0
2002-08-16;23.0;23.24;22.93;23.24;197900.0
2002-08-19;23.36;23.41;23.08;23.08;267600.0
2002-08-20;23.1;23.43;23.05;23.41;215400.0
2002-08-21;23.45;23.64;23.41;23.59;261900.0
2002-08-22;23.7;23.79;23.51;23.62;169400.0
2002-08-23;23.65;23.8;23.35;23.46;377000.0
2002-08-26;23.46;23.79;23.3;23.79;102500.0
2002-08-27;23.8;23.8;23.6;23.7;258400.0
2002-08-28;23.53;23.8;23.46;23.75;324700.0
2002-08-29;23.76;23.85;23.51;23.75;170100.0
2002-08-30;23.75;23.95;23.61;23.9;228100.0
2002-09-03;23.65;23.85;23.5;23.5;153900.0
2002-09-04;23.4;23.84;23.4;23.77;153900.0
2002-09-05;23.65;23.81;23.6;23.75;179700.0
2002-09-06;23.78;23.9;23.56;23.85;94800.0
2002-09-09;23.98;23.98;23.71;23.89;113600.0
2002-09-10;23.8;24.14;23.71;24.1;255200.0
2002-09-11;24.05;24.25;24.01;24.19;49000.0
2002-09-12;24.21;24.21;23.78;23.81;188700.0
2002-09-13;23.6;24.0;23.37;23.75;304400.0
2002-09-16;23.9;23.9;23.78;23.85;120800.0
2002-09-17;23.88;24.0;23.7;23.7;175800.0
2002-09-18;23.71;23.85;23.59;23.66;221600.0
2002-09-19;23.6;23.79;23.6;23.65;296100.0
2002-09-20;23.65;23.75;23.4;23.59;97100.0
2002-09-23;23.47;23.75;23.33;23.68;136700.0
2002-09-24;23.61;23.61;23.48;23.52;158900.0
2002-09-25;23.52;23.62;23.48;23.6;131100.0
2002-09-26;23.54;24.03;23.5;24.02;93500.0
2002-09-27;23.9;23.95;23.42;23.42;74700.0
2002-09-30;23.35;23.45;23.1;23.4;129400.0
2002-10-01;23.55;23.59;23.01;23.3;100300.0
2002-10-02;23.4;23.4;22.65;22.7;151700.0
2002-10-03;22.7;24.1;22.6;22.93;123000.0
2002-10-04;22.9;23.04;22.5;22.7;115300.0
2002-10-07;22.8;22.8;21.7;21.74;133300.0
2002-10-08;21.5;21.77;20.7;21.0;349900.0
2002-10-09;20.9;20.92;19.7;20.05;288400.0
2002-10-10;19.8;20.45;19.4;20.39;475500.0
2002-10-11;20.65;21.15;20.57;20.63;192100.0
2002-10-14;20.5;20.6;20.0;20.14;471100.0
2002-10-15;20.65;21.35;20.46;21.1;436800.0
2002-10-16;20.85;20.93;20.45;20.8;207300.0
2002-10-17;20.9;21.2;20.9;21.2;247400.0
2002-10-18;21.2;21.3;20.81;20.81;299100.0
2002-10-21;20.8;21.0;20.75;20.9;296000.0
2002-10-22;20.83;20.95;20.63;20.63;293400.0
2002-10-23;20.75;20.75;20.37;20.5;157600.0
2002-10-24;20.5;20.84;20.5;20.5;343400.0
2002-10-25;20.5;20.79;20.46;20.7;205700.0
2002-10-28;20.76;20.93;20.38;20.42;257700.0
2002-10-29;20.32;20.32;19.5;19.7;474400.0
2002-10-30;19.85;20.0;19.55;19.65;337600.0
2002-10-31;20.0;20.06;19.73;20.0;720400.0
2002-11-01;20.0;20.2;19.9;19.96;258000.0
2002-11-04;20.08;20.57;20.08;20.44;188000.0
2002-11-05;20.45;20.85;20.38;20.82;193800.0
2002-11-06;20.94;21.09;20.68;21.0;169700.0
2002-11-07;21.05;21.22;20.8;21.05;311800.0
2002-11-08;21.06;21.06;20.07;20.09;435200.0
2002-11-11;20.09;20.09;19.57;19.69;374200.0
2002-11-12;19.7;19.98;19.65;19.9;452600.0
2002-11-13;19.8;19.88;19.61;19.66;292100.0
2002-11-14;19.1;19.5;18.97;19.1;653200.0
2002-11-15;19.06;19.25;19.0;19.0;285100.0
2002-11-18;18.97;19.05;18.7;18.7;638200.0
2002-11-19;18.7;19.1;18.57;19.0;554300.0
2002-11-20;19.0;19.6;19.0;19.52;473800.0
2002-11-21;19.55;19.65;19.45;19.63;338500.0
2002-11-22;19.55;19.97;19.5;19.93;384400.0
2002-11-25;20.0;20.15;19.9;20.08;253400.0
2002-11-26;20.0;20.2;19.92;20.2;342400.0
2002-11-27;20.35;20.53;20.15;20.53;344000.0
2002-11-29;20.54;20.65;20.4;20.4;105900.0
2002-12-02;20.6;20.79;20.5;20.76;256800.0
2002-12-03;20.8;21.4;20.77;21.34;607800.0
2002-12-04;21.34;21.38;21.21;21.28;358600.0
2002-12-05;21.28;21.51;21.2;21.46;195800.0
2002-12-06;21.2;21.59;21.2;21.51;179400.0
2002-12-09;21.51;21.75;21.45;21.65;192200.0
2002-12-10;21.6;21.7;21.25;21.36;177100.0
2002-12-11;21.24;21.57;21.23;21.55;140000.0
2002-12-12;21.55;21.8;21.45;21.6;138300.0
2002-12-13;21.6;21.67;21.48;21.48;168100.0
2002-12-16;21.6;21.74;21.45;21.74;393800.0
2002-12-17;21.5;21.88;21.5;21.6;316100.0
2002-12-18;21.55;21.95;21.51;21.95;260500.0
2002-12-19;21.7;21.77;21.6;21.65;171000.0
2002-12-20;21.65;22.0;21.6;22.0;147600.0
2002-12-23;21.8;22.3;21.8;22.28;191100.0
2002-12-24;22.13;22.4;21.95;22.24;54200.0
2002-12-26;22.25;22.53;22.04;22.25;104800.0
2002-12-27;22.1;22.39;22.02;22.35;88800.0
2002-12-30;22.35;22.44;22.1;22.4;170800.0
2002-12-31;22.37;22.54;22.1;22.1;346700.0
2003-01-02;22.13;22.39;22.13;22.25;127200.0
2003-01-03;22.25;22.45;22.06;22.22;270200.0
2003-01-06;22.22;22.47;22.11;22.38;219100.0
2003-01-07;22.45;22.45;22.06;22.16;144900.0
2003-01-08;22.14;22.14;21.91;21.91;87000.0
2003-01-09;21.88;22.05;21.86;21.95;174600.0
2003-01-10;21.9;22.1;21.87;21.95;175600.0
2003-01-13;21.95;22.0;21.78;21.78;396200.0
2003-01-14;21.76;21.84;21.76;21.76;131800.0
2003-01-15;21.86;21.86;21.54;21.78;132900.0
2003-01-16;21.75;22.0;21.75;21.76;519400.0
2003-01-17;21.76;21.76;21.48;21.55;112100.0
2003-01-21;21.65;21.78;21.55;21.75;128500.0
2003-01-22;21.77;21.8;21.6;21.7;201200.0
2003-01-23;21.75;21.76;21.65;21.69;163700.0
2003-01-24;21.7;21.7;21.51;21.51;102700.0
2003-01-27;21.53;21.59;21.42;21.48;119700.0
2003-01-28;21.52;21.75;21.41;21.7;199400.0
2003-01-29;21.52;21.75;21.41;21.7;864700.0
2003-01-30;21.96;22.04;21.78;21.78;368600.0
2003-01-31;21.65;22.18;21.65;22.18;184100.0
2003-02-03;22.12;22.28;22.1;22.18;151800.0
2003-02-04;22.14;22.21;22.05;22.18;156200.0
2003-02-05;22.18;22.27;22.09;22.14;155200.0
2003-02-06;21.4;21.79;21.4;21.61;163300.0
2003-02-07;21.7;21.77;21.41;21.41;103800.0
2003-02-10;21.49;21.7;21.4;21.7;110500.0
2003-02-11;21.6;21.67;21.41;21.41;151000.0
2003-02-12;21.31;21.56;21.29;21.29;94900.0
2003-02-13;21.2;21.24;21.09;21.12;146900.0
2003-02-14;21.18;21.23;20.8;20.9;183100.0
2003-02-18;20.93;21.1;20.82;21.0;263100.0
2003-02-19;21.05;21.44;21.0;21.38;171900.0
2003-02-20;21.3;21.44;21.17;21.3;118600.0
2003-02-21;21.35;21.71;21.18;21.54;94200.0
2003-02-24;21.65;21.65;21.28;21.3;114500.0
2003-02-25;21.3;21.77;21.18;21.77;159900.0
2003-02-26;21.45;21.45;20.9;21.05;902100.0
2003-02-27;21.0;21.14;21.0;21.14;623500.0
2003-02-28;21.19;21.33;21.01;21.01;441800.0
2003-03-03;21.01;21.07;20.99;21.05;170500.0
2003-03-04;21.02;21.05;20.86;20.9;296300.0
2003-03-05;20.8;20.86;20.45;20.67;451200.0
2003-03-06;20.7;20.7;20.31;20.33;309500.0
2003-03-07;20.34;20.54;20.31;20.37;184200.0
2003-03-10;20.35;20.4;19.95;20.12;171700.0
2003-03-11;20.22;20.23;19.95;20.03;245000.0
2003-03-12;20.03;20.12;19.89;20.0;133800.0
2003-03-13;20.25;20.25;19.96;20.08;207000.0
2003-03-14;20.04;20.17;19.96;20.12;222900.0
2003-03-17;20.0;20.8;19.97;20.8;182600.0
2003-03-18;20.98;20.98;20.81;20.9;200200.0
2003-03-19;20.9;20.97;20.73;20.85;345400.0
2003-03-20;20.88;21.3;20.6;21.3;247600.0
2003-03-21;21.2;22.01;21.06;21.88;202800.0
2003-03-24;21.8;21.8;21.0;21.0;181700.0
2003-03-25;21.0;21.17;21.0;21.16;191900.0
2003-03-26;21.14;21.14;20.96;21.1;211600.0
2003-03-27;21.1;21.1;20.82;20.83;170000.0
2003-03-28;20.85;21.01;20.75;20.8;108300.0
2003-03-31;20.66;20.82;20.44;20.44;223300.0
2003-04-01;20.5;21.35;20.5;21.35;262500.0
2003-04-02;21.4;21.78;21.4;21.58;196200.0
2003-04-03;21.6;21.62;21.34;21.39;155800.0
2003-04-04;21.3;21.51;21.0;21.0;92400.0
2003-04-07;21.2;21.67;21.2;21.4;167200.0
2003-04-08;21.42;21.55;21.01;21.01;132000.0
2003-04-09;20.9;21.25;20.9;21.19;94900.0
2003-04-10;21.18;21.19;20.97;20.98;69500.0
2003-04-11;21.01;21.19;20.8;20.8;130300.0
2003-04-14;20.81;21.1;20.81;21.06;251300.0
2003-04-15;21.0;21.2;20.94;21.2;165700.0
2003-04-16;21.2;21.34;21.0;21.06;251800.0
2003-04-17;21.06;21.1;20.73;20.73;307200.0
2003-04-21;20.74;21.21;20.74;21.21;216100.0
2003-04-22;21.1;21.45;21.1;21.4;169600.0
2003-04-23;21.35;21.56;21.3;21.56;117500.0
2003-04-24;21.5;21.52;21.25;21.26;149200.0
2003-04-25;21.0;21.0;20.0;20.31;624400.0
2003-04-28;20.3;20.45;20.2;20.33;646300.0
2003-04-29;20.31;20.52;20.3;20.32;154500.0
2003-04-30;20.36;20.47;20.25;20.25;276000.0
2003-05-01;20.3;20.34;20.15;20.17;445600.0
2003-05-02;20.25;20.58;20.25;20.5;493300.0
2003-05-05;20.2;20.47;20.17;20.47;306000.0
2003-05-06;20.38;20.82;20.28;20.63;500700.0
2003-05-07;20.58;20.62;20.4;20.51;305700.0
2003-05-08;20.51;20.6;20.39;20.57;257900.0
2003-05-09;20.62;20.81;20.58;20.7;185700.0
2003-05-12;20.75;21.1;20.71;21.0;215900.0
2003-05-13;20.9;21.05;20.9;21.0;386200.0
2003-05-14;21.07;21.08;20.86;20.94;297800.0
2003-05-15;20.98;21.07;20.95;20.95;207500.0
2003-05-16;20.85;21.2;20.6;21.2;524900.0
2003-05-19;21.16;21.16;20.89;21.1;205900.0
2003-05-20;21.1;21.2;21.0;21.0;192300.0
2003-05-21;21.0;21.15;20.97;21.05;97800.0
2003-05-22;21.05;21.18;21.0;21.05;173100.0
2003-05-23;21.02;21.35;20.97;21.27;184800.0
2003-05-27;21.15;21.4;21.01;21.39;241000.0
2003-05-28;21.39;21.45;21.22;21.28;251700.0
2003-05-29;21.2;21.25;20.71;20.92;341200.0
2003-05-30;20.88;21.38;20.85;21.37;173500.0
2003-06-02;21.37;21.65;21.34;21.57;171700.0
2003-06-03;21.6;21.6;21.03;21.11;212900.0
2003-06-04;21.2;21.77;21.2;21.7;161800.0
2003-06-05;21.71;21.76;21.56;21.73;201100.0
2003-06-06;21.57;21.8;21.46;21.68;231400.0
2003-06-09;21.6;21.71;21.27;21.28;162600.0
2003-06-10;21.22;21.89;21.2;21.89;306000.0
2003-06-11;21.79;22.26;21.7;22.26;238800.0
2003-06-12;22.25;22.26;21.96;22.03;133000.0
2003-06-13;22.03;22.03;21.56;21.81;165400.0
2003-06-16;21.9;22.3;21.87;22.25;252800.0
2003-06-17;22.2;22.21;22.04;22.1;252800.0
2003-06-18;22.07;22.07;21.79;21.84;77900.0
2003-06-19;21.74;21.96;21.74;21.8;124800.0
2003-06-20;21.8;22.07;21.8;22.0;245400.0
2003-06-23;22.01;22.05;21.97;22.0;265700.0
2003-06-24;22.0;22.25;21.82;22.25;195000.0
2003-06-25;22.4;22.4;22.12;22.28;248000.0
2003-06-26;22.21;22.65;22.21;22.65;319200.0
2003-06-27;22.55;23.05;22.55;22.77;386000.0
2003-06-30;22.77;22.9;22.3;22.3;974400.0
2003-07-01;22.31;22.35;22.02;22.35;394000.0
2003-07-02;22.35;22.76;22.29;22.68;350500.0
2003-07-03;22.55;22.77;22.47;22.72;132700.0
2003-07-07;22.8;23.02;22.75;23.01;262900.0
2003-07-08;23.06;23.08;22.76;23.0;138400.0
2003-07-09;22.87;23.05;22.77;23.05;216900.0
2003-07-10;22.95;22.96;22.45;22.6;262200.0
2003-07-11;22.52;22.957;22.52;22.95;211200.0
2003-07-14;22.9;23.06;22.88;22.95;147500.0
2003-07-15;22.93;23.08;22.88;22.9;161500.0
2003-07-16;22.9;23.0;22.85;22.94;174400.0
2003-07-17;22.9;22.9;22.16;22.31;359900.0
2003-07-18;22.4;22.78;22.4;22.59;125500.0
2003-07-21;22.61;22.69;22.39;22.49;134400.0
2003-07-22;22.53;22.73;22.52;22.6;129000.0
2003-07-23;22.65;22.78;22.54;22.67;125300.0
2003-07-24;22.8;23.0;22.74;22.88;109700.0
2003-07-25;22.97;23.2;22.9;22.99;155400.0
2003-07-28;23.05;23.1;22.83;22.85;174800.0
2003-07-29;22.95;23.07;22.75;23.0;273400.0
2003-07-30;23.0;23.18;22.98;23.05;191600.0
2003-07-31;22.99;23.35;22.66;23.14;282600.0
2003-08-01;23.2;23.21;22.76;22.94;135800.0
2003-08-04;23.0;23.05;22.71;22.91;244700.0
2003-08-05;22.95;23.01;22.8;22.95;314600.0
2003-08-06;22.44;22.51;22.18;22.38;431300.0
2003-08-07;22.25;22.57;22.15;22.41;373900.0
2003-08-08;22.58;22.58;22.4;22.46;100700.0
2003-08-11;22.33;22.5;22.3;22.41;135600.0
2003-08-12;22.41;22.59;22.3;22.52;268500.0
2003-08-13;22.52;22.55;22.12;22.35;349200.0
2003-08-14;22.27;22.68;22.25;22.67;244500.0
2003-08-15;22.75;22.75;22.49;22.6;98900.0
2003-08-18;22.6;22.79;22.5;22.72;103400.0
2003-08-19;22.65;22.96;22.64;22.95;129900.0
2003-08-20;22.83;22.99;22.73;22.98;153400.0
2003-08-21;22.9;23.07;22.85;23.03;116600.0
2003-08-22;22.83;22.95;22.42;22.55;213400.0
2003-08-25;22.6;22.6;22.18;22.55;131500.0
2003-08-26;22.57;22.8;22.29;22.8;143800.0
2003-08-27;22.8;23.1;22.69;23.09;106200.0
2003-08-28;23.15;23.2;22.83;23.02;112600.0
2003-08-29;22.88;23.1;22.88;22.95;79800.0
2003-09-02;22.93;23.41;22.79;23.41;174400.0
2003-09-03;23.4;23.972;23.31;23.97;211900.0
2003-09-04;23.94;23.94;23.64;23.68;325600.0
2003-09-05;23.65;23.78;23.49;23.5;128700.0
2003-09-08;23.6;23.8;23.51;23.72;181200.0
2003-09-09;23.68;23.68;23.49;23.57;90600.0
2003-09-10;23.5;23.5;22.94;22.95;213400.0
2003-09-11;22.95;23.25;22.94;23.25;300700.0
2003-09-12;23.2;23.39;22.97;23.26;216800.0
2003-09-15;23.35;23.4;23.25;23.26;139400.0
2003-09-16;23.3;23.5;23.25;23.5;125300.0
2003-09-17;23.6;23.61;23.39;23.5;109000.0
2003-09-18;23.4;23.71;23.36;23.71;155400.0
2003-09-19;23.65;23.95;23.6;23.88;143100.0
2003-09-22;23.85;23.89;23.6;23.89;315200.0
2003-09-23;23.84;23.95;23.63;23.93;201400.0
2003-09-24;23.83;23.98;23.72;23.73;196000.0
2003-09-25;23.73;23.89;23.51;23.6;161000.0
2003-09-26;23.58;23.58;23.27;23.32;267300.0
2003-09-29;23.4;23.881;23.15;23.88;198700.0
2003-09-30;23.75;23.99;23.43;23.86;423600.0
2003-10-01;23.88;24.41;23.83;24.41;239100.0
2003-10-02;24.29;25.0;24.16;24.79;515700.0
2003-10-03;25.0;25.55;24.92;25.37;963000.0
2003-10-06;25.38;25.78;25.32;25.76;444700.0
2003-10-07;25.7;26.05;25.35;25.77;5608700.0
2003-10-08;25.8;25.95;25.54;25.76;597500.0
2003-10-09;25.65;26.0;25.61;25.77;404600.0
2003-10-10;25.7;25.91;25.59;25.78;287600.0
2003-10-13;25.85;26.05;25.78;26.02;231400.0
2003-10-14;26.02;26.02;25.77;25.92;361000.0
2003-10-15;25.98;25.99;25.68;25.71;235400.0
2003-10-16;25.68;25.84;25.64;25.83;141500.0
2003-10-17;25.87;25.89;25.48;25.49;264300.0
2003-10-20;25.51;25.75;25.49;25.57;143600.0
2003-10-21;25.55;25.62;25.44;25.51;172700.0
2003-10-22;25.45;25.51;25.27;25.27;249600.0
2003-10-23;25.25;25.31;25.1;25.15;252800.0
2003-10-24;25.1;25.2;24.81;24.82;375400.0
2003-10-27;24.92;25.58;24.92;25.32;223200.0
2003-10-28;25.32;25.34;25.0;25.31;153600.0
2003-10-29;25.29;25.35;25.19;25.3;199200.0
2003-10-30;25.35;25.5;25.17;25.31;199700.0
2003-10-31;25.3;25.49;24.49;24.8;332100.0
2003-11-03;24.9;25.31;24.8;24.9;364000.0
2003-11-04;24.9;25.19;24.76;25.19;166700.0
2003-11-05;25.09;25.14;24.84;25.1;162100.0
2003-11-06;24.77;25.1;24.72;25.08;459200.0
2003-11-07;25.1;25.29;25.02;25.1;368100.0
2003-11-10;24.97;25.07;24.84;24.9;132000.0
2003-11-11;24.77;24.89;24.7;24.79;111800.0
2003-11-12;24.77;25.01;24.77;25.0;318700.0
2003-11-13;24.95;25.1;24.83;25.1;103500.0
2003-11-14;25.1;25.29;25.0;25.01;132100.0
2003-11-17;24.85;25.1;24.69;25.05;262700.0
2003-11-18;25.08;25.26;24.75;24.85;298500.0
2003-11-19;24.85;24.98;24.72;24.85;296000.0
2003-11-20;24.82;24.84;24.48;24.67;176000.0
2003-11-21;24.6;24.81;24.29;24.32;459500.0
2003-11-24;24.35;24.58;24.2;24.45;321100.0
2003-11-25;24.46;24.63;24.37;24.63;251900.0
2003-11-26;24.7;24.78;24.48;24.65;132000.0
2003-11-28;24.6;24.77;24.54;24.54;88100.0
2003-12-01;24.52;25.14;24.52;25.12;299000.0
2003-12-02;25.16;25.24;24.93;24.99;159300.0
2003-12-03;25.0;25.07;24.86;24.95;270400.0
2003-12-04;24.97;24.97;24.69;24.84;207600.0
2003-12-05;24.85;25.0;24.75;24.87;113600.0
2003-12-08;24.9;25.06;24.84;25.06;189100.0
2003-12-09;25.02;25.09;24.9;25.01;107400.0
2003-12-10;24.91;24.96;24.75;24.95;153500.0
2003-12-11;24.87;25.05;24.87;25.04;151000.0
2003-12-12;25.0;25.17;25.0;25.17;155900.0
2003-12-15;25.12;25.33;24.68;24.77;303800.0
2003-12-16;24.75;25.0;24.7;24.9;351600.0
2003-12-17;25.25;25.25;24.96;25.1;353600.0
2003-12-18;25.5;25.6;25.26;25.36;321000.0
2003-12-19;25.36;25.49;25.27;25.4;145600.0
2003-12-22;25.25;25.74;25.2;25.74;162100.0
2003-12-23;25.61;25.8;25.52;25.63;218200.0
2003-12-24;25.28;25.54;25.28;25.52;77300.0
2003-12-26;25.49;25.6;25.45;25.5;106600.0
2003-12-29;25.45;25.77;25.41;25.65;189600.0
2003-12-30;25.65;25.84;25.6;25.77;166500.0
2003-12-31;25.67;25.8;25.35;25.4;251200.0
2004-01-02;25.35;25.49;25.22;25.4;267500.0
2004-01-05;25.41;25.72;25.41;25.64;316900.0
2004-01-06;25.54;25.68;25.35;25.57;247900.0
2004-01-07;25.5;25.66;25.48;25.55;240700.0
2004-01-08;25.65;25.75;25.46;25.7;173900.0
2004-01-09;25.65;25.81;25.5;25.7;205200.0
2004-01-12;25.75;25.95;25.63;25.88;279600.0
2004-01-13;25.88;26.09;25.7;26.07;507100.0
2004-01-14;25.97;26.24;25.93;26.09;233900.0
2004-01-15;26.02;26.14;25.92;26.13;156600.0
2004-01-16;26.23;26.23;26.05;26.1;225000.0
2004-01-20;26.1;26.28;25.99;26.22;214700.0
2004-01-21;26.2;26.43;26.2;26.43;242700.0
2004-01-22;26.4;26.5;26.33;26.5;139600.0
2004-01-23;26.53;26.59;26.38;26.59;390800.0
2004-01-26;26.59;26.97;26.41;26.97;192500.0
2004-01-27;26.92;27.03;26.73;27.0;315000.0
2004-01-28;27.0;27.32;26.99;27.13;314300.0
2004-01-29;27.15;27.24;26.96;27.18;273200.0
2004-01-30;27.1;27.4;26.91;27.3;253600.0
2004-02-02;27.31;27.45;27.21;27.45;190300.0
2004-02-03;27.4;27.74;27.3;27.38;350000.0
2004-02-04;27.4;27.4;26.8;26.8;263000.0
2004-02-05;26.86;27.0;26.72;26.98;186600.0
2004-02-06;26.94;27.6;26.86;27.45;281100.0
2004-02-09;27.46;27.7;27.14;27.64;329100.0
2004-02-10;27.64;27.74;27.45;27.6;641200.0
2004-02-11;27.1;27.281;26.97;27.15;345300.0
2004-02-12;27.03;27.15;26.445;26.67;297000.0
2004-02-13;26.73;26.74;26.21;26.31;238700.0
2004-02-17;26.25;26.47;26.25;26.43;186600.0
2004-02-18;26.45;26.46;26.08;26.15;151400.0
2004-02-19;26.15;26.26;25.97;26.1;166600.0
2004-02-20;26.2;26.3;25.79;25.95;552400.0
2004-02-23;26.06;26.1;25.68;25.74;250000.0
2004-02-24;25.8;26.01;25.55;25.95;201100.0
2004-02-25;25.25;26.12;25.15;26.0;835900.0
2004-02-26;25.5;26.05;25.3;25.95;563700.0
2004-02-27;25.5;25.92;25.5;25.77;264000.0
2004-03-01;25.7;26.16;25.65;26.15;229700.0
2004-03-02;26.25;26.25;25.99;26.15;247600.0
2004-03-03;26.08;26.44;25.93;26.37;254200.0
2004-03-04;26.27;26.64;26.25;26.64;172700.0
2004-03-05;26.64;26.75;26.51;26.74;312800.0
2004-03-08;26.63;26.8;26.45;26.7;258900.0
2004-03-09;26.7;26.71;26.5;26.54;196200.0
2004-03-10;26.58;26.6;26.11;26.17;241000.0
2004-03-11;26.06;26.25;25.91;26.0;226000.0
2004-03-12;25.95;26.38;25.95;26.38;179700.0
2004-03-15;26.27;26.27;25.67;25.67;221600.0
2004-03-16;25.81;26.05;25.56;25.78;265500.0
2004-03-17;25.84;26.23;25.75;26.23;378900.0
2004-03-18;26.18;26.19;25.87;26.19;158200.0
2004-03-19;26.19;26.22;25.99;26.17;208200.0
2004-03-22;26.15;26.15;25.81;25.81;151900.0
2004-03-23;26.57;26.57;25.75;26.26;150300.0
2004-03-24;26.2;26.3;26.0;26.0;163000.0
2004-03-25;26.04;26.45;26.04;26.4;225800.0
2004-03-26;26.28;26.28;25.65;25.65;284500.0
2004-03-29;25.8;26.18;25.65;26.06;306500.0
2004-03-30;25.92;26.15;25.8;26.15;245300.0
2004-03-31;26.13;26.25;26.0;26.21;263400.0
2004-04-01;26.17;26.39;26.13;26.24;197000.0
2004-04-02;26.24;26.45;26.06;26.25;253800.0
2004-04-05;26.15;26.15;24.94;25.35;357100.0
2004-04-06;25.29;25.36;24.26;24.53;698500.0
2004-04-07;24.7;25.19;23.78;24.79;595900.0
2004-04-08;24.95;25.05;24.1;24.12;273900.0
2004-04-12;24.18;24.18;22.4;23.05;656500.0
2004-04-13;23.05;23.15;22.35;22.54;597100.0
2004-04-14;22.4;22.89;22.1;22.48;827600.0
2004-04-15;22.43;22.9;22.43;22.74;389300.0
2004-04-16;22.65;23.67;22.61;23.36;327500.0
2004-04-19;23.4;23.65;22.96;23.51;324500.0
2004-04-20;23.6;23.65;22.77;22.77;374800.0
2004-04-21;22.67;23.02;22.59;22.88;286900.0
2004-04-22;22.88;23.6;22.84;23.37;429100.0
2004-04-23;23.35;23.35;22.88;22.99;179000.0
2004-04-26;22.81;23.31;22.81;23.1;232400.0
2004-04-27;23.25;23.39;23.0;23.24;253200.0
2004-04-28;23.18;23.25;22.91;23.06;154200.0
2004-04-29;23.21;23.39;22.6;22.88;278500.0
2004-04-30;22.85;23.13;22.43;22.55;311300.0
2004-05-03;22.55;23.08;22.45;23.08;218900.0
2004-05-04;22.86;23.6;22.86;23.4;467900.0
2004-05-05;23.4;23.55;23.22;23.5;393400.0
2004-05-06;22.85;23.07;22.2;22.27;521400.0
2004-05-07;22.3;22.3;21.22;21.39;521600.0
2004-05-10;21.39;21.39;20.68;20.85;623400.0
2004-05-11;21.5;21.57;21.16;21.25;408300.0
2004-05-12;21.22;21.5;20.78;21.44;313600.0
2004-05-13;21.26;21.68;21.25;21.38;215800.0
2004-05-14;21.3;21.78;21.1;21.5;317500.0
2004-05-17;21.35;21.8;20.89;21.62;306800.0
2004-05-18;21.61;22.17;21.6;22.05;341300.0
2004-05-19;22.1;22.5;21.5;21.5;491900.0
2004-05-20;21.67;22.04;21.67;21.89;299900.0
2004-05-21;22.25;22.25;21.75;21.8;280400.0
2004-05-24;21.9;22.08;21.82;21.86;269000.0
2004-05-25;21.96;22.32;21.89;22.23;412200.0
2004-05-26;22.22;22.38;21.94;22.35;359400.0
2004-05-27;22.55;22.65;22.23;22.53;379600.0
2004-05-28;22.46;22.8;22.44;22.73;222000.0
2004-06-01;22.74;22.77;22.23;22.52;318300.0
2004-06-02;22.61;22.78;22.42;22.7;228400.0
2004-06-03;22.7;22.77;22.43;22.46;257600.0
2004-06-04;22.7;22.79;22.37;22.44;200000.0
2004-06-07;22.66;22.81;22.36;22.75;153800.0
2004-06-08;22.65;22.68;22.44;22.62;187600.0
2004-06-09;22.62;22.71;22.45;22.5;244300.0
2004-06-10;22.6;22.68;22.43;22.6;285400.0
2004-06-14;22.6;22.6;21.79;21.79;321900.0
2004-06-15;22.04;22.4;21.96;22.29;416800.0
2004-06-16;22.5;22.54;22.1;22.37;336500.0
2004-06-17;22.4;22.53;22.17;22.5;271700.0
2004-06-18;22.5;22.52;22.35;22.4;240500.0
2004-06-21;22.41;22.77;22.3;22.76;206200.0
2004-06-22;22.66;22.73;22.46;22.61;167300.0
2004-06-23;22.56;22.85;22.52;22.85;131900.0
2004-06-24;22.9;23.1;22.76;22.79;168500.0
2004-06-25;22.88;23.01;22.8;22.89;271300.0
2004-06-28;23.0;23.3;22.96;23.2;160700.0
2004-06-29;23.05;23.32;22.97;23.13;392500.0
2004-06-30;23.23;23.54;23.07;23.5;233300.0
2004-07-01;23.4;23.6;23.2;23.44;215300.0
2004-07-02;23.44;24.05;23.35;24.05;317500.0
2004-07-06;24.05;24.05;23.43;23.87;227800.0
2004-07-07;23.95;24.15;23.81;24.12;106000.0
2004-07-08;24.06;24.14;23.41;23.54;213500.0
2004-07-09;23.67;23.86;23.32;23.86;154400.0
2004-07-12;23.8;24.0;23.64;23.94;153700.0
2004-07-13;23.64;23.94;23.48;23.75;316700.0
2004-07-14;23.75;24.05;23.56;23.87;395500.0
2004-07-15;23.82;24.13;23.82;24.08;117400.0
2004-07-16;24.13;24.18;23.88;23.94;220500.0
2004-07-19;24.17;24.31;23.92;24.24;159400.0
2004-07-20;24.34;24.38;24.1;24.32;268000.0
2004-07-21;24.46;24.46;23.92;23.94;219600.0
2004-07-22;23.9;23.96;23.56;23.66;366100.0
2004-07-23;23.67;23.69;23.15;23.15;232100.0
2004-07-26;23.25;23.35;22.95;23.01;221800.0
2004-07-27;23.02;23.45;23.02;23.22;169400.0
2004-07-28;23.22;23.51;22.84;23.38;483800.0
2004-07-29;23.55;23.82;23.1;23.13;346100.0
2004-07-30;23.14;23.62;23.14;23.2;232500.0
2004-08-02;23.18;23.69;23.08;23.69;338600.0
2004-08-03;23.85;23.98;23.6;23.75;462100.0
2004-08-04;23.75;23.86;23.45;23.7;456000.0
2004-08-05;23.2;23.3;22.85;23.01;386000.0
2004-08-06;22.9;23.34;22.84;23.01;286200.0
2004-08-09;23.0;23.18;22.9;23.12;165300.0
2004-08-10;23.13;23.3;23.07;23.1;175500.0
2004-08-11;23.09;23.09;22.84;22.9;293100.0
2004-08-12;22.8;22.85;22.62;22.67;176600.0
2004-08-13;22.87;22.89;22.65;22.74;264900.0
2004-08-16;22.9;23.35;22.9;23.3;192100.0
2004-08-17;23.48;23.72;23.28;23.55;169600.0
2004-08-18;23.55;23.79;23.42;23.75;175300.0
2004-08-19;23.8;23.8;23.16;23.2;148900.0
2004-08-20;23.4;23.98;23.358;23.98;199300.0
2004-08-23;23.92;23.98;23.63;23.77;139500.0
2004-08-24;24.2;24.37;23.97;24.37;254100.0
2004-08-25;24.2;24.4;24.09;24.28;238200.0
2004-08-26;24.28;24.35;24.11;24.3;167300.0
2004-08-27;24.3;24.4;24.22;24.38;116800.0
2004-08-30;24.37;24.52;24.31;24.45;153600.0
2004-08-31;24.6;24.65;24.44;24.6;152900.0
2004-09-01;24.75;24.88;24.28;24.4;221600.0
2004-09-02;24.4;24.51;24.35;24.5;189200.0
2004-09-03;24.7;24.8;24.52;24.8;155400.0
2004-09-07;24.8;25.08;24.73;25.08;145700.0
2004-09-08;25.17;25.17;24.77;24.78;145300.0
2004-09-09;24.78;24.78;24.4;24.47;281000.0
2004-09-10;24.5;24.64;24.14;24.64;124000.0
2004-09-13;24.6;24.65;24.32;24.32;151100.0
2004-09-14;24.32;24.32;23.93;23.93;229300.0
2004-09-15;23.94;24.22;23.87;24.12;302800.0
2004-09-16;24.28;24.71;24.15;24.7;145300.0
2004-09-17;25.1;25.1;24.42;24.45;240300.0
2004-09-20;24.45;24.52;23.96;24.02;346200.0
2004-09-21;24.27;24.62;24.27;24.56;271500.0
2004-09-22;24.56;24.62;24.34;24.41;244400.0
2004-09-23;24.41;24.57;24.1;24.3;119100.0
2004-09-24;24.4;24.56;24.27;24.29;106100.0
2004-09-27;24.31;24.33;24.08;24.14;115500.0
2004-09-28;24.27;24.56;24.15;24.56;127600.0
2004-09-29;24.56;24.65;24.35;24.44;106900.0
2004-09-30;24.44;24.9;24.4;24.61;274300.0
2004-10-01;24.59;25.4;24.59;25.38;243800.0
2004-10-04;25.48;25.53;25.33;25.49;190800.0
2004-10-05;25.1;25.55;25.07;25.46;181900.0
2004-10-06;25.51;25.71;25.5;25.71;178600.0
2004-10-07;25.5;25.62;25.16;25.16;233000.0
2004-10-08;25.22;25.59;25.22;25.52;230400.0
2004-10-11;25.55;25.58;25.16;25.24;180300.0
2004-10-12;25.0;25.61;25.0;25.61;353400.0
2004-10-13;25.8;25.9;25.39;25.39;281800.0
2004-10-14;25.45;25.72;25.31;25.67;145200.0
2004-10-15;25.67;26.08;25.67;25.97;156100.0
2004-10-18;25.99;26.45;25.88;26.37;236700.0
2004-10-19;26.55;26.8;25.99;25.99;379300.0
2004-10-20;25.74;26.12;25.47;25.83;235200.0
2004-10-21;25.83;25.83;25.37;25.41;559600.0
2004-10-22;25.35;25.67;25.03;25.11;345400.0
2004-10-25;25.16;25.31;24.96;24.98;428500.0
2004-10-26;25.08;25.15;24.87;25.05;466200.0
2004-10-27;25.1;25.45;25.1;25.45;412900.0
2004-10-28;25.45;25.45;25.21;25.33;193600.0
2004-10-29;25.37;25.53;24.81;24.81;442500.0
2004-11-01;24.82;25.6;24.77;25.6;496700.0
2004-11-02;25.6;25.65;25.33;25.42;358300.0
2004-11-03;25.75;25.81;25.49;25.81;357800.0
2004-11-04;25.22;25.77;25.22;25.75;234600.0
2004-11-05;25.74;25.74;24.99;25.03;479200.0
2004-11-08;25.0;25.25;24.98;25.25;287300.0
2004-11-09;25.2;25.37;25.06;25.35;175700.0
2004-11-10;25.27;25.64;25.15;25.58;161400.0
2004-11-11;25.73;25.88;25.41;25.88;152600.0
2004-11-12;25.93;26.55;25.68;26.55;164900.0
2004-11-15;26.55;26.91;26.2;26.71;265500.0
2004-11-16;26.7;26.97;26.43;26.73;234700.0
2004-11-17;26.85;26.99;25.91;26.13;372400.0
2004-11-18;26.3;26.47;25.62;25.96;357600.0
2004-11-19;25.96;25.96;25.65;25.9;232200.0
2004-11-22;25.87;26.3;25.69;26.03;366000.0
2004-11-23;26.03;26.53;25.87;26.53;336600.0
2004-11-24;26.16;26.75;26.16;26.7;231300.0
2004-11-26;26.7;26.81;26.5;26.52;81200.0
2004-11-29;26.53;26.65;26.11;26.3;430300.0
2004-11-30;26.43;26.43;25.77;25.87;519800.0
2004-12-01;26.65;26.99;26.38;26.94;752500.0
2004-12-02;26.75;26.93;26.53;26.75;268100.0
2004-12-03;26.9;27.35;26.72;27.35;347600.0
2004-12-06;27.34;27.43;26.73;27.37;367100.0
2004-12-07;27.3;27.33;26.9;26.9;286600.0
2004-12-08;26.8;27.21;26.8;27.2;156900.0
2004-12-09;27.2;27.4;26.9;27.26;225400.0
2004-12-10;27.06;27.32;26.96;27.32;198600.0
2004-12-13;27.34;27.35;26.87;27.18;193700.0
2004-12-14;27.0;27.29;26.94;27.29;179800.0
2004-12-15;27.19;27.4;27.01;27.4;154700.0
2004-12-16;27.25;27.41;26.88;26.9;217100.0
2004-12-17;26.9;27.39;26.82;27.25;285400.0
2004-12-20;27.15;27.25;26.92;27.04;130000.0
2004-12-21;27.0;27.65;27.0;27.65;276400.0
2004-12-22;27.47;27.85;27.42;27.83;134400.0
2004-12-23;27.84;28.0;27.66;27.66;240000.0
2004-12-27;27.62;27.85;27.45;27.75;106300.0
2004-12-28;27.75;27.88;27.62;27.65;138100.0
2004-12-29;27.5;27.87;27.5;27.84;93400.0
2004-12-30;27.84;27.95;27.66;27.95;99600.0
2004-12-31;27.84;28.0;27.7;27.7;165000.0
2005-01-03;27.22;27.82;27.15;27.27;390300.0
2005-01-04;27.32;27.32;26.57;26.65;460600.0
2005-01-05;26.49;26.52;25.39;25.39;547900.0
2005-01-06;25.39;25.83;25.28;25.51;498900.0
2005-01-07;25.55;25.8;24.9;25.3;516500.0
2005-01-10;25.3;25.35;25.07;25.19;473500.0
2005-01-11;25.02;25.07;24.8;24.9;361400.0
2005-01-12;24.81;24.95;24.3;24.78;333300.0
2005-01-13;24.75;25.26;24.64;24.92;365200.0
2005-01-14;25.08;25.22;24.9;25.02;170400.0
2005-01-18;24.87;25.32;24.76;25.28;318700.0
2005-01-19;25.31;25.83;25.06;25.52;457400.0
2005-01-20;25.51;25.61;25.24;25.25;450400.0
2005-01-21;25.34;25.58;25.2;25.25;298900.0
2005-01-24;25.35;25.5;24.96;25.17;389300.0
2005-01-25;25.14;25.31;24.49;24.5;411200.0
2005-01-26;24.65;24.82;24.47;24.82;526200.0
2005-01-27;24.7;24.88;24.32;24.51;187500.0
2005-01-28;24.7;24.77;24.27;24.56;234000.0
2005-01-31;24.66;24.81;24.28;24.5;321600.0
2005-02-01;24.57;24.88;24.52;24.7;270400.0
2005-02-02;24.65;24.92;24.62;24.83;476300.0
2005-02-03;24.3;24.57;24.28;24.4;251100.0
2005-02-04;24.5;25.0;24.5;25.0;494500.0
2005-02-07;24.95;25.2;24.9;25.05;247400.0
2005-02-08;24.95;25.09;24.9;24.92;182600.0
2005-02-09;25.0;25.38;24.98;25.31;350500.0
2005-02-10;25.3;25.39;25.11;25.37;290300.0
2005-02-11;25.37;26.34;25.22;26.33;801500.0
2005-02-14;26.29;26.42;26.03;26.38;315600.0
2005-02-15;26.4;26.63;26.35;26.63;377700.0
2005-02-16;26.58;27.15;26.46;27.07;315000.0
2005-02-17;27.07;27.1;26.66;26.76;320700.0
2005-02-18;26.76;26.76;26.29;26.63;617500.0
2005-02-22;26.45;26.45;25.69;25.69;438500.0
2005-02-23;26.03;26.18;25.75;25.83;350100.0
2005-02-24;25.9;25.9;25.6;25.62;339400.0
2005-02-25;25.62;26.28;25.59;26.28;203000.0
2005-02-28;26.15;26.21;25.59;25.79;501300.0
2005-03-01;25.8;26.35;25.8;26.34;325600.0
2005-03-02;26.35;26.59;26.13;26.25;377200.0
2005-03-03;26.4;26.61;26.27;26.54;207900.0
2005-03-04;26.54;27.28;26.52;27.21;321500.0
2005-03-07;27.26;27.76;27.05;27.47;249900.0
2005-03-08;27.4;27.52;26.92;27.06;256800.0
2005-03-09;27.1;27.24;26.41;26.54;454600.0
2005-03-10;26.7;27.03;26.6;26.98;278800.0
2005-03-11;26.98;27.11;26.54;26.66;285300.0
2005-03-14;26.75;27.23;26.7;27.12;212500.0
2005-03-15;27.16;27.66;26.92;27.15;318100.0
2005-03-16;27.1;27.23;26.79;26.83;255600.0
2005-03-17;26.89;27.14;26.85;27.08;593600.0
2005-03-18;27.33;27.33;26.63;26.98;494600.0
2005-03-21;26.9;26.91;26.55;26.89;266200.0
2005-03-22;26.85;27.2;26.31;26.41;278600.0
2005-03-23;26.2;26.76;25.7;26.44;317000.0
2005-03-24;26.44;26.86;26.44;26.45;183500.0
2005-03-28;26.49;26.72;26.35;26.39;241400.0
2005-03-29;26.35;26.87;26.22;26.3;284900.0
2005-03-30;26.31;26.94;26.29;26.94;180700.0
2005-03-31;26.98;27.12;26.62;26.82;267700.0
2005-04-01;27.05;27.2;26.46;26.57;372100.0
2005-04-04;26.4;26.7;26.15;26.7;346800.0
2005-04-05;26.65;26.87;26.52;26.65;311700.0
2005-04-06;26.79;26.91;26.65;26.71;200200.0
2005-04-07;26.65;26.96;26.61;26.8;292600.0
2005-04-08;26.95;26.95;26.59;26.7;199700.0
2005-04-11;26.7;26.75;26.3;26.73;453300.0
2005-04-12;26.65;27.31;26.53;27.27;242500.0
2005-04-13;27.27;27.5;27.18;27.42;461500.0
2005-04-14;27.4;27.57;27.07;27.2;200800.0
2005-04-15;27.2;27.4;26.96;27.19;237400.0
2005-04-18;27.15;27.54;26.93;27.38;559200.0
2005-04-19;27.45;27.57;27.29;27.53;152300.0
2005-04-20;27.51;27.51;27.07;27.15;202500.0
2005-04-21;27.35;27.53;27.1;27.47;207200.0
2005-04-22;27.45;27.5;27.14;27.4;235700.0
2005-04-25;27.44;28.14;27.35;28.08;336000.0
2005-04-26;27.95;28.13;27.6;27.7;320700.0
2005-04-27;27.55;28.14;27.44;28.09;185600.0
2005-04-28;28.0;28.0;27.63;27.64;172800.0
2005-04-29;27.74;28.13;27.48;28.13;224700.0
2005-05-02;28.05;28.13;27.63;28.13;218800.0
2005-05-03;27.95;28.17;27.8;27.93;205400.0
2005-05-04;27.9;28.03;27.55;28.03;428800.0
2005-05-05;27.95;28.1;27.66;27.72;498600.0
2005-05-06;27.8;27.87;27.43;27.62;392200.0
2005-05-09;27.62;28.32;27.56;28.3;331200.0
2005-05-10;28.07;28.15;27.95;28.05;278500.0
2005-05-11;28.05;28.14;27.72;27.97;562900.0
2005-05-12;28.0;28.07;27.69;27.86;453800.0
2005-05-13;27.55;27.69;27.23;27.33;505900.0
2005-05-16;27.35;27.66;27.35;27.61;368300.0
2005-05-17;27.61;27.72;27.37;27.61;510800.0
2005-05-18;27.86;27.94;27.68;27.8;663100.0
2005-05-19;27.66;28.07;27.65;27.8;639100.0
2005-05-20;27.75;28.14;27.55;28.1;575400.0
2005-05-23;28.0;28.12;27.83;27.9;246300.0
2005-05-24;27.9;27.95;27.55;27.72;343200.0
2005-05-25;27.75;27.75;27.29;27.29;560000.0
2005-05-26;27.39;27.69;27.21;27.24;299900.0
2005-05-27;27.24;27.5;27.1;27.41;298800.0
2005-05-31;27.3;27.79;27.2555;27.52;293700.0
2005-06-01;27.53;27.97;27.5;27.8;340300.0
2005-06-02;27.85;27.95;27.67;27.7;204900.0
2005-06-03;27.8;28.1;27.79;27.89;325100.0
2005-06-06;28.02;28.13;27.93;28.0;454900.0
2005-06-07;28.03;28.71;28.0;28.52;409300.0
2005-06-08;28.52;28.88;28.43;28.43;252200.0
2005-06-09;28.35;28.7;28.18;28.68;278700.0
2005-06-10;28.75;28.78;28.55;28.72;241600.0
2005-06-13;29.35;29.39;28.88;29.0;592900.0
2005-06-14;28.95;29.5;28.91;29.37;349400.0
2005-06-15;29.49;29.59;29.19;29.5;234000.0
2005-06-16;29.44;29.53;29.29;29.5;149800.0
2005-06-17;30.25;30.44;30.03;30.4;556600.0
2005-06-20;30.23;30.54;30.15;30.15;381300.0
2005-06-21;29.5;29.99;29.29;29.3;475600.0
2005-06-22;29.31;29.59;29.15;29.39;307800.0
2005-06-23;29.35;29.46;29.11;29.15;217400.0
2005-06-24;29.15;29.42;28.87;29.04;239600.0
2005-06-27;28.9;29.16;28.84;29.09;217600.0
2005-06-28;29.15;29.43;29.11;29.42;278500.0
2005-06-29;29.48;29.74;29.45;29.74;172600.0
2005-06-30;29.8;29.91;29.59;29.76;232400.0
2005-07-01;29.9;30.15;29.73;30.1;239700.0
2005-07-05;29.94;30.47;29.94;30.3;533500.0
2005-07-06;30.28;30.71;30.05;30.2;660700.0
2005-07-07;30.02;30.45;29.82;30.35;246600.0
2005-07-08;30.35;31.17;30.2;31.03;380100.0
2005-07-11;31.05;31.79;31.04;31.65;809100.0
2005-07-12;31.55;31.63;31.27;31.32;384500.0
2005-07-13;31.28;31.35;30.77;30.88;228300.0
2005-07-14;30.81;30.99;30.07;30.14;257100.0
2005-07-15;29.64;30.12;29.64;30.06;327900.0
2005-07-18;30.05;30.46;29.96;30.28;228900.0
2005-07-19;30.4;30.85;30.3;30.7;214400.0
2005-07-20;30.59;31.14;30.45;31.05;368800.0
2005-07-21;30.98;31.13;30.35;30.55;288800.0
2005-07-22;30.55;31.15;30.55;31.14;196800.0
2005-07-25;31.13;31.35;30.82;31.05;174900.0
2005-07-26;31.07;31.36;31.02;31.28;213600.0
2005-07-27;31.48;31.48;31.03;31.2;160900.0
2005-07-28;31.26;31.82;31.21;31.7;292500.0
2005-07-29;31.65;31.86;31.51;31.65;258100.0
2005-08-01;31.68;31.78;31.38;31.49;181100.0
2005-08-02;31.49;31.77;31.35;31.75;180000.0
2005-08-03;31.7;31.85;31.51;31.7;222600.0
2005-08-04;31.25;31.25;30.56;30.61;346100.0
2005-08-05;30.56;30.56;29.12;29.56;404400.0
2005-08-08;29.5;29.76;28.72;28.82;404100.0
2005-08-09;28.91;29.6;28.43;28.9;336100.0
2005-08-10;29.16;29.65;28.49;28.94;359600.0
2005-08-11;28.9;29.86;28.9;29.58;361200.0
2005-08-12;29.5;30.05;29.14;29.98;817400.0
2005-08-15;29.88;30.47;29.65;30.3;359900.0
2005-08-16;30.15;30.53;30.09;30.15;274600.0
2005-08-17;30.05;30.39;29.71;29.78;262200.0
2005-08-18;29.67;30.0;29.48;29.7;269400.0
2005-08-19;29.65;30.02;29.52;29.67;162900.0
2005-08-22;29.78;30.02;29.62;29.95;167700.0
2005-08-23;30.04;30.33;29.94;30.04;187200.0
2005-08-24;30.0;30.69;29.94;30.33;703200.0
2005-08-25;30.45;30.7;30.24;30.47;346100.0
2005-08-26;30.47;30.5;30.08;30.09;233800.0
2005-08-29;30.0;30.42;29.96;30.2;521100.0
2005-08-30;30.33;30.4;29.98;30.2;350700.0
2005-08-31;30.25;30.89;30.08;30.88;393700.0
2005-09-01;30.87;31.7;30.57;30.84;272600.0
2005-09-02;30.97;31.09;30.45;30.55;237500.0
2005-09-06;30.55;31.31;30.55;31.29;356900.0
2005-09-07;31.21;31.25;30.8;30.95;330800.0
2005-09-08;30.74;31.23;30.74;30.88;184000.0
2005-09-09;30.92;31.04;30.8;30.87;297500.0
2005-09-12;30.84;30.92;30.61;30.64;443700.0
2005-09-13;30.54;30.61;30.35;30.37;312000.0
2005-09-14;30.47;30.62;30.23;30.3;162300.0
2005-09-15;30.35;30.59;30.22;30.37;286500.0
2005-09-16;30.43;30.48;30.26;30.37;624500.0
2005-09-19;30.32;30.39;30.06;30.08;158300.0
2005-09-20;30.15;30.42;29.85;29.86;169200.0
2005-09-21;29.8;29.83;29.2;29.23;202700.0
2005-09-22;29.19;29.61;28.54;29.47;187400.0
2005-09-23;29.4;29.58;29.11;29.38;144900.0
2005-09-26;29.52;29.72;29.39;29.51;182000.0
2005-09-27;29.48;29.63;29.2;29.51;287500.0
2005-09-28;29.51;29.61;28.95;29.12;290500.0
2005-09-29;29.16;29.31;28.87;29.14;598300.0
2005-09-30;29.18;29.65;29.18;29.51;510600.0
2005-10-03;29.62;29.91;29.22;29.74;413000.0
2005-10-04;29.74;29.8;28.89;28.9;319000.0
2005-10-05;28.96;28.97;28.39;28.4;398700.0
2005-10-06;28.42;28.96;28.2;28.68;516800.0
2005-10-07;28.74;28.78;27.8;27.93;309800.0
2005-10-10;28.88;28.88;27.52;27.68;298500.0
2005-10-11;27.73;27.97;27.33;27.39;377700.0
2005-10-12;27.5;27.56;26.84;27.15;401200.0
2005-10-13;27.0;27.54;26.91;27.4;343300.0
2005-10-14;27.7;27.9;26.86;27.42;1217000.0
2005-10-17;27.5;27.65;27.14;27.52;218900.0
2005-10-18;27.54;27.6;27.19;27.21;295400.0
2005-10-19;27.09;27.79;26.72;27.78;459600.0
2005-10-20;27.74;27.82;27.03;27.2;306500.0
2005-10-21;27.28;27.84;27.22;27.6;302500.0
2005-10-24;27.75;28.26;27.75;28.22;321500.0
2005-10-25;28.22;28.49;28.0;28.19;327500.0
2005-10-26;28.0;28.14;27.59;27.78;369100.0
2005-10-27;27.67;27.83;27.51;27.55;270500.0
2005-10-28;27.68;28.15;27.68;28.04;506800.0
2005-10-31;28.1;28.41;28.01;28.21;265200.0
2005-11-01;27.9;27.96;27.28;27.62;251500.0
2005-11-02;27.54;27.86;27.11;27.84;356100.0
2005-11-03;27.99;28.36;27.46;27.72;380800.0
2005-11-04;27.65;27.7;27.16;27.58;499700.0
2005-11-07;27.74;27.9;27.49;27.65;277800.0
2005-11-08;27.5;27.68;27.291;27.47;215700.0
2005-11-09;27.5;28.44;27.46;28.1;427100.0
2005-11-10;28.04;28.75;27.7;28.71;290800.0
2005-11-11;28.68;29.01;28.63;28.85;320600.0
2005-11-14;28.9;28.99;28.47;28.59;130100.0
2005-11-15;28.62;28.86;28.27;28.43;351300.0
2005-11-16;28.51;28.53;28.03;28.13;155000.0
2005-11-17;28.27;29.01;28.11;28.95;325500.0
2005-11-18;29.22;29.22;28.77;28.92;319000.0
2005-11-21;28.92;28.95;28.51;28.83;356900.0
2005-11-22;28.79;29.27;28.64;29.13;574100.0
2005-11-23;28.78;29.05;28.76;28.95;230800.0
2005-11-25;28.95;29.37;28.77;29.3;119300.0
2005-11-28;29.24;29.25;28.68;28.68;215900.0
2005-11-29;28.75;28.95;28.69;28.77;306000.0
2005-11-30;28.86;29.03;28.67;28.83;352700.0
2005-12-01;28.95;29.54;28.88;29.53;382600.0
2005-12-02;29.38;29.42;29.02;29.36;265800.0
2005-12-05;29.19;29.19;28.69;29.07;280300.0
2005-12-06;29.14;29.2;28.61;28.69;224900.0
2005-12-07;29.75;29.81;29.02;29.35;507000.0
2005-12-08;29.21;29.85;29.2;29.48;243200.0
2005-12-09;29.44;29.66;29.29;29.45;145500.0
2005-12-12;29.67;29.67;28.98;29.09;256800.0
2005-12-13;29.2;29.36;28.96;29.33;233700.0
2005-12-14;29.28;29.66;29.05;29.52;381200.0
2005-12-15;29.58;29.6;28.97;29.08;439900.0
2005-12-16;29.09;29.23;28.93;29.02;546400.0
2005-12-19;29.15;29.15;28.6;28.63;217800.0
2005-12-20;28.7;28.92;28.34;28.69;223200.0
2005-12-21;28.66;29.09;28.5;28.91;253000.0
2005-12-22;29.75;29.75;28.73;29.2;632100.0
2005-12-23;29.3;29.48;29.26;29.28;244100.0
2005-12-27;29.34;29.39;28.94;28.97;359600.0
2005-12-28;29.09;29.18;28.78;28.94;134800.0
2005-12-29;28.93;29.03;28.56;28.58;123100.0
2005-12-30;28.33;28.55;28.26;28.45;224900.0
2006-01-03;28.6;29.23;28.08;29.2;334100.0
2006-01-04;29.18;29.76;29.07;29.69;426900.0
2006-01-05;29.63;30.18;29.56;30.05;426000.0
2006-01-06;30.2;30.34;29.9;30.27;445300.0
2006-01-09;30.2;30.7;30.2;30.65;319700.0
2006-01-10;30.45;30.97;30.4;30.8;262400.0
2006-01-11;30.77;30.88;30.55;30.8;328000.0
2006-01-12;30.9;30.9;30.5;30.68;225700.0
2006-01-13;30.61;30.67;30.36;30.44;335800.0
2006-01-17;30.38;30.38;30.12;30.31;252000.0
2006-01-18;30.2;30.44;29.94;30.31;315200.0
2006-01-19;30.25;30.73;30.08;30.72;171700.0
2006-01-20;30.89;30.89;30.08;30.14;236400.0
2006-01-23;30.24;30.47;30.19;30.35;218600.0
2006-01-24;30.25;30.92;30.25;30.88;273000.0
2006-01-25;30.9;31.1;30.55;30.74;329100.0
2006-01-26;30.89;30.96;30.62;30.85;299400.0
2006-01-27;31.2;31.5;31.04;31.43;256300.0
2006-01-30;31.5;31.6;31.1;31.44;538900.0
2006-01-31;31.19;31.59;31.19;31.54;358000.0
2006-02-01;31.41;31.59;31.28;31.5;308000.0
2006-02-02;31.4;31.55;31.07;31.24;385800.0
2006-02-03;30.7;30.9;30.37;30.53;306100.0
2006-02-06;30.45;30.9;30.43;30.83;250200.0
2006-02-07;30.81;31.08;30.36;30.41;206100.0
2006-02-08;30.41;30.44;30.0;30.32;136300.0
2006-02-09;30.34;30.84;30.24;30.49;211800.0
2006-02-10;30.36;31.43;30.36;31.29;2154400.0
2006-02-13;32.19;32.19;31.053;31.21;318300.0
2006-02-14;31.26;31.57;31.1;31.51;341300.0
2006-02-15;31.57;31.63;31.177;31.62;311300.0
2006-02-16;31.75;32.13;31.56;32.07;286300.0
2006-02-17;32.2;32.22;31.8535;32.18;333200.0
2006-02-21;32.08;32.75;32.02;32.73;325500.0
2006-02-22;32.9;33.18;32.43;33.09;265400.0
2006-02-23;33.01;33.12;32.62;33.02;254200.0
2006-02-24;32.95;33.03;32.44;32.5;418600.0
2006-02-27;32.6;32.85;32.39;32.59;301800.0
2006-02-28;32.39;32.66;31.9;32.35;473900.0
2006-03-01;32.34;32.66;32.18;32.66;374600.0
2006-03-02;32.66;32.81;32.42;32.77;366700.0
2006-03-03;32.61;32.77;32.36;32.53;550000.0
2006-03-06;31.58;33.29;31.58;32.91;380700.0
2006-03-07;32.7;32.9;32.31;32.33;233800.0
2006-03-08;32.21;32.47;31.89;32.45;319400.0
2006-03-09;32.5;33.0;32.3;32.9;330000.0
2006-03-10;32.9;33.56;32.81;33.45;346600.0
2006-03-13;33.38;33.82;33.03;33.36;323700.0
2006-03-14;33.24;33.67;33.03;33.63;257600.0
2006-03-15;33.7;34.42;33.51;34.42;546800.0
2006-03-16;34.47;34.81;34.28;34.55;696200.0
2006-03-17;34.46;34.84;34.03;34.77;678700.0
2006-03-20;34.57;34.62;34.06;34.36;352200.0
2006-03-21;34.23;34.47;33.43;33.88;429700.0
2006-03-22;33.79;34.12;33.57;34.04;232200.0
2006-03-23;33.8;34.17;33.73;34.01;170000.0
2006-03-24;33.98;34.08;33.78;33.94;170800.0
2006-03-27;33.84;33.98;33.24;33.28;295000.0
2006-03-28;33.19;33.87;33.15;33.53;226200.0
2006-03-29;33.57;34.28;33.56;34.28;334900.0
2006-03-30;34.2;34.22;33.32;33.61;215100.0
2006-03-31;33.56;33.84;33.23;33.73;378100.0
2006-04-03;33.73;33.85;33.07;33.11;233800.0
2006-04-04;33.1;33.19;32.47;32.92;231100.0
2006-04-05;33.02;33.42;32.91;33.32;211400.0
2006-04-06;33.27;33.38;33.09;33.21;367600.0
2006-04-07;33.18;33.25;32.1;32.14;376000.0
2006-04-10;31.99;32.18;31.66;31.71;181200.0
2006-04-11;31.8;31.9;31.36;31.36;161300.0
2006-04-12;31.33;31.69;31.11;31.17;194500.0
2006-04-13;31.07;31.1;30.68;30.73;242300.0
2006-04-17;30.73;30.95;30.57;30.68;206200.0
2006-04-18;30.94;31.77;30.73;31.65;282500.0
2006-04-19;31.795;32.2;31.4;32.0;906200.0
2006-04-20;31.94;31.97;31.5;31.76;198400.0
2006-04-21;32.37;32.4;31.43;31.67;234500.0
2006-04-24;31.63;31.73;31.21;31.29;210700.0
2006-04-25;31.31;31.42;31.05;31.16;251100.0
2006-04-26;31.36;31.51;30.93;30.95;332300.0
2006-04-27;30.72;31.7;30.46;31.32;389300.0
2006-04-28;31.12;31.82;31.04;31.54;459500.0
2006-05-01;31.74;31.95;31.12;31.22;422300.0
2006-05-02;31.17;31.2;30.6;30.87;369500.0
2006-05-03;30.9;31.12;30.72;30.99;252100.0
2006-05-04;30.97;31.55;30.97;31.35;240600.0
2006-05-05;31.75;32.28;31.54;31.54;298400.0
2006-05-08;30.95;31.53;30.89;31.48;445200.0
2006-05-09;31.28;31.56;31.06;31.35;201100.0
2006-05-10;31.22;32.04;30.95;31.18;241400.0
2006-05-11;31.1;31.2;30.24;30.25;302200.0
2006-05-12;30.1;30.18;29.62;29.9;287200.0
2006-05-15;28.95;30.24;28.95;30.18;206900.0
2006-05-16;30.14;30.61;30.14;30.45;244400.0
2006-05-17;30.15;30.31;29.73;29.9;419100.0
2006-05-18;30.04;30.28;29.67;30.0;443100.0
2006-05-19;29.95;30.56;29.6556;30.15;428700.0
2006-05-22;29.9;30.13;29.72;29.98;483200.0
2006-05-23;30.25;30.4;29.51;29.56;336800.0
2006-05-24;29.32;29.95;29.27;29.83;448100.0
2006-05-25;30.01;30.74;30.0;30.73;563400.0
2006-05-26;30.93;31.07;30.7;31.01;273400.0
2006-05-30;30.75;30.89;30.5;30.61;548400.0
2006-05-31;30.73;31.15;30.51;31.0;635800.0
2006-06-01;31.06;31.55;30.94;31.55;262800.0
2006-06-02;31.81;32.07;31.67;31.86;349700.0
2006-06-05;32.29;33.45;31.81;32.77;652900.0
2006-06-06;32.75;32.81;32.2;32.44;472200.0
2006-06-07;32.4;32.68;31.99;32.16;802000.0
2006-06-08;32.0;32.59;31.6;32.45;329000.0
2006-06-09;32.6;32.94;32.32;32.6;321000.0
2006-06-12;32.45;32.65;32.05;32.09;246100.0
2006-06-13;32.0;32.58;31.82;31.94;497200.0
2006-06-14;31.9;32.1;31.54;31.77;383700.0
2006-06-15;31.8;32.09;31.74;31.99;559700.0
2006-06-16;31.99;32.2;31.68;32.17;1029700.0
2006-06-19;32.15;32.3;31.59;31.68;392900.0
2006-06-20;31.63;31.95;31.56;31.65;340000.0
2006-06-21;31.57;32.25;31.57;32.21;225400.0
2006-06-22;32.01;32.16;31.56;31.61;395800.0
2006-06-23;31.46;31.56;31.21;31.34;391300.0
2006-06-26;31.59;32.92;31.56;32.57;877000.0
2006-06-27;32.8;33.27;32.8;32.99;568300.0
2006-06-28;33.04;33.25;32.87;33.04;407500.0
2006-06-29;33.51;34.96;33.35;34.96;1378400.0
2006-06-30;35.1;36.4;35.1;36.18;964100.0
2006-07-03;35.93;36.21;35.82;36.19;215700.0
2006-07-05;35.98;36.38;35.7;36.07;437700.0
2006-07-06;36.2;36.29;35.9;36.15;331700.0
2006-07-07;36.14;36.64;36.0;36.21;430100.0
2006-07-10;36.2;36.66;36.07;36.3;345100.0
2006-07-11;36.1;36.45;35.72;36.39;501900.0
2006-07-12;36.4;36.48;35.83;35.98;257000.0
2006-07-13;35.84;36.27;35.27;35.39;307500.0
2006-07-14;35.21;35.88;35.01;35.56;535100.0
2006-07-17;35.43;35.9225;35.32;35.85;340300.0
2006-07-18;36.05;36.73;35.9;36.62;234400.0
2006-07-19;36.57;37.01;36.51;36.89;477000.0
2006-07-20;36.3;36.6;35.76;36.0;743600.0
2006-07-21;35.82;36.21;35.74;36.02;625000.0
2006-07-24;36.27;36.88;36.21;36.64;264600.0
2006-07-25;36.82;37.15;36.34;36.88;304100.0
2006-07-26;36.8;37.31;36.64;37.23;354700.0
2006-07-27;37.4;37.5;36.85;36.86;363300.0
2006-07-28;36.9;37.73;36.6;37.55;397000.0
2006-07-31;37.55;37.55;36.9;37.24;269400.0
2006-08-01;36.99;37.04;36.54;36.57;229600.0
2006-08-02;36.57;36.93;36.45;36.86;280700.0
2006-08-03;36.75;37.46;36.66;37.39;260900.0
2006-08-04;37.45;37.86;37.4;37.77;499700.0
2006-08-07;37.27;37.5;37.0;37.26;241200.0
2006-08-08;37.3;37.5;36.79;37.06;221700.0
2006-08-09;37.31;37.82;36.8;36.85;1088500.0
2006-08-10;36.05;36.8599;36.0;36.33;591800.0
2006-08-11;36.05;36.25;35.96;35.98;275400.0
2006-08-14;36.03;36.96;36.03;36.09;323700.0
2006-08-15;36.65;36.66;36.25;36.35;733900.0
2006-08-16;36.55;37.45;36.5;37.3;338100.0
2006-08-17;37.28;37.5;37.21;37.3;275000.0
2006-08-18;37.37;37.47;37.05;37.35;203500.0
2006-08-21;37.28;37.37;37.03;37.29;155700.0
2006-08-22;37.13;37.51;37.1;37.51;168000.0
2006-08-23;37.55;37.55;37.06;37.07;230200.0
2006-08-24;37.19;37.28;36.76;37.02;200400.0
2006-08-25;36.87;37.24;36.67;36.97;245500.0
2006-08-28;36.9;37.78;36.9;37.71;327500.0
2006-08-29;37.8;37.95;37.45;37.7;441000.0
2006-08-30;37.7;37.93;37.66;37.75;328600.0
2006-08-31;37.8;38.16;37.73;37.74;233400.0
2006-09-01;37.75;38.0;37.55;37.6;251500.0
2006-09-05;37.45;38.16;37.41;38.15;272400.0
2006-09-06;37.8;38.09;37.7;37.77;356700.0
2006-09-07;37.6;37.84;36.93;37.02;319100.0
2006-09-08;37.2;37.44;36.84;37.11;279800.0
2006-09-11;36.99;37.36;36.76;37.25;270900.0
2006-09-12;37.3;37.76;37.01;37.75;356800.0
2006-09-13;37.16;37.89;36.95;37.51;200300.0
2006-09-14;37.35;37.54;37.11;37.54;220100.0
2006-09-15;37.73;37.75;37.3;37.45;458700.0
2006-09-18;37.21;37.5;37.17;37.36;225100.0
2006-09-19;37.56;37.7;37.23;37.55;304900.0
2006-09-20;37.65;38.05;37.61;37.83;326900.0
2006-09-21;37.97;37.99;37.15;37.27;245900.0
2006-09-22;37.25;37.91;37.0;37.78;271600.0
2006-09-25;37.74;37.89;37.25;37.63;229700.0
2006-09-26;37.63;37.7;37.29;37.44;160400.0
2006-09-27;37.27;37.67;37.07;37.64;186500.0
2006-09-28;37.7;37.71;37.1;37.18;372100.0
2006-09-29;37.1;37.34;36.85;37.21;409500.0
2006-10-02;37.03;37.47;36.83;37.1;134900.0
2006-10-03;36.97;37.99;36.92;37.7;272900.0
2006-10-04;37.6;38.12;37.6;37.98;319300.0
2006-10-05;37.87;38.22;37.75;38.15;211100.0
2006-10-06;37.71;38.17;37.45;37.61;253700.0
2006-10-09;37.44;37.98;37.26;37.77;165300.0
2006-10-10;37.71;38.02;37.4;37.78;143600.0
2006-10-11;37.65;38.0;37.4;37.66;183400.0
2006-10-12;37.78;38.34;37.65;38.28;185100.0
2006-10-13;38.33;38.75;38.3;38.75;180900.0
2006-10-16;38.65;38.97;38.6;38.91;115900.0
2006-10-17;38.66;38.99;38.63;38.8;86800.0
2006-10-18;38.9;39.02;38.6;38.8;129300.0
2006-10-19;38.8;38.99;38.39;38.56;131300.0
2006-10-20;38.6;38.69;38.26;38.48;154500.0
2006-10-23;38.38;39.01;38.06;39.01;290500.0
2006-10-24;38.81;38.91;38.0;38.44;263100.0
2006-10-25;38.45;38.71;37.72;38.06;214600.0
2006-10-26;38.23;38.68;37.81;38.62;410100.0
2006-10-27;38.55;38.62;37.81;38.1;386600.0
2006-10-30;37.91;38.23;37.7;37.94;389500.0
2006-10-31;38.11;38.33;37.9;38.2;341400.0
2006-11-01;38.25;38.39;37.03;37.08;287600.0
2006-11-02;37.0;37.5;36.85;37.5;254200.0
2006-11-03;37.75;37.75;36.61;37.12;265500.0
2006-11-06;37.2;37.4;37.04;37.16;179500.0
2006-11-07;37.22;37.33;36.34;36.4;347800.0
2006-11-08;36.3;36.99;36.24;36.88;187700.0
2006-11-09;36.96;37.12;36.6;36.86;166000.0
2006-11-10;36.7;37.1;36.68;36.98;134200.0
2006-11-13;37.03;37.4;36.92;36.93;196100.0
2006-11-14;37.05;37.45;36.91;37.35;401500.0
2006-11-15;37.39;37.99;37.22;37.57;376300.0
2006-11-16;37.9;37.96;37.52;37.67;270700.0
2006-11-17;37.7;37.74;37.4;37.65;177100.0
2006-11-20;38.5;39.6;38.44;39.45;811000.0
2006-11-21;39.9;39.99;39.5;39.84;306500.0
2006-11-22;39.85;40.7;39.84;40.61;241600.0
2006-11-24;40.5;41.31;40.45;40.88;136300.0
2006-11-27;40.88;41.0;39.51;39.54;522200.0
2006-11-28;39.45;39.97;39.2;39.92;489700.0
2006-11-29;40.0;40.54;39.83;40.52;242900.0
2006-11-30;40.52;40.98;40.28;40.8;302600.0
2006-12-01;40.96;40.98;39.72;40.35;408800.0
2006-12-04;39.95;40.74;39.95;40.32;658200.0
2006-12-05;40.47;40.52;39.5;39.5;479500.0
2006-12-06;39.35;39.6;38.96;39.28;459500.0
2006-12-07;39.38;39.79;39.0;39.54;266800.0
2006-12-08;39.5;39.58;39.17;39.51;280800.0
2006-12-11;39.41;40.04;39.31;39.87;263400.0
2006-12-12;40.5;40.79;40.07;40.17;464400.0
2006-12-13;40.25;40.38;39.44;40.19;511800.0
2006-12-14;40.19;40.54;40.18;40.3;312800.0
2006-12-15;40.4;40.45;39.9;40.29;656500.0
2006-12-18;40.49;40.56;40.2;40.34;254400.0
2006-12-19;40.15;40.23;39.48;39.9;299800.0
2006-12-20;40.05;40.2;39.8;39.96;184700.0
2006-12-21;40.12;40.58;39.44;39.77;394700.0
2006-12-22;39.84;39.9885;39.31;39.38;209300.0
2006-12-26;39.2;39.93;39.2;39.6;152900.0
2006-12-27;39.74;40.2;39.72;40.12;179500.0
2006-12-28;40.0;40.8;39.85;40.46;263900.0
2006-12-29;40.54;40.77;40.2;40.76;441700.0
2007-01-03;41.01;41.35;39.63;40.0;415900.0
2007-01-04;39.89;39.9;39.04;39.4;548500.0
2007-01-05;39.34;39.35;38.21;38.45;478800.0
2007-01-08;38.38;38.59;37.76;37.99;540000.0
2007-01-09;38.05;38.61;37.7;38.45;467600.0
2007-01-10;38.23;38.57;38.1;38.46;160900.0
2007-01-11;38.65;39.05;38.38;38.87;442500.0
2007-01-12;38.97;39.55;38.95;39.48;180800.0
2007-01-16;39.65;40.0;39.47;39.85;307600.0
2007-01-17;39.63;40.01;39.25;39.99;374500.0
2007-01-18;41.33;41.5;39.97;40.03;359300.0
2007-01-19;39.85;41.04;39.63;41.01;221100.0
2007-01-22;41.16;41.25;40.4;40.59;335800.0
2007-01-23;40.57;41.35;40.51;40.87;228500.0
2007-01-24;40.83;41.87;40.82;41.87;160800.0
2007-01-25;41.48;42.72;41.26;42.52;529600.0
2007-01-26;42.71;43.0;42.22;42.91;330300.0
2007-01-29;42.78;43.44;42.72;43.35;249300.0
2007-01-30;43.33;43.47;42.81;43.47;421600.0
2007-01-31;43.32;44.19;43.23;43.7;373800.0
2007-02-01;43.95;44.06;43.62;43.95;296000.0
2007-02-02;43.52;44.04;43.52;43.96;246500.0
2007-02-05;43.75;44.15;43.62;43.9;395700.0
2007-02-06;44.05;44.78;43.89;44.78;247800.0
2007-02-07;44.88;45.86;44.5;45.43;314700.0
2007-02-08;45.35;45.65;45.06;45.51;680600.0
2007-02-09;45.46;45.65;44.59;45.18;1067300.0
2007-02-12;45.05;45.05;44.02;44.36;482600.0
2007-02-13;44.31;45.2;43.9201;45.2;438900.0
2007-02-14;44.52;45.31;44.4;44.45;620500.0
2007-02-15;45.35;46.45;45.0;45.7;673100.0
2007-02-16;45.69;46.0;44.81;45.88;345500.0
2007-02-20;44.76;45.66;44.75;45.59;1021400.0
2007-02-21;45.41;46.4;45.33;46.36;296100.0
2007-02-22;46.25;47.36;46.1;46.95;708500.0
2007-02-23;46.92;46.92;45.41;45.57;696000.0
2007-02-26;45.32;45.6;44.44;45.42;574800.0
2007-02-27;42.51;45.25;42.51;43.61;662500.0
2007-02-28;43.68;44.59;43.28;44.35;647300.0
2007-03-01;43.45;43.99;42.8;43.55;942500.0
2007-03-02;43.27;43.4;41.87;42.03;617800.0
2007-03-05;41.55;42.13;40.5;40.59;573500.0
2007-03-06;40.91;41.53;40.64;40.77;618400.0
2007-03-07;40.84;40.84;39.67;39.92;714900.0
2007-03-08;40.3;41.17;40.19;40.49;405200.0
2007-03-09;40.88;41.84;40.8;41.75;446700.0
2007-03-12;41.75;42.58;41.57;42.44;551800.0
2007-03-13;42.15;42.15;40.42;40.56;394200.0
2007-03-14;40.49;40.86;39.78;40.7;462200.0
2007-03-15;40.74;42.07;40.74;42.04;562600.0
2007-03-16;42.03;42.23;40.74;40.91;693900.0
2007-03-19;41.07;41.34;40.83;41.05;210600.0
2007-03-20;40.96;41.42;40.57;41.23;277600.0
2007-03-21;41.22;41.66;40.65;41.35;457200.0
2007-03-22;41.54;41.9;41.06;41.29;407400.0
2007-03-23;41.45;41.5;41.07;41.08;246500.0
2007-03-26;41.19;41.24;40.07;40.41;1183100.0
2007-03-27;40.25;40.36;39.53;39.6;277500.0
2007-03-28;39.37;39.58;38.88;39.37;496700.0
2007-03-29;39.65;39.65;39.08;39.21;1150000.0
2007-03-30;39.21;39.58;38.93;39.49;1321600.0
2007-04-02;39.49;39.83;39.07;39.79;1094200.0
2007-04-03;40.03;40.78;40.03;40.49;517800.0
2007-04-04;40.54;40.98;40.35;40.7;426600.0
2007-04-05;40.61;40.83;40.42;40.51;242800.0
2007-04-09;40.48;40.64;40.25;40.58;266400.0
2007-04-10;40.49;40.88;40.49;40.75;243400.0
2007-04-11;39.89;40.87;39.89;40.32;497700.0
2007-04-12;39.47;40.55;39.47;40.55;588500.0
2007-04-13;40.5;40.65;40.06;40.52;365500.0
2007-04-16;40.88;41.66;40.51;41.47;398100.0
2007-04-17;41.9;42.72;41.51;42.44;494900.0
2007-04-18;42.15;42.61;42.15;42.32;550300.0
2007-04-19;42.142;42.36;41.79;42.07;711100.0
2007-04-20;42.95;42.95;42.01;42.1;402700.0
2007-04-23;42.0;42.76;41.92;42.7;348700.0
2007-04-24;42.74;43.05;42.38;42.76;236300.0
2007-04-25;43.03;43.13;42.25;42.6;421100.0
2007-04-26;42.55;42.8;42.33;42.64;416800.0
2007-04-27;42.57;42.57;41.99;42.05;346200.0
2007-04-30;42.25;42.25;40.62;40.78;335700.0
2007-05-01;40.83;40.96;39.41;40.62;485200.0
2007-05-02;42.03;43.0;41.86;42.08;655400.0
2007-05-03;42.08;42.43;41.7232;41.77;389600.0
2007-05-04;41.97;42.27;41.52;42.12;330500.0
2007-05-07;42.15;42.41;42.06;42.31;222600.0
2007-05-08;42.15;42.4;41.95;42.32;348200.0
2007-05-09;42.3;43.0;42.01;42.87;384500.0
2007-05-10;42.185;42.71;41.64;42.3;360100.0
2007-05-11;42.8;43.2;42.54;43.0;206600.0
2007-05-14;42.95;43.15;42.73;42.92;423300.0
2007-05-15;43.08;43.48;41.36;41.36;484800.0
2007-05-16;41.52;41.52;40.02;40.56;297500.0
2007-05-17;40.4;40.4;39.38;39.64;314000.0
2007-05-18;39.71;39.78;38.91;39.21;285800.0
2007-05-21;39.19;40.49;38.97;39.87;276300.0
2007-05-22;40.07;40.23;39.67;39.75;327400.0
2007-05-23;40.0;40.59;39.46;39.56;553800.0
2007-05-24;39.64;39.64;38.29;38.78;571700.0
2007-05-25;38.98;39.73;38.82;39.16;284900.0
2007-05-29;39.55;40.75;39.55;40.75;390900.0
2007-05-30;40.48;41.59;40.16;41.48;436500.0
2007-05-31;41.72;44.03;41.54;43.84;1190200.0
2007-06-01;43.77;44.55;42.51;42.81;1205700.0
2007-06-04;42.45;43.28;41.96;42.94;250300.0
2007-06-05;42.64;42.92;41.46;41.46;376500.0
2007-06-06;41.14;41.61;40.66;41.32;293500.0
2007-06-07;41.32;41.32;39.54;39.54;380300.0
2007-06-08;39.68;40.57;39.24;40.21;314100.0
2007-06-11;39.21;39.53;38.8;39.03;398800.0
2007-06-12;38.98;39.53;38.31;38.83;523800.0
2007-06-13;38.88;39.77;38.3;39.64;375100.0
2007-06-14;39.61;40.1;39.16;39.49;371000.0
2007-06-15;40.31;40.76;40.07;40.65;623800.0
2007-06-18;40.65;40.74;39.77;39.91;411600.0
2007-06-19;39.66;40.34;39.48;40.3;467800.0
2007-06-20;40.45;40.45;39.16;39.16;511800.0
2007-06-21;38.8;39.35;38.11;39.23;525700.0
2007-06-22;39.03;39.16;38.26;38.55;1151100.0
2007-06-25;38.6;39.0;37.92;38.1;757900.0
2007-06-26;38.26;38.73;37.47;37.75;567300.0
2007-06-27;37.38;38.83;37.0;38.81;632500.0
2007-06-28;38.9;39.42;38.11;38.11;490400.0
2007-06-29;38.2;38.58;37.28;37.5;858300.0
2007-07-02;37.82;38.99;37.55;38.96;402000.0
2007-07-03;38.98;38.99;38.28;38.42;216800.0
2007-07-05;38.53;39.22;38.43;38.77;337300.0
2007-07-06;38.68;39.14;38.03;39.01;232900.0
2007-07-09;39.05;39.11;38.33;38.45;225800.0
2007-07-10;38.04;38.41;37.07;37.11;394600.0
2007-07-11;37.11;37.5;36.81;37.1;305200.0
2007-07-12;37.4;38.44;36.9;38.35;251000.0
2007-07-13;38.46;39.05;38.46;39.01;290900.0
2007-07-16;38.98;39.59;38.7;39.0;419700.0
2007-07-17;39.2;39.45;38.16;38.21;457400.0
2007-07-18;38.1;38.53;37.57;38.52;458200.0
2007-07-19;38.82;39.25;38.65;38.74;190500.0
2007-07-20;38.65;38.74;36.88;38.0;889400.0
2007-07-23;38.14;38.46;37.11;37.15;376300.0
2007-07-24;36.6;37.01;35.07;35.3;442000.0
2007-07-25;35.69;36.28;34.9;35.87;461300.0
2007-07-26;32.6;35.43;32.6;34.72;660300.0
2007-07-27;33.86;35.17;33.58;33.58;627600.0
2007-07-30;33.72;34.16;33.04;33.4;596900.0
2007-07-31;33.8;34.39;32.21;32.53;527500.0
2007-08-01;32.58;34.02;31.12;33.72;512300.0
2007-08-02;33.25;34.57;32.64;32.95;557100.0
2007-08-03;32.94;33.05;31.23;32.09;862600.0
2007-08-06;32.73;32.88;31.0;32.88;594800.0
2007-08-07;32.88;33.49;31.53;32.51;492900.0
2007-08-08;33.75;34.51;32.81;34.32;640300.0
2007-08-09;32.5;35.47;32.5;34.46;1136100.0
2007-08-10;33.82;35.43;33.13;34.19;733100.0
2007-08-13;35.04;36.23;34.2;34.35;420100.0
2007-08-14;34.65;34.8;33.06;33.06;353400.0
2007-08-15;32.93;35.04;32.52;32.62;382200.0
2007-08-16;32.15;34.25;32.0;34.03;769800.0
2007-08-17;34.03;35.87;34.03;35.48;796000.0
2007-08-20;35.43;36.71;35.11;36.65;401200.0
2007-08-21;36.33;37.08;35.43;36.25;439900.0
2007-08-22;36.65;36.99;35.5;35.8;394600.0
2007-08-23;36.0;36.09;34.38;35.12;539000.0
2007-08-24;35.14;35.54;34.73;35.5;238300.0
2007-08-27;35.28;35.56;34.62;34.66;231000.0
2007-08-28;34.29;34.6;32.89;32.92;360100.0
2007-08-29;33.1;34.39;32.83;34.25;285400.0
2007-08-30;33.98;35.04;33.97;35.04;294700.0
2007-08-31;35.56;36.29;35.38;35.69;500300.0
2007-09-04;35.55;36.99;35.37;36.52;306800.0
2007-09-05;36.1;36.21;35.48;35.59;416200.0
2007-09-06;35.75;35.94;35.03;35.3;294000.0
2007-09-07;34.72;34.99;33.98;34.03;442400.0
2007-09-10;34.24;34.64;33.23;33.67;416900.0
2007-09-11;33.76;34.9;33.67;34.9;445700.0
2007-09-12;34.73;34.81;34.09;34.22;202400.0
2007-09-13;34.36;35.54;33.93;35.02;193800.0
2007-09-14;34.59;35.46;34.54;35.44;270500.0
2007-09-17;35.3;35.63;34.98;35.21;491200.0
2007-09-18;35.51;37.14;35.31;37.06;541300.0
2007-09-19;37.34;38.52;37.27;37.72;524600.0
2007-09-20;37.61;37.82;36.81;37.46;481000.0
2007-09-21;37.82;38.02;37.3;37.3;685200.0
2007-09-24;37.25;37.77;36.99;37.69;307600.0
2007-09-25;37.44;37.44;36.51;36.6;251400.0
2007-09-26;36.84;37.34;36.54;37.05;344300.0
2007-09-27;37.19;37.37;36.8;37.19;318800.0
2007-09-28;37.08;37.15;35.93;36.67;539000.0
2007-10-01;36.61;37.798;36.55;37.76;494000.0
2007-10-02;38.2;38.3;37.49;37.55;442300.0
2007-10-03;37.27;37.45;36.76;37.1;390900.0
2007-10-04;37.36;37.36;36.68;37.28;243000.0
2007-10-05;37.61;37.9;37.07;37.75;506100.0
2007-10-08;37.45;37.56;36.77;37.22;463100.0
2007-10-09;37.15;38.28;36.87;37.69;478700.0
2007-10-10;37.56;38.01;37.16;37.62;467700.0
2007-10-11;37.77;38.52;37.54;38.26;532200.0
2007-10-12;38.41;38.77;37.9;38.03;210300.0
2007-10-15;38.17;38.35;36.63;36.99;361500.0
2007-10-16;36.91;37.21;36.69;36.76;245600.0
2007-10-17;36.93;37.21;35.59;37.03;346200.0
2007-10-18;36.75;37.72;36.34;36.9;336600.0
2007-10-19;36.85;36.85;34.78;34.78;454800.0
2007-10-22;34.69;35.45;34.09;35.18;484500.0
2007-10-23;35.25;35.82;34.67;35.72;224500.0
2007-10-24;35.44;35.55;34.09;35.12;442700.0
2007-10-25;35.4;35.72;34.56;35.25;379700.0
2007-10-26;35.83;36.17;34.97;35.25;344100.0
2007-10-29;35.45;35.52;34.02;34.18;315200.0
2007-10-30;34.0;34.82;33.82;34.4;474700.0
2007-10-31;35.0;36.43;34.71;35.96;528100.0
2007-11-01;35.4;35.82;34.78;35.0;889800.0
2007-11-02;35.28;35.28;33.61;34.08;617200.0
2007-11-05;35.5;35.5;32.02;34.18;635100.0
2007-11-06;34.48;35.12;33.53;35.02;474600.0
2007-11-07;34.37;34.5;33.59;33.65;628600.0
2007-11-08;33.8;34.48;33.04;34.19;646800.0
2007-11-09;33.54;34.99;33.38;34.41;616300.0
2007-11-12;33.86;35.49;33.86;34.43;433700.0
2007-11-13;35.14;36.14;34.65;36.05;342600.0
2007-11-14;36.24;36.44;34.53;34.76;313100.0
2007-11-15;34.29;35.08;33.5;34.28;493400.0
2007-11-16;33.8;34.3;32.62;32.91;881100.0
2007-11-19;32.74;32.74;31.79;31.98;724600.0
2007-11-20;31.79;32.48;30.57;31.34;584300.0
2007-11-21;30.5;31.1;29.79;30.62;1022800.0
2007-11-23;30.95;31.06;30.48;30.78;221000.0
2007-11-26;30.41;30.7;28.89;28.89;613600.0
2007-11-27;29.05;29.44;28.62;29.34;584600.0
2007-11-28;29.88;30.96;29.79;30.96;620800.0
2007-11-29;30.74;30.9;29.95;30.57;462000.0
2007-11-30;31.38;32.23;31.29;31.73;746300.0
2007-12-03;31.54;31.77;30.95;31.01;383500.0
2007-12-04;30.47;30.75;30.15;30.15;371600.0
2007-12-05;30.47;31.5;30.47;31.48;235100.0
2007-12-06;31.62;32.95;31.45;32.86;357000.0
2007-12-07;32.88;33.66;32.62;33.2;257900.0
2007-12-10;32.91;34.08;32.87;33.78;298200.0
2007-12-11;33.79;34.32;32.25;32.25;1014500.0
2007-12-12;32.94;33.65;31.82;32.24;417000.0
2007-12-13;32.26;32.26;31.13;31.69;251200.0
2007-12-14;31.31;32.04;30.44;30.45;232000.0
2007-12-17;29.99;30.48;29.64;29.64;280300.0
2007-12-18;29.61;30.11;28.82;29.69;502500.0
2007-12-19;29.67;31.83;29.41;30.99;933900.0
2007-12-20;31.16;31.58;30.45;31.09;379700.0
2007-12-21;31.79;32.49;30.87;31.13;950500.0
2007-12-24;31.82;32.61;31.19;32.6;259500.0
2007-12-26;32.09;32.68;32.01;32.3;285400.0
2007-12-27;32.3;32.3;30.25;30.31;381800.0
2007-12-28;30.71;30.88;29.63;29.77;373000.0
2007-12-31;29.51;30.07;29.01;29.38;707000.0
2008-01-02;29.15;30.16;29.04;29.73;442600.0
2008-01-03;29.93;30.6;29.44;29.5;681300.0
2008-01-04;29.15;29.26;28.04;28.07;648100.0
2008-01-07;28.2;28.83;27.43;27.96;678200.0
2008-01-08;28.17;29.06;26.69;26.7;751200.0
2008-01-09;26.63;27.75;25.92;27.64;468300.0
2008-01-10;26.93;28.78;26.8308;28.2;683400.0
2008-01-11;27.92;28.94;27.38;28.09;481200.0
2008-01-14;29.07;29.75;27.64;28.35;402300.0
2008-01-15;27.46;27.89;27.08;27.32;343600.0
2008-01-16;27.84;28.81;27.18;28.21;568400.0
2008-01-17;28.22;28.77;27.5;27.65;692600.0
2008-01-18;27.95;27.97;26.1845;26.67;978100.0
2008-01-22;25.65;27.45;25.34;27.05;881300.0
2008-01-23;26.36;30.75;26.13;29.96;1087500.0
2008-01-24;30.09;30.27;27.52;28.77;767600.0
2008-01-25;29.08;29.66;28.18;28.85;800600.0
2008-01-28;28.89;30.57;28.7601;30.57;753900.0
2008-01-29;30.588;31.07;29.86;30.8;429300.0
2008-01-30;30.57;31.58;29.4;29.5;808800.0
2008-01-31;29.1;30.37;28.77;29.88;720800.0
2008-02-01;29.89;31.21;28.73;31.21;659300.0
2008-02-04;31.225;31.25;30.23;30.95;481800.0
2008-02-05;30.31;30.89;29.39;29.39;447900.0
2008-02-06;29.61;29.75;28.45;28.76;566600.0
2008-02-07;28.61;30.01;28.18;30.01;747700.0
2008-02-08;29.64;29.98;28.21;28.75;491000.0
2008-02-11;28.68;28.95;27.69;28.33;453700.0
2008-02-12;28.03;29.65;27.41;29.24;443600.0
2008-02-13;30.0;30.72;29.47;29.95;679600.0
2008-02-14;30.0;30.25;29.16;29.37;614000.0
2008-02-15;29.24;29.49;28.68;29.49;439600.0
2008-02-19;29.78;30.0;28.58;28.7;573200.0
2008-02-20;28.545;29.72;28.43;29.65;572100.0
2008-02-21;30.02;30.65;29.28;29.29;678800.0
2008-02-22;29.32;30.14;28.77;30.14;481400.0
2008-02-25;30.03;31.41;29.6;31.41;563700.0
2008-02-26;31.5;31.76;30.89;31.21;549800.0
2008-02-27;31.17;31.64;30.64;30.96;393400.0
2008-02-28;30.74;31.17;30.07;30.53;540400.0
2008-02-29;30.15;30.48;29.4;29.48;471100.0
2008-03-03;29.78;30.48;29.3;30.18;640800.0
2008-03-04;29.59;29.98;28.88;29.52;850600.0
2008-03-05;29.43;30.08;28.79;29.28;478200.0
2008-03-06;28.9;28.93;27.51;27.6;435400.0
2008-03-07;27.46;28.61;26.95;28.29;449800.0
2008-03-10;28.37;28.53;27.76;27.8;487400.0
2008-03-11;28.17;30.5;28.17;30.4;769400.0
2008-03-12;30.4;30.71;29.06;29.17;487700.0
2008-03-13;28.0601;30.48;28.06;30.13;820400.0
2008-03-14;30.12;30.39;28.23;29.99;961100.0
2008-03-17;29.5;30.19;29.1;29.64;807300.0
2008-03-18;30.81;31.07;29.23;31.07;1006100.0
2008-03-19;31.43;31.64;30.47;30.53;771100.0
2008-03-20;30.84;31.75;30.35;31.4;1338100.0
2008-03-24;31.53;32.45;31.3;31.87;460300.0
2008-03-25;31.93;32.41;31.34;32.34;456200.0
2008-03-26;32.1;32.3;30.99;31.03;674900.0
2008-03-27;30.97;31.52;30.42;30.64;541700.0
2008-03-28;30.63;31.04;30.08;30.4;466900.0
2008-03-31;30.53;32.22;30.23;31.07;736600.0
2008-04-01;31.51;33.24;31.5;33.23;932800.0
2008-04-02;33.18;34.18;32.66;33.27;841200.0
2008-04-03;33.01;34.38;33.01;34.37;533900.0
2008-04-04;34.31;34.5;33.5;33.68;640400.0
2008-04-07;33.8;33.89;33.238;33.67;323200.0
2008-04-08;33.67;33.67;32.66;32.89;501200.0
2008-04-09;33.01;33.05;31.83;31.95;470900.0
2008-04-10;32.07;33.04;31.7;32.54;499400.0
2008-04-11;32.1;32.75;31.6601;31.99;433500.0
2008-04-14;32.04;32.43;31.73;32.13;549900.0
2008-04-15;32.45;33.05;32.27;33.0;691300.0
2008-04-16;33.36;34.58;33.05;34.58;780400.0
2008-04-17;34.4;34.68;33.98;34.55;359500.0
2008-04-18;34.99;35.52;34.23;34.45;404200.0
2008-04-21;34.11;34.34;33.653;34.16;263900.0
2008-04-22;34.0;34.78;33.57;34.03;382200.0
2008-04-23;34.18;35.29;33.85;34.84;362900.0
2008-04-24;34.8;35.69;34.48;35.25;565300.0
2008-04-25;35.28;36.0;35.25;35.82;448600.0
2008-04-28;35.59;36.15;35.28;35.97;261400.0
2008-04-29;36.19;36.37;35.29;35.91;303700.0
2008-04-30;36.06;36.38;35.03;35.04;477500.0
2008-05-01;35.0;35.1;34.51;34.9;1091800.0
2008-05-02;35.5;36.03;35.12;35.35;819600.0
2008-05-05;35.03;35.15;34.6;35.03;540800.0
2008-05-06;34.7;35.34;34.6;35.28;600600.0
2008-05-07;35.41;35.52;33.86;33.94;628100.0
2008-05-08;33.72;34.35;33.46;33.81;564200.0
2008-05-09;33.4;34.25;33.32;33.82;264600.0
2008-05-12;34.26;35.22;34.11;35.17;488100.0
2008-05-13;35.02;35.42;34.76;35.35;245000.0
2008-05-14;35.45;36.57;35.41;36.09;532300.0
2008-05-15;35.92;36.94;35.82;36.82;408200.0
2008-05-16;37.66;38.25;35.95;36.43;727900.0
2008-05-19;36.18;36.42;35.74;36.1;414100.0
2008-05-20;36.07;36.17;35.57;35.88;447000.0
2008-05-21;36.0;36.5;34.71;34.88;409200.0
2008-05-22;34.8;35.14;34.18;34.54;435000.0
2008-05-23;34.35;35.24;34.34;34.74;583800.0
2008-05-27;35.0;35.74;34.67;35.65;401400.0
2008-05-28;35.65;35.96;35.13;35.67;399500.0
2008-05-29;35.5;36.07;35.43;35.9;788300.0
2008-05-30;35.88;36.15;35.34;36.0;629600.0
2008-06-02;35.93;35.93;35.11;35.37;653800.0
2008-06-03;35.19;35.9;34.66;35.67;1211600.0
2008-06-04;35.67;36.5;35.57;36.4;1012400.0
2008-06-05;36.36;37.38;36.27;37.38;602200.0
2008-06-06;36.9;37.0;34.84;34.84;1203800.0
2008-06-09;35.05;35.36;33.72;33.85;949800.0
2008-06-10;33.47;33.88;33.17;33.77;912500.0
2008-06-11;33.69;33.95;32.9;32.97;520800.0
2008-06-12;33.18;33.85;32.62;32.97;828300.0
2008-06-13;33.25;33.35;32.49;32.93;1084200.0
2008-06-16;32.89;33.41;32.66;33.3;983200.0
2008-06-17;33.44;33.44;32.53;32.68;911100.0
2008-06-18;32.5;32.96;31.78;32.11;695600.0
2008-06-19;32.11;33.1;32.0275;33.06;471600.0
2008-06-20;32.78;33.18;32.17;32.79;1016600.0
2008-06-23;32.88;33.07;32.22;32.27;514400.0
2008-06-24;32.02;33.08;31.65;32.48;693200.0
2008-06-25;32.55;33.41;32.46;33.07;622600.0
2008-06-26;32.63;32.73;32.08;32.26;748800.0
2008-06-27;32.45;32.45;31.22;31.65;1461300.0
2008-06-30;31.64;32.06;31.17;31.42;570300.0
2008-07-01;30.88;31.65;30.65;31.59;639000.0
2008-07-02;31.52;31.95;31.23;31.23;804800.0
2008-07-03;31.59;31.69;30.82;30.85;282100.0
2008-07-07;31.01;31.32;30.24;30.3;920700.0
2008-07-08;30.41;32.76;30.06;32.48;1134400.0
2008-07-09;32.45;32.45;29.7;29.88;772400.0
2008-07-10;29.87;31.4;29.87;31.2;755600.0
2008-07-11;30.55;32.09;30.48;31.0;722200.0
2008-07-14;30.55;31.7;30.18;30.21;736200.0
2008-07-15;29.87;31.36;29.41;30.11;767000.0
2008-07-16;30.34;32.5;29.61;32.18;801900.0
2008-07-17;32.46;32.54;31.18;32.16;771900.0
2008-07-18;32.1;32.29;31.33;32.14;598200.0
2008-07-21;32.16;32.81;31.66;32.81;522400.0
2008-07-22;32.5;34.95;32.23;34.93;675800.0
2008-07-23;34.76;35.96;33.88;35.4;650800.0
2008-07-24;35.24;35.43;33.01;33.2;833600.0
2008-07-25;33.58;34.86;33.29;34.44;897400.0
2008-07-28;34.14;34.3;32.77;33.17;788900.0
2008-07-29;33.47;35.76;33.18;35.55;803600.0
2008-07-30;36.0;36.55;34.7;35.94;1153000.0
2008-07-31;34.68;36.93;34.61;36.5;645000.0
2008-08-01;36.21;36.89;35.44;36.61;767500.0
2008-08-04;36.28;36.3;34.73;35.35;863200.0
2008-08-05;35.75;37.0;35.62;36.94;941800.0
2008-08-06;36.52;36.92;36.08;36.7;467300.0
2008-08-07;36.04;36.21;34.32;34.7;849700.0
2008-08-08;34.89;36.07;34.79;35.7;1000100.0
2008-08-11;35.89;37.0;35.6;36.88;778500.0
2008-08-12;36.49;36.85;35.71;36.15;598500.0
2008-08-13;36.27;36.76;34.98;35.36;699400.0
2008-08-14;34.5;36.2;34.5;35.96;432400.0
2008-08-15;36.65;36.95;35.0;35.32;511900.0
2008-08-18;35.57;35.64;34.21;34.43;618300.0
2008-08-19;34.39;34.39;33.37;33.81;453400.0
2008-08-20;34.05;34.28;33.14;33.8;535100.0
2008-08-21;33.3;33.96;33.03;33.58;470200.0
2008-08-22;34.02;35.88;33.93;35.62;640400.0
2008-08-25;35.37;35.37;34.43;34.55;447400.0
2008-08-26;34.47;35.37;34.36;35.19;332900.0
2008-08-27;35.06;36.04;34.73;35.76;357900.0
2008-08-28;36.05;36.91;35.83;36.91;437200.0
2008-08-29;36.74;36.84;35.89;36.27;437100.0
2008-09-02;37.0;37.0;35.41;36.37;481200.0
2008-09-03;36.82;37.94;36.16;37.94;713500.0
2008-09-04;37.63;37.63;36.26;36.38;518500.0
2008-09-05;36.12;36.35;35.04;35.78;755800.0
2008-09-08;37.5;37.94;36.52;37.46;1356500.0
2008-09-09;35.82;36.09;34.88;35.75;3391600.0
2008-09-10;35.75;35.89;34.75;35.63;1187200.0
2008-09-11;34.9;35.79;34.57;35.71;716600.0
2008-09-12;35.51;36.04;35.43;35.9;611700.0
2008-09-15;34.1;35.76;33.62;33.63;1229000.0
2008-09-16;32.95;35.29;31.91;34.93;1616200.0
2008-09-17;33.53;34.68;32.11;32.72;1324400.0
2008-09-18;33.37;35.22;31.26;35.22;2282500.0
2008-09-19;36.47;37.5;31.17;37.27;1918100.0
2008-09-22;37.2;37.5;33.43;33.56;1131600.0
2008-09-23;33.4;35.07;33.4;34.56;899300.0
2008-09-24;34.81;35.37;34.29;34.82;600600.0
2008-09-25;35.1;36.08;34.75;36.01;950700.0
2008-09-26;35.37;36.75;34.99;36.7;1250300.0
2008-09-29;36.06;36.06;33.25;33.48;731900.0
2008-09-30;35.0;35.82;33.55;35.56;990200.0
2008-10-01;35.2;35.57;33.77;34.29;686400.0
2008-10-02;34.16;34.74;32.3;32.9;818000.0
2008-10-03;33.52;34.21;30.73;30.94;633300.0
2008-10-06;30.32;30.32;27.64;29.57;1175800.0
2008-10-07;29.72;30.42;27.1;27.27;1551600.0
2008-10-08;26.72;28.8;26.42;27.41;1686700.0
2008-10-09;27.93;28.61;24.1;24.21;1416900.0
2008-10-10;23.31;26.89;22.09;26.69;2771400.0
2008-10-13;27.52;27.65;24.57;27.38;1633200.0
2008-10-14;28.13;30.0;24.28;26.25;1308600.0
2008-10-15;24.22;25.64;21.25;22.75;1801400.0
2008-10-16;22.74;24.47;21.22;24.26;2519600.0
2008-10-17;23.66;25.56;22.88;24.26;1623600.0
2008-10-20;24.45;24.82;23.01;24.68;681900.0
2008-10-21;24.41;24.91;23.28;23.38;730000.0
2008-10-22;23.02;23.02;20.56;21.6;1276400.0
2008-10-23;21.71;22.14;19.34;21.54;1649200.0
2008-10-24;20.21;21.67;19.21;20.42;1072700.0
2008-10-27;20.65;21.08;18.06;18.17;1425000.0
2008-10-28;18.51;22.38;17.81;21.96;1425200.0
2008-10-29;21.26;22.62;19.8;20.89;1770700.0
2008-10-30;21.74;22.89;21.2;22.58;1007500.0
2008-10-31;23.16;24.82;22.76;24.82;1599000.0
2008-11-03;24.75;24.75;23.33;23.71;1229800.0
2008-11-04;24.21;25.03;23.5;24.99;991600.0
2008-11-05;24.75;24.75;22.16;22.35;1232600.0
2008-11-06;22.17;22.56;21.67;21.69;1069200.0
2008-11-07;21.9;24.1;21.53;23.94;1009600.0
2008-11-10;24.0;24.11;21.66;21.92;1339500.0
2008-11-11;21.77;22.9;20.81;22.04;912800.0
2008-11-12;21.44;21.5;20.04;20.19;1040400.0
2008-11-13;20.27;23.64;19.08;23.39;1670300.0
2008-11-14;22.01;22.66;19.61;19.61;1148800.0
2008-11-17;19.46;20.81;19.46;19.51;1204300.0
2008-11-18;19.57;20.94;19.1;20.68;1625600.0
2008-11-19;20.5;20.55;16.8;17.26;1778900.0
2008-11-20;17.09;18.5;15.32;15.59;1746700.0
2008-11-21;15.84;17.68;14.65;17.41;2621100.0
2008-11-24;17.78;21.87;17.18;21.46;2262300.0
2008-11-25;22.12;22.12;19.45;21.77;2097200.0
2008-11-26;21.89;23.85;21.0;23.33;1604700.0
2008-11-28;23.35;23.95;22.44;23.88;870100.0
2008-12-01;23.4;23.4;17.51;17.82;1890200.0
2008-12-02;18.62;20.87;18.25;20.65;2385400.0
2008-12-03;19.99;21.61;19.0;21.37;1854000.0
2008-12-04;20.88;22.73;20.04;20.47;1789400.0
2008-12-05;20.21;23.25;19.04;23.04;1850100.0
2008-12-08;23.72;25.57;22.85;25.46;1862400.0
2008-12-09;24.8;26.17;23.33;23.6;1582800.0
2008-12-10;24.05;25.83;23.74;25.51;1288100.0
2008-12-11;24.83;25.4;20.92;21.15;2128900.0
2008-12-12;20.75;24.27;20.19;23.98;2097900.0
2008-12-15;23.8;23.97;21.51;22.42;1313000.0
2008-12-16;23.22;26.43;22.71;26.43;2288600.0
2008-12-17;25.22;27.89;24.62;26.78;1462900.0
2008-12-18;26.68;26.89;23.22;23.47;2014600.0
2008-12-19;25.49;25.99;23.41;25.8;2043600.0
2008-12-22;25.56;26.37;23.91;25.47;1686600.0
2008-12-23;25.46;26.39;23.89;24.49;1351900.0
2008-12-24;25.1;25.23;24.34;25.01;286600.0
2008-12-26;25.12;25.71;24.5;25.7;438600.0
2008-12-29;25.75;25.75;23.72;23.95;870400.0
2008-12-30;24.14;25.69;24.13;25.37;761900.0
2008-12-31;25.48;27.66;25.19;27.36;1538500.0
2009-01-02;27.44;27.47;25.9;26.06;1077900.0
2009-01-05;26.06;26.06;24.41;24.66;1638700.0
2009-01-06;24.73;25.75;24.05;25.6;2017700.0
2009-01-07;25.24;26.37;24.6;24.75;1760100.0
2009-01-08;24.63;24.85;23.35;23.79;1487100.0
2009-01-09;23.74;23.82;22.23;22.44;1608100.0
2009-01-12;22.39;22.41;20.58;20.92;1568600.0
2009-01-13;20.9;21.87;20.74;21.59;1928100.0
2009-01-14;20.81;21.71;20.67;21.02;1808100.0
2009-01-15;20.18;22.82;19.91;22.34;2027100.0
2009-01-16;23.09;24.09;22.06;23.81;1732900.0
2009-01-20;23.36;23.52;21.05;21.44;2853400.0
2009-01-21;21.87;23.93;21.22;23.47;2484200.0
2009-01-22;23.08;24.11;22.03;22.64;2225600.0
2009-01-23;23.22;24.12;21.6;23.55;1870300.0
2009-01-26;23.43;24.22;22.83;23.5;1196900.0
2009-01-27;23.52;24.33;23.28;24.08;914100.0
2009-01-28;24.8;26.39;24.51;26.17;1670700.0
2009-01-29;25.67;25.89;23.84;24.03;1361300.0
2009-01-30;24.26;24.86;22.02;22.56;1970500.0
2009-02-02;22.36;23.95;21.87;23.83;1307800.0
2009-02-03;23.83;23.83;22.84;23.29;1262100.0
2009-02-04;23.29;23.64;22.43;22.46;1233100.0
2009-02-05;22.02;22.5;21.05;21.58;2086900.0
2009-02-06;21.57;23.98;21.42;23.46;1740200.0
2009-02-09;23.31;24.1;22.84;23.93;958300.0
2009-02-10;23.52;23.9;21.37;21.44;1929500.0
2009-02-11;21.44;22.29;20.65;21.79;1574000.0
2009-02-12;21.21;22.44;20.36;22.1;1875100.0
2009-02-13;22.06;22.37;21.06;21.15;1643500.0
2009-02-17;19.34;20.5;19.15;19.71;1995700.0
2009-02-18;20.17;20.27;18.73;19.89;1646000.0
2009-02-19;20.41;20.41;18.62;18.88;1423100.0
2009-02-20;18.51;20.34;18.08;20.16;2374600.0
2009-02-23;20.42;20.58;18.7;18.78;2210700.0
2009-02-24;19.18;20.77;18.7;20.62;2013700.0
2009-02-25;20.32;21.04;19.16;20.01;1685900.0
2009-02-26;20.48;20.95;19.1;19.26;2052100.0
2009-02-27;18.91;19.6;18.66;18.89;1673900.0
2009-03-02;18.54;18.76;17.07;17.32;2073200.0
2009-03-03;17.89;18.32;17.12;17.82;2656400.0
2009-03-04;18.3;19.04;17.77;18.52;1762700.0
2009-03-05;17.76;18.3;16.66;16.91;2158100.0
2009-03-06;17.15;17.24;15.53;16.72;2557400.0
2009-03-09;16.36;16.98;16.12;16.57;1179500.0
2009-03-10;17.22;19.24;16.91;19.15;2563300.0
2009-03-11;19.38;20.14;18.64;19.46;2082200.0
2009-03-12;19.35;21.15;19.02;20.98;1746400.0
2009-03-13;20.84;21.11;19.7;20.54;1253400.0
2009-03-16;20.84;20.93;18.59;18.65;2186600.0
2009-03-17;18.91;20.73;18.51;20.65;1776600.0
2009-03-18;20.45;21.93;19.705;21.84;2063700.0
2009-03-19;22.16;22.2;20.37;20.42;1583800.0
2009-03-20;20.59;20.71;18.83;18.88;1894100.0
2009-03-23;19.78;22.42;19.56;22.29;2637200.0
2009-03-24;21.81;22.55;20.28;20.37;2247100.0
2009-03-25;20.59;21.36;18.92;20.64;2024100.0
2009-03-26;20.94;21.07;19.46;20.98;2976400.0
2009-03-27;20.39;20.68;19.75;19.81;1297500.0
2009-03-30;19.2;19.55;18.89;19.34;2026100.0
2009-03-31;19.81;21.72;19.58;21.42;2780200.0
2009-04-01;20.73;21.19;20.02;20.34;2226600.0
2009-04-02;21.1;22.18;20.45;21.82;2926500.0
2009-04-03;21.74;23.88;21.14;23.88;2729100.0
2009-04-06;23.37;23.41;21.59;22.58;2048600.0
2009-04-07;21.92;22.23;20.39;20.42;1575200.0
2009-04-08;20.6;21.07;20.19;20.75;1637800.0
2009-04-09;21.67;23.99;21.44;23.94;2025700.0
2009-04-13;23.63;25.36;22.74;24.88;1999500.0
2009-04-14;24.48;24.48;22.28;22.32;2458400.0
2009-04-15;22.22;24.34;21.98;24.26;2095200.0
2009-04-16;24.24;26.38;23.33;25.61;2091000.0
2009-04-17;25.25;26.25;24.47;25.1;1839300.0
2009-04-20;24.46;24.46;21.97;22.08;2016700.0
2009-04-21;21.84;24.79;21.27;24.65;2864300.0
2009-04-22;23.64;24.65;22.96;23.45;2750800.0
2009-04-23;23.46;24.43;22.63;24.28;1838900.0
2009-04-24;24.43;26.84;24.03;26.13;2096000.0
2009-04-27;25.61;25.79;23.41;24.05;1737100.0
2009-04-28;23.65;25.48;23.41;24.67;1184100.0
2009-04-29;24.89;25.89;24.72;25.7;1846800.0
2009-04-30;25.78;25.91;23.99;23.99;1691800.0
2009-05-01;23.75;23.76;22.41;22.66;1371900.0
2009-05-04;22.68;24.08;22.27;23.93;2441300.0
2009-05-05;23.37;24.01;22.87;23.5;1656100.0
2009-05-06;23.83;24.3;22.96;23.93;1469000.0
2009-05-07;24.28;24.36;21.82;22.19;1834300.0
2009-05-08;22.42;23.69;22.34;23.63;2352900.0
2009-05-11;23.06;23.14;22.4;22.48;1666900.0
2009-05-12;22.69;22.89;21.45;22.17;1270800.0
2009-05-13;21.83;21.83;20.26;20.39;1892000.0
2009-05-14;20.13;22.09;19.79;21.79;2806400.0
2009-05-15;21.71;21.95;21.18;21.49;2380300.0
2009-05-18;22.01;23.87;21.81;23.71;1743400.0
2009-05-19;23.21;24.12;22.77;23.4;1555700.0
2009-05-20;22.76;23.98;22.61;22.79;1646300.0
2009-05-21;22.37;23.09;21.96;22.58;876700.0
2009-05-22;22.7;22.94;21.81;21.85;771600.0
2009-05-26;21.7;23.46;21.27;23.32;1532200.0
2009-05-27;22.16;22.3;21.42;21.66;8232800.0
2009-05-28;21.73;22.12;21.35;22.07;2584100.0
2009-05-29;22.27;22.67;21.53;22.62;2404800.0
2009-06-01;23.0;24.25;22.54;23.61;1961400.0
2009-06-02;23.31;24.05;23.08;23.64;1481600.0
2009-06-03;23.5;23.61;23.0;23.61;995700.0
2009-06-04;23.34;24.41;23.34;24.09;1162600.0
2009-06-05;24.45;24.54;23.28;23.59;1311500.0
2009-06-08;23.62;23.8;22.98;23.43;739700.0
2009-06-09;23.55;23.7;22.96;23.25;768000.0
2009-06-10;23.53;23.64;21.77;22.46;1428400.0
2009-06-11;22.38;22.95;21.79;21.86;878700.0
2009-06-12;21.91;22.69;21.8;22.67;830600.0
2009-06-15;22.37;22.37;21.32;21.54;1436200.0
2009-06-16;21.66;22.01;20.83;21.19;746700.0
2009-06-17;21.11;21.5;20.6;20.69;1210700.0
2009-06-18;20.85;21.26;20.5;21.04;694300.0
2009-06-19;21.21;21.66;20.97;21.62;1448000.0
2009-06-22;21.37;21.49;20.44;20.51;1312800.0
2009-06-23;20.62;21.43;20.43;21.05;1186600.0
2009-06-24;21.21;21.66;21.09;21.37;945200.0
2009-06-25;21.23;21.81;21.01;21.8;999000.0
2009-06-26;21.79;22.64;21.59;22.52;2023500.0
2009-06-29;22.5;22.52;21.82;22.21;784000.0
2009-06-30;22.36;22.52;22.15;22.37;665000.0
2009-07-01;22.35;22.98;22.35;22.53;528300.0
2009-07-02;22.25;22.25;20.91;20.98;1153200.0
2009-07-06;21.14;21.61;20.63;21.59;1244600.0
2009-07-07;21.38;21.47;20.41;20.46;1026700.0
2009-07-08;20.93;20.93;19.98;20.5;2176100.0
2009-07-09;20.7;20.9;20.08;20.14;843500.0
2009-07-10;20.03;20.28;19.35;20.12;815100.0
2009-07-13;20.44;21.19;19.98;21.11;1339800.0
2009-07-14;21.06;21.31;20.49;21.17;857000.0
2009-07-15;21.46;22.2;21.27;22.02;984300.0
2009-07-16;21.61;22.5;21.44;22.4;889500.0
2009-07-17;22.45;22.49;21.69;21.87;989900.0
2009-07-20;22.19;22.73;22.05;22.68;920200.0
2009-07-21;22.54;22.77;21.84;22.38;645700.0
2009-07-22;22.25;22.76;22.1;22.56;1125000.0
2009-07-23;22.45;23.67;22.44;23.45;1484800.0
2009-07-24;23.29;23.6;22.97;23.5;567600.0
2009-07-27;23.44;24.25;23.37;24.09;1295700.0
2009-07-28;23.92;24.26;23.64;24.14;692800.0
2009-07-29;23.98;24.45;23.59;24.04;906500.0
2009-07-30;24.29;25.89;24.14;25.4;1516500.0
2009-07-31;25.31;25.82;25.23;25.61;866300.0
2009-08-03;25.99;26.67;25.83;26.53;1020600.0
2009-08-04;26.17;28.41;26.12;27.88;2036800.0
2009-08-05;27.84;29.3;27.76;29.22;1645800.0
2009-08-06;29.55;30.49;28.48;29.18;1778300.0
2009-08-07;29.84;31.16;29.15;30.65;1232700.0
2009-08-10;30.26;30.48;29.05;29.27;970100.0
2009-08-11;29.06;29.19;28.25;28.85;976400.0
2009-08-12;28.98;30.37;28.83;29.99;1335500.0
2009-08-13;30.13;30.55;28.89;29.38;718300.0
2009-08-14;29.33;29.53;28.78;29.49;1050000.0
2009-08-17;28.38;29.05;27.8;27.85;1804000.0
2009-08-18;27.99;28.26;27.82;27.88;1189400.0
2009-08-19;27.49;27.82;27.17;27.49;931400.0
2009-08-20;27.39;28.57;27.39;28.49;1398900.0
2009-08-21;29.0;30.08;28.8;29.36;1097300.0
2009-08-24;28.67;29.23;28.49;28.9;1354700.0
2009-08-25;29.14;29.6;28.89;29.18;1252100.0
2009-08-26;29.05;29.21;28.56;29.0;1178900.0
2009-08-27;29.13;29.13;27.99;28.9;1211700.0
2009-08-28;29.28;29.45;28.46;29.0;1192100.0
2009-08-31;28.61;29.53;28.53;29.37;2063700.0
2009-09-01;28.99;29.53;27.84;27.91;1669100.0
2009-09-02;27.75;27.91;27.35;27.46;1169900.0
2009-09-03;27.7;28.27;27.34;28.15;1107400.0
2009-09-04;28.03;28.38;27.51;28.36;523300.0
2009-09-08;28.51;29.83;28.51;29.82;1166700.0
2009-09-09;29.7;30.45;29.42;30.27;956600.0
2009-09-10;30.2;30.68;29.77;30.65;594000.0
2009-09-11;30.65;30.88;30.0;30.2;721800.0
2009-09-14;29.78;31.3;29.63;31.22;488400.0
2009-09-15;31.29;32.07;30.8;31.63;710500.0
2009-09-16;31.96;32.91;31.76;32.79;1071200.0
2009-09-17;32.76;34.09;32.07;32.76;644300.0
2009-09-18;32.85;33.17;32.04;32.66;984100.0
2009-09-21;31.97;32.61;31.8;31.91;796300.0
2009-09-22;32.15;33.0;32.15;32.84;641800.0
2009-09-23;33.05;33.05;31.1;31.18;914500.0
2009-09-24;31.39;31.65;29.51;29.72;1868400.0
2009-09-25;29.7;30.16;29.34;29.91;663000.0
2009-09-28;30.23;31.86;30.06;31.78;877000.0
2009-09-29;31.87;32.19;31.26;31.37;1311400.0
2009-09-30;31.53;31.81;30.57;31.45;1441500.0
2009-10-01;31.45;31.45;30.03;30.12;1224300.0
2009-10-02;29.52;30.81;29.48;29.72;1079600.0
2009-10-05;30.07;30.66;29.79;30.11;1231800.0
2009-10-06;30.47;30.85;29.41;30.0;837600.0
2009-10-07;29.79;30.27;29.57;30.11;802600.0
2009-10-08;30.52;31.11;30.34;30.79;855000.0
2009-10-09;30.61;31.19;30.23;31.17;521500.0
2009-10-12;31.35;31.39;30.82;31.07;415900.0
2009-10-13;31.0;31.02;30.21;30.55;505600.0
2009-10-14;31.13;31.85;30.9;31.67;732700.0
2009-10-15;31.21;31.42;30.61;30.85;1083200.0
2009-10-16;30.45;30.59;29.54;29.86;716500.0
2009-10-19;29.96;30.52;29.65;30.46;521500.0
2009-10-20;30.45;30.46;29.45;29.59;593200.0
2009-10-21;28.81;29.93;28.81;29.11;1360800.0
2009-10-22;29.16;29.66;28.53;29.59;1294200.0
2009-10-23;29.78;29.86;28.85;29.27;795100.0
2009-10-26;29.37;29.91;29.18;29.3;1250000.0
2009-10-27;29.38;29.57;28.54;28.67;940400.0
2009-10-28;28.4;28.88;27.17;27.23;1169900.0
2009-10-29;27.48;28.065;27.14;27.93;1537500.0
2009-10-30;27.6;27.99;26.8;27.52;1953000.0
2009-11-02;27.85;27.88;26.6;27.49;1154800.0
2009-11-03;27.06;28.61;27.01;28.54;1258600.0
2009-11-04;28.99;29.2;28.19;28.29;1347600.0
2009-11-05;28.63;29.3;28.31;29.19;1175300.0
2009-11-06;28.73;29.16;28.3;28.48;1318500.0
2009-11-09;28.89;30.18;28.79;30.12;1311400.0
2009-11-10;29.86;29.86;29.14;29.5;924300.0
2009-11-11;29.94;30.29;29.59;30.12;1198500.0
2009-11-12;29.5;29.76;28.93;29.03;1018000.0
2009-11-13;29.2;29.58;28.94;29.55;1017700.0
2009-11-16;29.86;30.9;29.76;30.59;1270500.0
2009-11-17;30.18;30.76;29.83;29.92;1002800.0
2009-11-18;30.0;31.04;29.8;30.89;967100.0
2009-11-19;30.47;30.5;29.93;30.18;868400.0
2009-11-20;30.01;30.29;29.87;30.07;707200.0
2009-11-23;30.46;31.19;30.46;30.81;1124300.0
2009-11-24;30.72;30.89;30.13;30.4;811900.0
2009-11-25;30.63;30.9;30.34;30.46;588100.0
2009-11-27;29.47;30.16;29.24;29.56;435700.0
2009-11-30;29.51;30.77;29.21;30.61;1309900.0
2009-12-01;30.91;31.43;30.66;31.29;1197800.0
2009-12-02;31.13;31.92;31.0;31.54;1249600.0
2009-12-03;31.68;32.4099;31.3;31.43;1063300.0
2009-12-04;32.09;33.0;32.09;32.85;1313500.0
2009-12-07;32.55;32.84;31.92;32.36;1088500.0
2009-12-08;32.19;32.94;31.85;32.53;1205200.0
2009-12-09;32.55;32.81;32.27;32.36;803200.0
2009-12-10;32.67;32.74;32.19;32.46;705400.0
2009-12-11;32.75;32.93;32.38;32.9;767100.0
2009-12-14;32.36;33.48;31.81;33.48;1480100.0
2009-12-15;33.21;33.39;32.76;33.03;921000.0
2009-12-16;33.29;33.74;32.6602;32.9;1813700.0
2009-12-17;32.3;32.88;32.08;32.38;1231200.0
2009-12-18;32.67;32.92;32.15;32.86;1241300.0
2009-12-21;33.05;33.73;33.01;33.65;575300.0
2009-12-22;33.71;34.01;33.43;34.01;624300.0
2009-12-23;34.1;34.55;33.99;34.18;549700.0
2009-12-24;34.41;34.53;34.2;34.53;198000.0
2009-12-28;34.5;35.24;34.44;34.84;728600.0
2009-12-29;35.04;35.04;33.68;33.81;480800.0
2009-12-30;33.66;33.79;33.17;33.71;615500.0
2009-12-31;33.79;34.06;33.21;33.35;841400.0
2010-01-04;33.58;33.98;32.12;32.37;1314600.0
2010-01-05;32.15;32.31;31.25;31.5;1764400.0
2010-01-06;31.57;32.0;31.16;31.37;1279800.0
2010-01-07;31.61;32.03;30.9;31.95;1410200.0
2010-01-08;31.76;31.93;31.39;31.73;864900.0
2010-01-11;31.97;32.01;31.63;31.91;753700.0
2010-01-12;31.6;31.89;31.22;31.45;1242200.0
2010-01-13;31.53;31.84;31.04;31.77;1017300.0
2010-01-14;31.57;31.85;31.25;31.64;574300.0
2010-01-15;31.58;31.755;31.36;31.48;977000.0
2010-01-19;31.55;32.23;31.4413;32.16;872800.0
2010-01-20;31.75;32.28;31.46;32.15;864100.0
2010-01-21;32.27;32.38;31.44;31.52;1397000.0
2010-01-22;31.57;31.92;30.94;30.96;1194600.0
2010-01-25;31.32;31.35;30.52;30.99;643000.0
2010-01-26;30.78;31.03;30.19;30.23;1063100.0
2010-01-27;30.02;30.62;29.78;30.56;997500.0
2010-01-28;30.69;30.75;29.86;30.23;843500.0
2010-01-29;30.29;30.58;29.96;30.21;1249000.0
2010-02-01;30.32;30.66;30.21;30.65;656800.0
2010-02-02;30.64;30.91;30.09;30.72;1331500.0
2010-02-03;30.48;30.52;29.82;30.18;622000.0
2010-02-04;29.89;30.01;28.96;29.05;1147200.0
2010-02-05;29.1;29.67;28.62;29.54;739900.0
2010-02-08;29.49;29.69;28.47;28.54;732900.0
2010-02-09;28.98;29.14;27.97;28.12;1447200.0
2010-02-10;27.85;27.95;27.09;27.53;1321800.0
2010-02-11;28.35;28.35;27.34;27.85;1353200.0
2010-02-12;27.44;28.27;27.35;28.24;779300.0
2010-02-16;28.62;28.95;28.43;28.82;770200.0
2010-02-17;28.81;29.16;28.75;29.05;624700.0
2010-02-18;29.1;29.99;28.91;29.86;612600.0
2010-02-19;29.87;30.03;29.58;29.76;474600.0
2010-02-22;29.93;30.15;29.63;29.99;389400.0
2010-02-23;29.38;29.74;29.23;29.36;1292900.0
2010-02-24;29.37;29.41;29.09;29.27;877800.0
2010-02-25;28.82;29.13;28.65;29.13;1002700.0
2010-02-26;29.17;29.47;28.97;29.05;642200.0
2010-03-01;29.3;29.58;29.07;29.49;594500.0
2010-03-02;29.67;29.67;29.27;29.41;546900.0
2010-03-03;29.5;29.59;29.19;29.29;334500.0
2010-03-04;29.31;29.52;29.14;29.48;528200.0
2010-03-05;29.66;30.05;29.49;30.0;514700.0
2010-03-08;29.95;30.57;29.79;30.46;771000.0
2010-03-09;30.33;31.0501;30.18;30.41;781000.0
2010-03-10;30.4;30.81;30.26;30.81;1413100.0
2010-03-11;30.57;31.34;30.48;31.3;875800.0
2010-03-12;31.48;31.5;31.04;31.29;587300.0
2010-03-15;31.26;31.35;30.8;31.12;442400.0
2010-03-16;31.26;31.75;30.99;31.67;617300.0
2010-03-17;31.74;31.98;31.52;31.85;923100.0
2010-03-18;31.85;32.28;31.67;31.75;644100.0
2010-03-19;31.84;31.85;31.33;31.52;971100.0
2010-03-22;31.32;32.05;31.32;31.95;452500.0
2010-03-23;32.01;32.04;31.57;31.89;618300.0
2010-03-24;31.73;32.3;31.68;32.08;920800.0
2010-03-25;32.37;32.62;32.15;32.18;839200.0
2010-03-26;32.32;32.49;31.89;32.16;742200.0
2010-03-29;32.3;32.52;31.97;32.52;687200.0
2010-03-30;32.57;32.65;32.08;32.14;652200.0
2010-03-31;31.94;32.3;31.7;31.73;815800.0
2010-04-01;31.87;31.92;31.26;31.62;619400.0
2010-04-05;31.75;32.21;31.51;32.06;489400.0
2010-04-06;31.83;32.73;31.72;32.46;797900.0
2010-04-07;32.21;32.49;31.35;31.57;1003200.0
2010-04-08;31.44;31.57;31.13;31.32;653100.0
2010-04-09;31.31;32.02;31.2;31.84;672000.0
2010-04-12;32.59;32.97;32.1;32.24;1184600.0
2010-04-13;32.24;33.06;31.93;32.94;798400.0
2010-04-14;33.2;33.23;32.66;32.94;869000.0
2010-04-15;32.88;33.03;31.9;32.01;1127800.0
2010-04-16;31.9;32.09;31.01;31.06;947800.0
2010-04-19;31.13;31.57;30.73;31.28;936300.0
2010-04-20;31.37;31.735;30.9803;31.68;1230000.0
2010-04-21;31.71;32.6;31.62;32.49;815700.0
2010-04-22;32.09;33.26;31.9;33.21;774400.0
2010-04-23;33.34;33.87;33.01;33.25;1058300.0
2010-04-26;33.24;33.6;33.16;33.29;678900.0
2010-04-27;33.11;33.37;32.38;32.45;820900.0
2010-04-28;32.79;33.05;32.44;32.54;798000.0
2010-04-29;33.03;33.65;32.77;33.43;1333600.0
2010-04-30;33.41;33.63;31.91;31.97;902800.0
2010-05-03;32.15;33.02;32.0;32.87;1444000.0
2010-05-04;32.33;32.57;31.87;32.2;1249400.0
2010-05-05;31.92;32.61;31.67;31.93;1167000.0
2010-05-06;31.79;31.96;29.05;30.96;1929000.0
2010-05-07;30.95;31.72;29.79;29.96;1592600.0
2010-05-10;31.31;32.21;31.09;32.19;1295300.0
2010-05-11;31.79;33.08;31.65;32.53;1087800.0
2010-05-12;32.57;33.53;32.43;33.35;1050200.0
2010-05-13;33.14;33.47;31.97;32.14;1283500.0
2010-05-14;31.79;31.86;30.95;31.23;832700.0
2010-05-17;31.43;32.02;30.28;31.5;928100.0
2010-05-18;31.58;31.7;30.2;30.48;945300.0
2010-05-19;30.32;30.94;29.57;30.32;1009300.0
2010-05-20;29.4;30.0;28.71;28.73;1560600.0
2010-05-21;28.32;29.66;28.12;29.56;2090400.0
2010-05-24;29.51;29.71;28.84;28.89;727700.0
2010-05-25;28.04;29.15;27.57;29.03;1199900.0
2010-05-26;29.28;29.77;28.65;28.75;1238000.0
2010-05-27;29.51;30.04;28.91;29.91;1361600.0
2010-05-28;29.81;30.29;29.34;29.46;896800.0
2010-06-01;29.26;29.64;28.78;28.85;1155900.0
2010-06-02;29.01;29.18;28.35;29.01;1165000.0
2010-06-03;29.16;29.2498;28.57;29.07;749600.0
2010-06-04;28.4;28.61;27.85;28.0;1817300.0
2010-06-07;28.05;28.89;27.97;28.25;1682600.0
2010-06-08;28.41;29.21;27.9;29.14;1530700.0
2010-06-09;29.38;30.31;29.3601;29.72;1659100.0
2010-06-10;30.31;30.47;29.81;30.43;1250500.0
2010-06-11;29.98;30.75;29.82;30.74;625500.0
2010-06-14;31.05;31.31;30.43;30.65;1031600.0
2010-06-15;30.74;31.86;30.74;31.73;993600.0
2010-06-16;31.55;31.93;31.42;31.59;976600.0
2010-06-17;31.58;31.92;31.24;31.76;566500.0
2010-06-18;31.84;31.94;31.14;31.26;785200.0
2010-06-21;31.75;32.01;30.69;30.73;927000.0
2010-06-22;30.89;31.13;29.48;29.56;1198800.0
2010-06-23;29.56;29.97;29.17;29.56;863200.0
2010-06-24;29.4;29.455;28.73;28.8;1130800.0
2010-06-25;28.95;29.41;28.54;29.18;1280200.0
2010-06-28;29.18;29.47;28.66;28.9;1300800.0
2010-06-29;28.37;28.583;27.89;28.15;1324300.0
2010-06-30;28.11;28.53;27.67;27.76;1224100.0
2010-07-01;27.94;27.94;26.86;27.5;1427100.0
2010-07-02;27.75;27.84;27.19;27.25;1434400.0
2010-07-06;27.6;27.94;26.25;26.54;1121300.0
2010-07-07;26.67;27.98;26.57;27.97;1032700.0
2010-07-08;28.27;28.59;27.71;28.31;1083300.0
2010-07-09;28.45;28.57;28.05;28.55;853100.0
2010-07-12;28.31;28.59;28.0;28.42;861600.0
2010-07-13;28.84;29.4;28.73;29.28;890900.0
2010-07-14;29.06;29.19;28.66;28.91;899700.0
2010-07-15;28.85;28.925;28.28;28.61;1341200.0
2010-07-16;28.25;28.31;27.83;28.28;2266600.0
2010-07-19;28.34;28.84;27.87;28.65;1092900.0
2010-07-20;28.0;29.13;27.78;29.06;1050300.0
2010-07-21;29.25;29.3;28.39;28.53;1290800.0
2010-07-22;28.93;29.95;28.74;29.66;983500.0
2010-07-23;29.62;29.86;29.09;29.74;1194900.0
2010-07-26;29.8;30.56;29.64;30.52;859600.0
2010-07-27;30.68;31.05;30.19;30.55;950400.0
2010-07-28;30.55;31.03;30.34;30.49;702700.0
2010-07-29;31.0;32.25;31.0;31.58;2718700.0
2010-07-30;31.11;31.96;31.05;31.31;1566300.0
2010-08-02;31.87;32.6;31.82;32.44;1075100.0
2010-08-03;32.26;32.47;31.9;32.09;1394800.0
2010-08-04;32.13;32.58;31.98;32.43;1308600.0
2010-08-05;32.15;32.46;31.84;31.87;801600.0
2010-08-06;31.47;31.82;31.2;31.7;983400.0
2010-08-09;31.99;32.46;31.95;32.36;939800.0
2010-08-10;31.85;32.24;31.45;31.91;967400.0
2010-08-11;31.27;31.63;30.77;31.01;906100.0
2010-08-12;29.98;30.57;29.81;30.29;948700.0
2010-08-13;30.11;30.43;30.08;30.17;729600.0
2010-08-16;29.97;30.36;29.66;30.12;670200.0
2010-08-17;30.48;30.98;30.19;30.68;1050500.0
2010-08-18;30.69;31.25;30.45;31.2;1122900.0
2010-08-19;31.05;31.15;30.24;30.54;1309100.0
2010-08-20;30.44;30.44;29.965;30.23;868100.0
2010-08-23;30.36;30.6;30.0;30.16;596400.0
2010-08-24;29.74;30.49;29.56;30.14;804500.0
2010-08-25;29.97;30.88;29.79;30.74;575200.0
2010-08-26;30.95;31.08;30.51;30.63;899900.0
2010-08-27;30.86;31.44;30.4;31.35;1304300.0
2010-08-30;31.12;31.48;31.07;31.2;907900.0
2010-08-31;31.09;31.47;30.9;31.28;1092000.0
2010-09-01;31.55;32.36;31.36;32.22;1515000.0
2010-09-02;32.23;32.6;31.95;32.54;1018800.0
2010-09-03;32.97;33.16;32.64;32.7;1153700.0
2010-09-07;32.49;32.58;31.85;31.98;931600.0
2010-09-08;31.81;32.11;31.66;31.88;957900.0
2010-09-09;32.28;32.29;30.96;31.12;1615300.0
2010-09-10;31.12;32.07;30.96;32.07;1074600.0
2010-09-13;32.5;32.53;32.09;32.41;933900.0
2010-09-14;32.33;32.74;32.25;32.29;580600.0
2010-09-15;32.29;32.71;32.11;32.51;701300.0
2010-09-16;32.45;32.64;32.27;32.37;675700.0
2010-09-17;32.53;32.6599;32.08;32.27;683900.0
2010-09-20;32.32;33.25;32.27;33.07;838300.0
2010-09-21;33.02;33.2;32.5;32.54;985600.0
2010-09-22;32.42;32.75;31.78;31.88;860300.0
2010-09-23;31.54;31.82;31.08;31.1;1055800.0
2010-09-24;31.53;32.38;31.53;32.27;1099700.0
2010-09-27;32.33;32.33;31.67;31.8;477200.0
2010-09-28;31.97;32.33;31.49;32.28;1041800.0
2010-09-29;32.04;32.28;31.74;32.08;700600.0
2010-09-30;32.36;32.79;32.02;32.47;1405300.0
2010-10-01;32.78;32.79;31.72;32.1;1059000.0
2010-10-04;32.07;32.47;31.83;32.47;848000.0
2010-10-05;32.85;33.34;32.46;33.3;1102400.0
2010-10-06;33.19;33.52;33.07;33.52;1299300.0
2010-10-07;33.72;33.85;33.42;33.63;965500.0
2010-10-08;33.7;33.87;33.5;33.72;736100.0
2010-10-11;33.65;33.76;33.46;33.55;391900.0
2010-10-12;33.45;33.75;33.24;33.66;633300.0
2010-10-13;33.78;34.48;33.61;34.08;560100.0
2010-10-14;34.08;34.16;33.695;33.93;432100.0
2010-10-15;34.17;34.5;33.8;33.93;658200.0
2010-10-18;33.9;34.4999;33.86;34.43;489400.0
2010-10-19;34.12;34.56;33.65;34.03;893100.0
2010-10-20;34.07;35.15;34.07;34.61;979300.0
2010-10-21;34.7;35.32;34.66;35.0;877700.0
2010-10-22;35.08;35.18;34.78;35.1;522400.0
2010-10-25;35.38;35.38;35.06;35.16;517200.0
2010-10-26;34.87;34.99;34.47;34.56;692600.0
2010-10-27;34.42;34.56;33.69;34.15;998700.0
2010-10-28;34.38;34.75;33.68;34.14;1175400.0
2010-10-29;33.96;34.07;33.09;33.12;1346100.0
2010-11-01;33.39;33.55;32.91;33.06;880000.0
2010-11-02;33.46;33.69;33.03;33.13;711900.0
2010-11-03;33.28;33.43;33.02;33.2;530900.0
2010-11-04;33.57;33.99;33.44;33.9;619600.0
2010-11-05;33.99;34.38;33.7;33.92;749800.0
2010-11-08;33.9;34.07;33.28;33.52;733200.0
2010-11-09;33.38;33.44;32.13;32.51;1318000.0
2010-11-10;32.26;32.4;31.92;32.26;737700.0
2010-11-11;32.07;32.37;31.99;32.08;517000.0
2010-11-12;31.91;32.21;31.8;31.95;516100.0
2010-11-15;32.06;32.3;31.81;31.92;533500.0
2010-11-16;31.52;31.6;30.49;30.84;1076900.0
2010-11-17;30.88;31.08;30.47;30.64;726900.0
2010-11-18;31.02;31.14;30.52;30.65;569400.0
2010-11-19;30.5;30.63;30.06;30.54;889800.0
2010-11-22;30.41;30.7;30.3;30.67;707000.0
2010-11-23;30.32;30.43;30.0;30.34;759100.0
2010-11-24;30.63;31.26;30.63;31.23;597200.0
2010-11-26;30.95;31.32;30.91;31.24;183800.0
2010-11-29;31.02;31.06;30.46;30.94;697700.0
2010-11-30;30.52;30.68;30.25;30.51;1081700.0
2010-12-01;30.98;31.12;30.42;30.72;812100.0
2010-12-02;30.84;31.04;30.69;30.98;900400.0
2010-12-03;30.87;31.0;30.46;30.94;466500.0
2010-12-06;30.83;31.08;30.39;30.98;426200.0
2010-12-07;31.32;31.42;30.92;30.96;792000.0
2010-12-08;31.04;31.1;29.88;30.1;862000.0
2010-12-09;30.23;30.39;29.75;29.88;572100.0
2010-12-10;29.97;30.27;29.87;30.11;385900.0
2010-12-13;30.23;30.24;29.64;29.64;798200.0
2010-12-14;29.7;30.03;29.39;29.55;756700.0
2010-12-15;29.55;29.91;29.42;29.85;1358700.0
2010-12-16;29.86;30.26;29.85;30.25;908700.0
2010-12-17;30.12;30.45;30.04;30.36;1278400.0
2010-12-20;30.39;31.03;30.39;30.88;1242700.0
2010-12-21;30.25;31.2;30.14;31.16;1235900.0
2010-12-22;31.2;31.98;31.17;31.47;773900.0
2010-12-23;31.48;31.67;31.41;31.42;305600.0
2010-12-27;31.41;31.89;31.35;31.84;258100.0
2010-12-28;31.96;32.24;31.63;32.1;539100.0
2010-12-29;32.23;32.39;32.0;32.27;427400.0
2010-12-30;32.2;32.31;32.05;32.23;350500.0
2010-12-31;32.24;32.32;31.82;31.85;365700.0
2011-01-03;32.1;32.4891;32.02;32.35;553200.0
2011-01-04;32.44;32.53;31.39;31.63;575500.0
2011-01-05;31.61;32.02;31.39;31.98;489200.0
2011-01-06;32.0;32.27;31.91;31.98;538300.0
2011-01-07;32.1;32.39;31.43;31.78;520200.0
2011-01-10;31.71;32.25;31.25;32.11;586700.0
2011-01-11;32.23;32.3;31.675;32.03;385100.0
2011-01-12;32.31;32.4;31.84;32.08;404500.0
2011-01-13;32.06;32.18;31.83;32.06;305600.0
2011-01-14;32.05;32.26;31.88;32.15;326000.0
2011-01-18;32.09;32.58;31.97;32.58;601700.0
2011-01-19;32.57;32.57;32.01;32.26;561700.0
2011-01-20;32.11;32.61;32.08;32.31;482900.0
2011-01-21;32.38;32.38;32.0;32.17;535800.0
2011-01-24;32.12;32.32;31.83;32.2;455600.0
2011-01-25;32.04;32.8;31.84;32.8;640200.0
2011-01-26;32.89;32.945;32.5;32.66;413300.0
2011-01-27;32.71;33.0796;32.61;32.97;569800.0
2011-01-28;32.99;32.99;32.18;32.45;812900.0
2011-01-31;32.62;32.98;32.51;32.77;520600.0
2011-02-01;32.98;33.19;32.44;33.09;608400.0
2011-02-02;33.0;33.31;32.79;32.84;402100.0
2011-02-03;32.87;32.95;32.53;32.92;438000.0
2011-02-04;32.96;32.96;32.43;32.67;490100.0
2011-02-07;32.57;33.0;32.35;32.76;634500.0
2011-02-08;32.82;33.14;32.77;33.14;492400.0
2011-02-09;33.0;33.2;32.84;33.07;466300.0
2011-02-10;32.79;33.51;32.55;33.51;858500.0
2011-02-11;33.47;34.03;33.31;33.99;843700.0
2011-02-14;34.06;34.21;33.52;33.78;754000.0
2011-02-15;33.77;34.05;33.57;33.9;1170300.0
2011-02-16;33.99;34.13;33.41;33.56;1033500.0
2011-02-17;33.5;33.94;33.41;33.71;1488800.0
2011-02-18;33.83;34.18;33.75;33.99;714900.0
2011-02-22;33.72;34.26;33.7001;33.84;710500.0
2011-02-23;33.88;33.94;33.39;33.62;816300.0
2011-02-24;33.55;33.7;32.64;33.06;902500.0
2011-02-25;33.19;33.45;33.07;33.41;913600.0
2011-02-28;33.66;34.04;33.49;33.93;738800.0
2011-03-01;34.07;34.07;33.21;33.26;809000.0
2011-03-02;33.19;33.24;32.65;33.15;726800.0
2011-03-03;33.45;34.08;33.37;34.04;1070500.0
2011-03-04;34.0;34.09;33.81;34.03;1236800.0
2011-03-07;34.1;34.18;33.74;33.94;730300.0
2011-03-08;33.95;35.05;33.88;34.74;1122900.0
2011-03-09;34.73;34.97;34.4;34.5;1098700.0
2011-03-10;34.21;34.4;33.67;33.75;1097200.0
2011-03-11;33.73;34.29;33.52;34.24;863800.0
2011-03-14;34.0;34.22;33.7;34.17;699000.0
2011-03-15;33.43;34.26;33.31;34.05;674000.0
2011-03-16;33.93;33.93;32.96;33.3;1464200.0
2011-03-17;33.7;33.75;32.97;33.22;606800.0
2011-03-18;33.5;33.73;33.29;33.43;816000.0
2011-03-21;33.73;33.935;33.51;33.84;609400.0
2011-03-22;33.91;34.18;33.62;33.67;500200.0
2011-03-23;33.68;33.75;33.07;33.23;569400.0
2011-03-24;33.43;33.62;33.06;33.52;786500.0
2011-03-25;33.62;34.15;33.47;33.88;410100.0
2011-03-28;33.94;34.12;33.72;33.84;475300.0
2011-03-29;33.79;34.28;33.34;34.13;908800.0
2011-03-30;34.28;34.83;34.03;34.61;533800.0
2011-03-31;34.6;35.15;34.55;35.01;571300.0
2011-04-01;35.18;35.35;34.98;35.05;838600.0
2011-04-04;35.2;35.45;34.9;35.27;669800.0
2011-04-05;35.27;35.47;35.08;35.14;431700.0
2011-04-06;35.22;35.29;35.0475;35.09;629900.0
2011-04-07;35.15;35.25;34.05;34.16;1062700.0
2011-04-08;34.36;34.44;33.79;33.92;891800.0
2011-04-11;33.89;34.34;33.66;33.74;1233200.0
2011-04-12;33.66;34.01;33.59;33.62;932300.0
2011-04-13;33.85;33.91;33.52;33.62;691900.0
2011-04-14;33.47;34.67;33.2901;34.37;868500.0
2011-04-15;34.4;34.89;34.3;34.87;673000.0
2011-04-18;34.5;34.55;33.94;34.2;582900.0
2011-04-19;34.29;34.63;34.28;34.62;481300.0
2011-04-20;35.02;35.355;34.89;35.31;607500.0
2011-04-21;35.59;35.66;35.09;35.52;531000.0
2011-04-25;35.6;35.63;35.36;35.55;513800.0
2011-04-26;35.69;36.174;35.49;35.93;709700.0
2011-04-27;36.03;36.6;35.98;36.54;678500.0
2011-04-28;36.59;37.01;36.55;36.91;609200.0
2011-04-29;37.01;37.51;36.6;36.9;743000.0
2011-05-02;37.07;37.44;36.54;36.92;703600.0
2011-05-03;36.52;37.04;35.67;36.41;1090300.0
2011-05-04;36.41;36.58;35.83;36.44;849700.0
2011-05-05;36.24;36.44;35.75;36.05;814400.0
2011-05-06;36.42;36.51;35.59;35.73;348600.0
2011-05-09;35.63;35.84;35.23;35.65;408300.0
2011-05-10;35.82;36.38;35.7;36.3;358300.0
2011-05-11;36.31;36.49;35.81;35.82;635800.0
2011-05-12;35.8;36.0;35.5;35.81;496000.0
2011-05-13;35.78;35.9088;35.2;35.3;486100.0
2011-05-16;35.12;35.7;35.0;35.58;631400.0
2011-05-17;35.39;35.7;35.38;35.67;584800.0
2011-05-18;35.7;35.92;35.27;35.92;468800.0
2011-05-19;35.81;35.8898;35.21;35.52;590100.0
2011-05-20;35.34;35.585;34.77;34.81;638800.0
2011-05-23;34.34;34.69;34.24;34.41;682900.0
2011-05-24;34.52;34.64;34.36;34.5;710500.0
2011-05-25;34.44;34.83;34.02;34.73;583400.0
2011-05-26;34.75;35.22;34.47;35.02;563600.0
2011-05-27;35.17;35.55;35.07;35.5;648500.0
2011-05-31;35.79;36.11;35.6;36.08;1072400.0
2011-06-01;36.02;36.07;35.0;35.17;1082300.0
2011-06-02;35.12;35.4;34.55;34.75;1149900.0
2011-06-03;34.33;34.81;34.2;34.59;641100.0
2011-06-06;34.54;34.66;33.96;33.97;599700.0
2011-06-07;34.18;34.71;33.94;34.35;499300.0
2011-06-08;34.35;34.49;34.15;34.16;703900.0
2011-06-09;34.28;34.28;33.68;33.84;816600.0
2011-06-10;33.69;33.78;32.65;32.8;739600.0
2011-06-13;32.8;32.98;32.3;32.31;1242400.0
2011-06-14;32.61;32.78;32.43;32.62;907800.0
2011-06-15;32.43;32.6;31.9;32.15;861700.0
2011-06-16;32.12;32.39;31.71;32.15;730900.0
2011-06-17;32.39;32.58;32.06;32.26;1233100.0
2011-06-20;32.22;33.03;32.1585;32.79;945500.0
2011-06-21;33.01;33.17;32.86;33.05;660100.0
2011-06-22;33.01;33.82;32.96;33.12;699700.0
2011-06-23;32.7;32.78;31.95;32.44;811300.0
2011-06-24;32.52;32.65;32.08;32.43;1158700.0
2011-06-27;32.41;32.9;32.41;32.54;398800.0
2011-06-28;32.6;32.78;32.35;32.67;401500.0
2011-06-29;32.84;33.4;32.6201;33.21;548000.0
2011-06-30;33.3;33.44;33.105;33.13;504200.0
2011-07-01;33.19;33.955;33.14;33.73;493000.0
2011-07-05;33.7;33.955;33.52;33.93;541000.0
2011-07-06;33.85;34.51;33.8;34.34;591500.0
2011-07-07;34.61;35.05;34.4509;34.87;852700.0
2011-07-08;34.49;35.07;34.43;35.04;776800.0
2011-07-11;34.56;34.6203;34.11;34.29;643600.0
2011-07-12;34.14;34.98;34.12;34.51;652900.0
2011-07-13;34.58;34.68;33.83;33.89;504800.0
2011-07-14;34.0;34.03;33.265;33.5;605600.0
2011-07-15;33.73;33.91;33.38;33.85;598100.0
2011-07-18;33.76;33.93;33.205;33.43;647900.0
2011-07-19;33.59;34.11;33.41;33.94;833200.0
2011-07-20;34.01;34.56;33.87;34.36;607600.0
2011-07-21;34.58;34.93;34.47;34.51;699400.0
2011-07-22;34.56;35.07;34.4;35.06;588300.0
2011-07-25;34.7;35.08;34.43;34.92;490800.0
2011-07-26;34.82;35.05;34.55;34.84;598400.0
2011-07-27;34.55;34.59;33.46;33.62;908200.0
2011-07-28;33.89;34.4;33.58;34.12;886800.0
2011-07-29;34.1;34.5;33.44;34.43;868900.0
2011-08-01;34.94;35.15;34.04;34.35;1152600.0
2011-08-02;34.14;34.33;33.36;33.43;1212800.0
2011-08-03;33.36;33.36;32.19;32.46;1764800.0
2011-08-04;32.18;32.24;30.6;30.67;1008000.0
2011-08-05;31.01;31.06;28.98;29.62;1747000.0
2011-08-08;28.66;29.31;26.8;26.81;1945800.0
2011-08-09;27.33;29.81;27.12;29.76;3425700.0
2011-08-10;28.97;30.49;28.78;28.8;2187600.0
2011-08-11;28.7;30.68;28.21;30.07;1512500.0
2011-08-12;30.47;30.68;29.62;29.9;1140200.0
2011-08-15;30.15;31.52;30.1;31.5;1466500.0
2011-08-16;31.04;31.84;30.85;31.67;1136300.0
2011-08-17;31.82;32.31;31.67;31.97;982400.0
2011-08-18;30.89;31.6;30.58;30.9;1841400.0
2011-08-19;30.23;30.84;29.94;30.01;1782900.0
2011-08-22;30.83;30.83;29.37;29.84;1946700.0
2011-08-23;29.99;30.26;29.55;30.14;2387900.0
2011-08-24;30.14;30.93;30.07;30.72;1664900.0
2011-08-25;31.06;31.29;30.03;30.57;1584800.0
2011-08-26;30.34;31.8;29.89;31.45;1297000.0
2011-08-29;31.77;32.64;31.77;32.63;743600.0
2011-08-30;32.47;32.87;31.82;32.63;641600.0
2011-08-31;32.83;33.08;32.45;32.76;511500.0
2011-09-01;32.78;32.85;31.68;31.95;894000.0
2011-09-02;31.21;31.65;30.72;30.83;928400.0
2011-09-06;29.83;30.95;29.81;30.79;758800.0
2011-09-07;31.28;32.18;30.65;32.18;825400.0
2011-09-08;32.13;32.49;31.74;31.82;722900.0
2011-09-09;31.57;31.89;30.49;30.78;1131900.0
2011-09-12;30.36;30.81;29.84;30.43;1348300.0
2011-09-13;30.53;30.77;30.025;30.23;1510900.0
2011-09-14;30.46;31.03;29.93;30.6;1382000.0
2011-09-15;30.86;31.07;30.61;30.97;700700.0
2011-09-16;31.1;31.41;30.72;31.32;1323300.0
2011-09-19;30.64;30.91;30.14;30.49;1411200.0
2011-09-20;30.5;30.58;29.89;29.89;1462200.0
2011-09-21;29.88;30.03;27.99;28.1;1312200.0
2011-09-22;27.16;27.68;26.5;26.91;1192600.0
2011-09-23;26.77;27.275;26.43;27.09;1083000.0
2011-09-26;27.39;27.97;27.29;27.92;925900.0
2011-09-27;28.82;28.98;28.17;28.31;997100.0
2011-09-28;28.34;28.66;27.83;27.93;1407100.0
2011-09-29;28.73;28.73;28.18;28.67;1040600.0
2011-09-30;28.27;28.77;28.23;28.26;1656600.0
2011-10-03;28.03;28.31;26.41;26.51;1361300.0
2011-10-04;26.14;27.37;25.635;27.33;2191200.0
2011-10-05;27.34;27.43;25.82;26.8;1182800.0
2011-10-06;26.81;27.53;26.42;27.5;916500.0
2011-10-07;27.63;27.865;26.45;26.52;876100.0
2011-10-10;27.02;27.79;26.8207;27.73;831400.0
2011-10-11;27.53;27.75;26.88;27.11;858700.0
2011-10-12;27.4;28.316;27.14;27.83;830400.0
2011-10-13;27.57;28.15;27.12;27.86;909400.0
2011-10-14;28.13;28.85;28.09;28.7;598800.0
2011-10-17;28.51;28.56;28.03;28.17;825600.0
2011-10-18;28.23;29.18;28.05;29.08;998900.0
2011-10-19;28.78;29.16;28.39;28.57;768000.0
2011-10-20;28.58;28.88;27.98;28.83;862900.0
2011-10-21;29.49;29.76;29.21;29.66;933700.0
2011-10-24;29.63;30.85;29.59;30.64;993400.0
2011-10-25;30.46;30.5194;30.01;30.07;641200.0
2011-10-26;30.44;30.6;29.69;30.32;681300.0
2011-10-27;31.45;32.1;31.04;31.62;1327700.0
2011-10-28;31.73;32.27;30.89;31.42;1140200.0
2011-10-31;30.93;31.43;30.71;30.98;926600.0
2011-11-01;29.74;30.83;29.64;29.7;2984200.0
2011-11-02;30.13;30.79;29.89;30.43;925300.0
2011-11-03;30.83;31.2;30.04;30.91;869800.0
2011-11-04;30.67;31.02;30.22;30.86;608300.0
2011-11-07;30.75;31.17;30.28;30.81;898700.0
2011-11-08;31.12;31.25;30.06;31.16;581800.0
2011-11-09;29.99;30.23;28.96;29.12;787400.0
2011-11-10;29.55;29.55;28.97;29.35;807100.0
2011-11-11;29.67;30.29;29.38;30.2;694800.0
2011-11-14;30.01;30.0786;29.35;29.59;840300.0
2011-11-15;29.39;29.99;29.04;29.61;587300.0
2011-11-16;29.35;29.9;29.24;29.26;518500.0
2011-11-17;29.18;29.39;28.69;28.91;571500.0
2011-11-18;28.98;29.1;28.75;28.9;610600.0
2011-11-21;28.41;28.55;27.64;27.88;986300.0
2011-11-22;27.83;28.06;27.37;27.6;823400.0
2011-11-23;27.35;27.36;26.56;26.58;651300.0
2011-11-25;26.44;27.15;26.44;26.55;277600.0
2011-11-28;27.43;27.51;27.04;27.43;718700.0
2011-11-29;27.48;27.62;27.17;27.44;577900.0
2011-11-30;28.3;28.93;28.18;28.84;1376000.0
2011-12-01;28.73;28.97;28.49;28.65;776500.0
2011-12-02;28.92;29.11;28.35;28.4;667400.0
2011-12-05;28.88;29.21;28.63;28.93;580500.0
2011-12-06;28.94;29.11;28.56;28.71;503400.0
2011-12-07;28.53;29.255;28.25;29.1;581500.0
2011-12-08;28.88;28.895;28.2;28.35;703800.0
2011-12-09;28.37;29.22;28.33;28.76;820200.0
2011-12-12;28.47;28.63;28.28;28.55;633100.0
2011-12-13;28.62;28.89;28.06;28.19;642300.0
2011-12-14;27.92;28.71;27.89;28.56;720900.0
2011-12-15;28.87;28.91;28.42;28.79;508700.0
2011-12-16;29.17;29.647;28.99;29.16;937500.0
2011-12-19;29.35;29.46;28.77;28.79;643400.0
2011-12-20;29.37;30.09;29.28;30.0;782400.0
2011-12-21;30.01;30.14;29.67;29.99;578300.0
2011-12-22;30.04;30.7;29.75;29.83;1170400.0
2011-12-23;29.92;30.25;29.89;29.98;648200.0
2011-12-27;29.91;30.3;29.81;30.04;499500.0
2011-12-28;30.11;30.2;29.7;29.79;429100.0
2011-12-29;29.89;30.16;29.75;29.91;582500.0
2011-12-30;29.96;30.24;29.67;29.67;538700.0
2012-01-03;30.29;30.72;29.68;29.95;502200.0
2012-01-04;29.79;29.9696;29.61;29.71;650600.0
2012-01-05;29.55;30.2;29.34;29.98;414100.0
2012-01-06;30.13;30.4;29.67;30.02;473700.0
2012-01-09;30.03;30.15;29.78;29.92;381500.0
2012-01-10;30.29;30.64;30.2;30.47;440100.0
2012-01-11;30.84;30.93;30.39;30.83;678400.0
2012-01-12;30.93;30.96;30.37;30.77;373300.0
2012-01-13;30.44;30.81;30.37;30.74;400700.0
2012-01-17;30.93;31.2499;30.86;30.98;643700.0
2012-01-18;30.97;31.93;30.97;31.82;934200.0
2012-01-19;31.9;32.09;31.63;31.69;815300.0
2012-01-20;31.65;32.25;31.61;32.25;1502000.0
2012-01-23;32.24;32.75;32.19;32.53;594700.0
2012-01-24;32.36;32.74;32.29;32.53;607200.0
2012-01-25;32.45;33.16;32.45;33.13;621100.0
2012-01-26;33.25;33.57;33.06;33.16;422000.0
2012-01-27;32.96;33.47;32.96;33.39;513600.0
2012-01-30;32.98;33.09;32.7;32.76;750500.0
2012-01-31;32.97;33.16;32.61;33.09;691100.0
2012-02-01;33.39;33.6;33.2;33.48;949700.0
2012-02-02;33.48;33.6;33.17;33.24;869600.0
2012-02-03;33.62;33.87;33.31;33.66;999000.0
2012-02-06;33.63;33.9;33.32;33.58;875100.0
2012-02-07;33.64;33.72;33.25;33.25;1426800.0
2012-02-08;32.89;33.71;32.805;33.53;1244600.0
2012-02-09;33.59;33.65;33.14;33.39;636400.0
2012-02-10;33.175;33.31;32.65;32.82;658700.0
2012-02-13;33.2;33.45;32.91;33.02;605000.0
2012-02-14;33.01;33.01;32.5;32.89;706500.0
2012-02-15;32.44;32.58;32.17;32.22;633400.0
2012-02-16;32.22;32.69;32.2;32.47;948100.0
2012-02-17;32.57;32.8;32.26;32.8;1089800.0
2012-02-21;32.8;32.91;31.95;32.28;702000.0
2012-02-22;32.18;32.44;31.61;31.91;625000.0
2012-02-23;31.98;32.5;31.87;32.39;653700.0
2012-02-24;32.42;32.51;32.1515;32.2;387000.0
2012-02-27;31.94;32.42;31.62;32.22;447700.0
2012-02-28;32.3;32.31;31.93;32.21;503800.0
2012-02-29;32.22;32.54;31.9132;32.0;935900.0
2012-03-01;32.02;32.21;31.89;32.03;615800.0
2012-03-02;32.05;32.29;31.74;31.85;1301700.0
2012-03-05;31.78;32.2;31.56;32.19;1265800.0
2012-03-06;31.86;32.11;31.56;31.63;1752200.0
2012-03-07;31.76;31.8;31.37;31.53;736200.0
2012-03-08;31.72;31.76;31.32;31.35;728800.0
2012-03-09;31.42;31.7;31.23;31.38;1247200.0
2012-03-12;31.35;31.57;31.31;31.36;602800.0
2012-03-13;31.45;32.17;31.45;32.02;1145600.0
2012-03-14;32.0;32.41;31.94;32.09;1276200.0
2012-03-15;32.04;32.54;31.86;32.54;891200.0
2012-03-16;32.65;32.92;32.6;32.69;1357700.0
2012-03-19;32.54;32.85;32.41;32.61;991800.0
2012-03-20;32.39;32.85;32.35;32.72;791400.0
2012-03-21;32.74;32.87;32.47;32.73;884900.0
2012-03-22;32.4;32.45;32.0;32.29;921300.0
2012-03-23;32.24;32.64;32.065;32.57;898300.0
2012-03-26;32.83;33.02;32.6;32.81;959100.0
2012-03-27;32.84;33.19;32.78;32.94;650000.0
2012-03-28;32.84;32.99;32.61;32.99;851200.0
2012-03-29;32.76;33.12;32.56;33.02;788500.0
2012-03-30;33.2;33.43;33.08;33.32;945100.0
2012-04-02;33.26;33.66;33.16;33.51;746200.0
2012-04-03;33.51;33.73;33.43;33.55;754900.0
2012-04-04;33.23;33.56;33.12;33.27;1071300.0
2012-04-05;33.1;33.36;33.08;33.26;543400.0
2012-04-09;32.7;33.18;32.67;32.98;627200.0
2012-04-10;32.89;33.075;32.05;32.18;1033100.0
2012-04-11;32.47;32.51;31.99;32.48;780400.0
2012-04-12;32.49;32.88;32.37;32.83;703600.0
2012-04-13;32.72;32.93;32.46;32.51;822800.0
2012-04-16;32.73;33.43;32.73;33.18;483100.0
2012-04-17;33.44;33.77;33.26;33.5;435100.0
2012-04-18;33.39;33.58;33.24;33.29;331100.0
2012-04-19;33.27;33.64;33.03;33.51;686100.0
2012-04-20;33.9;34.2;33.73;34.04;671600.0
2012-04-23;33.54;33.77;33.46;33.73;549300.0
2012-04-24;33.84;34.36;33.84;34.27;535100.0
2012-04-25;34.51;34.77;34.31;34.61;700000.0
2012-04-26;34.61;34.77;34.48;34.68;496300.0
2012-04-27;34.85;34.88;34.39;34.61;721100.0
2012-04-30;34.62;34.89;34.28;34.73;573500.0
2012-05-01;34.77;35.34;34.59;34.89;498700.0
2012-05-02;34.61;35.53;34.48;35.48;1178200.0
2012-05-03;35.54;35.775;35.27;35.37;735900.0
2012-05-04;35.11;35.23;34.84;35.14;881400.0
2012-05-07;35.07;35.195;34.83;35.02;882400.0
2012-05-08;34.76;35.25;34.76;35.23;625800.0
2012-05-09;34.95;35.44;34.85;35.15;583200.0
2012-05-10;34.85;35.24;34.8;35.0;804500.0
2012-05-11;34.88;35.36;34.752;35.01;892800.0
2012-05-14;34.66;34.78;34.515;34.55;883900.0
2012-05-15;34.47;34.56;34.18;34.29;676200.0
2012-05-16;34.35;34.46;34.02;34.06;962000.0
2012-05-17;33.74;33.74;32.65;32.65;833500.0
2012-05-18;32.6;32.86;32.01;32.09;589100.0
2012-05-21;32.23;32.69;32.05;32.61;775700.0
2012-05-22;32.73;32.76;32.32;32.48;753200.0
2012-05-23;32.26;32.7;31.97;32.67;566000.0
2012-05-24;32.72;32.93;32.29;32.75;493800.0
2012-05-25;32.77;32.82;32.39;32.55;410700.0
2012-05-29;32.74;33.13;32.67;33.07;530300.0
2012-05-30;32.83;32.88;32.06;32.08;709700.0
2012-05-31;32.15;32.56;31.84;32.26;674500.0
2012-06-01;31.71;32.03;31.5;31.56;634000.0
2012-06-04;31.66;31.73;31.14;31.51;567100.0
2012-06-05;31.53;32.27;31.35;32.16;589200.0
2012-06-06;32.38;32.77;32.26;32.7;1201600.0
2012-06-07;33.0;33.25;32.41;32.42;810600.0
2012-06-08;32.45;33.0;32.4;32.98;583800.0
2012-06-11;33.27;33.28;32.11;32.15;424200.0
2012-06-12;32.19;32.51;31.99;32.29;815100.0
2012-06-13;32.29;32.46;32.0;32.17;1168300.0
2012-06-14;32.21;32.94;32.21;32.81;480200.0
2012-06-15;32.92;33.09;32.78;32.84;1084400.0
2012-06-18;32.75;33.51;32.61;33.43;599500.0
2012-06-19;33.48;33.87;33.27;33.43;714400.0
2012-06-20;33.43;33.68;33.29;33.43;546500.0
2012-06-21;33.5;33.56;32.59;32.74;811600.0
2012-06-22;32.97;33.0;32.55;32.75;722300.0
2012-06-25;32.39;32.6;32.13;32.44;614500.0
2012-06-26;32.53;32.81;32.33;32.6;673400.0
2012-06-27;32.82;32.99;32.58;32.9;449800.0
2012-06-28;32.66;33.24;32.53;33.24;578100.0
2012-06-29;33.82;33.92;33.45;33.65;1511700.0
2012-07-02;33.82;34.1;33.59;34.1;887100.0
2012-07-03;34.18;34.65;34.14;34.48;323300.0
2012-07-05;34.5;34.67;34.22;34.3;575700.0
2012-07-06;33.97;34.45;33.88;34.38;541500.0
2012-07-09;34.35;34.52;34.18;34.5;370800.0
2012-07-10;34.6;34.67;33.915;34.1;450700.0
2012-07-11;34.16;34.2;33.93;34.15;275100.0
2012-07-12;33.93;34.24;33.74;33.99;493200.0
2012-07-13;34.13;34.7;34.07;34.38;413300.0
2012-07-16;34.37;34.59;34.33;34.43;319500.0
2012-07-17;34.67;34.92;34.25;34.68;809200.0
2012-07-18;34.68;34.8;34.27;34.4;579200.0
2012-07-19;34.47;34.53;33.49;33.75;820200.0
2012-07-20;33.54;33.71;33.31;33.53;528100.0
2012-07-23;33.09;33.24;32.86;33.15;575500.0
2012-07-24;33.25;33.25;32.54;32.72;735700.0
2012-07-25;32.88;32.93;32.57;32.73;629100.0
2012-07-26;33.16;33.43;32.825;33.11;577600.0
2012-07-27;33.28;34.04;33.11;33.6;974100.0
2012-07-30;33.66;34.18;33.66;33.87;752800.0
2012-07-31;33.91;34.2;33.71;33.87;533500.0
2012-08-01;34.06;34.2799;33.45;33.45;552900.0
2012-08-02;33.24;33.24;32.65;33.19;781700.0
2012-08-03;33.41;33.79;33.28;33.43;622800.0
2012-08-06;33.55;33.87;33.3;33.33;687100.0
2012-08-07;33.4;33.48;32.87;32.9;603700.0
2012-08-08;32.77;32.85;32.54;32.77;747600.0
2012-08-09;32.79;33.07;32.73;32.95;1025000.0
2012-08-10;32.97;33.27;32.82;33.17;947800.0
2012-08-13;33.19;33.31;32.83;33.31;694000.0
2012-08-14;33.51;33.51;33.15;33.25;483000.0
2012-08-15;33.3;33.34;32.93;33.2;458500.0
2012-08-16;32.98;33.09;32.53;33.05;744900.0
2012-08-17;33.15;33.25;33.01;33.23;603600.0
2012-08-20;33.22;33.31;32.93;33.18;642900.0
2012-08-21;33.23;33.45;33.21;33.33;934600.0
2012-08-22;33.21;33.29;32.76;33.11;484700.0
2012-08-23;32.98;33.03;32.6392;32.72;645000.0
2012-08-24;32.61;32.91;32.53;32.86;460800.0
2012-08-27;32.9;32.92;32.6;32.81;648100.0
2012-08-28;32.78;33.02;32.56;32.97;580500.0
2012-08-29;33.0;33.02;32.72;32.73;636000.0
2012-08-30;32.56;32.742;32.47;32.62;444200.0
2012-08-31;32.8;32.87;32.43;32.61;1006500.0
2012-09-04;32.55;33.02;32.3;33.01;707000.0
2012-09-05;33.02;33.24;32.94;33.11;926400.0
2012-09-06;33.3;33.49;33.25;33.28;781200.0
2012-09-07;33.46;33.47;33.18;33.21;454000.0
2012-09-10;33.16;33.34;33.05;33.05;658400.0
2012-09-11;33.0;33.3;33.0;33.1;460800.0
2012-09-12;33.21;33.44;32.97;33.39;604900.0
2012-09-13;33.48;33.87;33.25;33.57;1075400.0
2012-09-14;33.71;34.25;33.57;34.06;886600.0
2012-09-17;33.92;34.18;33.74;33.75;646200.0
2012-09-18;33.64;33.76;33.2;33.22;703000.0
2012-09-19;33.31;33.49;32.99;33.01;1097900.0
2012-09-20;32.92;32.96;32.38;32.43;1232600.0
2012-09-21;32.74;33.04;32.6;32.94;1254200.0
2012-09-24;32.79;33.36;32.73;33.21;1027200.0
2012-09-25;33.29;33.42;32.62;32.72;913400.0
2012-09-26;32.8;33.06;32.67;32.75;778300.0
2012-09-27;32.77;33.14;32.58;32.87;1324600.0
2012-09-28;32.69;32.91;32.53;32.62;606400.0
2012-10-01;32.74;32.78;31.94;32.38;845600.0
2012-10-02;32.41;32.74;32.23;32.74;758400.0
2012-10-03;32.83;33.11;32.52;32.72;451400.0
2012-10-04;32.87;32.93;32.52;32.68;352100.0
2012-10-05;32.79;32.97;32.61;32.64;355100.0
2012-10-08;32.54;32.72;32.445;32.65;248600.0
2012-10-09;32.69;32.85;32.5;32.56;362400.0
2012-10-10;32.62;32.78;32.44;32.69;291700.0
2012-10-11;32.86;33.04;32.68;32.68;457500.0
2012-10-12;32.73;32.91;32.51;32.53;272200.0
2012-10-15;32.59;32.98;32.38;32.98;729700.0
2012-10-16;33.13;33.21;32.87;33.03;691700.0
2012-10-17;32.96;33.16;32.81;33.01;531800.0
2012-10-18;32.99;33.27;32.99;33.21;565100.0
2012-10-19;33.16;33.455;32.98;33.2;1166800.0
2012-10-22;33.13;33.13;32.6;32.95;550200.0
2012-10-23;32.73;32.73;32.39;32.6;804100.0
2012-10-24;32.7;32.7;32.34;32.47;371800.0
2012-10-25;32.66;32.93;31.72;32.07;525000.0
2012-10-26;32.09;32.09;31.47;31.58;569900.0
2012-10-31;31.68;32.34;31.52;32.25;1070800.0
2012-11-01;32.39;32.97;32.04;32.58;988800.0
2012-11-02;32.78;33.04;32.48;32.9;945300.0
2012-11-05;32.84;32.84;32.34;32.77;699000.0
2012-11-06;32.88;33.21;32.8;33.08;1048500.0
2012-11-07;32.5;33.0;32.18;32.48;1127700.0
2012-11-08;32.43;32.53;32.19;32.26;1207700.0
2012-11-09;32.13;32.3948;31.93;32.29;836000.0
2012-11-12;32.68;32.73;32.14;32.24;835800.0
2012-11-13;32.1;32.265;31.92;32.07;805800.0
2012-11-14;32.18;32.18;31.34;31.45;1721300.0
2012-11-15;31.47;31.675;30.86;30.97;652000.0
2012-11-16;30.9;31.3;30.62;31.24;910700.0
2012-11-19;31.56;31.62;31.13;31.59;615700.0
2012-11-20;31.55;31.89;31.12;31.79;605800.0
2012-11-21;31.92;32.08;31.73;31.81;800200.0
2012-11-23;31.96;32.01;31.73;31.99;190100.0
2012-11-26;31.96;32.25;31.84;32.13;778000.0
2012-11-27;32.0;32.2;31.86;32.1;853700.0
2012-11-28;32.04;32.25;31.85;32.14;914400.0
2012-11-29;32.46;32.54;32.1;32.33;678000.0
2012-11-30;32.39;32.6;32.24;32.24;1036800.0
2012-12-03;32.38;32.51;31.99;32.11;840900.0
2012-12-04;32.13;32.34;32.03;32.17;690700.0
2012-12-05;32.17;32.28;31.91;32.07;518700.0
2012-12-06;32.07;32.3799;32.07;32.34;441300.0
2012-12-07;32.39;32.66;32.32;32.62;877800.0
2012-12-10;32.57;32.68;32.41;32.61;574200.0
2012-12-11;32.73;32.88;32.55;32.8;645800.0
2012-12-12;32.78;32.86;32.29;32.42;461200.0
2012-12-13;32.35;32.45;32.04;32.19;326000.0
2012-12-14;32.17;32.5;32.17;32.49;529900.0
2012-12-17;32.52;32.64;32.41;32.54;869800.0
2012-12-18;32.55;32.76;32.49;32.75;563900.0
2012-12-19;32.82;33.19;32.6909;33.06;710800.0
2012-12-20;33.09;33.63;33.06;33.57;651100.0
2012-12-21;33.42;34.24;33.27;33.48;1748000.0
2012-12-24;33.48;33.48;33.133;33.34;331300.0
2012-12-26;33.35;33.52;33.12;33.25;460000.0
2012-12-27;33.37;33.72;33.07;33.45;522800.0
2012-12-28;33.34;33.53;33.2;33.21;378400.0
2012-12-31;33.2;33.58;33.0;33.45;520100.0
2013-01-02;34.01;34.18;33.6;33.93;865000.0
2013-01-03;33.95;34.105;33.68;33.84;839100.0
2013-01-04;33.95;34.13;33.7145;34.03;489900.0
2013-01-07;33.94;34.365;33.925;34.33;506300.0
2013-01-08;34.71;34.81;34.28;34.33;884900.0
2013-01-09;34.48;34.64;34.33;34.64;1069000.0
2013-01-10;34.72;34.85;34.4;34.7;820200.0
2013-01-11;34.75;34.849;34.37;34.5;770900.0
2013-01-14;34.52;34.67;34.43;34.66;445100.0
2013-01-15;34.3;34.82;34.23;34.77;897100.0
2013-01-16;34.77;34.77;34.34;34.6;1206600.0
2013-01-17;34.66;34.81;34.56;34.79;833700.0
2013-01-18;34.79;35.03;34.7;34.97;1179200.0
2013-01-22;34.97;35.22;34.74;35.22;714500.0
2013-01-23;35.25;35.44;35.08;35.18;578200.0
2013-01-24;35.29;35.49;35.01;35.18;580100.0
2013-01-25;35.33;35.44;35.12;35.44;424200.0
2013-01-28;35.38;35.7;35.38;35.6;454200.0
2013-01-29;35.67;36.05;35.61;36.05;876700.0
2013-01-30;35.94;36.03;35.42;35.61;676400.0
2013-01-31;35.68;36.105;35.46;36.0;1131800.0
2013-02-01;36.09;36.17;35.84;35.89;740600.0
2013-02-04;35.86;36.2;35.82;36.09;671500.0
2013-02-05;36.2;36.31;36.03;36.16;704600.0
2013-02-06;36.01;36.38;36.01;36.36;495900.0
2013-02-07;36.35;36.56;36.28;36.35;778800.0
2013-02-08;36.49;36.64;36.37;36.43;747900.0
2013-02-11;36.44;36.44;36.18;36.35;730500.0
2013-02-12;36.46;36.56;36.42;36.46;721800.0
2013-02-13;36.45;36.55;36.17;36.41;1269200.0
2013-02-14;36.19;36.19;35.64;35.66;669200.0
2013-02-15;35.69;35.88;35.58;35.74;1169900.0
2013-02-19;35.84;36.13;35.691;36.13;786600.0
2013-02-20;36.09;36.475;36.07;36.19;1134500.0
2013-02-21;36.14;36.29;35.51;35.82;1167700.0
2013-02-22;36.04;36.08;35.77;35.94;584800.0
2013-02-25;36.04;36.06;35.35;35.35;573000.0
2013-02-26;35.57;35.83;35.34;35.71;782800.0
2013-02-27;35.78;36.33;35.62;36.14;890500.0
2013-02-28;36.22;36.64;36.09;36.5;1897700.0
2013-03-01;36.26;36.8;36.23;36.71;1506700.0
2013-03-04;36.71;37.11;36.53;37.11;1072300.0
2013-03-05;37.17;38.05;37.06;37.98;1535900.0
2013-03-06;38.17;38.41;37.87;38.2;1394100.0
2013-03-07;38.23;38.26;37.955;38.14;1007500.0
2013-03-08;38.27;38.37;37.77;38.36;613600.0
2013-03-11;38.36;38.63;38.14;38.48;759300.0
2013-03-12;38.37;38.56;38.18;38.48;692800.0
2013-03-13;38.56;39.08;38.37;39.01;892400.0
2013-03-14;39.08;39.21;38.745;38.83;705500.0
2013-03-15;38.46;38.94;38.31;38.91;1683200.0
2013-03-18;38.65;38.93;38.43;38.72;870300.0
2013-03-19;38.81;38.89;38.26;38.37;678900.0
2013-03-20;38.62;38.83;38.46;38.66;892400.0
2013-03-21;38.59;38.95;38.55;38.6;1135600.0
2013-03-22;38.65;39.0;38.58;38.82;1296100.0
2013-03-25;38.93;39.54;38.8;39.17;1492600.0
2013-03-26;39.32;39.5;39.17;39.34;523800.0
2013-03-27;39.24;39.35;38.99;39.1;789200.0
2013-03-28;39.27;39.67;39.15;39.57;997500.0
2013-04-01;39.44;39.6675;39.23;39.58;560400.0
2013-04-02;39.75;39.875;39.41;39.53;720700.0
2013-04-03;39.59;39.7;39.21;39.29;573200.0
2013-04-04;39.37;39.92;39.34;39.88;463500.0
2013-04-05;39.4;39.87;39.31;39.87;595800.0
2013-04-08;39.88;40.28;39.61;40.22;347500.0
2013-04-09;40.3;40.3094;39.81;40.04;599600.0
2013-04-10;40.19;40.34;40.08;40.23;527200.0
2013-04-11;40.31;40.71;40.25;40.5;593100.0
2013-04-12;40.5;40.82;40.38;40.82;452900.0
2013-04-15;40.79;40.85;39.67;39.87;942400.0
2013-04-16;39.98;40.31;39.72;40.1;1155500.0
2013-04-17;39.91;39.995;39.26;39.35;923700.0
2013-04-18;39.5;39.52;39.141;39.45;641800.0
2013-04-19;39.48;40.37;39.29;40.34;1015200.0
2013-04-22;40.44;40.44;39.88;40.1;510700.0
2013-04-23;40.35;40.45;40.01;40.35;622400.0
2013-04-24;40.41;40.44;40.23;40.29;1209700.0
2013-04-25;40.33;40.6;39.91;40.34;711900.0
2013-04-26;40.38;40.62;40.26;40.35;841900.0
2013-04-29;40.55;40.83;40.17;40.71;681200.0
2013-04-30;40.72;41.12;40.69;41.03;594900.0
2013-05-01;40.7;40.88;39.4501;40.0;1028600.0
2013-05-02;40.19;40.48;40.05;40.15;635200.0
2013-05-03;40.49;40.67;40.15;40.18;624700.0
2013-05-06;40.31;40.82;40.31;40.69;1237500.0
2013-05-07;40.8;41.22;40.56;41.07;963600.0
2013-05-08;41.05;41.19;40.82;40.95;907800.0
2013-05-09;41.13;41.13;40.44;40.5;684700.0
2013-05-10;40.52;40.74;40.23;40.25;1213100.0
2013-05-13;40.01;40.08;39.78;39.97;1254200.0
2013-05-14;40.08;40.3;39.8;39.84;1745300.0
2013-05-15;39.98;40.09;39.58;39.94;1501900.0
2013-05-16;39.99;40.13;39.56;39.63;1323700.0
2013-05-17;39.86;40.06;39.49;39.61;1465000.0
2013-05-20;39.31;39.535;38.892;39.35;956700.0
2013-05-21;39.46;39.6;39.34;39.44;1275900.0
2013-05-22;39.53;39.78;38.32;38.43;1098700.0
2013-05-23;38.21;38.21;37.53;37.9;1791900.0
2013-05-24;37.8;37.8;37.02;37.45;1020300.0
2013-05-28;37.88;38.13;37.18;37.47;1234900.0
2013-05-29;37.13;37.37;36.15;36.71;1494300.0
2013-05-30;36.83;37.14;36.66;36.74;1222700.0
2013-05-31;36.6;37.04;36.41;36.42;1135200.0
2013-06-03;36.37;36.85;36.165;36.58;1275100.0
2013-06-04;36.54;36.75;36.0;36.14;922200.0
2013-06-05;36.03;36.25;35.61;35.78;511000.0
2013-06-06;35.7;36.13;35.45;36.13;866600.0
2013-06-07;36.33;36.37;35.65;36.16;573900.0
2013-06-10;36.16;36.35;35.78;35.91;545000.0
2013-06-11;35.48;35.72;34.95;35.12;1249100.0
2013-06-12;35.25;35.34;34.82;34.96;976100.0
2013-06-13;34.92;35.905;34.87;35.82;891500.0
2013-06-14;35.81;36.17;35.54;35.78;869900.0
2013-06-17;36.03;36.25;35.4;35.54;1490000.0
2013-06-18;35.67;35.82;35.35;35.63;1309300.0
2013-06-19;35.72;35.79;34.135;34.27;1042200.0
2013-06-20;34.04;34.04;32.775;33.03;1244200.0
2013-06-21;33.1;33.46;32.54;33.0;2065500.0
2013-06-24;32.68;33.775;32.13;33.39;1261800.0
2013-06-25;33.67;34.11;33.22;33.98;1214100.0
2013-06-26;34.31;34.61;34.16;34.48;1261800.0
2013-06-27;34.82;35.79;34.81;35.46;1585900.0
2013-06-28;35.5;35.84;35.2;35.61;2456400.0
2013-07-01;35.84;36.03;35.35;35.46;845400.0
2013-07-02;35.45;35.79;35.27;35.52;859400.0
2013-07-03;35.48;35.51;34.95;35.36;480500.0
2013-07-05;35.7;35.81;34.52;35.28;468000.0
2013-07-08;35.29;35.71;35.17;35.21;539600.0
2013-07-09;35.3;36.05;35.22;35.93;457200.0
2013-07-10;35.95;36.15;35.75;36.06;557100.0
2013-07-11;36.5;36.92;36.5;36.73;585100.0
2013-07-12;36.69;36.82;36.35;36.61;279600.0
2013-07-15;36.57;37.08;36.46;36.94;578300.0
2013-07-16;36.9;37.19;36.63;36.66;458600.0
2013-07-17;36.77;37.12;36.65;37.01;510100.0
2013-07-18;37.07;37.52;36.98;37.47;528700.0
2013-07-19;37.56;37.91;37.28;37.33;825900.0
2013-07-22;37.33;37.82;37.18;37.8;399300.0
2013-07-23;38.0;38.04;37.47;37.76;451200.0
2013-07-24;37.92;37.92;36.62;37.04;1320900.0
2013-07-25;37.08;37.39;36.72;37.2;1294500.0
2013-07-26;37.21;37.49;36.94;37.47;643700.0
2013-07-29;37.38;37.41;36.81;37.09;541500.0
2013-07-30;37.3;37.41;36.86;37.03;463000.0
2013-07-31;37.19;37.24;36.26;36.28;863100.0
2013-08-01;36.5;36.7;36.25;36.4;1064900.0
2013-08-02;36.38;36.54;36.21;36.27;985600.0
2013-08-05;36.17;36.581;36.17;36.49;729200.0
2013-08-06;36.43;36.78;36.22;36.43;542000.0
2013-08-07;36.36;36.59;36.25;36.31;446600.0
2013-08-08;35.54;35.79;35.34;35.6;3124300.0
2013-08-09;35.61;36.36;35.54;36.18;1007100.0
2013-08-12;36.14;36.14;35.76;35.82;526500.0
2013-08-13;35.8;35.8;34.93;35.21;857300.0
2013-08-14;35.27;35.63;35.23;35.27;909400.0
2013-08-15;34.4;34.47;33.81;33.82;1040700.0
2013-08-16;33.68;33.87;33.22;33.43;2312000.0
2013-08-19;33.5;33.57;33.015;33.04;602800.0
2013-08-20;33.09;34.0;33.01;34.0;966600.0
2013-08-21;33.8;34.3;33.4;33.67;697300.0
2013-08-22;33.9;33.96;33.38;33.86;611800.0
2013-08-23;33.85;34.35;33.72;34.33;428300.0
2013-08-26;34.49;34.49;34.2;34.38;600800.0
2013-08-27;34.05;34.43;33.72;34.37;556500.0
2013-08-28;34.31;34.56;34.07;34.27;690700.0
2013-08-29;34.13;34.485;33.955;34.48;802400.0
2013-08-30;34.42;34.65;33.75;33.78;1803400.0
2013-09-03;34.16;34.16;32.9;33.3;1105900.0
2013-09-04;33.44;34.093;33.28;33.92;597000.0
2013-09-05;33.92;34.06;33.3;33.38;498000.0
2013-09-06;33.76;34.27;33.71;33.98;662900.0
2013-09-09;34.01;34.85;34.01;34.77;835100.0
2013-09-10;34.87;35.04;34.57;34.86;568000.0
2013-09-11;34.86;35.34;34.71;35.32;840900.0
2013-09-12;35.42;35.46;34.68;34.73;413500.0
2013-09-13;34.72;34.97;34.67;34.95;494400.0
2013-09-16;35.4;35.74;35.39;35.63;1345600.0
2013-09-17;35.58;36.02;35.39;35.49;513000.0
2013-09-18;35.41;36.86;34.97;36.83;821700.0
2013-09-19;36.83;37.16;36.5515;36.64;833000.0
2013-09-20;36.8;36.85;35.96;36.1;1074200.0
2013-09-23;35.99;36.4;35.76;36.0;422600.0
2013-09-24;35.98;36.05;35.35;35.39;872500.0
2013-09-25;35.39;35.78;35.22;35.49;739300.0
2013-09-26;35.46;35.68;35.36;35.64;429700.0
2013-09-27;35.56;35.725;35.15;35.47;447400.0
2013-09-30;35.25;35.75;35.03;35.31;608400.0
2013-10-01;35.32;36.32;35.25;35.79;846700.0
2013-10-02;35.65;35.81;35.28;35.63;645500.0
2013-10-03;35.62;35.65;34.63;35.03;723200.0
2013-10-04;34.95;35.31;34.8;34.99;516400.0
2013-10-07;34.63;35.5;34.63;35.25;599900.0
2013-10-08;35.2;35.4;34.98;35.07;684200.0
2013-10-09;35.19;35.6;35.04;35.17;844000.0
2013-10-10;35.48;36.04;35.405;36.02;532300.0
2013-10-11;35.87;36.4;35.8;36.4;561900.0
2013-10-14;36.24;36.51;36.01;36.36;609900.0
2013-10-15;36.25;36.55;36.14;36.28;445200.0
2013-10-16;36.37;37.02;36.28;36.87;498900.0
2013-10-17;36.85;37.58;36.75;37.52;597200.0
2013-10-18;37.83;37.87;37.35;37.77;711200.0
2013-10-21;37.7;37.76;37.23;37.41;650500.0
2013-10-22;37.46;38.13;37.22;37.84;446000.0
2013-10-23;37.78;38.06;37.49;37.88;628100.0
2013-10-24;37.85;38.03;37.73;37.84;662300.0
2013-10-25;38.03;38.64;37.57;38.63;449000.0
2013-10-28;38.65;38.65;37.95;38.48;474100.0
2013-10-29;38.59;38.6;37.9;38.37;673100.0
2013-10-30;38.33;38.61;37.74;38.46;972800.0
2013-10-31;38.51;38.915;38.18;38.6;811700.0
2013-11-01;38.53;38.72;38.16;38.6;1447700.0
2013-11-04;38.6;39.05;38.26;38.73;854700.0
2013-11-05;38.69;38.73;37.88;37.88;721000.0
2013-11-06;37.64;37.95;37.344;37.37;507800.0
2013-11-07;37.52;37.57;36.57;36.61;718300.0
2013-11-08;36.45;36.78;35.66;36.19;837700.0
2013-11-11;36.24;36.52;36.07;36.09;694200.0
2013-11-12;36.04;36.1;35.48;35.77;503400.0
2013-11-13;35.67;35.98;35.53;35.86;810300.0
2013-11-14;35.95;36.6;35.95;36.19;417000.0
2013-11-15;36.18;36.61;36.12;36.59;1083300.0
2013-11-18;36.59;36.84;36.32;36.65;751100.0
2013-11-19;36.69;37.05;36.3;36.49;785600.0
2013-11-20;36.53;36.88;35.92;36.14;466600.0
2013-11-21;36.28;36.54;35.98;36.52;495000.0
2013-11-22;36.51;36.535;36.08;36.34;589900.0
2013-11-25;36.33;36.39;36.025;36.23;474700.0
2013-11-26;36.26;36.34;35.67;35.79;1339500.0
2013-11-27;35.74;36.27;35.69;36.26;413300.0
2013-11-29;36.37;36.52;35.89;35.92;367000.0
2013-12-02;35.82;36.11;35.33;35.84;601400.0
2013-12-03;35.83;36.06;35.52;35.88;626600.0
2013-12-04;35.65;36.21;35.45;35.98;560200.0
2013-12-05;35.78;35.99;35.36;35.9;463000.0
2013-12-06;36.15;36.42;35.995;36.18;574600.0
2013-12-09;36.18;36.43;35.86;36.2;384100.0
2013-12-10;36.21;36.61;36.06;36.19;456400.0
2013-12-11;36.16;36.3;35.07;35.12;637100.0
2013-12-12;35.05;35.11;34.68;34.82;449300.0
2013-12-13;34.99;35.32;34.72;34.83;524500.0
2013-12-16;34.87;35.09;34.66;34.98;688100.0
2013-12-17;35.05;35.29;34.84;35.26;394500.0
2013-12-18;35.4;36.33;35.12;36.3;1725100.0
2013-12-19;36.15;36.18;35.61;35.81;539900.0
2013-12-20;35.74;36.38;35.62;36.36;886700.0
2013-12-23;36.53;36.92;36.22;36.32;454400.0
2013-12-24;36.31;36.63;36.18;36.25;203400.0
2013-12-26;36.4;36.64;36.1665;36.2;349400.0
2013-12-27;36.26;36.32;35.7757;36.24;422100.0
2013-12-30;36.23;36.5;36.2;36.35;407100.0
2013-12-31;36.38;36.63;36.135;36.17;551800.0
2014-01-02;36.09;36.35;35.65;36.02;532600.0
2014-01-03;36.02;36.46;36.015;36.24;456100.0
2014-01-06;36.4;36.47;35.93;36.01;509700.0
2014-01-07;36.38;36.64;36.0;36.5;778200.0
2014-01-08;36.37;36.59;36.07;36.22;637600.0
2014-01-09;36.0;36.195;35.44;35.82;898500.0
2014-01-10;35.92;36.22;35.83;36.18;1052100.0
2014-01-13;36.0;36.14;35.69;35.9;741100.0
2014-01-14;35.95;36.33;35.79;36.27;527800.0
2014-01-15;36.26;36.62;36.22;36.45;560000.0
2014-01-16;36.39;36.64;36.27;36.61;339600.0
2014-01-17;36.48;36.63;36.3;36.57;749500.0
2014-01-21;36.69;37.3;36.63;37.13;1459600.0
2014-01-22;37.12;37.44;37.12;37.38;363300.0
2014-01-23;37.22;37.34;36.97;37.09;472200.0
2014-01-24;36.88;36.98;36.35;36.58;929500.0
2014-01-27;36.59;36.83;36.15;36.29;597800.0
2014-01-28;36.29;36.74;36.29;36.74;688400.0
2014-01-29;36.37;36.64;36.0;36.42;559000.0
2014-01-30;36.72;37.32;36.5;36.98;567000.0
2014-01-31;36.56;37.44;36.37;37.14;719700.0
2014-02-03;37.1;37.2;36.17;36.55;1508900.0
2014-02-04;36.55;37.09;36.43;36.89;1429000.0
2014-02-05;36.89;37.03;36.52;36.76;819400.0
2014-02-06;36.78;37.26;36.73;36.88;590600.0
2014-02-07;36.96;37.19;36.575;36.75;865800.0
2014-02-10;36.71;37.3;36.34;37.27;1050800.0
2014-02-11;37.29;37.576;36.9;37.14;660300.0
2014-02-12;37.29;37.43;36.96;37.25;801500.0
2014-02-13;36.51;37.14;36.2742;36.78;691200.0
2014-02-14;36.78;37.13;36.69;37.1;339000.0
2014-02-18;37.12;37.55;36.94;37.46;625800.0
2014-02-19;37.2;37.695;37.18;37.2;568800.0
2014-02-20;37.35;37.65;36.97;37.11;542200.0
2014-02-21;37.19;37.51;36.97;37.37;762200.0
2014-02-24;37.4;37.7;37.265;37.28;541700.0
2014-02-25;37.31;37.72;37.29;37.38;384200.0
2014-02-26;37.53;37.81;37.27;37.49;557500.0
2014-02-27;37.46;37.69;37.24;37.5;419100.0
2014-02-28;37.51;37.95;37.36;37.71;744200.0
2014-03-03;37.48;37.92;37.42;37.73;505400.0
2014-03-04;38.09;38.6;38.01;38.39;983100.0
2014-03-05;38.32;38.3959;37.95;38.25;387000.0
2014-03-06;38.34;38.37;37.8;37.98;551400.0
2014-03-07;37.92;38.1;37.44;37.7;609500.0
2014-03-10;37.65;37.71;37.2;37.46;513500.0
2014-03-11;37.42;37.55;37.185;37.24;835800.0
2014-03-12;37.15;37.36;37.05;37.28;507700.0
2014-03-13;37.3;37.41;36.83;37.35;922400.0
2014-03-14;37.34;37.78;37.3;37.58;532400.0
2014-03-17;37.66;37.96;37.4;37.91;695300.0
2014-03-18;37.92;38.14;37.72;38.09;613600.0
2014-03-19;38.2;38.48;37.2;37.28;734400.0
2014-03-20;37.22;37.51;36.86;37.49;1155500.0
2014-03-21;37.68;38.24;37.55;38.16;979500.0
2014-03-24;38.18;38.45;37.66;38.03;758400.0
2014-03-25;38.15;38.47;37.76;37.85;700300.0
2014-03-26;38.03;38.03;37.34;37.36;504400.0
2014-03-27;37.36;37.68;37.21;37.49;532800.0
2014-03-28;37.49;37.95;37.49;37.68;262600.0
2014-03-31;37.8;38.45;37.53;38.41;615000.0
2014-04-01;38.38;38.42;37.95;38.4;593500.0
2014-04-02;38.35;38.4;37.96;38.13;761400.0
2014-04-03;38.24;38.24;37.89;37.99;514400.0
2014-04-04;38.29;38.29;37.72;37.99;462800.0
2014-04-07;37.92;38.28;37.82;37.88;539600.0
2014-04-08;37.9;38.27;37.73;38.27;464700.0
2014-04-09;38.2;38.32;37.63;37.94;531600.0
2014-04-10;37.91;38.3;37.48;37.61;502600.0
2014-04-11;37.34;37.71;37.34;37.41;652800.0
2014-04-14;37.7;37.87;37.32;37.65;486500.0
2014-04-15;37.71;38.56;37.59;38.4;754400.0
2014-04-16;38.63;38.73;38.44;38.64;363300.0
2014-04-17;38.5;38.79;38.31;38.76;594000.0
2014-04-21;38.72;38.92;38.63;38.83;251700.0
2014-04-22;38.82;39.15;38.49;39.1;356400.0
2014-04-23;39.06;39.26;38.7825;39.07;762000.0
2014-04-24;39.18;39.45;39.01;39.36;385900.0
2014-04-25;39.32;39.505;39.05;39.18;568900.0
2014-04-28;39.39;39.72;39.23;39.61;578300.0
2014-04-29;39.73;39.73;39.44;39.52;699500.0
2014-04-30;41.64;41.64;40.03;40.35;1277700.0
2014-05-01;40.42;40.56;39.85;40.4;1113000.0
2014-05-02;40.35;40.79;40.15;40.33;780400.0
2014-05-05;40.18;40.45;39.86;40.36;424000.0
2014-05-06;40.15;40.46;39.92;40.19;533500.0
2014-05-07;40.34;40.73;40.16;40.69;528900.0
2014-05-08;40.65;41.06;40.44;40.53;554200.0
2014-05-09;40.41;40.78;40.41;40.62;641100.0
2014-05-12;40.83;41.15;40.58;41.13;743800.0
2014-05-13;41.06;41.45;40.7;40.9;694100.0
2014-05-14;40.91;41.24;40.77;40.92;725800.0
2014-05-15;40.87;40.88;40.21;40.71;727800.0
2014-05-16;40.21;40.63;39.97;40.55;757800.0
2014-05-19;40.51;40.51;40.09;40.17;556700.0
2014-05-20;40.17;40.37;39.87;40.14;717800.0
2014-05-21;40.25;40.34;39.83;39.98;1099700.0
2014-05-22;39.95;40.14;39.8;39.89;559300.0
2014-05-23;40.03;40.44;39.89;40.44;380500.0
2014-05-27;40.74;40.77;40.48;40.68;599500.0
2014-05-28;40.57;40.75;40.08;40.4;429600.0
2014-05-29;40.56;40.62;40.37;40.46;306200.0
2014-05-30;40.53;40.83;40.43;40.58;515000.0
2014-06-02;40.63;41.09;40.56;40.8;527400.0
2014-06-03;40.69;41.02;40.55;40.96;547100.0
2014-06-04;40.9;41.32;40.78;41.2;385500.0
2014-06-05;41.33;42.21;41.095;42.19;568600.0
2014-06-06;42.41;42.54;42.08;42.22;652700.0
2014-06-09;42.16;42.35;41.87;41.94;824000.0
2014-06-10;41.95;42.05;41.49;41.57;565900.0
2014-06-11;41.5;41.72;41.07;41.43;579100.0
2014-06-12;41.33;41.37;40.94;41.13;602500.0
2014-06-13;41.28;41.54;40.86;41.49;411900.0
2014-06-16;41.36;41.63;41.08;41.17;617500.0
2014-06-17;41.13;41.51;41.069;41.44;801200.0
2014-06-18;41.45;42.06;41.314;41.91;951000.0
2014-06-19;42.05;42.195;41.84;42.1;1101400.0
2014-06-20;42.09;42.28;41.87;42.27;1318500.0
2014-06-23;42.28;42.36;41.98;42.03;582900.0
2014-06-24;41.92;42.46;41.69;42.11;652800.0
2014-06-25;41.98;42.22;41.93;41.98;622400.0
2014-06-26;41.94;42.05;41.51;41.78;800900.0
2014-06-27;41.72;42.14;41.64;42.08;1479200.0
2014-06-30;42.12;42.24;41.62;41.95;892100.0
2014-07-01;42.06;42.51;41.89;42.16;1477700.0
2014-07-02;41.95;42.14;41.68;41.91;754800.0
2014-07-03;41.93;41.96;41.52;41.82;364900.0
2014-07-07;41.74;41.97;41.61;41.63;541200.0
2014-07-08;41.7;41.985;41.69;41.92;616800.0
2014-07-09;42.04;42.05;41.48;41.88;412900.0
2014-07-10;41.55;42.13;41.45;41.94;502200.0
2014-07-11;41.91;42.13;41.66;41.79;601400.0
2014-07-14;42.09;42.31;41.82;42.3;400600.0
2014-07-15;42.24;42.42;41.92;42.1;381400.0
2014-07-16;42.35;42.35;41.79;42.11;602600.0
2014-07-17;41.92;42.13;41.86;41.92;543600.0
2014-07-18;41.84;42.68;41.84;42.62;677000.0
2014-07-21;42.41;42.53;42.18;42.37;305700.0
2014-07-22;42.49;42.77;42.43;42.53;427600.0
2014-07-23;42.53;42.6;42.34;42.48;421400.0
2014-07-24;42.51;42.59;42.0;42.4;1286800.0
2014-07-25;42.14;42.26;41.9;41.98;841100.0
2014-07-28;41.97;42.245;41.87;42.21;680700.0
2014-07-29;42.1;42.45;41.792;42.09;720600.0
2014-07-30;42.01;42.94;42.01;42.51;1019300.0
2014-07-31;42.34;42.46;42.04;42.07;954800.0
2014-08-01;42.0;42.29;41.81;41.88;1192200.0
2014-08-04;41.92;42.11;41.38;42.03;614000.0
2014-08-05;41.83;42.13;41.51;41.56;830200.0
2014-08-06;41.34;41.78;41.34;41.59;596700.0
2014-08-07;41.59;41.86;41.47;41.67;744000.0
2014-08-08;41.74;41.99;41.42;41.9;504200.0
2014-08-11;42.08;42.48;41.94;42.26;570300.0
2014-08-12;42.2;42.42;42.0;42.18;541100.0
2014-08-13;42.18;42.76;42.18;42.72;472300.0
2014-08-14;42.37;42.43;42.01;42.02;528600.0
2014-08-15;42.22;42.26;41.64;41.84;954000.0
2014-08-18;42.1;42.38;41.91;42.38;543400.0
2014-08-19;42.46;42.55;42.29;42.42;615900.0
2014-08-20;42.28;42.65;42.01;42.5;640200.0
2014-08-21;42.48;42.78;42.44;42.6;569100.0
2014-08-22;42.57;42.67;42.11;42.23;374000.0
2014-08-25;42.34;42.47;41.84;42.0;371600.0
2014-08-26;42.08;42.24;41.9;42.08;329200.0
2014-08-27;42.08;42.19;41.9;42.14;331800.0
2014-08-28;42.04;42.17;41.94;42.1;340600.0
2014-08-29;42.21;42.59;42.05;42.55;598200.0
2014-09-02;42.47;42.79;42.47;42.72;775100.0
2014-09-03;42.73;42.88;42.605;42.64;647700.0
2014-09-04;42.59;42.89;42.395;42.5;553000.0
2014-09-05;42.41;43.02;42.41;42.99;511800.0
2014-09-08;42.98;43.06;42.63;42.79;477800.0
2014-09-09;42.8;42.8699;42.45;42.55;472300.0
2014-09-10;42.44;42.525;41.965;42.09;798900.0
2014-09-11;41.96;42.33;41.96;42.22;303800.0
2014-09-12;42.08;42.2;40.41;40.69;949900.0
2014-09-15;40.68;40.92;40.47;40.64;656000.0
2014-09-16;40.63;41.41;40.58;41.25;1037700.0
2014-09-17;41.29;41.53;40.92;41.01;603400.0
2014-09-18;41.04;41.13;40.51;40.57;533100.0
2014-09-19;40.65;40.81;40.26;40.26;1070800.0
2014-09-22;40.2;40.32;39.71;39.84;909021.0
2014-09-23;39.77;39.94;39.44;39.44;866125.0
2014-09-24;39.39;39.85;39.18;39.25;1026935.0
2014-09-25;39.15;39.26;38.42;38.62;1320804.0
2014-09-26;38.65;39.19;38.47;39.17;1372940.0
2014-09-29;38.87;39.22;38.69;39.2;591111.0
2014-09-30;39.25;39.25;38.8;38.9;921783.0
2014-10-01;38.81;39.18;38.66;39.0;1060763.0
2014-10-02;38.9;39.26;38.63;38.94;649684.0
2014-10-03;39.26;39.32;38.852;39.25;702746.0
2014-10-06;39.29;39.55;39.18;39.3;579566.0
2014-10-07;39.19;39.33;38.8;38.8;513805.0
2014-10-08;38.82;39.65;38.81;39.55;1007104.0
2014-10-09;39.42;39.91;39.29;39.44;839801.0
2014-10-10;39.43;40.035;39.33;39.36;644442.0
2014-10-13;39.47;40.06;39.34;39.76;947907.0
2014-10-14;39.95;41.19;39.76;41.07;1190057.0
2014-10-15;40.76;41.535;40.52;40.73;1493316.0
2014-10-16;40.29;40.6;40.05;40.48;1655963.0
2014-10-17;40.91;40.95;40.05;40.38;1009167.0
2014-10-20;40.4;40.84;40.4;40.84;988278.0
2014-10-21;41.05;41.29;40.86;41.27;1106598.0
2014-10-22;41.19;41.67;41.13;41.4;510460.0
2014-10-23;41.73;42.035;41.48;41.93;521734.0
2014-10-24;41.97;42.15;41.59;41.97;466403.0
2014-10-27;41.84;42.24;41.8;42.19;487664.0
2014-10-28;42.18;42.53;41.95;42.53;637257.0
2014-10-29;42.41;42.52;41.59;42.33;978621.0
2014-10-30;42.19;42.63;42.03;42.54;859824.0
2014-10-31;42.91;42.96;42.42;42.87;1052181.0
2014-11-03;42.78;43.1;42.74;42.85;809275.0
2014-11-04;42.8;43.03;42.55;42.96;663562.0
2014-11-05;43.17;43.17;42.51;42.72;681102.0
2014-11-06;42.71;42.96;42.41;42.52;610100.0
2014-11-07;42.51;42.63;42.26;42.45;612786.0
2014-11-10;42.42;42.91;42.27;42.88;665359.0
2014-11-11;42.85;42.93;42.57;42.68;458277.0
2014-11-12;42.55;42.775;42.201;42.28;799749.0
2014-11-13;42.0;42.33;41.86;42.1;626155.0
2014-11-14;42.19;42.36;41.42;41.61;571005.0
2014-11-17;41.58;41.96;41.47;41.55;700627.0
2014-11-18;41.56;41.7;41.36;41.68;897445.0
2014-11-19;41.57;41.99;41.44;41.76;1353405.0
2014-11-20;41.69;41.93;41.6;41.69;1042622.0
2014-11-21;42.08;42.299;41.81;42.2;998255.0
2014-11-24;42.32;42.55;42.13;42.52;688022.0
2014-11-25;42.49;42.98;42.345;42.88;1480531.0
2014-11-26;42.88;43.29;42.64;43.13;779945.0
2014-11-28;43.24;43.76;43.12;43.16;411549.0
2014-12-01;43.05;43.52;42.965;43.41;954585.0
2014-12-02;43.33;43.73;43.0;43.65;680747.0
2014-12-03;43.66;43.75;43.5;43.65;489465.0
2014-12-04;43.54;44.12;43.44;44.04;822005.0
2014-12-05;43.81;44.19;43.63;44.03;689564.0
2014-12-08;44.02;44.62;43.73;43.84;791979.0
2014-12-09;43.62;44.435;43.542;44.33;911870.0
2014-12-10;44.29;44.45;43.99;44.09;740477.0
2014-12-11;44.2;44.38;43.675;43.77;770357.0
2014-12-12;43.57;44.31;43.395;43.41;1335267.0
2014-12-15;43.59;43.74;42.62;42.72;1052961.0
2014-12-16;42.77;43.48;42.48;42.84;1152889.0
2014-12-17;42.93;44.02;42.79;43.94;922136.0
2014-12-18;44.15;44.45;43.91;44.42;886693.0
2014-12-19;44.32;44.59;44.14;44.46;1368224.0
2014-12-22;44.5;44.96;44.5;44.92;533860.0
2014-12-23;45.11;45.15;44.81;44.93;488496.0
2014-12-24;45.02;45.24;44.81;44.96;195730.0
2014-12-26;45.08;45.32;44.97;45.11;253667.0
2014-12-29;45.14;45.67;45.07;45.13;417520.0
2014-12-30;44.94;45.52;44.94;45.09;437943.0
2014-12-31;45.28;45.63;44.24;44.28;566390.0
2015-01-02;44.58;45.01;44.42;44.94;530697.0
2015-01-05;44.77;45.29;44.53;45.15;517771.0
2015-01-06;45.23;45.81;45.13;45.36;706329.0
2015-01-07;45.53;45.99;45.01;45.7;1166193.0
2015-01-08;45.79;46.019;45.42;45.73;842408.0
2015-01-09;45.74;46.08;45.5;45.55;741363.0
2015-01-12;45.64;46.51;45.59;46.44;738893.0
2015-01-13;46.58;46.94;46.13;46.75;982443.0
2015-01-14;46.4;47.29;46.19;47.23;852249.0
2015-01-15;47.25;47.54;46.91;47.1;812661.0
2015-01-16;46.96;47.96;46.82;47.88;653510.0
2015-01-20;47.94;48.04;47.225;47.37;672346.0
2015-01-21;47.33;47.63;47.18;47.34;507086.0
2015-01-22;47.57;48.14;47.34;48.04;893059.0
2015-01-23;47.58;48.015;47.29;47.48;924511.0
2015-01-26;47.49;47.98;47.27;47.98;855617.0
2015-01-27;47.78;48.2;47.58;47.92;830866.0
2015-01-28;48.01;48.31;47.38;47.48;999782.0
2015-01-29;47.55;47.87;47.31;47.73;1138215.0
2015-01-30;47.61;47.74;46.97;47.0;896269.0
2015-02-02;46.99;47.32;45.91;47.09;1034001.0
2015-02-03;47.03;48.34;46.91;48.14;1315480.0
2015-02-04;47.96;48.09;47.55;47.71;654638.0
2015-02-05;47.8;48.19;47.6;48.13;579563.0
2015-02-06;47.99;48.17;46.74;46.99;771183.0
2015-02-09;46.87;47.39;46.56;46.59;491252.0
2015-02-10;46.74;46.81;46.15;46.31;1410205.0
2015-02-11;46.31;47.29;46.31;46.62;849575.0
2015-02-12;46.84;47.48;46.71;47.34;932314.0
2015-02-13;46.93;47.0;46.305;46.66;792148.0
2015-02-17;46.58;46.9899;46.11;46.3;771982.0
2015-02-18;46.33;46.61;45.9;46.56;791510.0
2015-02-19;46.29;46.41;45.76;45.9;859835.0
2015-02-20;45.83;46.37;45.8;46.23;729421.0
2015-02-23;46.24;46.65;45.99;46.65;836321.0
2015-02-24;46.51;46.55;45.47;45.74;566985.0
2015-02-25;45.73;46.23;45.66;45.79;555254.0
2015-02-26;45.73;45.7799;44.96;45.23;712142.0
2015-02-27;45.33;45.71;45.01;45.61;950787.0
2015-03-02;45.73;46.46;45.65;45.91;668888.0
2015-03-03;45.83;45.97;45.46;45.83;563460.0
2015-03-04;45.77;45.85;44.94;45.07;479350.0
2015-03-05;45.21;45.59;44.935;44.96;581130.0
2015-03-06;44.38;44.42;43.2;43.31;868425.0
2015-03-09;43.49;43.74;43.33;43.47;604894.0
2015-03-10;43.33;43.66;43.0907;43.35;553231.0
2015-03-11;43.4;43.51;43.13;43.27;723714.0
2015-03-12;43.56;43.87;43.49;43.72;1033300.0
2015-03-13;43.72;43.79;43.27;43.71;514805.0
2015-03-16;43.86;44.33;43.86;43.97;522381.0
2015-03-17;43.9;44.24;43.693;44.11;549648.0
2015-03-18;44.0;45.11;43.83;44.97;605354.0
2015-03-19;44.67;45.25;44.58;45.11;630566.0
2015-03-20;45.34;46.73;45.34;46.59;1493076.0
2015-03-23;46.59;46.915;46.38;46.66;772055.0
2015-03-24;46.58;46.89;46.3;46.5;871587.0
2015-03-25;46.53;46.63;45.38;45.45;633287.0
2015-03-26;45.42;45.67;44.8999;45.03;1207951.0
2015-03-27;45.16;45.33;44.91;45.33;555889.0
2015-03-30;45.51;46.17;45.28;46.06;516328.0
2015-03-31;45.9;46.06;45.59;45.78;727722.0
2015-04-01;45.81;45.92;45.33;45.67;541156.0
2015-04-02;45.61;46.52;45.6;46.29;846308.0
2015-04-06;46.38;47.1;46.31;46.98;1165769.0
2015-04-07;46.88;46.94;46.12;46.13;881034.0
2015-04-08;46.15;46.38;46.04;46.14;498775.0
2015-04-09;46.22;46.23;45.105;45.25;545981.0
2015-04-10;45.59;45.9;45.28;45.32;491597.0
2015-04-13;45.26;45.58;45.07;45.07;420094.0
2015-04-14;45.6;45.76;45.37;45.43;666597.0
2015-04-15;45.49;45.681;45.06;45.08;565095.0
2015-04-16;44.92;45.5;44.78;45.34;482957.0
2015-04-17;45.04;45.27;44.41;44.79;676148.0
2015-04-20;44.97;45.34;44.79;45.17;538967.0
2015-04-21;45.37;45.73;44.935;45.07;579039.0
2015-04-22;45.18;45.4;44.93;45.1;512647.0
2015-04-23;45.08;45.52;44.81;45.07;443535.0
2015-04-24;45.2;45.64;44.92;45.3;363975.0
2015-04-27;45.39;45.68;44.9;45.11;570365.0
2015-04-28;45.01;45.14;44.56;44.97;661189.0
2015-04-29;45.21;45.52;43.9;44.02;738838.0
2015-04-30;43.76;43.9;42.81;43.04;858334.0
2015-05-01;43.07;43.5;42.974;43.01;1049977.0
2015-05-04;43.15;43.47;42.96;43.29;896536.0
2015-05-05;43.03;43.18;41.97;42.24;876622.0
2015-05-06;42.25;42.3699;41.71;42.02;656012.0
2015-05-07;42.06;42.99;41.96;42.84;718511.0
2015-05-08;43.42;44.1;43.0;43.03;660282.0
2015-05-11;42.83;43.11;42.02;42.19;826392.0
2015-05-12;41.91;42.6;41.46;42.48;637272.0
2015-05-13;42.77;43.09;41.95;42.09;1010740.0
2015-05-14;42.31;42.74;42.03;42.73;816615.0
2015-05-15;42.88;43.2;42.6;42.84;800227.0
2015-05-18;42.26;42.79;42.1;42.68;625139.0
2015-05-19;42.52;42.995;42.4;42.79;767829.0
2015-05-20;42.84;43.22;42.77;42.9;676207.0
2015-05-21;42.92;43.09;42.61;42.93;1159010.0
2015-05-22;42.77;43.055;42.41;42.43;476213.0
2015-05-26;42.37;42.44;41.96;42.33;557547.0
2015-05-27;42.39;43.055;42.18;43.0;571617.0
2015-05-28;42.9;43.14;42.37;42.68;421774.0
2015-05-29;42.62;42.69;41.87;41.95;834145.0
2015-06-01;42.01;42.62;41.86;42.59;760532.0
2015-06-02;42.48;42.7;41.87;42.1;508108.0
2015-06-03;41.99;42.3;41.76;41.94;634989.0
2015-06-04;41.83;42.16;41.69;41.8;646659.0
2015-06-05;41.38;41.56;41.16;41.33;537611.0
2015-06-08;41.39;41.5;41.08;41.21;388147.0
2015-06-09;41.25;41.4;40.82;40.9;512083.0
2015-06-10;40.96;41.56;40.85;41.22;593371.0
2015-06-11;41.48;41.61;41.27;41.45;577017.0
2015-06-12;41.41;41.54;41.18;41.32;316802.0
2015-06-15;41.27;41.27;40.74;41.05;546072.0
2015-06-16;41.12;41.71;41.02;41.46;448171.0
2015-06-17;41.47;41.61;40.91;41.5;833517.0
2015-06-18;41.63;42.31;41.63;42.18;646735.0
2015-06-19;41.93;42.03;41.52;41.68;1556364.0
2015-06-22;41.74;42.075;41.38;41.44;530782.0
2015-06-23;41.22;41.51;41.02;41.13;493267.0
2015-06-24;41.17;41.3;41.02;41.03;496160.0
2015-06-25;40.83;40.92;40.27;40.36;720730.0
2015-06-26;40.36;40.85;40.13;40.69;761912.0
2015-06-29;40.56;41.01;39.93;39.96;916631.0
2015-06-30;40.24;40.41;39.72;39.95;805436.0
2015-07-01;39.9;40.58;39.73;40.54;932417.0
2015-07-02;40.85;41.27;40.365;40.44;659414.0
2015-07-06;40.27;40.83;40.018;40.74;453136.0
2015-07-07;40.9;41.42;40.608;41.29;605261.0
2015-07-08;41.14;41.36;40.91;41.15;672468.0
2015-07-09;41.37;41.49;40.865;40.96;626716.0
2015-07-10;41.16;41.6499;41.16;41.31;496257.0
2015-07-13;41.64;42.0199;41.26;41.47;467107.0
2015-07-14;41.45;41.7;41.23;41.49;427170.0
2015-07-15;41.31;41.695;41.05;41.62;412334.0
2015-07-16;41.8;42.11;41.73;41.97;372733.0
2015-07-17;41.9;41.98;41.66;41.97;579238.0
2015-07-20;41.82;42.06;41.55;41.95;621625.0
2015-07-21;41.95;42.2;41.87;41.99;682612.0
2015-07-22;41.93;42.34;41.81;42.05;445598.0
2015-07-23;42.02;42.19;41.24;41.58;701741.0
2015-07-24;41.51;41.88;41.4;41.66;622888.0
2015-07-27;41.71;42.05;41.53;41.68;432822.0
2015-07-28;41.68;41.86;41.43;41.69;506749.0
2015-07-29;41.61;42.3;41.38;42.11;541828.0
2015-07-30;41.97;42.171;41.76;41.93;674328.0
2015-07-31;42.26;42.6;42.24;42.33;736077.0
2015-08-03;42.33;42.69;42.29;42.67;641906.0
2015-08-04;42.45;42.78;42.02;42.14;662776.0
2015-08-05;42.22;42.4;41.62;41.81;918078.0
2015-08-06;41.8;41.94;41.15;41.91;845060.0
2015-08-07;41.78;42.01;41.37;41.91;744438.0
2015-08-10;42.0;42.17;41.81;41.94;853626.0
2015-08-11;42.02;42.46;41.6;42.04;976179.0
2015-08-12;41.82;41.99;41.4;41.97;998184.0
2015-08-13;41.38;41.85;41.08;41.63;718479.0
2015-08-14;41.52;41.79;41.38;41.76;875926.0
2015-08-17;41.76;42.24;41.35;42.07;975458.0
2015-08-18;42.0;42.11;41.81;42.02;705417.0
2015-08-19;41.76;42.045;41.49;41.76;896691.0
2015-08-20;41.63;42.03;41.36;41.58;942925.0
2015-08-21;41.23;41.47;40.7;40.71;1107713.0
2015-08-24;38.91;39.98;38.27;38.51;1508285.0
2015-08-25;39.39;39.43;37.41;37.45;1515884.0
2015-08-26;38.07;38.53;37.43;38.44;1547052.0
2015-08-27;38.63;39.53;38.24;39.08;1077165.0
2015-08-28;38.77;39.15;38.54;38.97;1056664.0
2015-08-31;38.76;38.91;37.9;37.94;1178902.0
2015-09-01;37.41;37.69;36.86;37.13;955222.0
2015-09-02;37.45;37.68;37.21;37.5;1013349.0
2015-09-03;37.78;37.95;37.375;37.72;1038261.0
2015-09-04;37.31;37.42;36.57;36.82;670271.0
2015-09-08;37.23;37.45;36.94;37.35;725396.0
2015-09-09;38.07;38.165;36.94;37.0;607214.0
2015-09-10;36.96;37.95;36.96;37.44;1111294.0
2015-09-11;37.38;38.08;37.05;38.06;617440.0
2015-09-14;38.16;38.28;37.99;38.11;556268.0
2015-09-15;38.11;38.8;37.98;38.57;731454.0
2015-09-16;38.51;39.05;38.45;38.87;667031.0
2015-09-17;38.85;40.0;38.75;39.42;931592.0
2015-09-18;39.03;39.645;38.97;39.13;1354212.0
2015-09-21;39.21;39.7;39.21;39.4;800737.0
2015-09-22;39.1;39.31;38.59;38.59;962866.0
2015-09-23;38.75;39.13;38.63;38.88;592087.0
2015-09-24;38.72;38.99;38.36;38.61;775946.0
2015-09-25;38.76;39.06;38.44;38.64;835700.0
2015-09-28;38.43;38.57;37.84;38.16;747364.0
2015-09-29;38.31;38.915;38.17;38.83;701912.0
2015-09-30;39.09;39.14;38.64;38.75;991694.0
2015-10-01;38.9;39.05;38.18;38.78;1267071.0
2015-10-02;38.65;39.35;38.47;39.34;777973.0
2015-10-05;39.52;40.29;39.48;40.21;602944.0
2015-10-06;40.15;40.6;39.985;40.11;788636.0
2015-10-07;40.26;40.84;40.12;40.84;1116082.0
2015-10-08;40.82;41.38;40.66;41.35;796596.0
2015-10-09;41.37;41.38;40.98;41.21;459212.0
2015-10-12;41.34;41.74;40.99;41.56;450250.0
2015-10-13;41.44;41.8;41.14;41.32;572996.0
2015-10-14;41.46;41.59;40.98;41.06;590982.0
2015-10-15;41.18;41.6;41.01;41.6;489629.0
2015-10-16;41.69;42.0;41.59;41.8;553399.0
2015-10-19;41.74;42.39;41.624;42.37;386988.0
2015-10-20;42.29;42.55;42.14;42.51;584219.0
2015-10-21;42.65;42.82;42.33;42.65;737251.0
2015-10-22;42.98;43.3;42.73;43.14;703553.0
2015-10-23;43.15;43.35;42.61;43.09;768757.0
2015-10-26;43.69;43.74;43.02;43.48;840922.0
2015-10-27;43.37;43.74;42.55;43.38;780990.0
2015-10-28;43.4;44.37;42.85;44.0;1137924.0
2015-10-29;43.69;44.03;43.61;43.9;672404.0
2015-10-30;43.94;44.01;43.37;43.45;760969.0
2015-11-02;43.38;44.35;43.14;44.35;652612.0
2015-11-03;44.15;44.275;43.7;43.99;831748.0
2015-11-04;44.04;44.165;43.36;43.56;571709.0
2015-11-05;43.48;43.91;43.3;43.91;581724.0
2015-11-06;43.17;43.37;42.36;42.72;1019328.0
2015-11-09;42.29;42.76;41.345;41.74;852695.0
2015-11-10;41.78;42.33;41.78;42.31;770796.0
2015-11-11;42.46;42.98;42.24;42.87;835037.0
2015-11-12;42.36;42.63;41.73;41.85;527815.0
2015-11-13;41.73;42.13;41.36;41.37;498796.0
2015-11-16;41.38;41.94;41.2;41.94;319229.0
2015-11-17;41.85;42.7;41.7;42.3;653811.0
2015-11-18;42.37;43.15;42.24;43.08;657333.0
2015-11-19;43.16;43.73;43.04;43.5;788423.0
2015-11-20;43.7;44.12;43.54;43.87;608743.0
2015-11-23;43.91;44.12;43.73;43.88;483729.0
2015-11-24;43.58;43.8;43.27;43.67;502322.0
2015-11-25;43.62;43.78;43.41;43.68;386759.0
2015-11-27;43.61;44.19;43.43;44.18;382434.0
2015-11-30;44.27;44.32;43.44;43.56;897189.0
2015-12-01;43.79;44.28;43.51;44.26;618541.0
2015-12-02;44.1;44.125;43.1;43.19;639531.0
2015-12-03;43.09;43.4;42.22;42.31;910506.0
2015-12-04;42.42;43.1;42.29;42.67;1251177.0
2015-12-07;42.67;42.73;42.19;42.57;946318.0
2015-12-08;42.42;42.64;41.93;42.23;1655712.0
2015-12-09;42.01;42.44;41.42;41.85;1036129.0
2015-12-10;41.97;42.04;41.56;41.69;658979.0
2015-12-11;41.26;42.23;41.26;41.59;883016.0
2015-12-14;41.53;41.95;41.23;41.9;956498.0
2015-12-15;42.11;42.68;41.49;42.55;890838.0
2015-12-16;42.72;43.375;42.55;43.31;647484.0
2015-12-17;43.47;43.47;42.9;43.14;1127783.0
2015-12-18;42.95;43.19;42.38;42.9;1741083.0
2015-12-21;43.37;43.37;42.52;42.8;675323.0
2015-12-22;42.96;43.7;42.83;43.42;985502.0
2015-12-23;43.57;43.87;43.37;43.85;659069.0
2015-12-24;43.79;44.01;43.48;43.85;273407.0
2015-12-28;43.78;44.08;43.49;44.06;508189.0
2015-12-29;44.18;44.61;44.14;44.37;694075.0
2015-12-30;44.33;44.59;44.07;44.08;595243.0
2015-12-31;44.06;44.28;43.58;43.6;661010.0
2016-01-04;43.1;43.19;42.61;43.19;795298.0
2016-01-05;43.2;44.15;43.1;44.01;541766.0
2016-01-06;43.68;43.98;43.29;43.57;818669.0
2016-01-07;42.71;42.93;42.09;42.1;1156023.0
2016-01-08;42.21;42.49;41.35;41.4;673113.0
2016-01-11;41.49;42.26;41.47;42.03;746204.0
2016-01-12;42.32;42.32;41.01;41.31;904708.0
2016-01-13;41.45;41.87;40.63;40.68;679298.0
2016-01-14;40.77;41.22;40.31;40.79;624513.0
2016-01-15;39.69;40.47;39.69;40.08;1211686.0
2016-01-19;40.44;40.63;40.0;40.34;525225.0
2016-01-20;39.93;40.2;38.08;39.01;671646.0
2016-01-21;39.18;39.98;38.81;39.27;833414.0
2016-01-22;39.65;40.51;39.6;40.37;932429.0
2016-01-25;40.31;40.83;39.95;40.26;537189.0
2016-01-26;40.38;41.49;40.37;41.43;700451.0
2016-01-27;41.25;41.38;40.73;41.19;660498.0
2016-01-28;41.4;41.84;41.03;41.19;696425.0
2016-01-29;41.53;42.29;41.4;42.29;872852.0
2016-02-01;41.88;42.43;41.51;42.03;635002.0
2016-02-02;41.81;41.86;41.36;41.53;976891.0
2016-02-03;41.82;42.45;41.56;42.19;466575.0
2016-02-04;42.1;43.0;41.83;42.9;831513.0
2016-02-05;42.72;43.065;42.17;42.72;1538166.0
2016-02-08;42.47;42.63;41.21;42.2;1803682.0
2016-02-09;41.74;42.07;41.23;41.75;1732392.0
2016-02-10;40.64;42.63;39.98;42.16;863381.0
2016-02-11;41.7;41.7;40.82;41.32;1522071.0
2016-02-12;41.23;41.56;40.91;41.34;972751.0
2016-02-16;41.66;42.36;41.34;42.33;614436.0
2016-02-17;42.46;43.48;42.32;43.02;1712599.0
2016-02-18;43.06;43.67;42.67;43.5;900644.0
2016-02-19;43.21;43.9;43.09;43.6;473153.0
2016-02-22;43.95;44.41;43.81;44.11;585856.0
2016-02-23;43.82;44.43;43.82;43.84;756063.0
2016-02-24;43.54;44.34;43.35;44.15;695487.0
2016-02-25;44.42;45.01;44.07;45.0;929931.0
2016-02-26;44.85;45.0;44.39;44.4;1222139.0
2016-02-29;44.43;44.63;43.54;43.55;1283494.0
2016-03-01;43.8;44.73;43.67;44.7;1484520.0
2016-03-02;44.65;45.41;44.485;45.36;1206977.0
2016-03-03;45.57;45.89;45.31;45.79;850431.0
2016-03-04;45.78;46.06;45.65;46.04;738815.0
2016-03-07;45.81;46.46;45.81;46.36;756049.0
2016-03-08;46.38;46.38;45.61;45.64;481883.0
2016-03-09;45.63;46.07;45.56;45.82;433595.0
2016-03-10;46.09;46.23;45.3;45.54;549278.0
2016-03-11;46.04;46.47;45.98;46.35;664621.0
2016-03-14;46.23;46.49;46.08;46.41;311854.0
2016-03-15;46.1;46.6;46.08;46.43;335885.0
2016-03-16;46.16;46.925;46.15;46.82;609650.0
2016-03-17;46.62;47.22;46.35;47.06;683350.0
2016-03-18;47.04;47.14;46.43;46.54;1368120.0
2016-03-21;46.27;46.82;46.17;46.29;707670.0
2016-03-22;46.23;46.44;46.08;46.36;489641.0
2016-03-23;46.3;46.435;46.0;46.0;404530.0
2016-03-24;45.87;45.95;45.475;45.9;421471.0
2016-03-28;46.02;46.22;45.69;46.07;652466.0
2016-03-29;46.19;47.88;46.03;47.88;885173.0
2016-03-30;47.92;48.135;47.68;47.79;573326.0
2016-03-31;47.59;48.04;47.305;47.81;625466.0
2016-04-01;47.39;47.92;47.29;47.8;507422.0
2016-04-04;47.84;47.99;47.33;47.54;465954.0
2016-04-05;47.31;47.55;47.2;47.3;378884.0
2016-04-06;47.24;47.47;46.6;47.32;656566.0
2016-04-07;47.03;47.31;46.46;46.65;452248.0
2016-04-08;46.94;47.47;46.87;47.09;352553.0
2016-04-11;47.17;47.66;46.94;47.13;565209.0
2016-04-12;47.1;47.51;46.97;47.44;554647.0
2016-04-13;47.66;47.68;47.08;47.36;660795.0
2016-04-14;47.4;47.4;46.85;47.11;566961.0
2016-04-15;47.16;47.93;47.16;47.64;768674.0
2016-04-18;47.71;47.82;47.14;47.46;499871.0
2016-04-19;47.63;47.9;47.26;47.89;535013.0
2016-04-20;47.85;47.94;46.96;47.09;705536.0
2016-04-21;47.12;47.41;46.27;46.44;519241.0
2016-04-22;46.52;46.89;46.34;46.69;594542.0
2016-04-25;46.58;47.19;46.58;47.13;595138.0
2016-04-26;47.32;47.765;46.94;47.41;579592.0
2016-04-27;47.7;48.05;46.98;47.54;350364.0
2016-04-28;47.18;48.15;47.18;47.72;689461.0
2016-04-29;47.5;47.72;46.26;46.73;706960.0
2016-05-02;46.8;47.91;46.8;47.86;629111.0
2016-05-03;47.65;47.65;46.77;47.05;749267.0
2016-05-04;46.77;48.18;46.7;47.99;941672.0
2016-05-05;47.88;48.32;47.71;47.93;577139.0
2016-05-06;47.91;48.67;47.71;48.62;512371.0
2016-05-09;48.81;49.08;48.6;48.85;450608.0
2016-05-10;49.04;49.04;48.49;48.69;329303.0
2016-05-11;48.53;48.53;47.61;47.75;345135.0
2016-05-12;47.79;48.23;47.16;48.09;590967.0
2016-05-13;47.82;47.85;47.38;47.62;471275.0
2016-05-16;47.42;47.76;47.16;47.47;340198.0
2016-05-17;47.35;47.35;46.064;46.42;465415.0
2016-05-18;46.22;46.5;45.31;45.88;463555.0
2016-05-19;45.43;45.78;44.93;45.32;365785.0
2016-05-20;45.56;46.22;45.215;46.16;759748.0
2016-05-23;46.24;46.385;45.96;46.38;550963.0
2016-05-24;46.72;47.44;46.7;47.39;686187.0
2016-05-25;47.5;47.5;46.81;47.39;471149.0
2016-05-26;47.44;47.6;46.99;47.56;446937.0
2016-05-27;47.65;48.19;47.55;48.19;848883.0
2016-05-31;48.28;48.82;47.89;48.66;1211335.0
2016-06-01;48.49;48.895;48.28;48.87;871535.0
2016-06-02;48.68;48.9;48.19;48.71;870716.0
2016-06-03;49.04;49.76;48.44;48.77;867019.0
2016-06-06;48.7;48.94;47.95;48.26;533706.0
2016-06-07;48.44;48.845;48.21;48.7;799326.0
2016-06-08;48.62;49.38;48.56;49.37;755393.0
2016-06-09;49.29;49.64;49.155;49.64;681914.0
2016-06-10;49.17;49.58;49.13;49.3;435516.0
2016-06-13;49.38;49.77;49.25;49.38;770286.0
2016-06-14;49.43;49.48;48.78;49.18;819925.0
2016-06-15;49.25;49.635;49.16;49.18;764291.0
2016-06-16;49.05;49.555;48.595;49.53;902767.0
2016-06-17;49.72;49.88;48.835;49.21;1818697.0
2016-06-20;49.58;49.78;49.24;49.37;1048568.0
2016-06-21;49.46;49.615;49.07;49.38;966249.0
2016-06-22;49.45;49.76;49.25;49.38;991050.0
2016-06-23;49.55;50.13;49.55;50.13;989544.0
2016-06-24;48.75;50.29;48.64;49.98;8899615.0
2016-06-27;49.57;50.15;49.0;49.94;1432333.0
2016-06-28;50.51;51.56;50.14;51.49;1387339.0
2016-06-29;51.9;52.28;51.58;52.07;1145728.0
2016-06-30;52.15;52.86;51.81;52.8;1380465.0
2016-07-01;52.83;53.275;52.56;52.67;794763.0
2016-07-05;52.55;53.21;52.55;53.18;778297.0
2016-07-06;52.94;53.35;52.89;53.2;759646.0
2016-07-07;53.16;53.16;52.25;52.51;656311.0
2016-07-08;52.88;53.55;52.88;53.26;747925.0
2016-07-11;53.33;53.92;53.03;53.69;869692.0
2016-07-12;53.53;53.79;53.32;53.67;430921.0
2016-07-13;53.88;54.06;53.425;53.69;1109178.0
2016-07-14;53.55;53.91;53.3;53.32;647192.0
2016-07-15;53.1;53.46;52.54;53.12;1134629.0
2016-07-18;53.2;53.47;52.88;53.38;811866.0
2016-07-19;53.3;53.72;52.91;53.7;743461.0
2016-07-20;53.91;54.025;53.59;53.99;492080.0
2016-07-21;53.79;54.17;53.65;54.14;502925.0
2016-07-22;53.97;54.43;53.97;54.25;470350.0
2016-07-25;54.37;54.57;54.0;54.24;493176.0
2016-07-26;54.39;54.47;54.14;54.41;688300.0
2016-07-27;54.35;54.35;53.57;54.04;672099.0
2016-07-28;53.96;55.2;53.78;55.08;678670.0
2016-07-29;55.01;56.23;55.01;55.72;602183.0
2016-08-01;55.7;55.93;55.48;55.74;420789.0
2016-08-02;55.56;55.74;55.1;55.29;706179.0
2016-08-03;55.43;56.04;54.91;55.26;566814.0
2016-08-04;55.47;55.51;54.84;54.92;571541.0
2016-08-05;55.03;55.13;54.53;54.61;671053.0
2016-08-08;54.56;54.805;54.39;54.64;518526.0
2016-08-09;54.56;54.76;54.29;54.54;605190.0
2016-08-10;54.72;54.98;54.32;54.58;907851.0
2016-08-11;54.03;54.31;53.3;53.62;938339.0
2016-08-12;53.77;54.28;53.51;53.7;685815.0
2016-08-15;53.85;54.13;53.36;53.45;823351.0
2016-08-16;53.21;53.295;52.74;52.91;583870.0
2016-08-17;52.92;53.41;52.53;53.35;823812.0
2016-08-18;53.29;53.53;53.03;53.22;462667.0
2016-08-19;52.99;53.13;52.69;52.75;531893.0
2016-08-22;52.85;53.225;52.655;53.0;283330.0
2016-08-23;53.35;53.57;53.06;53.21;266576.0
2016-08-24;53.2;53.2;52.38;53.03;240584.0
2016-08-25;53.0;53.29;52.8;52.93;408973.0
2016-08-26;53.11;53.44;52.135;52.62;364356.0
2016-08-29;52.83;53.45;52.7901;52.86;269975.0
2016-08-30;53.02;53.08;52.49;53.01;337812.0
2016-08-31;52.85;53.2;52.57;53.04;789610.0
2016-09-01;53.04;53.07;52.55;53.06;629557.0
2016-09-02;53.44;54.25;53.15;53.53;716926.0
2016-09-06;53.64;53.86;53.19;53.69;495987.0
2016-09-07;53.58;53.98;53.36;53.92;706711.0
2016-09-08;53.57;53.62;53.18;53.28;469765.0
2016-09-09;52.63;52.64;50.975;51.09;768711.0
2016-09-12;50.88;51.92;50.84;51.73;566106.0
2016-09-13;51.27;51.39;50.62;50.62;698165.0
2016-09-14;50.88;51.04;50.47;50.8;474715.0
2016-09-15;50.66;50.93;50.05;50.88;450234.0
2016-09-16;50.67;50.9;50.45;50.74;803126.0
2016-09-19;50.91;51.295;50.8;51.05;516293.0
2016-09-20;51.47;51.47;51.08;51.19;483468.0
2016-09-21;51.16;51.82;50.38;51.62;655777.0
2016-09-22;52.2;52.62;52.16;52.4;716340.0
2016-09-23;52.2;52.67;51.75;52.36;505854.0
2016-09-26;52.2;52.75;52.14;52.62;535730.0
2016-09-27;52.84;52.89;52.14;52.24;452437.0
2016-09-28;52.43;52.97;52.42;52.77;545317.0
2016-09-29;52.56;52.67;51.92;52.1;422081.0
2016-09-30;52.36;52.75;51.78;52.12;626272.0
2016-10-03;51.84;52.03;50.87;50.94;492870.0
2016-10-04;51.12;51.17;49.99;50.33;586665.0
2016-10-05;50.49;50.59;48.78;48.84;844745.0
2016-10-06;48.69;49.59;48.05;49.26;878821.0
2016-10-07;49.5;50.0583;48.72;49.05;440364.0
2016-10-10;49.2;49.63;49.15;49.34;268428.0
2016-10-11;49.21;49.44;48.7;48.91;413903.0
2016-10-12;49.04;49.69;48.975;49.46;453002.0
2016-10-13;49.29;50.42;49.25;50.42;498036.0
2016-10-14;50.4;50.71;49.99;50.42;446500.0
2016-10-17;50.53;51.03;50.38;50.58;393554.0
2016-10-18;51.06;51.31;50.64;50.73;600181.0
2016-10-19;50.62;50.92;50.49;50.71;374799.0
2016-10-20;50.59;50.97;50.31;50.55;455032.0
2016-10-21;50.26;50.4525;49.86;49.94;750331.0
2016-10-24;50.41;50.7199;49.76;50.29;517883.0
2016-10-25;50.16;50.31;49.68;49.69;631031.0
2016-10-26;50.76;50.83;49.23;49.39;528731.0
2016-10-27;49.91;50.58;48.66;48.87;943259.0
2016-10-28;49.02;49.23;48.59;48.83;654885.0
2016-10-31;49.07;49.76;48.81;49.63;872916.0
2016-11-01;49.37;49.37;48.14;48.27;488344.0
2016-11-02;48.32;48.45;47.38;47.38;750308.0
2016-11-03;47.28;47.67;47.0;47.01;563785.0
2016-11-04;47.09;47.48;46.7801;47.23;533624.0
2016-11-07;47.96;48.35;47.6;48.3;504974.0
2016-11-08;48.36;48.54;48.05;48.45;407627.0
2016-11-09;46.68;47.77;45.8669;47.44;506952.0
2016-11-10;47.47;47.47;45.83;45.86;1019482.0
2016-11-11;45.92;46.92;45.92;46.78;569844.0
2016-11-14;46.76;47.46;46.39;47.39;694480.0
2016-11-15;47.74;47.975;47.26;47.66;795472.0
2016-11-16;47.56;47.7;46.87;47.4;587207.0
2016-11-17;47.39;47.93;47.3;47.33;468028.0
2016-11-18;47.52;47.89;47.49;47.54;869067.0
2016-11-21;47.71;48.0405;47.17;47.3;717196.0
2016-11-22;47.47;47.93;47.21;47.72;1096051.0
2016-11-23;47.21;47.65;47.17;47.6;497724.0
2016-11-25;47.69;47.92;47.54;47.89;472850.0
2016-11-28;47.89;48.39;47.81;47.86;799792.0
2016-11-29;47.88;48.685;47.85;48.66;740169.0
2016-11-30;48.26;48.27;47.65;48.06;802226.0
2016-12-01;47.86;47.86;47.06;47.59;840813.0
2016-12-02;47.7;48.26;47.55;48.0;852428.0
2016-12-05;48.0;48.22;47.59;48.06;618073.0
2016-12-06;48.0;48.48;47.974;48.2;1042753.0
2016-12-07;48.3;49.32;48.26;49.31;984749.0
2016-12-08;49.12;49.65;48.925;49.56;599935.0
2016-12-09;49.55;49.805;49.22;49.39;375394.0
2016-12-12;49.17;49.9;49.13;49.89;569621.0
2016-12-13;49.93;50.29;49.21;50.16;921920.0
2016-12-14;50.14;50.3;49.01;49.11;623417.0
2016-12-15;49.2;49.57;48.64;48.85;700141.0
2016-12-16;49.16;50.14;49.12;49.85;1479291.0
2016-12-19;50.16;50.3736;49.6;49.8;632922.0
2016-12-20;49.8;50.3;49.8;50.3;1110132.0
2016-12-21;50.3;51.03;50.3;50.4;1957904.0
2016-12-22;49.66;49.92;49.25;49.82;1436723.0
2016-12-23;50.0;50.21;49.47;49.69;364757.0
2016-12-27;49.64;49.83;49.415;49.48;752117.0
2016-12-28;49.4;49.58;49.07;49.31;486945.0
2016-12-29;49.47;50.5;49.195;50.33;968958.0
2016-12-30;50.31;51.19;50.14;51.01;896239.0
2017-01-03;51.28;51.36;50.835;51.36;767023.0
2017-01-04;51.47;52.91;51.44;52.85;1028130.0
2017-01-05;52.5;53.16;51.98;52.88;1063323.0
2017-01-06;52.63;53.19;52.61;52.8;480887.0
2017-01-09;52.82;53.09;51.94;52.0;573324.0
2017-01-10;51.95;52.17;51.52;51.7;858735.0
2017-01-11;51.55;51.715;50.9;50.97;587380.0
2017-01-12;50.95;51.4;50.45;51.4;574049.0
2017-01-13;51.41;51.65;51.115;51.54;450729.0
2017-01-17;51.52;51.965;51.52;51.93;585544.0
2017-01-18;51.9;52.37;51.79;52.32;563758.0
2017-01-19;52.0;52.16;51.7127;51.95;582239.0
2017-01-20;51.92;52.33;51.79;52.33;542404.0
2017-01-23;52.33;52.91;52.26;52.89;705737.0
2017-01-24;52.96;53.24;52.84;53.19;387202.0
2017-01-25;53.2;53.255;52.62;52.97;716594.0
2017-01-26;52.99;53.13;52.46;52.64;619990.0
2017-01-27;52.81;52.81;51.66;51.78;389763.0
2017-01-30;51.68;51.79;51.34;51.52;661041.0
2017-01-31;51.67;51.86;51.32;51.41;861727.0
2017-02-01;51.4;51.555;49.9;49.95;1082665.0
2017-02-02;50.05;50.3815;49.89;50.22;888053.0
2017-02-03;50.63;50.87;49.91;50.09;1492550.0
2017-02-06;50.13;50.31;49.84;50.04;1202101.0
2017-02-07;50.1;50.44;49.59;49.91;966630.0
2017-02-08;49.25;50.34;48.87;49.78;1792100.0
2017-02-09;49.85;50.06;49.59;49.86;920976.0
2017-02-10;49.85;50.28;49.71;50.23;500007.0
2017-02-13;50.38;50.4;49.93;50.14;525656.0
2017-02-14;49.93;50.15;49.64;50.03;561462.0
2017-02-15;49.87;49.95;49.5;49.82;513278.0
2017-02-16;49.55;50.89;49.53;50.84;796266.0
2017-02-17;50.99;51.13;50.63;51.05;921327.0
2017-02-21;50.86;51.69;50.86;51.63;695766.0
2017-02-22;51.77;52.0;51.45;51.93;1008072.0
2017-02-23;52.22;52.39;51.73;52.29;528329.0
2017-02-24;52.31;52.5;52.02;52.45;387321.0
2017-02-27;52.53;52.97;52.4;52.77;473871.0
2017-02-28;52.62;52.945;52.44;52.49;637080.0
2017-03-01;52.36;52.61;51.95;52.09;648275.0
2017-03-02;51.77;52.42;51.77;52.0;460964.0
2017-03-03;51.97;51.98;51.31;51.79;429048.0
2017-03-06;51.59;51.81;51.21;51.42;377978.0
2017-03-07;51.25;51.42;50.941;51.16;299219.0
2017-03-08;50.82;50.94;50.2;50.22;389378.0
2017-03-09;50.23;50.47;49.2;49.23;346176.0
2017-03-10;49.58;49.71;48.77;48.87;314269.0
2017-03-13;48.89;49.27;48.83;49.05;438353.0
2017-03-14;48.94;49.13;48.69;49.01;316460.0
2017-03-15;49.13;49.98;49.13;49.76;714235.0
2017-03-16;49.76;49.8599;49.38;49.52;360074.0
2017-03-17;49.4;49.91;49.26;49.7;2245911.0
2017-03-20;49.62;49.97;49.47;49.7;446682.0
2017-03-21;49.81;50.02;49.34;49.46;499302.0
2017-03-22;49.55;49.55;48.78;49.45;288203.0
2017-03-23;49.38;50.05;49.28;49.63;462163.0
2017-03-24;49.64;49.94;49.45;49.54;372606.0
2017-03-27;49.28;49.63;48.71;49.0;334032.0
2017-03-28;48.95;49.07;48.42;49.03;569405.0
2017-03-29;48.95;49.09;48.67;49.04;689782.0
2017-03-30;48.86;49.12;48.64;49.11;518865.0
2017-03-31;49.05;49.61;49.0;49.13;897555.0
2017-04-03;49.11;49.7;48.98;49.63;528739.0
2017-04-04;49.6;50.27;49.58;50.25;598672.0
2017-04-05;50.24;50.67;50.03;50.45;699939.0
2017-04-06;50.43;50.84;50.09;50.71;396481.0
2017-04-07;50.69;51.19;50.66;50.93;461665.0
2017-04-10;50.9;51.27;50.82;51.23;258053.0
2017-04-11;51.32;51.53;51.05;51.36;851037.0
2017-04-12;51.42;51.61;51.1;51.22;708480.0
2017-04-13;51.15;51.349;50.86;50.94;552399.0
2017-04-17;51.15;51.66;50.92;51.66;451216.0
2017-04-18;51.64;51.88;51.28;51.6;469411.0
2017-04-19;51.42;51.8;51.35;51.59;508528.0
2017-04-20;51.48;51.66;51.1;51.62;380320.0
2017-04-21;51.61;51.97;51.455;51.67;359433.0
2017-04-24;51.9;52.09;50.88;51.24;593655.0
2017-04-25;51.33;51.51;51.11;51.46;344992.0
2017-04-26;51.48;51.94;50.69;51.43;862736.0
2017-04-27;51.46;51.57;50.98;51.16;447509.0
2017-04-28;51.13;51.13;50.51;50.88;661367.0
2017-05-01;50.95;50.98;50.56;50.97;555769.0
2017-05-02;51.0;51.08;50.62;50.75;294630.0
2017-05-03;50.85;50.93;49.62;50.02;683975.0
2017-05-04;49.76;50.43;49.49;50.39;690338.0
2017-05-05;50.5;50.905;50.49;50.9;433843.0
2017-05-08;51.01;51.21;50.34;50.55;468042.0
2017-05-09;50.56;50.56;49.98;50.21;367162.0
2017-05-10;50.23;50.9;49.98;50.54;528905.0
2017-05-11;50.36;50.45;49.88;50.37;302497.0
2017-05-12;50.36;50.41;49.93;49.97;338804.0
2017-05-15;49.67;50.27;49.4768;49.9;431821.0
2017-05-16;49.97;49.97;49.46;49.83;290006.0
2017-05-17;49.76;50.16;49.62;49.79;577588.0
2017-05-18;49.69;50.11;49.28;49.96;582672.0
2017-05-19;50.07;50.59;49.63;50.49;475495.0
2017-05-22;50.56;50.9;50.29;50.61;395111.0
2017-05-23;50.69;51.03;50.49;51.03;438113.0
2017-05-24;51.08;51.42;50.91;51.27;392565.0
2017-05-25;51.35;51.44;51.13;51.22;339563.0
2017-05-26;51.24;51.24;50.64;50.8;219768.0
2017-05-30;50.86;50.94;50.385;50.43;225206.0
2017-05-31;50.5;50.71;50.2201;50.4;442034.0
2017-06-01;50.34;50.81;50.09;50.79;471022.0
2017-06-02;51.11;51.36;50.98;51.09;323511.0
2017-06-05;50.92;51.17;50.75;51.09;188131.0
2017-06-06;51.17;51.17;50.48;50.59;357191.0
2017-06-07;50.66;50.84;50.47;50.6;505445.0
2017-06-08;50.58;50.58;49.79;50.29;556999.0
2017-06-09;50.33;50.94;50.05;50.93;818000.0
2017-06-12;50.89;51.82;50.89;51.82;676369.0
2017-06-13;51.85;52.15;51.62;52.14;533395.0
2017-06-14;52.39;52.77;52.33;52.65;643385.0
2017-06-15;52.46;52.82;52.2;52.6;416566.0
2017-06-16;52.52;52.59;52.04;52.22;698420.0
2017-06-19;52.18;52.43;51.91;52.2;806444.0
2017-06-20;52.26;52.35;51.685;52.07;406785.0
2017-06-21;52.1;52.43;51.8775;52.17;328043.0
2017-06-22;52.02;52.26;51.75;52.08;436319.0
2017-06-23;52.08;52.69;51.88;52.15;628033.0
2017-06-26;52.38;52.55;52.1;52.4;424774.0
2017-06-27;52.05;52.52;51.95;52.01;442301.0
2017-06-28;52.17;52.34;51.48;51.52;1056003.0
2017-06-29;51.27;51.32;49.98;50.25;962921.0
2017-06-30;50.44;50.93;50.05;50.71;678589.0
2017-07-03;51.0;51.78;50.86;51.69;229960.0
2017-07-05;51.69;51.69;50.69;50.72;756242.0
2017-07-06;50.53;50.74;50.01;50.07;468262.0
2017-07-07;50.18;50.32;49.69;50.1;643579.0
2017-07-10;50.24;50.3;49.27;49.31;570880.0
2017-07-11;49.4;49.41;48.68;49.17;509574.0
2017-07-12;49.59;50.25;49.37;49.94;409451.0
2017-07-13;50.08;50.09;49.51;49.75;503117.0
2017-07-14;50.08;50.45;49.97;50.2;418616.0
2017-07-17;50.2;50.75;50.01;50.52;475444.0
2017-07-18;50.54;50.56;50.04;50.14;482483.0
2017-07-19;50.32;50.85;50.1;50.84;263863.0
2017-07-20;50.91;51.0;50.4;50.44;361633.0
2017-07-21;50.62;50.62;50.07;50.18;320167.0
2017-07-24;50.18;50.55;49.89;50.21;369022.0
2017-07-25;50.32;50.32;49.87;50.18;682720.0
2017-07-26;50.15;51.53;50.15;51.31;749556.0
2017-07-27;51.24;51.39;50.59;50.95;585054.0
2017-07-28;51.02;51.24;50.78;51.21;404861.0
2017-07-31;51.32;51.55;50.7;51.52;573929.0
2017-08-01;51.61;51.97;51.31;51.82;603953.0
2017-08-02;51.67;52.17;50.92;51.05;436926.0
2017-08-03;51.06;51.26;50.85;50.92;439153.0
2017-08-04;50.94;51.225;50.34;50.54;684042.0
2017-08-07;50.58;50.69;50.23;50.5;293422.0
2017-08-08;50.49;50.69;50.191;50.45;375792.0
2017-08-09;50.42;50.63;50.09;50.16;404681.0
2017-08-10;49.77;50.31;49.54;50.25;452621.0
2017-08-11;50.01;50.09;49.5824;49.98;379419.0
2017-08-14;50.3;50.83;50.24;50.7;692117.0
2017-08-15;50.68;50.97;50.27;50.88;465678.0
2017-08-16;50.98;51.5;50.88;51.45;696722.0
2017-08-17;51.42;51.9;51.28;51.36;542519.0
2017-08-18;51.2;51.2;50.78;50.9;518928.0
2017-08-21;50.95;51.33;50.6;51.24;255574.0
2017-08-22;51.34;51.38;50.89;50.93;209228.0
2017-08-23;50.81;51.26;50.45;51.17;242496.0
2017-08-24;51.38;51.53;51.09;51.14;436911.0
2017-08-25;51.42;51.67;51.12;51.46;213671.0
2017-08-28;51.59;51.76;51.02;51.14;212658.0
2017-08-29;51.22;51.29;50.93;51.01;133686.0
2017-08-30;50.98;51.48;50.73;51.42;276622.0
2017-08-31;51.51;52.25;51.51;52.23;526253.0
2017-09-01;52.26;52.64;51.93;52.32;371060.0
2017-09-05;52.49;52.68;51.77;52.05;423918.0
2017-09-06;52.21;52.65;51.9;52.0;283595.0
2017-09-07;52.12;52.26;51.56;52.04;468462.0
2017-09-08;51.95;52.08;51.68;51.8;323675.0
2017-09-11;51.96;52.56;51.82;52.32;297278.0
2017-09-12;52.29;52.75;51.57;51.82;308966.0
2017-09-13;51.88;52.07;51.66;51.78;375199.0
2017-09-14;51.82;52.37;51.61;52.35;324534.0
2017-09-15;52.26;52.47;51.64;52.02;739869.0
2017-09-18;52.05;52.2599;51.62;52.08;354517.0
2017-09-19;52.17;52.17;51.61;51.88;580843.0
2017-09-20;52.0;52.22;51.795;51.99;653242.0
2017-09-21;52.14;52.32;51.85;51.87;317295.0
2017-09-22;52.0;52.31;51.67;51.68;228866.0
2017-09-25;51.89;52.6;51.89;52.33;575955.0
2017-09-26;52.33;52.4173;52.06;52.09;357261.0
2017-09-27;51.93;52.2;51.46;51.9;590329.0
2017-09-28;51.87;52.13;51.62;51.99;443122.0
2017-09-29;51.98;52.43;51.89;52.09;430523.0
2017-10-02;52.21;52.85;52.21;52.3;689741.0
2017-10-03;52.48;52.765;52.31;52.67;509577.0
2017-10-04;52.8;52.88;52.48;52.82;672471.0
2017-10-05;52.89;53.34;52.73;52.82;534677.0
2017-10-06;52.62;52.83;52.23;52.75;438304.0
2017-10-09;52.75;53.14;52.75;52.8;317025.0
2017-10-10;52.98;53.24;52.56;52.7;344766.0
2017-10-11;52.76;53.23;52.68;52.82;583544.0
2017-10-12;52.91;52.96;52.635;52.7;387238.0
2017-10-13;52.93;52.93;52.47;52.55;651341.0
2017-10-16;52.65;52.98;52.38;52.59;473775.0
2017-10-17;52.41;53.0;52.41;52.88;340180.0
2017-10-18;52.82;53.09;52.73;52.78;343409.0
2017-10-19;52.65;52.72;52.21;52.32;368379.0
2017-10-20;52.34;52.34;51.75;51.96;477013.0
2017-10-23;52.08;52.28;51.66;51.92;419117.0
2017-10-24;51.86;52.05;51.1;51.28;517679.0
2017-10-25;51.87;52.035;51.0;51.59;586600.0
2017-10-26;51.65;51.66;50.97;51.25;396715.0
2017-10-27;51.19;51.48;50.92;51.3;445991.0
2017-10-30;51.25;51.355;50.86;50.98;367315.0
2017-10-31;51.16;51.16;50.39;51.05;765036.0
2017-11-01;51.06;51.5;50.77;51.01;474188.0
2017-11-02;51.0;51.54;50.95;51.0;391417.0
2017-11-03;50.71;51.31;50.71;51.18;425730.0
2017-11-06;51.31;51.73;51.04;51.39;546544.0
2017-11-07;51.37;52.09;51.32;51.41;370114.0
2017-11-09;51.68;52.005;51.48;51.68;366137.0
2017-11-10;51.39;51.99;51.39;51.74;292878.0
2017-11-13;51.56;51.74;51.29;51.7;312967.0
2017-11-14;51.59;51.97;51.51;51.81;364678.0
2017-11-15;51.79;51.85;51.22;51.25;447047.0
2017-11-16;51.32;52.01;51.11;51.9;452382.0
2017-11-17;51.69;51.91;51.02;51.46;572060.0
2017-11-20;51.38;51.56;51.0;51.14;474501.0
2017-11-21;51.24;52.0197;51.21;51.49;1098602.0
2017-11-22;51.34;51.45;51.0;51.21;402944.0
2017-11-24;51.34;51.54;51.17;51.17;102882.0
2017-11-27;51.27;51.36;50.97;50.98;665269.0
2017-11-28;51.07;51.07;50.21;50.62;1047170.0
2017-11-29;50.58;50.87;50.44;50.73;695148.0
2017-11-30;50.81;51.05;50.665;50.79;775432.0
2017-12-01;50.96;51.23;50.41;50.65;733310.0
2017-12-04;50.85;51.3;50.73;50.99;1100375.0
2017-12-05;51.01;51.25;50.46;50.5;618054.0
2017-12-06;50.58;50.74;50.11;50.69;381593.0
2017-12-07;50.62;51.26;50.535;51.09;374617.0
2017-12-08;51.02;51.67;51.01;51.49;388803.0
2017-12-11;51.49;51.72;51.255;51.55;570827.0
2017-12-12;51.67;51.92;51.39;51.7;514640.0
2017-12-13;51.75;51.93;51.405;51.65;407107.0
2017-12-14;51.56;52.02;51.5;51.64;528770.0
2017-12-15;51.8;51.95;51.55;51.75;1114050.0
2017-12-18;52.16;52.58;51.96;52.25;364542.0
2017-12-19;52.05;52.33;51.09;51.17;770287.0
2017-12-20;51.27;51.47;50.49;50.51;519862.0
2017-12-21;50.45;50.6;50.13;50.18;446624.0
2017-12-22;50.31;50.43;50.08;50.27;413830.0
2017-12-26;50.32;50.59;50.275;50.41;506341.0
2017-12-27;50.58;50.66;50.27;50.45;603294.0
2017-12-28;50.56;50.98;50.3;50.96;769322.0
2017-12-29;50.99;51.29;50.72;50.91;464978.0
2018-01-02;50.94;51.15;50.52;50.78;584701.0
2018-01-03;50.82;51.04;50.36;50.38;388479.0
2018-01-04;50.43;50.46;49.2;49.23;510388.0
2018-01-05;49.4;49.555;49.18;49.42;708169.0
2018-01-08;49.37;49.5;49.12;49.12;648330.0
2018-01-09;49.17;49.4;48.61;48.61;795985.0
2018-01-10;48.51;48.53;47.93;48.08;612626.0
2018-01-11;48.22;48.51;47.98;48.07;501237.0
2018-01-12;47.98;48.08;47.625;47.66;315824.0
2018-01-16;47.73;48.27;47.73;47.8;582433.0
2018-01-17;47.97;48.17;47.65;48.04;952172.0
2018-01-18;47.89;48.2;47.39;47.49;627094.0
2018-01-19;47.63;47.9;47.42;47.84;709306.0
2018-01-22;47.82;48.31;47.69;48.16;591288.0
2018-01-23;48.25;48.63;48.05;48.54;602612.0
2018-01-24;48.52;48.58;48.1;48.38;733310.0
2018-01-25;48.36;48.515;48.053;48.35;799702.0
2018-01-26;48.46;48.53;47.88;48.0;547068.0
2018-01-29;47.95;47.97;47.38;47.39;736944.0
2018-01-30;47.41;47.72;47.2;47.2;1059382.0
2018-01-31;47.36;47.9;47.03;47.88;1590921.0
2018-02-01;47.87;48.24;46.925;47.0;629474.0
2018-02-02;46.66;47.215;45.9;47.12;747570.0
2018-02-05;46.85;47.17;45.3;45.34;859674.0
2018-02-06;44.75;45.45;44.04;44.85;1093343.0
2018-02-07;45.7;45.7;44.05;44.4;1012976.0
2018-02-08;44.27;44.5189;42.76;42.81;1025576.0
2018-02-09;43.07;44.0;42.465;43.7;994478.0
2018-02-12;43.87;44.02;41.83;43.09;1080996.0
2018-02-13;43.05;43.25;42.52;43.09;996932.0
2018-02-14;42.77;42.97;42.39;42.81;795844.0
2018-02-15;42.84;43.51;42.84;43.33;987402.0
2018-02-16;42.95;43.88;42.9;43.68;779481.0
2018-02-20;43.44;43.88;43.29;43.51;1173639.0
2018-02-21;43.52;43.79;42.91;42.92;769135.0
2018-02-22;43.1;43.75;42.92;43.58;656952.0
2018-02-23;43.78;44.2;43.52;44.17;478374.0
2018-02-26;44.3;44.3;43.67;43.97;408814.0
2018-02-27;43.95;44.21;42.9;43.01;705638.0
2018-02-28;43.21;43.58;42.96;43.01;997558.0
2018-03-01;42.85;43.69;42.77;42.98;681083.0
2018-03-02;42.83;43.04;42.37;43.0;652471.0
2018-03-05;42.76;43.52;42.76;43.27;672381.0
2018-03-06;43.23;43.7;42.88;43.54;569860.0
2018-03-07;43.43;44.01;43.34;44.01;683996.0
2018-03-08;44.16;44.16;43.63;44.02;414558.0
2018-03-09;44.46;44.51;43.91;44.5;564178.0
2018-03-12;44.5;44.53;44.09;44.45;647926.0
2018-03-13;44.25;44.35;43.31;43.72;982500.0
2018-03-14;43.73;43.99;43.53;43.75;364729.0
2018-03-15;43.78;43.99;43.255;43.65;451369.0
2018-03-16;43.73;44.05;43.51;43.99;734244.0
2018-03-19;43.95;43.95;43.3299;43.66;358954.0
2018-03-20;43.65;44.085;43.19;43.35;478382.0
2018-03-21;43.27;43.43;42.7;42.88;915356.0
2018-03-22;42.73;43.33;42.48;42.5;662471.0
2018-03-23;42.45;42.63;41.34;41.5;662744.0
2018-03-26;41.83;42.04;41.51;41.95;527433.0
2018-03-27;41.93;42.72;41.56;42.1;505288.0
