date;open;high;low;close;volume
1995-12-19;9.12;9.5;9.0;9.12;391400.0
1995-12-20;9.5;9.62;9.12;9.25;45900.0
1995-12-21;9.25;9.62;9.25;9.62;50300.0
1995-12-22;9.62;9.62;9.25;9.5;35500.0
1995-12-26;9.62;9.88;9.5;9.62;50000.0
1995-12-27;9.75;9.88;9.5;9.5;46300.0
1995-12-28;9.62;9.75;9.5;9.62;10600.0
1995-12-29;9.62;10.0;9.62;10.0;16600.0
1996-01-02;10.0;10.12;9.88;10.12;15900.0
1996-01-03;10.12;10.12;9.62;9.88;54800.0
1996-01-04;10.0;10.0;9.81;10.0;9300.0
1996-01-05;9.88;10.0;9.88;9.88;3500.0
1996-01-08;9.75;9.75;9.75;9.75;300.0
1996-01-09;9.88;10.0;9.5;9.5;52700.0
1996-01-10;9.62;9.75;9.62;9.75;3000.0
1996-01-11;9.75;9.75;9.75;9.75;0.0
1996-01-12;9.75;9.75;9.12;9.25;34200.0
1996-01-15;9.25;9.25;9.25;9.25;0.0
1996-01-16;9.12;9.38;9.0;9.25;41000.0
1996-01-17;9.0;9.25;9.0;9.25;11600.0
1996-01-18;9.0;9.12;9.0;9.12;8600.0
1996-01-19;9.0;9.25;9.0;9.25;27000.0
1996-01-22;9.38;9.5;9.25;9.25;18600.0
1996-01-23;9.5;9.5;9.38;9.38;11600.0
1996-01-24;9.5;10.0;9.38;9.88;152100.0
1996-01-25;10.0;10.25;10.0;10.25;15800.0
1996-01-26;10.25;10.25;10.0;10.0;17700.0
1996-01-29;9.88;10.25;9.88;10.0;9500.0
1996-01-30;9.88;9.88;9.88;9.88;500.0
1996-01-31;9.88;10.0;9.88;9.88;79200.0
1996-02-01;9.88;10.12;9.88;10.0;5400.0
1996-02-02;10.25;10.25;10.0;10.0;5500.0
1996-02-05;10.0;10.0;10.0;10.0;0.0
1996-02-06;9.88;9.88;9.88;9.88;6900.0
1996-02-07;10.12;10.62;9.88;10.5;41100.0
1996-02-08;10.75;11.25;10.62;11.12;46400.0
1996-02-09;11.38;11.75;11.25;11.75;78100.0
1996-02-12;11.75;11.75;11.25;11.25;10000.0
1996-02-13;11.5;11.5;11.25;11.38;5700.0
1996-02-14;11.5;11.5;10.88;10.88;7000.0
1996-02-15;10.88;11.12;10.75;11.0;4500.0
1996-02-16;10.75;10.88;10.5;10.62;11100.0
1996-02-20;10.75;10.88;10.62;10.62;18400.0
1996-02-21;10.62;10.62;10.62;10.62;0.0
1996-02-22;10.62;10.75;10.62;10.62;11500.0
1996-02-23;10.62;10.62;10.5;10.62;4500.0
1996-02-26;10.62;10.62;10.62;10.62;2000.0
1996-02-27;10.5;10.75;10.5;10.75;10000.0
1996-02-28;10.75;11.25;10.75;11.25;20100.0
1996-02-29;11.38;11.38;11.0;11.38;21100.0
1996-03-01;11.38;11.62;11.12;11.62;13100.0
1996-03-04;11.62;11.62;11.62;11.62;0.0
1996-03-05;11.12;11.12;11.12;11.12;200.0
1996-03-06;11.5;12.25;11.5;12.25;55900.0
1996-03-07;12.38;12.38;12.25;12.25;1100.0
1996-03-08;12.0;12.12;11.88;11.88;25200.0
1996-03-11;12.0;12.38;12.0;12.38;900.0
1996-03-12;11.88;12.38;11.88;12.38;500.0
1996-03-13;12.38;12.38;12.38;12.38;0.0
1996-03-14;12.38;12.62;12.25;12.5;8900.0
1996-03-15;12.38;12.38;11.88;12.0;49800.0
1996-03-18;12.0;12.0;11.5;11.5;10000.0
1996-03-19;11.62;11.62;11.12;11.12;2500.0
1996-03-20;11.12;11.62;11.12;11.5;18000.0
1996-03-21;11.62;11.62;11.62;11.62;100.0
1996-03-22;11.25;11.25;11.25;11.25;1000.0
1996-03-25;11.25;11.25;11.12;11.12;6500.0
1996-03-26;11.12;11.38;11.0;11.0;32500.0
1996-03-27;11.0;11.0;11.0;11.0;0.0
1996-03-28;11.19;11.38;11.19;11.38;16600.0
1996-03-29;11.12;11.12;11.12;11.12;2500.0
1996-04-01;11.12;11.12;11.12;11.12;300.0
1996-04-02;11.12;11.12;11.12;11.12;0.0
1996-04-03;11.12;11.75;11.12;11.75;8300.0
1996-04-04;11.75;11.75;11.75;11.75;0.0
1996-04-08;11.75;11.75;11.75;11.75;1200.0
1996-04-09;12.0;12.0;11.75;11.75;5300.0
1996-04-10;12.0;12.0;11.88;12.0;4000.0
1996-04-11;11.75;11.75;11.75;11.75;5000.0
1996-04-12;12.0;12.0;11.75;11.75;700.0
1996-04-15;11.75;11.75;11.75;11.75;0.0
1996-04-16;11.88;12.0;11.5;11.5;6900.0
1996-04-17;11.38;11.38;11.12;11.38;9000.0
1996-04-18;11.38;11.38;11.38;11.38;0.0
1996-04-19;11.12;11.12;11.12;11.12;100.0
1996-04-22;11.12;11.12;10.62;10.75;15000.0
1996-04-23;10.88;11.0;10.88;11.0;10000.0
1996-04-24;11.0;11.0;10.75;11.0;8100.0
1996-04-25;11.0;11.0;11.0;11.0;0.0
1996-04-26;10.75;10.88;10.75;10.88;3800.0
1996-04-29;10.88;10.88;10.88;10.88;0.0
1996-04-30;10.88;10.88;10.88;10.88;1000.0
1996-05-01;10.62;10.88;10.62;10.75;39100.0
1996-05-02;10.75;10.75;10.75;10.75;3500.0
1996-05-03;10.88;11.12;10.88;11.12;3500.0
1996-05-06;10.75;10.75;10.75;10.75;500.0
1996-05-07;10.75;10.75;10.62;10.62;7000.0
1996-05-08;10.88;10.88;10.5;10.5;9300.0
1996-05-09;10.75;10.75;10.12;10.12;9400.0
1996-05-10;10.62;10.62;10.0;10.06;11100.0
1996-05-13;9.88;10.38;9.62;9.88;14700.0
1996-05-14;9.88;9.88;9.62;9.88;13600.0
1996-05-15;9.88;9.88;9.62;9.75;16300.0
1996-05-16;10.0;10.0;9.62;9.88;7900.0
1996-05-17;9.88;9.88;9.0;9.0;17500.0
1996-05-20;9.12;9.12;9.12;9.12;1000.0
1996-05-21;9.25;9.38;9.25;9.38;99400.0
1996-05-22;9.5;9.88;9.12;9.88;9100.0
1996-05-23;10.12;10.5;9.75;9.75;36100.0
1996-05-24;10.0;10.25;10.0;10.25;13700.0
1996-05-28;10.12;10.12;10.0;10.0;12000.0
1996-05-29;10.0;10.25;10.0;10.25;38200.0
1996-05-30;10.0;10.0;10.0;10.0;1000.0
1996-05-31;10.12;10.25;10.12;10.25;13700.0
1996-06-03;10.12;10.12;10.12;10.12;1300.0
1996-06-04;10.12;10.38;10.12;10.38;2200.0
1996-06-05;10.38;10.38;10.38;10.38;0.0
1996-06-06;10.5;10.5;10.5;10.5;300.0
1996-06-07;10.12;10.12;10.12;10.12;1800.0
1996-06-10;10.12;10.12;10.12;10.12;700.0
1996-06-11;10.25;10.25;10.12;10.12;800.0
1996-06-12;10.25;10.5;10.25;10.25;18500.0
1996-06-13;10.25;10.38;10.19;10.25;33900.0
1996-06-14;10.5;10.5;10.5;10.5;3100.0
1996-06-17;10.62;10.62;10.62;10.62;500.0
1996-06-18;10.75;10.81;10.62;10.81;14600.0
1996-06-19;11.0;11.0;10.75;11.0;600.0
1996-06-20;10.62;10.75;10.62;10.75;19300.0
1996-06-21;10.62;10.88;10.62;10.88;12100.0
1996-06-24;10.88;10.88;10.88;10.88;0.0
1996-06-25;10.88;10.88;10.88;10.88;0.0
1996-06-26;10.62;10.88;10.62;10.88;6900.0
1996-06-27;10.5;10.5;10.38;10.38;4000.0
1996-06-28;10.12;10.5;10.12;10.38;1300.0
1996-07-01;10.38;10.38;10.38;10.38;0.0
1996-07-02;10.12;10.12;10.12;10.12;3000.0
1996-07-03;9.75;10.0;9.75;9.75;9000.0
1996-07-05;10.0;10.0;10.0;10.0;500.0
1996-07-08;9.88;9.88;9.5;9.62;7300.0
1996-07-09;9.25;9.25;9.12;9.25;7000.0
1996-07-10;9.0;9.0;8.75;8.75;14600.0
1996-07-11;8.75;8.75;8.5;8.5;3000.0
1996-07-12;8.5;8.5;8.5;8.5;200.0
1996-07-15;8.25;8.25;8.0;8.0;6000.0
1996-07-16;8.25;8.25;7.75;8.25;1100.0
1996-07-17;8.25;8.25;7.75;8.25;6500.0
1996-07-18;8.25;8.25;8.25;8.25;600.0
1996-07-19;8.0;8.0;7.88;7.88;3000.0
1996-07-22;8.25;8.25;7.88;8.0;3900.0
1996-07-23;7.88;7.88;7.88;7.88;1000.0
1996-07-24;7.5;7.5;7.25;7.25;1800.0
1996-07-25;7.25;7.25;7.25;7.25;0.0
1996-07-26;7.5;7.5;7.5;7.5;3000.0
1996-07-29;7.38;7.62;7.38;7.5;4000.0
1996-07-30;7.62;7.62;7.5;7.5;11000.0
1996-07-31;7.5;7.5;7.5;7.5;0.0
1996-08-01;7.5;7.5;7.5;7.5;0.0
1996-08-02;8.12;8.12;8.12;8.12;2000.0
1996-08-05;7.88;7.88;7.88;7.88;200.0
1996-08-06;8.12;8.12;8.12;8.12;100.0
1996-08-07;7.88;8.25;7.88;8.25;1600.0
1996-08-08;7.88;7.88;7.88;7.88;5000.0
1996-08-09;8.25;8.25;8.0;8.0;2000.0
1996-08-12;8.0;8.0;8.0;8.0;0.0
1996-08-13;8.0;8.0;8.0;8.0;0.0
1996-08-14;7.88;8.0;7.88;8.0;8500.0
1996-08-15;7.88;7.88;7.88;7.88;15000.0
1996-08-16;7.88;7.88;7.88;7.88;167000.0
1996-08-19;7.88;7.88;7.88;7.88;0.0
1996-08-20;8.0;8.38;8.0;8.38;3700.0
1996-08-21;8.38;8.75;8.38;8.75;7700.0
1996-08-22;8.88;8.88;8.88;8.88;1000.0
1996-08-23;9.0;9.06;9.0;9.06;6900.0
1996-08-26;9.12;9.12;9.12;9.12;1500.0
1996-08-27;9.12;9.12;9.12;9.12;500.0
1996-08-28;9.12;9.12;9.12;9.12;0.0
1996-08-29;8.75;8.75;8.75;8.75;6300.0
1996-08-30;8.75;8.75;8.75;8.75;0.0
1996-09-03;8.75;8.75;8.75;8.75;400.0
1996-09-04;8.75;8.75;8.75;8.75;0.0
1996-09-05;8.5;8.5;8.12;8.12;3500.0
1996-09-06;8.12;8.12;8.12;8.12;4000.0
1996-09-09;8.12;8.12;8.12;8.12;0.0
1996-09-10;8.12;8.12;8.12;8.12;0.0
1996-09-11;8.0;8.12;8.0;8.0;10700.0
1996-09-12;8.12;8.5;8.0;8.5;66400.0
1996-09-13;8.5;8.5;8.38;8.5;25000.0
1996-09-16;8.62;8.75;8.5;8.75;11800.0
1996-09-17;8.62;8.75;8.5;8.5;14000.0
1996-09-18;8.5;8.5;8.5;8.5;0.0
1996-09-19;9.0;9.0;9.0;9.0;100.0
1996-09-20;9.0;9.0;8.88;8.88;2500.0
1996-09-23;8.88;8.88;8.88;8.88;0.0
1996-09-24;9.0;9.0;9.0;9.0;500.0
1996-09-25;9.0;9.0;9.0;9.0;0.0
1996-09-26;9.0;9.25;9.0;9.0;16000.0
1996-09-27;9.0;9.12;9.0;9.0;40000.0
1996-09-30;9.12;9.25;9.0;9.25;43000.0
1996-10-01;9.12;9.5;9.12;9.5;3600.0
1996-10-02;9.5;9.5;9.5;9.5;0.0
1996-10-03;9.25;9.25;9.25;9.25;2500.0
1996-10-04;9.0;9.0;9.0;9.0;100.0
1996-10-07;9.38;9.38;9.38;9.38;100.0
1996-10-08;9.38;9.38;9.38;9.38;1000.0
1996-10-09;9.25;9.25;9.25;9.25;1300.0
1996-10-10;9.25;9.25;9.25;9.25;0.0
1996-10-11;9.25;9.25;9.25;9.25;0.0
1996-10-14;9.12;9.12;9.0;9.0;3000.0
1996-10-15;9.38;9.38;9.06;9.06;2300.0
1996-10-16;9.06;9.06;9.06;9.06;0.0
1996-10-17;9.0;9.0;9.0;9.0;100.0
1996-10-18;9.25;9.25;9.25;9.25;6000.0
1996-10-21;9.0;9.0;9.0;9.0;300.0
1996-10-22;9.0;9.0;8.75;8.75;9900.0
1996-10-23;8.75;8.75;8.75;8.75;0.0
1996-10-24;8.75;8.75;8.75;8.75;0.0
1996-10-25;8.75;8.75;8.75;8.75;0.0
1996-10-28;8.75;8.75;8.75;8.75;0.0
1996-10-29;8.62;8.62;8.62;8.62;2000.0
1996-10-30;8.62;8.62;8.62;8.62;0.0
1996-10-31;8.62;8.88;8.62;8.88;4700.0
1996-11-01;8.5;8.5;8.5;8.5;15000.0
1996-11-04;8.62;8.88;8.62;8.88;22000.0
1996-11-05;8.88;8.88;8.88;8.88;0.0
1996-11-06;8.62;8.88;8.62;8.88;34000.0
1996-11-07;9.0;9.0;9.0;9.0;1000.0
1996-11-08;8.75;8.88;8.75;8.88;2000.0
1996-11-11;8.88;8.88;8.88;8.88;0.0
1996-11-12;8.75;8.88;8.62;8.88;7900.0
1996-11-13;8.88;8.88;8.88;8.88;0.0
1996-11-14;8.75;8.75;8.75;8.75;2100.0
1996-11-15;8.75;8.75;8.75;8.75;0.0
1996-11-18;8.75;8.75;8.62;8.62;5000.0
1996-11-19;8.25;8.25;8.25;8.25;1000.0
1996-11-20;8.25;8.25;8.25;8.25;0.0
1996-11-21;8.25;8.25;8.25;8.25;2000.0
1996-11-22;8.5;8.5;8.25;8.38;3900.0
1996-11-25;8.5;8.5;8.5;8.5;2800.0
1996-11-26;8.5;8.5;8.5;8.5;0.0
1996-11-27;8.5;8.5;8.5;8.5;0.0
1996-11-29;8.5;8.5;8.5;8.5;0.0
1996-12-02;8.5;8.5;8.5;8.5;0.0
1996-12-03;8.5;8.5;8.5;8.5;0.0
1996-12-04;8.75;8.88;8.75;8.88;700.0
1996-12-05;8.75;8.75;8.75;8.75;1500.0
1996-12-06;8.5;8.5;8.12;8.12;4300.0
1996-12-09;8.12;8.12;8.12;8.12;0.0
1996-12-10;8.12;8.38;7.88;7.94;8500.0
1996-12-11;7.88;7.88;7.62;7.62;7000.0
1996-12-12;7.5;7.5;7.25;7.25;8900.0
1996-12-13;7.25;7.25;7.25;7.25;200.0
1996-12-16;7.5;7.5;7.38;7.38;7000.0
1996-12-17;7.38;7.38;7.38;7.38;0.0
1996-12-18;7.5;7.75;7.25;7.75;18000.0
1996-12-19;7.88;7.88;7.5;7.88;3100.0
1996-12-20;7.62;7.75;7.62;7.75;2000.0
1996-12-23;7.62;7.62;7.38;7.62;7700.0
1996-12-24;7.62;7.62;7.62;7.62;0.0
1996-12-26;7.25;7.5;7.0;7.0;6500.0
1996-12-27;7.0;7.0;7.0;7.0;0.0
1996-12-30;6.88;7.38;6.88;6.88;7600.0
1996-12-31;6.5;6.75;6.5;6.75;6700.0
1997-01-02;6.88;6.88;6.88;6.88;1000.0
1997-01-03;7.25;7.25;7.25;7.25;200.0
1997-01-06;7.25;7.75;7.25;7.75;2700.0
1997-01-07;7.75;7.75;7.75;7.75;2500.0
1997-01-08;8.0;8.5;8.0;8.5;2000.0
1997-01-09;8.5;8.88;8.25;8.88;19800.0
1997-01-10;8.88;9.25;8.75;9.0;71900.0
1997-01-13;9.25;9.62;9.0;9.44;87600.0
1997-01-14;9.25;9.62;9.25;9.62;1900.0
1997-01-15;9.38;9.38;9.25;9.25;19800.0
1997-01-16;9.12;9.12;9.12;9.12;10000.0
1997-01-17;9.25;9.25;9.25;9.25;1000.0
1997-01-20;9.25;9.25;9.12;9.12;6800.0
1997-01-21;9.0;9.0;8.62;8.62;1400.0
1997-01-22;8.62;8.62;8.62;8.62;0.0
1997-01-23;8.62;8.62;8.62;8.62;0.0
1997-01-24;8.62;8.62;8.12;8.25;3000.0
1997-01-27;8.25;8.25;8.25;8.25;1500.0
1997-01-28;8.25;8.25;8.25;8.25;0.0
1997-01-29;8.12;8.12;8.0;8.0;600.0
1997-01-30;7.75;7.75;7.75;7.75;100.0
1997-01-31;7.75;7.75;7.75;7.75;0.0
1997-02-03;8.0;8.0;7.88;7.88;10700.0
1997-02-04;7.88;7.88;7.88;7.88;0.0
1997-02-05;8.25;8.25;8.25;8.25;1000.0
1997-02-06;7.88;8.25;7.88;8.25;41000.0
1997-02-07;8.38;8.38;8.38;8.38;4000.0
1997-02-10;8.25;8.5;8.25;8.5;1100.0
1997-02-11;8.38;8.38;8.38;8.38;2000.0
1997-02-12;8.25;8.25;7.75;8.0;4800.0
1997-02-13;7.75;7.75;7.75;7.75;1000.0
1997-02-14;7.75;7.75;7.75;7.75;0.0
1997-02-18;7.5;7.5;7.5;7.5;2500.0
1997-02-19;7.5;7.62;7.5;7.62;800.0
1997-02-20;7.88;7.88;7.5;7.62;34500.0
1997-02-21;8.0;8.0;8.0;8.0;10000.0
1997-02-24;8.0;8.0;8.0;8.0;500.0
1997-02-25;8.0;8.0;8.0;8.0;0.0
1997-02-26;8.0;8.0;8.0;8.0;0.0
1997-02-27;8.0;8.0;8.0;8.0;0.0
1997-02-28;8.0;8.0;8.0;8.0;0.0
1997-03-03;8.5;8.5;8.5;8.5;200.0
1997-03-04;8.5;8.5;8.5;8.5;1900.0
1997-03-05;8.5;8.5;8.5;8.5;0.0
1997-03-06;8.5;8.5;8.5;8.5;0.0
1997-03-07;8.5;8.5;8.25;8.25;400.0
1997-03-10;8.25;8.25;8.25;8.25;0.0
1997-03-11;8.25;8.25;8.25;8.25;3000.0
1997-03-12;8.5;8.5;8.5;8.5;500.0
1997-03-13;8.5;8.5;8.5;8.5;600.0
1997-03-14;8.5;8.5;8.5;8.5;0.0
1997-03-17;8.38;8.38;8.0;8.0;3000.0
1997-03-18;8.0;8.38;8.0;8.38;7100.0
1997-03-19;8.38;8.38;8.38;8.38;2000.0
1997-03-20;8.38;8.38;8.38;8.38;0.0
1997-03-21;8.38;8.38;8.38;8.38;3500.0
1997-03-24;8.25;8.5;8.25;8.38;1700.0
1997-03-25;8.5;8.5;8.25;8.25;50000.0
1997-03-26;8.25;8.25;8.25;8.25;0.0
1997-03-27;8.25;8.25;8.25;8.25;2500.0
1997-03-31;8.25;8.25;8.25;8.25;0.0
1997-04-01;8.25;8.25;8.25;8.25;300.0
1997-04-02;8.25;8.25;8.25;8.25;0.0
1997-04-03;8.38;8.38;8.25;8.25;5000.0
1997-04-04;8.38;8.38;8.38;8.38;4500.0
1997-04-07;8.12;8.25;8.0;8.0;7200.0
1997-04-08;8.0;8.0;8.0;8.0;0.0
1997-04-09;8.0;8.0;8.0;8.0;600.0
1997-04-10;8.38;8.38;8.0;8.0;800.0
1997-04-11;8.0;8.0;7.88;7.88;3700.0
1997-04-14;7.38;7.38;7.38;7.38;1000.0
1997-04-15;7.38;7.38;7.38;7.38;0.0
1997-04-16;7.38;7.38;7.38;7.38;0.0
1997-04-17;7.38;7.38;7.38;7.38;0.0
1997-04-18;7.12;7.38;7.12;7.38;600.0
1997-04-21;7.38;7.38;7.38;7.38;0.0
1997-04-22;7.38;7.38;7.38;7.38;0.0
1997-04-23;7.12;7.12;7.12;7.12;500.0
1997-04-24;7.12;7.12;7.12;7.12;0.0
1997-04-25;7.12;7.12;7.12;7.12;0.0
1997-04-28;7.12;7.12;7.12;7.12;0.0
1997-04-29;7.12;7.12;7.12;7.12;0.0
1997-04-30;7.12;7.12;7.12;7.12;200.0
1997-05-01;7.12;7.12;7.12;7.12;0.0
1997-05-02;7.12;7.12;7.12;7.12;0.0
1997-05-05;7.12;7.12;7.12;7.12;0.0
1997-05-06;7.12;7.12;7.12;7.12;2000.0
1997-05-07;6.62;6.62;6.62;6.62;2500.0
1997-05-08;6.62;6.75;6.25;6.75;16400.0
1997-05-09;6.75;6.75;6.62;6.62;8000.0
1997-05-12;6.62;6.62;6.62;6.62;0.0
1997-05-13;6.62;6.62;6.62;6.62;0.0
1997-05-14;6.75;6.75;6.75;6.75;200.0
1997-05-15;6.5;6.5;6.5;6.5;400.0
1997-05-16;6.25;6.5;4.75;6.5;251800.0
1997-05-19;6.25;6.25;5.5;5.5;12200.0
1997-05-20;5.25;5.25;4.25;5.0;16500.0
1997-05-21;5.25;6.0;5.25;6.0;24100.0
1997-05-22;6.0;6.0;6.0;6.0;2000.0
1997-05-23;6.0;6.0;6.0;6.0;0.0
1997-05-27;6.0;6.0;6.0;6.0;0.0
1997-05-28;6.0;6.25;6.0;6.25;7000.0
1997-05-29;6.25;6.25;5.75;5.88;28800.0
1997-05-30;5.75;5.75;5.75;5.75;1500.0
1997-06-02;5.75;5.75;5.75;5.75;500.0
1997-06-03;5.75;5.75;5.75;5.75;0.0
1997-06-04;5.75;5.75;5.75;5.75;0.0
1997-06-05;5.75;5.75;5.75;5.75;1000.0
1997-06-06;6.0;6.0;6.0;6.0;200.0
1997-06-09;6.0;6.0;6.0;6.0;0.0
1997-06-10;6.0;6.0;5.75;5.75;10100.0
1997-06-11;5.75;5.75;5.75;5.75;0.0
1997-06-12;6.12;6.12;6.12;6.12;300.0
1997-06-13;6.12;6.12;6.12;6.12;0.0
1997-06-16;5.75;5.75;5.75;5.75;1700.0
1997-06-17;5.75;5.75;5.75;5.75;0.0
1997-06-18;5.5;5.5;5.5;5.5;5000.0
1997-06-19;5.5;5.5;5.5;5.5;0.0
1997-06-20;5.75;5.75;5.38;5.38;2500.0
1997-06-23;5.12;5.38;5.12;5.38;4500.0
1997-06-24;5.0;5.0;4.75;5.0;3000.0
1997-06-25;4.5;4.5;4.5;4.5;100.0
1997-06-26;4.5;4.5;4.0;4.0;23700.0
1997-06-27;4.12;4.12;4.0;4.12;37100.0
1997-06-30;4.0;4.12;4.0;4.0;10500.0
1997-07-01;3.75;3.75;3.75;3.75;8000.0
1997-07-02;3.88;4.12;3.75;4.12;25500.0
1997-07-03;4.5;5.25;4.5;5.25;41500.0
1997-07-07;5.25;5.62;5.25;5.5;19600.0
1997-07-08;5.62;5.75;5.38;5.75;4800.0
1997-07-09;5.75;6.0;5.75;6.0;30500.0
1997-07-10;6.0;6.0;5.75;5.75;20900.0
1997-07-11;6.0;6.0;5.75;5.75;5300.0
1997-07-14;6.0;7.12;6.0;6.88;61700.0
1997-07-15;7.25;7.38;7.0;7.38;51800.0
1997-07-16;7.38;7.5;7.25;7.25;44900.0
1997-07-17;7.38;7.38;6.5;6.5;14800.0
1997-07-18;6.5;6.5;6.38;6.38;11300.0
1997-07-21;6.5;6.5;5.88;5.88;9600.0
1997-07-22;5.88;5.88;5.75;5.88;1000.0
1997-07-23;6.0;6.0;6.0;6.0;1000.0
1997-07-24;6.0;6.0;6.0;6.0;0.0
1997-07-25;5.62;5.62;5.62;5.62;300.0
1997-07-28;6.0;6.0;5.38;5.5;5300.0
1997-07-29;5.25;5.75;5.25;5.25;1700.0
1997-07-30;5.75;5.88;5.75;5.75;7000.0
1997-07-31;5.88;5.88;5.88;5.88;200.0
1997-08-01;5.62;5.62;5.62;5.62;900.0
1997-08-04;5.75;5.75;5.75;5.75;600.0
1997-08-05;5.75;5.75;5.75;5.75;2000.0
1997-08-06;6.0;6.25;6.0;6.0;11900.0
1997-08-07;5.5;6.0;5.5;6.0;1800.0
1997-08-08;6.0;6.0;5.75;6.0;3000.0
1997-08-11;5.75;5.75;5.5;5.5;3700.0
1997-08-12;5.5;5.5;5.5;5.5;1500.0
1997-08-13;5.5;5.5;5.5;5.5;0.0
1997-08-14;5.38;5.38;5.38;5.38;500.0
1997-08-15;5.5;5.75;5.5;5.75;8000.0
1997-08-18;6.0;6.75;6.0;6.75;73600.0
1997-08-19;6.75;6.75;5.5;6.12;24400.0
1997-08-20;5.88;5.88;5.88;5.88;300.0
1997-08-21;5.88;5.88;5.88;5.88;1100.0
1997-08-22;6.12;6.12;5.5;5.5;6000.0
1997-08-25;6.25;6.25;6.0;6.0;6800.0
1997-08-26;6.0;6.12;6.0;6.12;19300.0
1997-08-27;6.0;6.12;5.5;6.12;32000.0
1997-08-28;5.62;5.75;5.5;5.5;15300.0
1997-08-29;5.88;6.0;5.88;6.0;2800.0
1997-09-02;5.75;6.0;5.75;5.75;13800.0
1997-09-03;5.5;5.5;5.5;5.5;1000.0
1997-09-04;5.5;5.5;5.5;5.5;1000.0
1997-09-05;5.5;5.5;5.5;5.5;0.0
1997-09-08;5.5;5.62;5.5;5.5;15000.0
1997-09-09;5.62;5.62;5.62;5.62;1000.0
1997-09-10;5.62;5.62;5.62;5.62;0.0
1997-09-11;5.62;5.62;5.62;5.62;0.0
1997-09-12;5.62;5.62;5.62;5.62;0.0
1997-09-15;5.62;5.62;5.62;5.62;0.0
1997-09-16;5.38;5.5;5.38;5.38;16000.0
1997-09-17;5.38;5.38;5.38;5.38;0.0
1997-09-18;5.25;5.25;5.25;5.25;1200.0
1997-09-19;5.62;5.62;5.25;5.25;9700.0
1997-09-22;5.5;5.5;5.12;5.12;5400.0
1997-09-23;5.12;5.38;5.0;5.38;7500.0
1997-09-24;5.5;5.5;5.25;5.25;2000.0
1997-09-25;5.62;5.62;5.62;5.62;100.0
1997-09-26;5.62;5.75;5.62;5.75;3500.0
1997-09-29;5.75;5.75;5.75;5.75;0.0
1997-09-30;5.88;5.88;5.88;5.88;2000.0
1997-10-01;5.88;5.88;5.88;5.88;0.0
1997-10-02;5.88;5.88;5.88;5.88;0.0
1997-10-03;5.88;5.88;5.88;5.88;0.0
1997-10-06;5.88;5.88;5.88;5.88;0.0
1997-10-07;5.5;5.5;5.5;5.5;3000.0
1997-10-08;5.25;5.25;5.25;5.25;500.0
1997-10-09;5.12;5.12;5.0;5.12;10100.0
1997-10-10;5.0;5.0;5.0;5.0;500.0
1997-10-13;5.0;5.0;5.0;5.0;0.0
1997-10-14;5.0;5.38;5.0;5.38;33200.0
1997-10-15;5.38;5.38;5.38;5.38;0.0
1997-10-16;5.25;5.25;5.12;5.12;6500.0
1997-10-17;5.12;5.12;5.12;5.12;0.0
1997-10-20;5.12;5.12;5.12;5.12;900.0
1997-10-21;5.12;5.12;5.12;5.12;3100.0
1997-10-22;5.12;5.12;5.12;5.12;0.0
1997-10-23;5.0;5.0;4.75;4.88;11500.0
1997-10-24;4.75;4.75;4.5;4.5;5000.0
1997-10-27;4.38;4.38;4.25;4.38;5000.0
1997-10-28;4.25;4.38;4.0;4.38;7800.0
1997-10-29;4.5;4.5;4.25;4.38;14700.0
1997-10-30;4.38;4.38;4.38;4.38;600.0
1997-10-31;4.25;4.25;4.25;4.25;10500.0
1997-11-03;4.25;4.25;4.25;4.25;0.0
1997-11-04;4.25;4.25;4.0;4.0;6500.0
1997-11-05;4.0;4.0;4.0;4.0;2000.0
1997-11-06;4.0;4.0;3.75;3.75;13000.0
1997-11-07;3.25;3.5;3.0;3.0;12600.0
1997-11-10;3.0;3.0;3.0;3.0;5000.0
1997-11-11;3.5;4.0;3.5;3.62;10500.0
1997-11-12;3.5;3.88;3.5;3.75;5300.0
1997-11-13;3.88;3.88;3.25;3.62;18700.0
1997-11-14;3.62;3.62;3.56;3.56;59900.0
1997-11-17;3.62;3.62;3.38;3.38;6300.0
1997-11-18;3.5;3.62;3.5;3.62;4500.0
1997-11-19;3.38;3.62;3.38;3.62;900.0
1997-11-20;3.62;3.62;3.5;3.5;13200.0
1997-11-21;3.5;3.62;3.25;3.5;47100.0
1997-11-24;3.5;3.5;3.38;3.38;74300.0
1997-11-25;3.5;3.5;3.38;3.44;137900.0
1997-11-26;3.88;4.25;3.75;4.0;87900.0
1997-11-28;4.12;4.12;4.12;4.12;3200.0
1997-12-01;4.25;4.25;4.0;4.0;4600.0
1997-12-02;4.12;4.12;3.88;3.88;3300.0
1997-12-03;4.12;4.12;3.88;4.0;25300.0
1997-12-04;4.0;4.0;3.94;3.94;9800.0
1997-12-05;3.94;3.94;3.94;3.94;4500.0
1997-12-08;3.94;3.94;3.62;3.62;7500.0
1997-12-09;3.5;3.5;3.5;3.5;11000.0
1997-12-10;3.5;3.62;3.5;3.5;3100.0
1997-12-11;3.25;3.25;3.12;3.25;2500.0
1997-12-12;3.25;3.38;3.12;3.38;17500.0
1997-12-15;3.25;3.5;3.25;3.5;20200.0
1997-12-16;3.62;3.62;3.38;3.38;400.0
1997-12-17;3.44;3.5;3.38;3.38;24000.0
1997-12-18;3.25;3.25;3.25;3.25;500.0
1997-12-19;3.0;3.12;3.0;3.12;40000.0
1997-12-22;3.25;3.25;3.25;3.25;2000.0
1997-12-23;2.75;3.12;2.75;3.12;53000.0
1997-12-24;3.12;3.12;3.12;3.12;1100.0
1997-12-26;3.0;3.0;3.0;3.0;500.0
1997-12-29;3.0;3.12;3.0;3.0;29200.0
1997-12-30;3.0;3.12;3.0;3.0;18300.0
1997-12-31;3.06;3.5;3.0;3.44;156000.0
1998-01-02;3.69;3.75;3.62;3.62;7400.0
1998-01-05;3.69;3.69;3.69;3.69;1000.0
1998-01-06;3.75;3.75;3.5;3.62;12200.0
1998-01-07;3.62;3.62;3.38;3.38;2500.0
1998-01-08;3.5;3.62;3.5;3.62;1500.0
1998-01-09;3.38;3.38;3.12;3.12;4000.0
1998-01-12;3.0;3.0;2.75;2.88;34800.0
1998-01-13;2.88;3.25;2.88;3.25;9800.0
1998-01-14;3.25;3.25;3.25;3.25;0.0
1998-01-15;3.38;3.5;3.25;3.25;17800.0
1998-01-16;3.25;3.25;3.12;3.12;1000.0
1998-01-20;3.38;3.5;3.38;3.5;8400.0
1998-01-21;3.25;3.25;3.25;3.25;500.0
1998-01-22;3.5;3.5;3.44;3.44;2000.0
1998-01-23;3.5;3.5;3.44;3.44;6200.0
1998-01-26;3.5;3.75;3.44;3.75;29800.0
1998-01-27;4.0;4.0;3.75;3.75;2600.0
1998-01-28;3.75;3.75;3.75;3.75;0.0
1998-01-29;4.0;4.5;4.0;4.38;8900.0
1998-01-30;4.5;4.5;4.5;4.5;1000.0
1998-02-02;4.5;4.5;4.5;4.5;1400.0
1998-02-03;4.5;4.75;4.5;4.75;15700.0
1998-02-04;4.62;4.88;4.62;4.88;12000.0
1998-02-05;5.0;5.0;4.94;5.0;12000.0
1998-02-06;5.25;5.25;5.25;5.25;2100.0
1998-02-09;5.25;5.75;5.25;5.38;15800.0
1998-02-10;5.38;5.75;5.25;5.62;7900.0
1998-02-11;5.25;5.38;5.25;5.25;7700.0
1998-02-12;5.12;5.62;5.12;5.47;17700.0
1998-02-13;5.5;5.75;5.5;5.75;33000.0
1998-02-17;5.25;5.25;5.25;5.25;100.0
1998-02-18;5.25;5.25;5.25;5.25;0.0
1998-02-19;5.25;5.25;5.25;5.25;0.0
1998-02-20;5.0;5.12;5.0;5.12;5100.0
1998-02-23;5.25;5.25;5.0;5.0;600.0
1998-02-24;5.0;5.0;5.0;5.0;0.0
1998-02-25;5.0;5.12;5.0;5.12;9500.0
1998-02-26;5.25;5.25;5.25;5.25;500.0
1998-02-27;5.25;5.25;5.25;5.25;0.0
1998-03-02;5.0;5.0;5.0;5.0;400.0
1998-03-03;5.0;5.0;5.0;5.0;1000.0
1998-03-04;5.25;5.25;4.75;4.75;13700.0
1998-03-05;4.62;4.62;4.62;4.62;1000.0
1998-03-06;4.62;4.75;4.62;4.75;14100.0
1998-03-09;4.75;4.75;4.75;4.75;0.0
1998-03-10;4.75;4.75;4.75;4.75;0.0
1998-03-11;4.75;4.75;4.75;4.75;0.0
1998-03-12;4.62;5.0;4.62;5.0;10200.0
1998-03-13;4.75;4.88;4.75;4.88;18300.0
1998-03-16;5.12;5.12;5.0;5.0;19500.0
1998-03-17;5.0;5.0;5.0;5.0;0.0
1998-03-18;4.88;5.12;4.88;5.12;2700.0
1998-03-19;5.25;5.25;5.25;5.25;600.0
1998-03-20;5.25;5.25;5.25;5.25;0.0
1998-03-23;5.25;5.25;5.25;5.25;800.0
1998-03-24;5.0;5.12;5.0;5.12;85200.0
1998-03-25;4.88;5.0;4.88;5.0;2000.0
1998-03-26;4.88;5.0;4.88;5.0;68000.0
1998-03-27;5.0;5.0;5.0;5.0;0.0
1998-03-30;4.5;4.62;4.12;4.25;29800.0
1998-03-31;4.12;4.5;4.12;4.44;3400.0
1998-04-01;4.44;4.56;4.44;4.5;7500.0
1998-04-02;4.69;5.38;4.56;5.38;3700.0
1998-04-03;4.62;5.38;4.62;5.0;5100.0
1998-04-06;4.88;5.0;4.75;4.88;15200.0
1998-04-07;4.62;4.88;4.62;4.88;1700.0
1998-04-08;4.88;4.88;4.62;4.88;16200.0
1998-04-09;4.75;4.88;4.75;4.75;21700.0
1998-04-13;4.75;4.75;4.75;4.75;1000.0
1998-04-14;4.75;4.75;4.75;4.75;0.0
1998-04-15;4.88;4.88;4.88;4.88;2300.0
1998-04-16;5.0;5.25;5.0;5.25;16000.0
1998-04-17;5.38;5.38;5.0;5.12;3000.0
1998-04-20;5.38;5.38;5.0;5.12;8700.0
1998-04-21;5.12;5.12;5.0;5.0;2000.0
1998-04-22;4.88;5.0;4.88;5.0;5400.0
1998-04-23;4.88;4.88;4.88;4.88;2900.0
1998-04-24;4.88;4.88;4.75;4.75;1000.0
1998-04-27;4.75;4.75;4.75;4.75;800.0
1998-04-28;4.75;4.75;4.75;4.75;0.0
1998-04-29;4.88;5.0;4.62;4.62;2800.0
1998-04-30;4.62;4.62;4.62;4.62;2000.0
1998-05-01;4.62;4.62;4.62;4.62;0.0
1998-05-04;4.5;4.88;4.5;4.75;9800.0
1998-05-05;4.38;4.62;4.38;4.5;2600.0
1998-05-06;4.5;4.5;4.5;4.5;0.0
1998-05-07;4.62;4.62;4.56;4.56;9000.0
1998-05-08;4.25;4.5;4.12;4.12;2800.0
1998-05-11;4.12;4.12;4.12;4.12;0.0
1998-05-12;4.12;4.5;4.12;4.5;500.0
1998-05-13;4.12;4.12;4.12;4.12;600.0
1998-05-14;4.12;4.12;4.12;4.12;500.0
1998-05-15;4.38;4.38;4.0;4.0;1300.0
1998-05-18;4.0;4.0;4.0;4.0;800.0
1998-05-19;3.88;3.88;3.88;3.88;300.0
1998-05-20;3.88;3.88;3.88;3.88;1000.0
1998-05-21;4.12;4.12;4.12;4.12;1900.0
1998-05-22;3.88;3.88;3.5;3.75;5600.0
1998-05-26;4.25;4.5;4.12;4.25;60800.0
1998-05-27;4.38;4.38;4.19;4.38;1700.0
1998-05-28;4.38;4.38;4.38;4.38;2000.0
1998-05-29;4.38;4.38;4.38;4.38;0.0
1998-06-01;4.25;4.38;4.25;4.38;1600.0
1998-06-02;4.38;4.5;4.12;4.12;3700.0
1998-06-03;4.25;4.25;3.62;3.62;8300.0
1998-06-04;3.75;3.75;3.5;3.75;3600.0
1998-06-05;3.5;3.5;3.38;3.38;3000.0
1998-06-08;3.5;3.75;3.25;3.25;14000.0
1998-06-09;3.5;3.5;3.06;3.19;9000.0
1998-06-10;3.5;3.5;3.12;3.25;16200.0
1998-06-11;3.38;3.38;3.25;3.25;9600.0
1998-06-12;3.12;3.12;3.12;3.12;600.0
1998-06-15;3.25;3.38;3.25;3.25;4400.0
1998-06-16;3.25;3.25;3.25;3.25;0.0
1998-06-17;3.12;3.12;3.12;3.12;600.0
1998-06-18;3.12;3.12;3.12;3.12;1400.0
1998-06-19;3.12;3.12;3.12;3.12;0.0
1998-06-22;3.38;3.38;3.0;3.0;2600.0
1998-06-23;3.0;3.0;3.0;3.0;0.0
1998-06-24;3.0;3.0;3.0;3.0;0.0
1998-06-25;2.88;3.62;2.88;3.25;31300.0
1998-06-26;3.25;3.25;3.25;3.25;800.0
1998-06-29;3.5;3.5;3.5;3.5;1000.0
1998-06-30;3.25;3.25;3.12;3.12;1100.0
1998-07-01;3.44;3.44;3.25;3.25;3000.0
1998-07-02;3.25;3.25;3.25;3.25;0.0
1998-07-06;3.25;3.62;3.0;3.12;5100.0
1998-07-07;2.88;3.0;2.88;3.0;7100.0
1998-07-08;3.0;3.0;3.0;3.0;0.0
1998-07-09;3.0;3.0;3.0;3.0;0.0
1998-07-10;3.0;3.0;3.0;3.0;0.0
1998-07-13;3.0;3.0;3.0;3.0;0.0
1998-07-14;3.12;3.12;3.12;3.12;4000.0
1998-07-15;3.12;3.12;3.12;3.12;4500.0
1998-07-16;3.0;3.0;3.0;3.0;300.0
1998-07-17;3.0;3.0;2.75;2.88;3500.0
1998-07-20;3.0;3.12;2.75;3.0;5000.0
1998-07-21;3.0;3.0;3.0;3.0;0.0
1998-07-22;2.88;2.91;2.88;2.88;9000.0
1998-07-23;3.12;3.12;3.0;3.0;3500.0
1998-07-24;3.5;3.5;3.5;3.5;500.0
1998-07-27;3.5;3.5;2.88;3.25;3300.0
1998-07-28;3.0;3.0;2.88;2.91;6900.0
1998-07-29;3.25;3.25;2.75;3.0;26500.0
1998-07-30;3.0;3.0;2.62;2.62;2600.0
1998-07-31;2.62;2.62;2.62;2.62;0.0
1998-08-03;2.62;2.62;2.62;2.62;0.0
1998-08-04;2.69;2.88;2.69;2.88;7000.0
1998-08-05;2.88;2.88;2.88;2.88;0.0
1998-08-06;2.88;2.88;2.88;2.88;0.0
1998-08-07;2.88;2.88;2.88;2.88;0.0
1998-08-10;2.88;2.88;2.88;2.88;0.0
1998-08-11;2.88;2.88;2.88;2.88;0.0
1998-08-12;2.88;2.88;2.88;2.88;0.0
1998-08-13;2.88;2.88;2.88;2.88;0.0
1998-08-14;2.88;2.88;2.88;2.88;0.0
1998-08-17;2.5;2.5;2.5;2.5;2000.0
1998-08-18;2.38;2.38;2.38;2.38;1500.0
1998-08-19;2.38;2.38;2.38;2.38;0.0
1998-08-20;2.75;2.75;2.75;2.75;1200.0
1998-08-21;2.0;2.5;2.0;2.5;4000.0
1998-08-24;2.62;2.62;2.12;2.38;1600.0
1998-08-25;2.25;2.25;2.25;2.25;100.0
1998-08-26;2.0;2.0;1.88;2.0;5500.0
1998-08-27;1.75;1.88;1.62;1.88;5400.0
1998-08-28;1.88;2.38;1.88;2.38;1600.0
1998-08-31;2.5;2.5;2.0;2.25;3800.0
1998-09-01;2.5;2.62;2.5;2.62;2000.0
1998-09-02;2.12;2.38;2.12;2.38;1200.0
1998-09-03;2.0;2.0;1.5;1.88;4600.0
1998-09-04;1.88;2.0;1.88;2.0;2100.0
1998-09-08;2.0;2.12;2.0;2.12;2000.0
1998-09-09;2.5;2.5;1.88;2.5;900.0
1998-09-10;2.38;2.38;2.38;2.38;6500.0
1998-09-11;2.0;2.0;2.0;2.0;1000.0
1998-09-14;2.0;2.0;2.0;2.0;0.0
1998-09-15;2.0;2.0;2.0;2.0;0.0
1998-09-16;2.25;2.25;2.25;2.25;400.0
1998-09-17;2.25;2.25;2.25;2.25;0.0
1998-09-18;2.25;2.25;2.25;2.25;0.0
1998-09-21;2.25;2.25;2.25;2.25;0.0
1998-09-22;2.25;2.25;2.25;2.25;0.0
1998-09-23;2.25;2.25;2.25;2.25;0.0
1998-09-24;2.0;2.0;1.75;1.75;2900.0
1998-09-25;2.38;2.38;2.38;2.38;800.0
1998-09-28;2.38;2.38;2.0;2.0;2300.0
1998-09-29;2.0;2.25;1.88;2.25;13100.0
1998-09-30;2.38;2.38;2.0;2.0;2000.0
1998-10-01;2.0;2.0;2.0;2.0;400.0
1998-10-02;1.75;1.75;1.75;1.75;3800.0
1998-10-05;1.75;1.75;1.75;1.75;0.0
1998-10-06;1.75;1.75;1.75;1.75;500.0
1998-10-07;1.75;1.75;1.75;1.75;0.0
1998-10-08;1.5;1.88;1.5;1.88;1200.0
1998-10-09;1.5;1.62;1.5;1.62;3400.0
1998-10-12;1.25;1.62;1.12;1.12;50600.0
1998-10-13;1.31;1.5;1.12;1.25;7400.0
1998-10-14;1.19;1.5;1.12;1.5;3900.0
1998-10-15;1.62;1.62;1.12;1.16;19000.0
1998-10-16;1.5;1.5;1.25;1.25;12400.0
1998-10-19;1.38;1.5;1.12;1.5;6700.0
1998-10-20;1.12;1.25;1.06;1.12;9500.0
1998-10-21;1.03;1.06;1.0;1.0;5200.0
1998-10-22;1.06;1.06;0.81;1.06;967600.0
1998-10-23;1.12;1.75;1.12;1.75;34900.0
1998-10-26;1.75;1.88;1.75;1.88;6100.0
1998-10-27;1.88;1.88;1.88;1.88;0.0
1998-10-28;1.88;1.88;1.88;1.88;0.0
1998-10-29;1.75;1.75;1.75;1.75;18400.0
1998-10-30;1.75;1.75;1.75;1.75;400.0
1998-11-02;1.62;1.62;1.5;1.62;6900.0
1998-11-03;1.75;1.94;1.75;1.94;20900.0
1998-11-04;1.94;1.94;1.94;1.94;2000.0
1998-11-05;1.75;1.75;1.5;1.69;5900.0
1998-11-06;1.5;1.5;1.5;1.5;200.0
1998-11-09;1.5;1.5;1.38;1.5;3900.0
1998-11-10;1.5;1.5;1.5;1.5;2000.0
1998-11-11;1.25;1.5;1.0;1.5;16700.0
1998-11-12;1.5;1.69;1.5;1.69;7600.0
1998-11-13;1.5;1.69;1.5;1.56;4200.0
1998-11-16;1.62;1.62;1.38;1.62;82000.0
1998-11-17;1.75;2.0;1.75;2.0;15200.0
1998-11-18;2.0;2.0;2.0;2.0;3300.0
1998-11-19;1.62;1.88;1.5;1.88;7300.0
1998-11-20;1.62;1.88;1.62;1.81;7600.0
1998-11-23;1.62;1.62;1.62;1.62;7900.0
1998-11-24;2.0;2.0;1.62;1.62;10100.0
1998-11-25;1.62;1.88;1.62;1.75;12000.0
1998-11-27;1.62;1.88;1.62;1.88;16000.0
1998-11-30;1.88;1.88;1.62;1.75;60500.0
1998-12-01;1.62;1.69;1.62;1.69;1300.0
1998-12-02;1.75;1.75;1.75;1.75;600.0
1998-12-03;1.88;1.88;1.62;1.81;57100.0
1998-12-04;1.62;1.62;1.62;1.62;2200.0
1998-12-07;2.0;2.0;1.62;1.81;4200.0
1998-12-08;1.94;1.94;1.94;1.94;1000.0
1998-12-09;1.94;1.94;1.94;1.94;0.0
1998-12-10;2.0;2.0;2.0;2.0;4200.0
1998-12-11;2.12;2.12;1.88;1.88;15400.0
1998-12-14;2.0;2.0;1.88;2.0;4200.0
1998-12-15;1.88;2.0;1.88;2.0;2600.0
1998-12-16;1.88;1.88;1.62;1.88;3100.0
1998-12-17;1.5;1.62;1.5;1.62;10500.0
1998-12-18;1.38;1.56;1.38;1.56;12200.0
1998-12-21;1.56;1.56;1.12;1.25;181500.0
1998-12-22;1.25;1.56;1.25;1.56;8500.0
1998-12-23;1.62;1.62;1.5;1.62;12700.0
1998-12-24;1.88;1.88;1.88;1.88;10200.0
1998-12-28;1.94;1.94;1.75;1.75;15800.0
1998-12-29;1.81;1.81;1.75;1.75;11800.0
1998-12-30;1.94;1.94;1.75;1.75;9800.0
1998-12-31;1.81;2.38;1.75;2.38;45400.0
1999-01-04;2.38;2.38;2.12;2.25;6000.0
1999-01-05;2.25;2.5;2.25;2.5;6500.0
1999-01-06;2.5;2.75;2.38;2.75;49500.0
1999-01-07;2.88;2.88;2.62;2.81;8700.0
1999-01-08;2.75;2.88;2.5;2.81;19800.0
1999-01-11;2.81;2.81;2.81;2.81;200.0
1999-01-12;2.81;2.81;2.81;2.81;200.0
1999-01-13;2.62;2.81;2.25;2.81;12500.0
1999-01-14;2.75;2.75;2.5;2.75;1900.0
1999-01-15;2.5;2.5;2.25;2.5;10900.0
1999-01-19;2.81;2.81;2.81;2.81;700.0
1999-01-20;2.75;2.75;2.5;2.5;4000.0
1999-01-21;2.38;2.62;2.38;2.62;13600.0
1999-01-22;2.62;2.62;2.12;2.12;2400.0
1999-01-25;2.25;2.38;2.25;2.38;900.0
1999-01-26;2.62;2.75;2.38;2.38;2600.0
1999-01-27;2.5;2.5;2.5;2.5;200.0
1999-01-28;2.62;2.62;2.62;2.62;3500.0
1999-01-29;2.62;2.62;2.62;2.62;0.0
1999-02-01;2.62;2.62;2.5;2.5;14200.0
1999-02-02;2.38;2.38;2.38;2.38;6100.0
1999-02-03;2.38;2.38;2.25;2.25;13600.0
1999-02-04;2.25;2.25;2.25;2.25;0.0
1999-02-05;2.25;2.25;2.25;2.25;0.0
1999-02-08;2.19;2.19;2.19;2.19;1400.0
1999-02-09;2.19;2.19;2.19;2.19;0.0
1999-02-10;2.44;2.44;2.44;2.44;100.0
1999-02-11;2.38;2.38;2.38;2.38;500.0
1999-02-12;2.38;2.38;2.19;2.19;2000.0
1999-02-16;2.19;2.19;2.19;2.19;0.0
1999-02-17;2.19;2.19;2.05;2.05;3900.0
1999-02-18;1.94;2.12;1.94;2.12;700.0
1999-02-19;2.38;2.38;2.0;2.0;11600.0
1999-02-22;2.12;2.12;1.94;1.94;1300.0
1999-02-23;1.94;1.94;1.94;1.94;0.0
1999-02-24;1.94;2.06;1.94;2.0;3200.0
1999-02-25;1.94;2.25;1.94;2.25;7000.0
1999-02-26;2.0;2.5;2.0;2.31;38900.0
1999-03-01;2.31;2.31;2.31;2.31;0.0
1999-03-02;2.19;2.19;2.19;2.19;600.0
1999-03-03;2.38;2.38;2.38;2.38;1000.0
1999-03-04;2.25;2.38;2.25;2.38;1200.0
1999-03-05;2.44;2.44;2.44;2.44;200.0
1999-03-08;2.5;2.62;2.38;2.62;12100.0
1999-03-09;2.38;2.5;2.38;2.5;5100.0
1999-03-10;2.62;2.69;2.5;2.69;8700.0
1999-03-11;2.38;2.38;2.12;2.38;8600.0
1999-03-12;2.25;2.44;2.25;2.44;4500.0
1999-03-15;2.12;2.44;2.12;2.44;3100.0
1999-03-16;2.44;2.44;2.44;2.44;0.0
1999-03-17;2.12;2.44;2.12;2.44;2200.0
1999-03-18;2.25;2.44;2.12;2.25;4200.0
1999-03-19;2.44;2.44;2.12;2.12;10200.0
1999-03-22;2.12;2.12;2.06;2.06;29000.0
1999-03-23;2.06;2.06;2.06;2.06;0.0
1999-03-24;2.06;2.06;2.06;2.06;1000.0
1999-03-25;2.44;2.44;2.44;2.44;1700.0
1999-03-26;2.38;2.38;2.38;2.38;600.0
1999-03-29;2.72;5.25;2.5;3.38;723600.0
1999-03-30;3.0;3.88;3.0;3.12;138900.0
1999-03-31;3.12;3.44;3.06;3.12;50200.0
1999-04-01;3.06;3.38;2.94;2.94;39500.0
1999-04-05;3.0;3.25;2.94;3.22;69900.0
1999-04-06;3.0;3.31;3.0;3.31;35200.0
1999-04-07;3.25;3.56;3.25;3.56;57800.0
1999-04-08;4.0;4.0;3.5;3.88;47300.0
1999-04-09;3.88;4.0;3.88;3.94;25600.0
1999-04-12;3.75;4.0;3.75;3.88;10500.0
1999-04-13;3.75;3.75;3.62;3.62;2600.0
1999-04-14;3.88;3.88;3.5;3.5;9600.0
1999-04-15;3.38;3.5;3.38;3.5;800.0
1999-04-16;3.38;3.5;3.31;3.31;2800.0
1999-04-19;3.38;3.75;3.38;3.69;3900.0
1999-04-20;3.75;3.75;3.25;3.25;11200.0
1999-04-21;3.25;3.56;3.12;3.38;24000.0
1999-04-22;3.25;3.53;3.0;3.53;7500.0
1999-04-23;3.44;3.44;3.12;3.12;18500.0
1999-04-26;3.12;3.62;3.12;3.62;42400.0
1999-04-27;3.5;3.75;3.44;3.62;30800.0
1999-04-28;3.44;3.81;3.44;3.69;9100.0
1999-04-29;3.69;3.69;3.69;3.69;100.0
1999-04-30;3.69;3.75;3.5;3.5;9000.0
1999-05-03;3.5;3.5;2.69;2.88;57400.0
1999-05-04;3.0;3.47;2.75;3.12;59000.0
1999-05-05;3.12;3.16;2.94;3.12;20600.0
1999-05-06;3.19;3.19;3.06;3.06;6900.0
1999-05-07;3.06;3.12;3.0;3.12;7700.0
1999-05-10;3.25;3.25;3.0;3.19;2700.0
1999-05-11;3.12;3.12;3.0;3.12;8800.0
1999-05-12;3.19;3.19;3.0;3.0;400.0
1999-05-13;3.0;3.0;3.0;3.0;7100.0
1999-05-14;3.0;3.19;3.0;3.0;4400.0
1999-05-17;3.12;3.12;3.0;3.0;10300.0
1999-05-18;3.0;3.0;3.0;3.0;200.0
1999-05-19;3.0;3.0;3.0;3.0;400.0
1999-05-20;3.0;3.0;3.0;3.0;0.0
1999-05-21;2.94;3.0;2.75;3.0;7100.0
1999-05-24;3.16;3.16;2.75;2.75;3100.0
1999-05-25;2.75;2.75;2.75;2.75;1100.0
1999-05-26;2.75;2.75;2.72;2.72;4000.0
1999-05-27;2.88;3.06;2.88;3.0;5500.0
1999-05-28;2.62;3.06;2.62;3.0;17000.0
1999-06-01;3.12;3.12;3.12;3.12;700.0
1999-06-02;3.12;3.12;2.69;3.0;3600.0
1999-06-03;3.19;3.19;3.19;3.19;500.0
1999-06-04;3.0;3.19;3.0;3.19;1400.0
1999-06-07;2.69;3.19;2.69;3.12;1500.0
1999-06-08;3.19;3.25;2.69;3.0;4700.0
1999-06-09;3.0;3.38;3.0;3.38;14300.0
1999-06-10;3.38;3.38;3.38;3.38;0.0
1999-06-11;3.25;3.25;3.12;3.12;7700.0
1999-06-14;3.0;3.0;2.88;2.88;7800.0
1999-06-15;2.88;3.25;2.88;3.25;2500.0
1999-06-16;3.31;3.38;3.31;3.38;1500.0
1999-06-17;3.31;3.31;3.19;3.19;6700.0
1999-06-18;3.19;3.19;3.19;3.19;0.0
1999-06-21;3.25;3.25;2.88;3.19;300700.0
1999-06-22;3.19;3.19;3.19;3.19;0.0
1999-06-23;3.12;3.19;3.06;3.06;16800.0
1999-06-24;3.12;3.12;3.06;3.06;700.0
1999-06-25;3.06;3.06;3.0;3.0;1400.0
1999-06-28;3.0;3.0;3.0;3.0;0.0
1999-06-29;3.0;3.0;3.0;3.0;700.0
1999-06-30;3.0;3.25;3.0;3.25;8600.0
1999-07-01;3.25;3.25;3.25;3.25;0.0
1999-07-02;3.12;3.12;3.12;3.12;400.0
1999-07-06;3.06;3.06;3.06;3.06;2400.0
1999-07-07;3.06;3.06;3.0;3.0;10500.0
1999-07-08;3.0;3.0;3.0;3.0;0.0
1999-07-09;3.0;3.0;3.0;3.0;0.0
1999-07-12;3.0;3.12;3.0;3.0;6900.0
1999-07-13;3.0;3.0;3.0;3.0;600.0
1999-07-14;3.09;3.12;3.0;3.12;36000.0
1999-07-15;3.0;3.19;3.0;3.06;16300.0
1999-07-16;3.25;3.38;3.25;3.38;20100.0
1999-07-19;3.19;3.5;3.19;3.25;4900.0
1999-07-20;3.31;3.31;3.31;3.31;900.0
1999-07-21;3.5;3.5;3.5;3.5;200.0
1999-07-22;3.31;3.62;3.31;3.62;13600.0
1999-07-23;3.7;4.06;3.62;4.06;25800.0
1999-07-26;4.0;4.12;3.88;3.88;11800.0
1999-07-27;3.94;4.19;3.94;4.0;171800.0
1999-07-28;4.12;4.12;4.03;4.06;58800.0
1999-07-29;4.09;4.12;3.94;4.06;62700.0
1999-07-30;4.12;4.12;4.06;4.06;194300.0
1999-08-02;4.06;4.12;4.06;4.12;32300.0
1999-08-03;4.06;4.12;4.0;4.0;15900.0
1999-08-04;4.12;4.75;4.06;4.75;184400.0
1999-08-05;4.69;5.06;4.5;5.0;51500.0
1999-08-06;4.94;5.19;4.94;5.0;35100.0
1999-08-09;5.31;5.5;5.25;5.38;48100.0
1999-08-10;5.31;5.5;5.19;5.38;53000.0
1999-08-11;5.5;5.5;5.12;5.38;24200.0
1999-08-12;5.34;5.62;5.19;5.5;28400.0
1999-08-13;5.44;5.5;5.28;5.5;3600.0
1999-08-16;5.31;5.38;4.12;5.0;48400.0
1999-08-17;5.0;5.12;5.0;5.06;1800.0
1999-08-18;4.75;4.81;4.5;4.5;24100.0
1999-08-19;4.5;4.56;4.38;4.56;5700.0
1999-08-20;4.56;4.56;4.56;4.56;0.0
1999-08-23;4.56;4.56;4.56;4.56;0.0
1999-08-24;4.62;4.62;4.62;4.62;3000.0
1999-08-25;4.5;4.75;4.5;4.75;2000.0
1999-08-26;4.56;4.75;4.56;4.75;1100.0
1999-08-27;4.94;4.94;4.69;4.69;3900.0
1999-08-30;4.69;4.69;4.69;4.69;1800.0
1999-08-31;4.62;4.69;4.62;4.69;400.0
1999-09-01;4.69;4.69;4.5;4.5;15200.0
1999-09-02;4.59;4.59;4.59;4.59;500.0
1999-09-03;4.62;4.88;4.5;4.88;9800.0
1999-09-07;4.62;4.75;4.5;4.75;5000.0
1999-09-08;4.72;4.72;4.5;4.5;400.0
1999-09-09;4.5;4.88;4.5;4.5;10200.0
1999-09-10;4.5;4.5;4.5;4.5;0.0
1999-09-13;4.62;4.62;4.5;4.5;2600.0
1999-09-14;4.44;4.62;4.25;4.62;17300.0
1999-09-15;4.72;4.72;4.72;4.72;200.0
1999-09-16;4.72;4.72;4.5;4.69;3800.0
1999-09-17;4.69;4.69;4.69;4.69;0.0
1999-09-20;4.38;4.62;4.38;4.62;2000.0
1999-09-21;4.38;4.75;4.38;4.75;2200.0
1999-09-22;4.75;4.75;4.75;4.75;0.0
1999-09-23;4.5;4.5;4.5;4.5;5900.0
1999-09-24;4.5;4.5;4.5;4.5;0.0
1999-09-27;4.69;4.81;4.38;4.81;12200.0
1999-09-28;4.62;4.88;4.62;4.88;2200.0
1999-09-29;4.62;5.0;4.62;5.0;9200.0
1999-09-30;4.62;5.0;4.62;5.0;4500.0
1999-10-01;4.62;4.62;4.62;4.62;1300.0
1999-10-04;5.0;5.0;4.5;4.5;4100.0
1999-10-05;4.25;4.25;4.25;4.25;200.0
1999-10-06;4.25;4.25;4.25;4.25;0.0
1999-10-07;4.12;4.12;4.12;4.12;4400.0
1999-10-08;4.0;4.0;3.88;4.0;9300.0
1999-10-11;4.19;4.19;3.62;3.88;15300.0
1999-10-12;3.88;3.88;3.88;3.88;0.0
1999-10-13;3.94;3.94;3.88;3.88;1300.0
1999-10-14;3.62;3.62;3.62;3.62;1600.0
1999-10-15;3.75;4.0;3.75;3.94;2300.0
1999-10-18;3.94;3.94;3.94;3.94;0.0
1999-10-19;3.88;3.94;3.62;3.62;3300.0
1999-10-20;3.62;3.62;3.56;3.62;19000.0
1999-10-21;3.5;3.81;3.5;3.81;41900.0
1999-10-22;3.81;3.81;3.81;3.81;0.0
1999-10-25;3.5;3.62;3.38;3.62;4800.0
1999-10-26;3.62;3.62;3.62;3.62;500.0
1999-10-27;3.5;3.5;3.5;3.5;1500.0
1999-10-28;3.62;3.62;3.62;3.62;1200.0
1999-10-29;3.5;3.75;3.0;3.75;86800.0
1999-11-01;3.75;3.88;3.5;3.88;17600.0
1999-11-02;3.62;4.12;3.62;4.12;7000.0
1999-11-03;4.0;4.0;4.0;4.0;1000.0
1999-11-04;4.12;4.12;4.0;4.12;2000.0
1999-11-05;4.0;4.25;4.0;4.25;2000.0
1999-11-08;4.25;4.25;4.12;4.12;3000.0
1999-11-09;4.0;4.12;4.0;4.12;600.0
1999-11-10;4.19;4.19;4.12;4.19;3000.0
1999-11-11;4.19;4.19;4.19;4.19;0.0
1999-11-12;4.0;4.25;4.0;4.25;1000.0
1999-11-15;4.25;4.25;4.0;4.0;9000.0
1999-11-16;3.88;4.06;3.88;4.06;4200.0
1999-11-17;4.0;4.0;4.0;4.0;500.0
1999-11-18;3.88;4.0;3.69;4.0;5100.0
1999-11-19;4.06;4.12;3.88;3.88;5700.0
1999-11-22;4.06;4.06;3.75;3.75;7800.0
1999-11-23;3.94;3.94;3.75;3.75;1900.0
1999-11-24;3.94;4.0;3.94;3.94;4100.0
1999-11-26;3.94;3.94;3.94;3.94;0.0
1999-11-29;3.94;3.94;3.75;3.75;300.0
1999-11-30;3.75;3.75;3.75;3.75;0.0
1999-12-01;3.75;3.75;3.62;3.62;18300.0
1999-12-02;4.0;4.0;3.62;3.62;5100.0
1999-12-03;3.88;3.88;3.38;3.88;12400.0
1999-12-06;3.38;3.88;3.38;3.88;13000.0
1999-12-07;3.75;3.75;3.75;3.75;400.0
1999-12-08;3.66;3.88;3.38;3.88;14500.0
1999-12-09;3.75;3.88;3.44;3.88;21800.0
1999-12-10;3.75;3.94;3.75;3.94;31200.0
1999-12-13;3.94;4.0;3.69;3.75;13700.0
1999-12-14;3.94;3.94;3.88;3.88;3000.0
1999-12-15;3.75;4.0;3.75;4.0;48200.0
1999-12-16;4.0;4.12;3.88;4.12;49400.0
1999-12-17;4.0;4.12;3.94;4.12;57900.0
1999-12-20;4.12;4.12;3.88;3.88;5400.0
1999-12-21;3.88;4.19;3.88;4.19;26300.0
1999-12-22;4.09;4.19;4.09;4.12;29600.0
1999-12-23;4.06;4.12;4.06;4.12;43600.0
1999-12-27;4.12;4.25;4.06;4.25;33100.0
1999-12-28;4.31;4.31;3.75;4.12;50100.0
1999-12-29;4.19;4.44;3.94;4.19;32500.0
1999-12-30;4.28;4.44;4.19;4.44;59000.0
1999-12-31;4.31;4.75;4.31;4.75;96300.0
2000-01-03;4.81;5.06;4.62;5.06;42400.0
2000-01-04;4.94;5.5;4.94;5.5;40500.0
2000-01-05;5.38;5.38;5.0;5.38;1200.0
2000-01-06;5.44;5.44;5.0;5.25;15400.0
2000-01-07;5.25;5.25;4.94;5.06;21300.0
2000-01-10;5.06;5.25;5.0;5.0;6500.0
2000-01-11;5.0;5.0;5.0;5.0;2700.0
2000-01-12;5.0;5.0;4.81;5.0;8200.0
2000-01-13;4.81;5.0;4.75;4.88;10500.0
2000-01-14;4.88;5.0;4.88;5.0;10600.0
2000-01-18;4.94;5.0;4.88;4.94;5300.0
2000-01-19;5.0;5.0;5.0;5.0;4000.0
2000-01-20;4.91;5.0;4.88;5.0;21100.0
2000-01-21;4.88;4.88;4.69;4.69;15100.0
2000-01-24;4.69;4.69;4.69;4.69;200.0
2000-01-25;4.94;5.0;4.94;5.0;1700.0
2000-01-26;4.75;4.75;4.75;4.75;1100.0
2000-01-27;4.75;4.75;4.75;4.75;4800.0
2000-01-28;4.75;4.75;4.75;4.75;400.0
2000-01-31;4.84;4.94;4.84;4.94;2300.0
2000-02-01;4.94;4.94;4.94;4.94;100.0
2000-02-02;4.75;4.75;4.75;4.75;400.0
2000-02-03;4.75;4.94;4.75;4.94;10900.0
2000-02-04;5.0;5.0;4.5;4.56;11300.0
2000-02-07;4.62;4.62;4.5;4.5;5900.0
2000-02-08;4.5;4.5;4.5;4.5;19000.0
2000-02-09;4.5;4.5;4.44;4.5;21300.0
2000-02-10;4.06;4.06;3.88;4.0;30900.0
2000-02-11;4.25;4.38;4.25;4.38;800.0
2000-02-14;4.5;4.5;4.25;4.25;18900.0
2000-02-15;4.38;4.38;4.38;4.38;25300.0
2000-02-16;4.38;4.38;4.31;4.38;15500.0
2000-02-17;4.44;4.44;4.25;4.38;56600.0
2000-02-18;4.38;4.38;4.06;4.25;36300.0
2000-02-22;4.16;4.25;4.16;4.25;3500.0
2000-02-23;4.25;4.31;4.25;4.31;10200.0
2000-02-24;4.38;4.56;4.38;4.56;25500.0
2000-02-25;4.75;4.75;4.44;4.44;2400.0
2000-02-28;4.38;4.5;4.25;4.5;18100.0
2000-02-29;4.44;4.44;4.25;4.44;9100.0
2000-03-01;4.34;4.62;4.06;4.62;215200.0
2000-03-02;4.62;5.38;4.56;4.62;115200.0
2000-03-03;4.84;5.12;4.5;5.12;29000.0
2000-03-06;5.06;5.12;4.75;4.94;18700.0
2000-03-07;4.75;4.94;4.72;4.94;18000.0
2000-03-08;4.94;4.94;4.75;4.94;4200.0
2000-03-09;4.94;5.0;4.88;4.88;20600.0
2000-03-10;4.84;4.94;4.75;4.88;2300.0
2000-03-13;4.94;4.94;4.75;4.75;5900.0
2000-03-14;4.97;5.0;4.88;4.88;12900.0
2000-03-15;5.0;5.0;4.88;4.94;16900.0
2000-03-16;4.89;4.94;4.88;4.94;16100.0
2000-03-17;4.91;4.91;4.88;4.88;2800.0
2000-03-20;4.91;4.91;4.75;4.75;7300.0
2000-03-21;4.75;4.91;4.75;4.81;22900.0
2000-03-22;4.53;4.97;4.53;4.91;20700.0
2000-03-23;4.62;4.62;4.62;4.62;1400.0
2000-03-24;4.88;4.91;4.69;4.69;20800.0
2000-03-27;4.69;4.69;4.69;4.69;2300.0
2000-03-28;4.72;4.91;4.69;4.91;10300.0
2000-03-29;4.75;4.88;4.69;4.69;7400.0
2000-03-30;4.62;4.69;4.59;4.69;15700.0
2000-03-31;4.56;4.56;3.5;4.38;110100.0
2000-04-03;4.44;4.69;4.25;4.5;4100.0
2000-04-04;4.25;4.5;4.0;4.5;4600.0
2000-04-05;4.5;4.75;4.5;4.75;7900.0
2000-04-06;4.5;4.62;4.5;4.5;4600.0
2000-04-07;4.5;4.75;4.5;4.75;1300.0
2000-04-10;4.72;4.75;4.5;4.75;20400.0
2000-04-11;4.5;4.62;4.5;4.62;3200.0
2000-04-12;4.75;4.88;4.75;4.88;3900.0
2000-04-13;4.75;4.88;4.75;4.75;1100.0
2000-04-14;4.75;4.75;4.0;4.5;35600.0
2000-04-17;4.0;4.44;4.0;4.44;700.0
2000-04-18;4.12;4.5;4.12;4.5;7000.0
2000-04-19;4.12;4.44;4.0;4.44;15300.0
2000-04-20;4.12;4.12;4.12;4.12;1700.0
2000-04-24;4.38;4.38;4.0;4.25;20200.0
2000-04-25;4.44;4.44;4.44;4.44;1300.0
2000-04-26;4.44;4.44;4.12;4.12;9500.0
2000-04-27;4.44;4.44;4.44;4.44;1000.0
2000-04-28;4.44;4.44;4.44;4.44;0.0
2000-05-01;4.0;4.06;4.0;4.06;18000.0
2000-05-02;4.38;4.44;4.38;4.44;2000.0
2000-05-03;4.28;4.44;4.0;4.44;11700.0
2000-05-04;4.25;4.56;4.25;4.56;10900.0
2000-05-05;4.25;4.5;4.06;4.5;60300.0
2000-05-08;4.5;4.5;4.5;4.5;100.0
2000-05-09;4.5;4.56;4.5;4.56;3000.0
2000-05-10;4.5;4.5;4.5;4.5;14500.0
2000-05-11;4.56;4.94;4.56;4.94;41500.0
2000-05-12;4.75;5.0;4.75;5.0;3500.0
2000-05-15;5.0;5.5;4.81;5.5;25100.0
2000-05-16;5.5;5.5;5.25;5.44;52100.0
2000-05-17;5.5;5.5;5.25;5.44;36000.0
2000-05-18;5.44;5.88;5.38;5.62;257900.0
2000-05-19;5.88;6.0;5.69;6.0;30000.0
2000-05-22;6.0;6.25;6.0;6.12;151400.0
2000-05-23;6.12;6.38;6.0;6.25;135100.0
2000-05-24;6.31;6.38;5.75;6.19;61400.0
2000-05-25;6.25;6.25;6.0;6.0;16200.0
2000-05-26;6.38;6.38;5.75;5.88;3700.0
2000-05-30;6.38;6.38;5.94;6.0;19700.0
2000-05-31;6.38;6.38;6.0;6.38;23700.0
2000-06-01;6.09;6.38;6.0;6.12;90600.0
2000-06-02;6.34;6.38;6.0;6.25;74800.0
2000-06-05;6.5;6.56;6.06;6.06;41100.0
2000-06-06;6.44;6.44;6.44;6.44;400.0
2000-06-07;6.41;6.62;6.12;6.12;24300.0
2000-06-08;6.38;6.5;6.38;6.5;2900.0
2000-06-09;6.31;6.5;6.12;6.25;20600.0
2000-06-12;6.31;6.44;6.06;6.06;25000.0
2000-06-13;6.25;6.38;6.12;6.25;5900.0
2000-06-14;6.12;6.31;6.12;6.31;2800.0
2000-06-15;6.19;6.19;6.0;6.12;22100.0
2000-06-16;6.12;6.25;6.0;6.25;10200.0
2000-06-19;6.0;6.0;5.75;6.0;21800.0
2000-06-20;6.0;6.0;5.75;6.0;1500.0
2000-06-21;5.81;6.12;5.81;6.12;1900.0
2000-06-22;6.06;6.06;6.0;6.0;1200.0
2000-06-23;5.94;6.0;5.75;6.0;9800.0
2000-06-26;6.06;6.31;6.06;6.31;61700.0
2000-06-27;6.19;6.44;6.19;6.44;19900.0
2000-06-28;6.31;6.44;6.06;6.25;40500.0
2000-06-29;6.25;6.31;6.12;6.12;98900.0
2000-06-30;6.25;6.31;6.12;6.31;44200.0
2000-07-03;6.31;6.44;6.31;6.44;5200.0
2000-07-05;6.31;6.38;6.25;6.31;35900.0
2000-07-06;6.44;6.44;6.12;6.25;18600.0
2000-07-07;6.12;6.12;6.12;6.12;1200.0
2000-07-10;6.38;6.38;6.25;6.25;14200.0
2000-07-11;6.31;6.31;6.12;6.25;7100.0
2000-07-12;6.12;6.25;6.12;6.19;5500.0
2000-07-13;6.16;6.19;6.12;6.12;15000.0
2000-07-14;6.19;6.19;6.12;6.12;2000.0
2000-07-17;6.12;6.12;6.0;6.06;16300.0
2000-07-18;6.16;6.19;6.06;6.19;2300.0
2000-07-19;6.06;6.06;5.94;5.94;8200.0
2000-07-20;6.0;6.12;6.0;6.12;2200.0
2000-07-21;6.0;6.0;6.0;6.0;2800.0
2000-07-24;6.03;6.03;6.0;6.0;5900.0
2000-07-25;6.0;6.0;6.0;6.0;0.0
2000-07-26;5.94;5.94;5.94;5.94;2400.0
2000-07-27;5.94;6.06;5.75;5.75;7800.0
2000-07-28;5.75;5.75;5.41;5.5;29400.0
2000-07-31;5.41;5.41;5.19;5.38;15200.0
2000-08-01;5.25;5.25;5.25;5.25;400.0
2000-08-02;5.31;5.56;5.31;5.38;18000.0
2000-08-03;5.44;5.44;5.38;5.44;12800.0
2000-08-04;5.41;5.44;5.41;5.44;1800.0
2000-08-07;5.41;5.94;5.38;5.69;43900.0
2000-08-08;5.88;5.94;5.62;5.94;8200.0
2000-08-09;5.75;5.94;5.75;5.94;23900.0
2000-08-10;5.94;6.0;5.88;6.0;4700.0
2000-08-11;6.03;6.19;5.88;6.0;34000.0
2000-08-14;6.0;6.12;5.88;6.0;17600.0
2000-08-15;6.0;6.0;6.0;6.0;5400.0
2000-08-16;5.94;6.0;5.94;6.0;8200.0
2000-08-17;5.88;5.94;5.62;5.62;20100.0
2000-08-18;5.56;5.75;5.5;5.5;86200.0
2000-08-21;5.88;5.88;5.56;5.62;8200.0
2000-08-22;6.0;6.12;5.62;6.0;200700.0
2000-08-23;5.94;6.12;5.88;5.88;155800.0
2000-08-24;5.88;5.88;5.75;5.88;13200.0
2000-08-25;5.81;5.88;5.81;5.81;3900.0
2000-08-28;5.88;6.0;5.81;5.81;13900.0
2000-08-29;5.81;5.88;5.81;5.88;49000.0
2000-08-30;5.81;6.0;5.81;5.88;14800.0
2000-08-31;5.81;6.0;5.81;5.81;118500.0
2000-09-01;5.81;5.81;5.81;5.81;12300.0
2000-09-05;5.84;5.88;5.84;5.88;600.0
2000-09-06;5.88;5.88;5.81;5.81;16000.0
2000-09-07;5.69;6.0;5.62;5.81;16100.0
2000-09-08;5.88;5.88;5.75;5.81;5900.0
2000-09-11;5.81;5.88;5.69;5.75;38700.0
2000-09-12;5.88;5.94;5.75;5.88;60300.0
2000-09-13;5.91;5.91;5.81;5.81;20700.0
2000-09-14;5.95;5.95;5.88;5.88;17400.0
2000-09-15;6.0;6.06;5.88;6.0;63400.0
2000-09-18;6.0;6.12;5.94;5.94;15700.0
2000-09-19;6.0;6.0;6.0;6.0;8300.0
2000-09-20;6.19;6.19;5.94;5.94;2700.0
2000-09-21;6.0;6.0;6.0;6.0;5400.0
2000-09-22;5.95;6.09;5.95;6.09;26300.0
2000-09-25;6.19;7.25;5.94;7.0;148400.0
2000-09-26;7.38;7.38;6.38;6.88;83900.0
2000-09-27;6.75;7.12;6.62;6.62;10700.0
2000-09-28;6.62;7.12;6.62;6.94;95300.0
2000-09-29;6.94;8.38;6.75;8.38;754400.0
2000-10-02;8.5;8.56;7.5;7.75;41600.0
2000-10-03;8.0;8.0;7.5;7.69;20000.0
2000-10-04;7.75;7.75;7.38;7.5;21700.0
2000-10-05;7.5;7.5;7.12;7.25;12000.0
2000-10-06;7.2;7.38;7.19;7.19;6400.0
2000-10-09;7.48;7.5;7.19;7.25;3000.0
2000-10-10;7.12;7.25;7.12;7.25;37800.0
2000-10-11;7.42;7.44;7.19;7.25;20400.0
2000-10-12;7.19;7.19;7.12;7.12;16900.0
2000-10-13;7.06;7.44;7.06;7.25;18300.0
2000-10-16;7.08;7.12;6.97;7.0;25100.0
2000-10-17;6.94;7.0;6.88;6.88;38200.0
2000-10-18;6.88;6.88;6.75;6.75;11900.0
2000-10-19;6.94;7.0;6.88;7.0;1900.0
2000-10-20;7.0;7.19;7.0;7.19;21500.0
2000-10-23;7.17;7.25;7.0;7.25;16600.0
2000-10-24;7.12;7.25;7.06;7.19;16600.0
2000-10-25;7.19;7.25;7.06;7.25;42200.0
2000-10-26;7.25;7.25;6.88;7.19;14600.0
2000-10-27;7.06;7.06;6.56;7.0;10900.0
2000-10-30;7.0;7.0;6.56;6.69;10600.0
2000-10-31;6.86;7.19;6.69;7.19;13700.0
2000-11-01;7.0;7.19;6.81;7.19;4500.0
2000-11-02;7.0;7.19;6.88;7.19;3800.0
2000-11-03;7.19;7.19;6.88;6.88;2200.0
2000-11-06;7.12;7.19;6.88;6.88;4100.0
2000-11-07;7.0;7.12;6.88;7.06;22000.0
2000-11-08;7.11;7.12;7.11;7.12;2200.0
2000-11-09;7.23;7.25;6.94;6.94;16500.0
2000-11-10;7.0;7.0;7.0;7.0;5200.0
2000-11-13;7.14;7.14;6.94;7.0;31900.0
2000-11-14;7.06;7.19;7.0;7.0;13500.0
2000-11-15;7.19;7.19;7.0;7.0;16000.0
2000-11-16;7.19;7.19;7.0;7.19;9100.0
2000-11-17;7.17;7.25;7.0;7.0;22000.0
2000-11-20;7.23;7.23;7.0;7.12;7400.0
2000-11-21;7.0;7.0;6.56;6.56;8100.0
2000-11-22;6.75;6.88;6.12;6.38;56200.0
2000-11-24;6.61;6.62;6.19;6.56;5900.0
2000-11-27;6.56;6.69;6.12;6.25;18900.0
2000-11-28;6.27;6.44;5.38;5.88;32300.0
2000-11-29;6.17;6.19;6.0;6.0;18400.0
2000-11-30;5.88;6.0;5.5;6.0;12100.0
2000-12-01;6.0;6.12;5.62;6.0;17400.0
2000-12-04;5.94;6.25;5.94;6.12;29600.0
2000-12-05;5.98;6.12;5.88;6.12;38500.0
2000-12-06;6.02;6.12;6.0;6.12;29400.0
2000-12-07;6.25;6.38;6.0;6.12;39800.0
2000-12-08;6.2;6.25;6.12;6.19;46300.0
2000-12-11;6.25;6.75;6.25;6.75;59900.0
2000-12-12;6.31;6.5;6.25;6.38;83100.0
2000-12-13;6.12;6.36;5.78;5.88;47600.0
2000-12-14;5.98;6.0;5.78;5.97;7500.0
2000-12-15;5.94;5.94;5.91;5.91;7700.0
2000-12-18;5.88;5.88;5.81;5.84;9700.0
2000-12-19;5.81;5.81;5.5;5.62;46800.0
2000-12-20;5.44;5.62;5.0;5.12;28700.0
2000-12-21;5.12;5.12;5.03;5.03;4600.0
2000-12-22;5.23;5.47;5.0;5.0;17500.0
2000-12-26;5.0;5.19;4.88;5.19;7300.0
2000-12-27;5.19;6.44;4.94;6.44;106500.0
2000-12-28;5.75;6.5;5.75;6.5;28100.0
2000-12-29;6.06;6.69;6.0;6.62;33800.0
2001-01-02;6.62;6.69;6.5;6.56;7800.0
2001-01-03;6.39;6.5;6.25;6.38;6200.0
2001-01-04;6.5;6.56;6.31;6.38;15500.0
2001-01-05;6.39;6.5;6.25;6.38;9700.0
2001-01-08;6.25;6.25;6.25;6.25;8100.0
2001-01-09;6.2;6.2;5.88;6.0;18700.0
2001-01-10;6.0;6.31;6.0;6.31;39000.0
2001-01-11;6.31;6.62;6.0;6.38;73600.0
2001-01-12;6.31;6.38;6.31;6.31;8300.0
2001-01-16;6.33;6.88;6.33;6.56;11400.0
2001-01-17;6.56;6.62;6.25;6.5;19900.0
2001-01-18;6.69;6.75;6.44;6.75;41300.0
2001-01-19;6.69;6.94;6.5;6.81;42100.0
2001-01-22;6.8;6.8;6.5;6.62;37900.0
2001-01-23;6.98;7.81;6.94;7.81;77000.0
2001-01-24;7.81;8.19;7.62;7.94;148600.0
2001-01-25;8.31;10.06;8.25;9.97;620100.0
2001-01-26;9.8;9.97;9.38;9.81;183800.0
2001-01-29;9.8;9.88;9.69;9.69;46900.0
2001-01-30;9.7;9.75;9.56;9.75;50900.0
2001-01-31;9.72;10.31;9.72;10.25;139700.0
2001-02-01;10.19;10.19;9.75;9.81;22700.0
2001-02-02;10.0;10.0;9.62;9.94;39100.0
2001-02-05;9.89;9.94;9.44;9.66;21800.0
2001-02-06;9.5;9.94;9.44;9.94;25000.0
2001-02-07;9.5;9.88;9.5;9.88;50000.0
2001-02-08;9.62;9.94;9.62;9.88;45100.0
2001-02-09;9.88;10.06;9.83;10.06;113700.0
2001-02-12;9.88;10.06;9.88;9.94;141600.0
2001-02-13;9.88;10.03;9.88;9.98;81800.0
2001-02-14;10.0;10.06;9.94;10.0;42700.0
2001-02-15;9.94;10.06;9.94;10.06;30700.0
2001-02-16;9.97;10.06;9.94;9.94;180200.0
2001-02-20;9.94;10.06;9.94;10.0;58100.0
2001-02-21;9.98;10.12;9.94;10.12;39800.0
2001-02-22;9.98;10.12;9.94;10.0;41000.0
2001-02-23;10.0;10.0;9.94;10.0;5000.0
2001-02-26;9.94;10.0;9.94;9.98;60300.0
2001-02-27;9.97;10.0;9.94;10.0;45000.0
2001-02-28;10.0;10.0;9.94;10.0;62400.0
2001-03-01;9.94;10.0;9.88;9.94;45200.0
2001-03-02;9.94;10.0;9.94;10.0;52000.0
2001-03-05;10.0;10.0;9.94;9.94;9900.0
2001-03-06;9.94;10.0;9.94;10.0;35600.0
2001-03-07;10.0;10.12;9.94;9.94;5600.0
2001-03-08;9.95;10.12;9.94;10.12;6500.0
2001-03-09;10.0;10.11;9.94;10.0;8800.0
2001-03-12;9.94;10.0;9.88;9.94;58300.0
2001-03-13;9.81;9.94;9.44;9.94;33700.0
2001-03-14;9.94;10.0;9.81;10.0;40600.0
2001-03-15;9.92;10.0;9.92;10.0;40500.0
2001-03-16;9.88;10.0;9.56;9.75;19300.0
2001-03-19;9.75;10.0;9.75;10.0;61900.0
2001-03-20;10.0;10.12;9.88;9.88;17900.0
2001-03-21;9.75;9.81;9.12;9.19;58600.0
2001-03-22;9.25;9.27;6.75;7.75;44100.0
2001-03-23;7.75;8.62;7.75;8.5;22700.0
2001-03-26;8.12;8.5;8.12;8.25;12000.0
2001-03-27;8.38;8.5;8.25;8.38;4900.0
2001-03-28;8.25;8.25;7.81;8.0;54400.0
2001-03-29;7.88;7.88;7.56;7.56;8800.0
2001-03-30;7.5;7.53;7.19;7.38;11600.0
2001-04-02;7.25;7.75;7.25;7.5;20000.0
2001-04-03;7.5;7.69;7.12;7.19;13100.0
2001-04-04;7.12;7.38;6.38;6.38;28100.0
2001-04-05;6.75;6.75;6.38;6.5;4500.0
2001-04-06;6.5;6.62;6.38;6.41;29000.0
2001-04-09;6.25;6.84;6.25;6.8;10500.0
2001-04-10;6.55;7.06;6.38;7.0;25800.0
2001-04-11;7.06;7.06;6.86;7.05;5800.0
2001-04-12;7.0;7.05;6.56;7.0;7000.0
2001-04-16;6.95;7.0;6.8;7.0;7900.0
2001-04-17;6.8;7.05;6.8;6.94;9300.0
2001-04-18;6.9;7.06;6.86;7.06;7200.0
2001-04-19;7.06;7.31;7.02;7.18;34700.0
2001-04-20;7.45;7.49;7.39;7.45;10200.0
2001-04-23;7.5;7.5;7.14;7.14;9800.0
2001-04-24;7.14;7.44;7.12;7.39;14400.0
2001-04-25;7.39;7.45;7.15;7.45;11000.0
2001-04-26;7.45;7.45;7.24;7.24;2300.0
2001-04-27;7.23;7.42;7.2;7.38;6600.0
2001-04-30;7.38;7.49;7.38;7.48;7800.0
2001-05-01;7.48;9.18;7.45;9.05;47100.0
2001-05-02;9.14;9.2;8.95;9.17;51900.0
2001-05-03;9.25;9.25;9.0;9.0;11900.0
2001-05-04;9.14;9.28;9.03;9.28;206300.0
2001-05-07;9.28;9.32;9.2;9.32;31700.0
2001-05-08;9.26;9.38;9.26;9.35;37600.0
2001-05-09;9.26;9.45;9.26;9.38;35100.0
2001-05-10;9.41;9.52;9.41;9.48;65300.0
2001-05-11;9.48;9.53;9.46;9.5;84000.0
2001-05-14;9.52;10.0;9.5;9.95;94800.0
2001-05-15;9.97;11.15;9.6;10.97;454000.0
2001-05-16;10.99;11.2;10.95;11.12;112500.0
2001-05-17;11.23;11.25;11.04;11.12;45800.0
2001-05-18;11.01;11.5;10.6;11.46;73700.0
2001-05-21;11.48;11.9;11.21;11.9;107100.0
2001-05-22;11.91;11.99;11.75;11.85;87100.0
2001-05-23;11.75;11.97;11.5;11.83;99700.0
2001-05-24;11.83;11.85;11.65;11.77;119000.0
2001-05-25;11.7;11.87;11.69;11.8;173000.0
2001-05-29;11.79;11.81;11.74;11.79;134900.0
2001-05-30;11.83;11.85;10.96;11.28;76900.0
2001-05-31;11.35;11.66;11.22;11.45;278500.0
2001-06-01;11.32;11.43;11.17;11.3;120400.0
2001-06-04;11.38;11.4;11.3;11.33;99000.0
2001-06-05;11.41;11.44;11.02;11.34;118400.0
2001-06-06;11.3;11.3;11.03;11.18;50700.0
2001-06-07;11.35;11.35;11.15;11.2;71700.0
2001-06-08;11.19;11.38;11.0;11.35;112100.0
2001-06-11;11.38;11.39;10.78;11.01;151600.0
2001-06-12;11.24;11.3;11.2;11.26;61900.0
2001-06-13;11.25;11.3;11.11;11.16;89000.0
2001-06-14;11.17;11.17;10.95;11.15;49400.0
2001-06-15;11.12;11.12;10.9;11.05;31000.0
2001-06-18;11.14;11.2;11.0;11.07;41800.0
2001-06-19;11.0;11.1;10.95;11.0;27100.0
2001-06-20;11.05;11.12;10.0;10.19;73400.0
2001-06-21;10.21;10.7;10.16;10.59;18800.0
2001-06-22;10.65;11.05;10.65;11.04;42600.0
2001-06-25;11.2;11.2;11.05;11.12;60100.0
2001-06-26;11.12;11.5;11.02;11.33;72500.0
2001-06-27;11.49;11.49;11.0;11.15;45400.0
2001-06-28;11.38;12.0;11.37;11.7;1137400.0
2001-06-29;12.07;12.6;11.97;12.2;1020400.0
2001-07-02;12.61;12.9;12.55;12.55;241300.0
2001-07-03;12.4;12.7;11.9;12.7;48800.0
2001-07-05;13.0;14.21;12.75;14.08;338000.0
2001-07-06;14.0;14.45;13.85;14.42;425500.0
2001-07-09;14.45;14.86;13.65;13.8;413700.0
2001-07-10;13.71;13.72;13.2;13.31;79000.0
2001-07-11;13.16;13.16;12.45;12.92;111700.0
2001-07-12;12.61;13.09;12.6;13.07;130100.0
2001-07-13;13.1;13.7;13.02;13.7;208100.0
2001-07-16;13.7;13.92;13.29;13.43;73500.0
2001-07-17;13.5;13.5;13.17;13.31;267400.0
2001-07-18;13.39;13.39;13.02;13.24;185400.0
2001-07-19;13.32;13.5;12.83;12.95;173500.0
2001-07-20;12.96;13.0;12.5;12.5;33600.0
2001-07-23;12.6;13.35;12.56;13.35;148600.0
2001-07-24;13.34;13.35;12.3;12.54;49200.0
2001-07-25;12.53;13.1;12.53;13.0;45100.0
2001-07-26;13.12;13.12;12.75;13.06;134700.0
2001-07-27;13.14;13.3;13.14;13.26;74000.0
2001-07-30;13.28;13.56;13.22;13.44;235600.0
2001-07-31;13.44;14.8;13.44;14.78;900500.0
2001-08-01;14.59;15.98;14.23;15.97;558600.0
2001-08-02;15.9;15.9;14.4;15.0;131200.0
2001-08-03;14.8;15.31;14.5;15.31;75500.0
2001-08-06;15.45;15.68;14.81;15.53;35000.0
2001-08-07;15.64;16.39;15.15;16.25;108100.0
2001-08-08;16.4;16.85;16.4;16.55;341400.0
2001-08-09;16.28;16.73;15.76;15.95;104100.0
2001-08-10;16.2;16.55;15.76;16.39;201400.0
2001-08-13;15.75;16.38;15.75;16.0;91900.0
2001-08-14;15.94;16.39;15.91;16.11;114300.0
2001-08-15;16.11;16.18;15.91;16.06;86600.0
2001-08-16;15.94;16.49;15.8;16.45;110600.0
2001-08-17;16.39;16.39;15.95;16.25;128200.0
2001-08-20;16.0;16.33;16.0;16.3;284100.0
2001-08-21;16.15;16.3;16.05;16.25;157300.0
2001-08-22;16.3;17.11;16.16;16.41;132000.0
2001-08-23;16.36;16.98;15.88;16.15;80500.0
2001-08-24;15.91;16.49;15.91;16.05;30300.0
2001-08-27;15.95;16.53;15.95;16.38;145800.0
2001-08-28;16.25;16.25;15.95;16.02;66500.0
2001-08-29;16.1;16.1;15.9;16.0;466600.0
2001-08-30;15.95;16.05;15.75;16.05;40600.0
2001-08-31;15.81;16.05;15.81;16.05;89800.0
2001-09-04;16.0;16.19;15.9;15.93;55200.0
2001-09-05;16.07;16.2;15.75;16.15;77500.0
2001-09-06;16.2;16.2;15.81;16.0;76000.0
2001-09-07;16.09;16.09;14.01;14.7;72800.0
2001-09-10;14.0;14.3;12.94;14.05;172900.0
2001-09-17;13.9;13.97;13.1;13.2;97100.0
2001-09-18;13.32;13.55;12.59;12.7;191300.0
2001-09-19;12.75;12.8;11.93;12.04;181900.0
2001-09-20;12.0;12.1;11.13;11.13;160500.0
2001-09-21;11.11;11.2;10.6;11.05;77600.0
2001-09-24;11.14;11.3;11.0;11.11;97900.0
2001-09-25;11.2;12.61;11.2;12.21;191200.0
2001-09-26;12.59;12.98;12.57;12.78;219100.0
2001-09-27;12.72;12.9;12.6;12.82;205600.0
2001-09-28;12.96;13.45;12.85;13.09;186900.0
2001-10-01;13.44;13.69;13.44;13.6;319800.0
2001-10-02;13.51;14.24;13.51;14.0;253000.0
2001-10-03;14.24;14.28;13.78;13.94;92100.0
2001-10-04;14.1;14.2;12.98;12.98;95500.0
2001-10-05;13.0;13.03;12.54;12.54;259800.0
2001-10-08;12.48;13.16;12.26;12.92;122200.0
2001-10-09;13.03;13.78;12.9;13.78;158000.0
2001-10-10;13.5;14.0;13.5;14.0;198500.0
2001-10-11;14.0;14.13;13.73;13.76;51200.0
2001-10-12;13.72;13.78;12.52;12.55;155300.0
2001-10-15;12.5;13.0;12.5;12.55;127000.0
2001-10-16;12.55;12.78;12.38;12.54;175500.0
2001-10-17;12.4;12.52;12.29;12.29;56900.0
2001-10-18;12.3;12.32;11.5;11.5;75200.0
2001-10-19;11.8;12.02;11.53;11.75;19900.0
2001-10-22;11.6;12.38;11.5;11.6;62600.0
2001-10-23;11.79;12.1;11.65;11.74;62400.0
2001-10-24;11.55;11.93;11.34;11.35;75400.0
2001-10-25;11.5;11.86;11.3;11.65;277400.0
2001-10-26;11.86;11.86;11.26;11.31;111300.0
2001-10-29;11.36;11.49;10.86;10.86;132300.0
2001-10-30;10.9;11.0;9.05;9.25;394100.0
2001-10-31;10.36;10.4;8.73;9.07;463800.0
2001-11-01;9.14;9.4;8.75;9.0;434000.0
2001-11-02;8.9;9.14;8.66;8.8;355400.0
2001-11-05;9.05;9.42;8.82;8.95;99000.0
2001-11-06;8.96;9.04;8.8;8.84;322100.0
2001-11-07;8.85;9.0;8.21;8.3;228200.0
2001-11-08;8.41;9.11;8.41;9.05;84500.0
2001-11-09;9.15;9.33;9.0;9.07;182500.0
2001-11-12;9.07;9.68;8.91;9.44;61100.0
2001-11-13;9.27;9.65;9.25;9.44;75500.0
2001-11-14;9.65;9.65;9.15;9.61;35600.0
2001-11-15;9.37;9.69;9.36;9.69;36500.0
2001-11-16;9.59;9.6;9.47;9.55;24600.0
2001-11-19;9.55;9.6;9.17;9.27;46200.0
2001-11-20;9.1;9.22;8.82;9.0;199100.0
2001-11-21;9.01;9.1;8.75;8.77;176900.0
2001-11-23;8.82;9.05;8.82;9.01;147000.0
2001-11-26;9.02;9.1;9.01;9.06;218100.0
2001-11-27;9.2;9.2;8.92;8.92;91400.0
2001-11-28;8.93;9.34;8.93;9.16;305000.0
2001-11-29;9.19;9.65;9.19;9.38;319900.0
2001-11-30;9.5;10.74;9.47;10.6;205300.0
2001-12-03;10.8;11.61;10.8;11.5;214100.0
2001-12-04;11.55;11.99;11.51;11.95;304000.0
2001-12-05;11.95;12.25;11.4;11.9;173600.0
2001-12-06;11.5;11.9;11.4;11.56;388900.0
2001-12-07;11.65;11.65;10.08;10.65;550900.0
2001-12-10;10.39;10.62;9.94;10.52;118700.0
2001-12-11;11.0;11.3;10.9;11.02;2005400.0
2001-12-12;11.0;11.31;10.9;11.0;391800.0
2001-12-13;11.1;12.0;10.87;11.97;402100.0
2001-12-14;12.95;13.0;12.23;12.65;738600.0
2001-12-17;12.56;12.7;12.16;12.3;227900.0
2001-12-18;12.37;12.85;12.16;12.85;534600.0
2001-12-19;12.9;13.37;12.48;13.23;419400.0
2001-12-20;12.75;13.12;12.7;13.1;277900.0
2001-12-21;13.18;13.48;12.95;13.25;193200.0
2001-12-24;13.48;13.85;13.09;13.43;38400.0
2001-12-26;13.3;13.69;12.9;13.5;132300.0
2001-12-27;13.62;13.66;12.9;13.41;136200.0
2001-12-28;13.11;13.48;12.8;13.03;225600.0
2001-12-31;13.04;13.44;12.8;13.44;300300.0
2002-01-02;13.4;13.43;13.07;13.36;122500.0
2002-01-03;13.4;13.5;12.95;13.44;182700.0
2002-01-04;13.4;13.49;13.0;13.25;175500.0
2002-01-07;13.16;13.34;13.01;13.15;174300.0
2002-01-08;13.15;13.19;12.82;13.15;86400.0
2002-01-09;12.86;13.21;12.84;13.08;257900.0
2002-01-10;13.2;13.21;13.01;13.12;57600.0
2002-01-11;13.24;13.36;13.05;13.15;138000.0
2002-01-14;13.01;13.26;12.51;12.98;279200.0
2002-01-15;12.96;13.07;12.96;13.0;92600.0
2002-01-16;12.99;13.05;12.95;13.0;61300.0
2002-01-17;13.02;13.06;12.95;13.03;73800.0
2002-01-18;12.96;13.21;12.95;13.05;202100.0
2002-01-22;13.0;13.05;12.95;13.02;236600.0
2002-01-23;12.99;13.06;12.99;13.01;44200.0
2002-01-24;13.0;13.09;12.98;13.07;371900.0
2002-01-25;13.05;13.18;12.99;13.05;200600.0
2002-01-28;13.05;13.2;13.0;13.05;92700.0
2002-01-29;13.04;13.15;12.96;13.0;82400.0
2002-01-30;12.95;12.99;12.6;12.71;129100.0
2002-01-31;12.71;13.32;12.67;13.32;214100.0
2002-02-01;13.25;13.72;13.05;13.11;316700.0
2002-02-04;13.05;13.25;12.25;12.35;246300.0
2002-02-05;12.2;12.5;12.2;12.4;218900.0
2002-02-06;12.2;12.25;11.84;12.06;204700.0
2002-02-07;12.25;12.4;11.76;11.77;129600.0
2002-02-08;12.1;12.1;11.76;12.0;39900.0
2002-02-11;11.92;12.25;11.92;12.0;151500.0
2002-02-12;12.0;12.84;11.99;12.48;613800.0
2002-02-13;12.8;12.8;12.18;12.2;528500.0
2002-02-14;12.17;12.25;11.6;11.62;267600.0
2002-02-15;11.67;11.8;11.3;11.47;103900.0
2002-02-19;11.5;11.52;10.65;10.96;179900.0
2002-02-20;10.95;11.07;10.31;10.45;77700.0
2002-02-21;10.37;11.1;10.2;10.26;228600.0
2002-02-22;10.26;10.46;9.75;9.95;127200.0
2002-02-25;9.8;10.16;9.8;10.03;195000.0
2002-02-26;10.3;10.48;10.15;10.3;212100.0
2002-02-27;10.43;10.5;10.0;10.0;188700.0
2002-02-28;10.5;10.5;9.96;10.23;234000.0
2002-03-01;10.24;10.35;10.19;10.24;67200.0
2002-03-04;10.35;10.59;10.25;10.35;157200.0
2002-03-05;10.41;10.6;10.22;10.3;54300.0
2002-03-06;10.17;10.25;10.06;10.14;73700.0
2002-03-07;10.25;10.5;10.02;10.25;64000.0
2002-03-08;10.0;10.19;6.41;6.72;2400700.0
2002-03-11;7.4;7.41;6.8;7.01;703400.0
2002-03-12;7.2;7.2;6.75;6.94;697700.0
2002-03-13;6.73;7.2;6.0;7.12;1652500.0
2002-03-14;7.15;7.4;6.95;7.22;723100.0
2002-03-15;7.26;7.59;7.17;7.25;294800.0
2002-03-18;7.56;7.56;7.1;7.17;723600.0
2002-03-19;7.44;7.45;7.2;7.3;403100.0
2002-03-20;7.33;7.49;7.24;7.27;274300.0
2002-03-21;7.28;7.32;7.1;7.19;143800.0
2002-03-22;7.2;7.28;7.11;7.18;231000.0
2002-03-25;7.21;7.25;6.67;6.85;686600.0
2002-03-26;6.83;7.0;6.67;6.7;80500.0
2002-03-27;6.8;6.97;6.66;6.83;150200.0
2002-03-28;6.94;7.0;6.83;6.94;137100.0
2002-04-01;6.98;6.99;6.58;6.92;170400.0
2002-04-02;6.56;7.2;6.55;6.9;424300.0
2002-04-03;6.85;7.12;6.85;7.01;86700.0
2002-04-04;7.08;7.08;6.85;6.99;140600.0
2002-04-05;7.0;7.1;6.8;7.02;115800.0
2002-04-08;6.92;7.07;6.91;7.0;133800.0
2002-04-09;7.0;7.08;7.0;7.04;71000.0
2002-04-10;6.97;7.11;6.93;7.11;256200.0
2002-04-11;7.11;7.14;7.03;7.04;123500.0
2002-04-12;7.08;7.15;7.04;7.08;118900.0
2002-04-15;7.14;7.14;6.96;7.09;141100.0
2002-04-16;7.09;7.26;6.96;7.13;82100.0
2002-04-17;7.22;7.22;7.01;7.09;148100.0
2002-04-18;7.09;7.18;7.02;7.1;121000.0
2002-04-19;7.1;7.24;7.04;7.2;101100.0
2002-04-22;7.2;7.33;7.04;7.18;139500.0
2002-04-23;7.11;7.99;7.11;7.79;248900.0
2002-04-24;7.99;7.99;7.5;7.5;149300.0
2002-04-25;7.42;7.65;7.25;7.27;82600.0
2002-04-26;7.28;7.31;7.06;7.06;64500.0
2002-04-29;7.05;7.06;6.8;6.93;107000.0
2002-04-30;6.94;7.04;6.8;6.9;210900.0
2002-05-01;7.0;7.14;6.84;7.07;76200.0
2002-05-02;7.09;7.12;6.93;7.11;45700.0
2002-05-03;7.05;7.14;7.03;7.1;44800.0
2002-05-06;7.02;7.35;7.02;7.06;96600.0
2002-05-07;7.1;7.15;7.0;7.1;136600.0
2002-05-08;7.05;7.18;7.02;7.14;82400.0
2002-05-09;7.15;7.3;7.15;7.16;113500.0
2002-05-10;7.2;7.34;7.16;7.28;48900.0
2002-05-13;7.31;7.4;7.17;7.39;120600.0
2002-05-14;7.5;7.6;7.33;7.51;144900.0
2002-05-15;7.6;7.95;7.47;7.79;267500.0
2002-05-16;7.66;8.0;7.66;7.79;94900.0
2002-05-17;7.85;7.96;7.7;7.8;89400.0
2002-05-20;7.62;8.04;7.58;8.0;127200.0
2002-05-21;8.08;8.09;7.83;7.84;87200.0
2002-05-22;7.85;8.02;7.8;7.95;70700.0
2002-05-23;7.81;8.05;7.81;7.95;37400.0
2002-05-24;8.01;8.06;7.9;7.9;45200.0
2002-05-28;7.95;8.01;7.55;7.9;87000.0
2002-05-29;8.77;8.84;8.17;8.2;572900.0
2002-05-30;8.2;8.45;8.09;8.25;180200.0
2002-05-31;8.26;8.5;8.0;8.38;177500.0
2002-06-03;8.43;8.5;8.03;8.37;75400.0
2002-06-04;8.39;8.4;7.99;7.99;81300.0
2002-06-05;7.99;8.13;7.85;8.02;41400.0
2002-06-06;8.0;8.15;7.85;7.95;64800.0
2002-06-07;7.9;8.01;7.5;8.01;75200.0
2002-06-10;7.85;8.15;7.8;8.15;66500.0
2002-06-11;8.14;8.15;7.85;7.85;42600.0
2002-06-12;7.73;8.0;7.72;8.0;42400.0
2002-06-13;7.75;8.1;7.75;7.75;31400.0
2002-06-14;7.73;7.87;7.5;7.86;48000.0
2002-06-17;7.81;8.03;7.81;8.03;57200.0
2002-06-18;8.04;8.28;7.95;8.0;110200.0
2002-06-19;7.87;7.97;7.11;7.3;183200.0
2002-06-20;7.32;7.72;7.25;7.62;98100.0
2002-06-21;7.89;7.89;7.51;7.54;88500.0
2002-06-24;7.6;7.6;7.12;7.49;130700.0
2002-06-25;7.55;7.57;7.27;7.3;72400.0
2002-06-26;7.2;7.25;6.75;7.05;373900.0
2002-06-27;7.01;7.48;6.97;7.0;140900.0
2002-06-28;7.29;7.66;7.02;7.49;653300.0
2002-07-01;7.47;7.47;7.1;7.1;90500.0
2002-07-02;7.14;7.19;6.82;7.0;74100.0
2002-07-03;6.75;6.94;6.39;6.67;65200.0
2002-07-05;6.35;6.72;6.33;6.6;18500.0
2002-07-08;6.6;6.79;6.52;6.52;37800.0
2002-07-09;6.48;6.67;6.48;6.48;21700.0
2002-07-10;6.69;6.7;6.18;6.18;29900.0
2002-07-11;6.34;6.5;5.35;5.65;165800.0
2002-07-12;5.7;5.75;5.5;5.52;58400.0
2002-07-15;5.51;5.6;5.0;5.3;103200.0
2002-07-16;5.2;5.21;5.0;5.16;215700.0
2002-07-17;5.47;5.5;5.01;5.3;93200.0
2002-07-18;5.15;5.4;4.99;5.0;98200.0
2002-07-19;5.0;5.14;4.35;4.45;198300.0
2002-07-22;4.43;4.67;3.85;3.9;257700.0
2002-07-23;4.1;4.1;3.04;3.23;416700.0
2002-07-24;3.16;3.2;2.9;3.15;394600.0
2002-07-25;3.2;3.98;3.15;3.72;557400.0
2002-07-26;3.73;3.9;3.65;3.88;81400.0
2002-07-29;3.89;4.28;3.77;4.28;115900.0
2002-07-30;4.32;4.43;4.12;4.43;60200.0
2002-07-31;4.45;4.57;4.28;4.41;76500.0
2002-08-01;4.52;5.0;4.35;4.94;96800.0
2002-08-02;4.9;5.0;4.76;4.99;87800.0
2002-08-05;4.99;4.99;4.74;4.75;46600.0
2002-08-06;4.95;4.99;4.72;4.96;68000.0
2002-08-07;4.76;4.97;4.65;4.79;263600.0
2002-08-08;4.7;5.49;4.53;5.25;248900.0
2002-08-09;5.33;5.52;5.25;5.29;47500.0
2002-08-12;5.18;5.47;5.16;5.26;46600.0
2002-08-13;5.26;5.45;5.22;5.25;65700.0
2002-08-14;5.23;5.95;5.16;5.9;74800.0
2002-08-15;5.95;6.04;5.83;6.04;44800.0
2002-08-16;5.97;6.18;5.97;6.03;58300.0
2002-08-19;6.0;6.24;5.97;6.2;66500.0
2002-08-20;6.11;6.48;6.06;6.42;80000.0
2002-08-21;6.79;6.8;6.2;6.5;105800.0
2002-08-22;6.58;6.98;6.4;6.78;237200.0
2002-08-23;6.88;6.9;6.3;6.5;130300.0
2002-08-26;6.55;6.65;6.5;6.6;29400.0
2002-08-27;6.85;6.98;6.72;6.88;186100.0
2002-08-28;6.87;6.87;6.55;6.59;47100.0
2002-08-29;6.52;6.79;6.31;6.7;40500.0
2002-08-30;6.63;6.79;6.35;6.77;35300.0
2002-09-03;6.38;6.59;5.86;5.87;126700.0
2002-09-04;6.0;6.33;5.75;6.33;34600.0
2002-09-05;6.21;6.21;5.77;5.98;23500.0
2002-09-06;5.98;5.99;5.71;5.83;44500.0
2002-09-09;5.8;6.0;5.53;6.0;50300.0
2002-09-10;6.0;6.08;5.64;5.86;21000.0
2002-09-11;5.89;6.12;5.81;5.9;29500.0
2002-09-12;5.81;6.06;5.81;6.04;21500.0
2002-09-13;5.92;5.96;5.75;5.89;31000.0
2002-09-16;5.72;6.04;5.72;5.83;26800.0
2002-09-17;5.82;5.95;5.8;5.81;33800.0
2002-09-18;5.83;5.89;5.25;5.62;64200.0
2002-09-19;5.62;5.62;5.0;5.1;74800.0
2002-09-20;5.1;5.1;4.51;4.62;189300.0
2002-09-23;4.54;4.6;4.1;4.4;113800.0
2002-09-24;4.1;4.58;4.1;4.5;40400.0
2002-09-25;4.67;4.79;4.46;4.7;33300.0
2002-09-26;4.47;4.99;4.47;4.99;23800.0
2002-09-27;4.97;5.17;4.82;5.05;118000.0
2002-09-30;5.04;5.21;4.51;4.86;134400.0
2002-10-01;4.87;5.15;4.69;5.14;52700.0
2002-10-02;5.13;5.15;4.95;5.01;47900.0
2002-10-03;5.0;5.09;4.36;4.77;69200.0
2002-10-04;4.61;4.7;4.5;4.52;12000.0
2002-10-07;4.49;4.51;4.25;4.37;41300.0
2002-10-08;4.37;4.5;4.3;4.41;45700.0
2002-10-09;4.22;4.32;4.02;4.09;68500.0
2002-10-10;4.02;4.55;4.01;4.54;26000.0
2002-10-11;4.55;4.91;4.55;4.9;25800.0
2002-10-14;3.95;4.52;2.75;2.99;1084500.0
2002-10-15;3.09;3.14;2.8;2.88;410400.0
2002-10-16;2.91;3.3;2.79;3.17;195700.0
2002-10-17;3.22;3.29;3.0;3.27;89100.0
2002-10-18;3.2;3.8;3.15;3.75;92400.0
2002-10-21;3.71;3.72;3.51;3.69;58000.0
2002-10-22;3.59;3.73;3.58;3.65;29800.0
2002-10-23;3.75;3.75;3.5;3.63;42300.0
2002-10-24;3.65;3.65;3.5;3.57;83300.0
2002-10-25;3.55;3.6;3.53;3.6;36300.0
2002-10-28;3.7;4.6;3.7;4.32;183700.0
2002-10-29;4.33;4.42;4.21;4.35;85300.0
2002-10-30;4.4;4.89;4.35;4.87;145300.0
2002-10-31;4.75;5.24;4.61;5.07;89500.0
2002-11-01;5.05;5.68;5.05;5.68;117100.0
2002-11-04;5.46;6.01;5.36;5.68;135000.0
2002-11-05;5.9;6.08;5.67;5.98;111100.0
2002-11-06;6.09;6.12;6.03;6.1;99400.0
2002-11-07;6.07;6.24;6.0;6.11;133200.0
2002-11-08;6.12;6.2;5.73;5.87;135700.0
2002-11-11;6.1;6.1;5.6;5.6;52100.0
2002-11-12;5.63;5.7;5.02;5.19;64700.0
2002-11-13;5.44;5.48;5.07;5.1;37600.0
2002-11-14;5.26;5.63;5.07;5.5;47100.0
2002-11-15;5.55;5.55;5.29;5.5;11900.0
2002-11-18;5.44;5.45;5.05;5.05;52700.0
2002-11-19;5.01;5.16;4.57;4.82;60200.0
2002-11-20;4.71;5.0;4.65;4.82;40600.0
2002-11-21;4.95;4.97;4.75;4.87;36300.0
2002-11-22;4.85;5.14;4.79;4.85;32200.0
2002-11-25;4.78;4.94;4.33;4.34;135700.0
2002-11-26;4.49;4.5;4.1;4.11;507100.0
2002-11-27;4.07;4.77;4.07;4.6;634400.0
2002-11-29;4.54;4.87;4.54;4.87;77800.0
2002-12-02;4.9;5.38;4.74;5.15;301000.0
2002-12-03;5.2;5.25;4.64;4.72;109500.0
2002-12-04;4.6;4.89;4.49;4.6;91300.0
2002-12-05;4.63;4.67;4.4;4.45;78700.0
2002-12-06;4.51;4.58;4.26;4.26;114800.0
2002-12-09;4.3;4.42;4.14;4.17;324900.0
2002-12-10;4.2;4.35;4.16;4.3;213400.0
2002-12-11;4.33;4.44;4.2;4.3;83300.0
2002-12-12;4.36;4.37;4.04;4.1;154100.0
2002-12-13;4.1;4.28;4.0;4.01;35400.0
2002-12-16;4.24;4.24;3.84;3.9;137000.0
2002-12-17;3.93;3.95;3.74;3.79;92700.0
2002-12-18;3.77;3.81;3.5;3.55;178400.0
2002-12-19;3.64;3.79;3.45;3.48;226900.0
2002-12-20;3.6;3.77;3.24;3.28;280800.0
2002-12-23;3.28;3.3;3.17;3.3;536600.0
2002-12-24;3.3;3.55;3.28;3.45;290300.0
2002-12-26;3.54;3.6;3.44;3.58;104400.0
2002-12-27;3.6;3.92;3.6;3.85;107300.0
2002-12-30;3.87;4.06;3.81;3.97;140600.0
2002-12-31;3.97;4.15;3.94;4.01;117400.0
2003-01-02;4.11;4.41;4.1;4.4;292600.0
2003-01-03;4.25;4.73;4.24;4.72;147800.0
2003-01-06;4.7;5.03;4.5;4.67;368100.0
2003-01-07;4.67;4.83;4.5;4.56;126600.0
2003-01-08;4.5;4.61;4.21;4.38;70000.0
2003-01-09;4.49;4.95;4.31;4.94;472300.0
2003-01-10;4.95;5.45;4.79;5.25;396600.0
2003-01-13;5.3;5.39;5.02;5.17;463000.0
2003-01-14;5.09;5.31;5.09;5.3;169800.0
2003-01-15;5.25;5.3;5.1;5.15;150900.0
2003-01-16;5.11;5.18;5.11;5.15;83000.0
2003-01-17;5.11;5.11;4.67;4.78;142700.0
2003-01-21;4.75;4.79;4.25;4.3;140200.0
2003-01-22;4.3;4.58;4.21;4.3;128600.0
2003-01-23;4.4;4.47;4.2;4.25;138700.0
2003-01-24;4.31;4.35;4.1;4.1;134500.0
2003-01-27;4.11;4.24;4.05;4.12;218900.0
2003-01-28;4.12;4.18;3.89;3.96;256500.0
2003-01-29;3.95;4.19;3.94;4.1;174500.0
2003-01-30;4.31;4.34;3.94;3.99;462900.0
2003-01-31;4.72;5.05;4.45;4.63;857400.0
2003-02-03;4.81;4.81;4.25;4.47;104300.0
2003-02-04;4.55;4.55;4.21;4.27;94300.0
2003-02-05;4.22;4.22;4.08;4.12;47900.0
2003-02-06;4.2;4.24;4.06;4.06;58100.0
2003-02-07;4.25;4.25;4.01;4.1;40300.0
2003-02-10;4.05;4.47;4.04;4.47;47800.0
2003-02-11;4.47;4.47;4.15;4.21;281200.0
2003-02-12;4.35;4.47;3.85;3.85;335300.0
2003-02-13;3.98;4.0;3.27;3.36;480900.0
2003-02-14;3.45;3.75;3.24;3.65;230900.0
2003-02-18;3.79;4.0;3.53;3.81;109400.0
2003-02-19;3.87;3.87;3.36;3.6;165800.0
2003-02-20;3.4;3.7;3.4;3.47;156800.0
2003-02-21;3.42;3.58;3.32;3.4;183700.0
2003-02-24;3.45;3.5;3.4;3.44;35700.0
2003-02-25;3.45;3.57;3.26;3.26;70100.0
2003-02-26;3.26;3.5;3.26;3.41;21700.0
2003-02-27;3.44;3.7;3.3;3.42;72100.0
2003-02-28;3.6;3.7;3.36;3.64;56300.0
2003-03-03;3.65;3.65;3.38;3.41;47900.0
2003-03-04;3.35;3.4;3.3;3.32;59600.0
2003-03-05;3.44;3.44;3.25;3.32;58800.0
2003-03-06;3.32;3.32;3.1;3.15;248900.0
2003-03-07;3.17;3.17;3.05;3.07;229000.0
2003-03-10;3.13;3.2;3.03;3.04;110600.0
2003-03-11;3.09;3.27;3.01;3.07;130400.0
2003-03-12;3.06;3.3;3.03;3.24;66000.0
2003-03-13;3.25;3.37;3.08;3.37;164800.0
2003-03-14;3.4;3.45;3.31;3.38;187100.0
2003-03-17;3.33;3.9;3.28;3.89;150000.0
2003-03-18;3.95;4.25;3.61;4.21;248500.0
2003-03-19;4.24;5.05;4.0;4.84;786900.0
2003-03-20;4.6;4.84;4.45;4.59;251200.0
2003-03-21;4.69;4.74;4.15;4.3;293300.0
2003-03-24;4.35;4.38;3.75;3.94;191000.0
2003-03-25;3.93;4.15;3.93;4.05;141500.0
2003-03-26;4.13;4.49;4.11;4.45;224800.0
2003-03-27;4.2;5.15;4.15;4.95;1149300.0
2003-03-28;4.96;5.0;4.61;4.86;594900.0
2003-03-31;4.48;4.79;4.44;4.49;476000.0
2003-04-01;4.51;4.87;4.51;4.77;245400.0
2003-04-02;4.86;5.19;4.75;5.17;253600.0
2003-04-03;5.1;5.85;5.0;5.76;359800.0
2003-04-04;5.88;5.95;5.69;5.89;375100.0
2003-04-07;5.74;6.18;5.73;6.0;282400.0
2003-04-08;5.9;6.3;5.5;5.83;571900.0
2003-04-09;5.68;6.14;5.61;5.8;380600.0
2003-04-10;5.79;5.81;5.53;5.54;106500.0
2003-04-11;5.62;6.2;5.61;6.2;352000.0
2003-04-14;6.16;6.68;6.07;6.5;422600.0
2003-04-15;6.49;6.49;6.0;6.19;207900.0
2003-04-16;6.3;6.33;5.85;5.85;275500.0
2003-04-17;6.0;6.05;5.89;6.0;129700.0
2003-04-21;6.0;6.0;5.82;5.92;78100.0
2003-04-22;5.74;5.96;5.71;5.83;141500.0
2003-04-23;5.82;6.03;5.8;6.0;201400.0
2003-04-24;5.99;6.0;5.65;5.74;427600.0
2003-04-25;5.68;5.87;5.58;5.82;145100.0
2003-04-28;5.95;6.08;5.95;6.04;494200.0
2003-04-29;6.05;6.07;5.98;6.0;221300.0
2003-04-30;6.05;6.06;5.56;5.89;432100.0
2003-05-01;5.75;5.8;5.7;5.72;120300.0
2003-05-02;5.8;6.23;5.76;6.1;292300.0
2003-05-05;6.15;6.15;5.86;5.94;660400.0
2003-05-06;5.85;6.23;5.85;6.14;441700.0
2003-05-07;6.02;6.22;5.85;6.13;803200.0
2003-05-08;6.14;6.15;6.0;6.03;435900.0
2003-05-09;6.11;6.14;5.93;6.02;286200.0
2003-05-12;6.08;6.98;6.0;6.92;997400.0
2003-05-13;6.92;8.2;6.92;7.89;2197400.0
2003-05-14;8.31;8.5;7.95;7.99;1413700.0
2003-05-15;8.12;8.18;7.9;7.95;861200.0
2003-05-16;7.95;8.03;7.84;8.0;400900.0
2003-05-19;8.0;8.07;7.5;7.52;491800.0
2003-05-20;7.63;7.98;7.53;7.72;440800.0
2003-05-21;7.73;7.89;7.58;7.72;182800.0
2003-05-22;7.89;7.92;7.73;7.76;460400.0
2003-05-23;7.88;7.88;7.58;7.86;155500.0
2003-05-27;7.89;8.25;7.86;8.17;478400.0
2003-05-28;8.2;8.3;8.08;8.17;468000.0
2003-05-29;8.62;8.8;8.25;8.32;1246400.0
2003-05-30;8.64;8.64;8.15;8.5;404200.0
2003-06-02;8.67;9.21;8.61;8.71;707900.0
2003-06-03;9.07;9.1;8.75;9.0;354800.0
2003-06-04;9.0;9.05;8.87;8.99;414600.0
2003-06-05;9.09;10.25;8.97;10.14;1717800.0
2003-06-06;10.26;10.7;9.8;9.96;1041700.0
2003-06-09;10.31;10.5;9.75;9.79;433800.0
2003-06-10;9.97;10.09;9.67;10.04;244600.0
2003-06-11;10.05;10.05;9.91;9.95;175600.0
2003-06-12;10.0;11.24;9.96;11.14;1072000.0
2003-06-13;11.25;11.56;10.94;11.21;591100.0
2003-06-16;11.34;12.41;11.33;12.35;1006200.0
2003-06-17;12.72;12.8;12.35;12.55;555900.0
2003-06-18;12.55;12.55;11.5;11.9;550000.0
2003-06-19;11.95;11.95;10.34;10.83;1075400.0
2003-06-20;10.44;11.55;10.44;11.37;730000.0
2003-06-23;11.48;11.8;10.87;11.2;581800.0
2003-06-24;11.2;11.29;10.91;10.91;435800.0
2003-06-25;11.05;11.15;10.9;11.0;553500.0
2003-06-26;10.95;11.48;10.5;11.47;542800.0
2003-06-27;11.31;11.76;11.01;11.54;435000.0
2003-06-30;11.54;12.0;11.32;11.94;687000.0
2003-07-01;11.85;11.93;11.4;11.7;349500.0
2003-07-02;11.57;11.95;11.45;11.91;381800.0
2003-07-03;11.8;11.98;11.71;11.88;104100.0
2003-07-07;11.8;12.15;11.75;11.85;304400.0
2003-07-08;11.8;11.9;11.5;11.8;333600.0
2003-07-09;11.89;11.99;11.53;11.57;355000.0
2003-07-10;11.45;11.49;11.01;11.3;303800.0
2003-07-11;11.34;11.62;11.25;11.6;145500.0
2003-07-14;11.71;12.07;11.7;12.01;338000.0
2003-07-15;12.1;12.49;11.91;12.05;341800.0
2003-07-16;12.31;12.4;11.7;11.79;148700.0
2003-07-17;11.75;12.2;11.42;11.5;208900.0
2003-07-18;11.65;11.75;11.0;11.25;180800.0
2003-07-21;11.25;11.47;10.8;10.95;272600.0
2003-07-22;11.02;11.2;10.77;11.12;117700.0
2003-07-23;11.11;11.23;10.74;10.84;202400.0
2003-07-24;11.0;11.3;10.8;11.2;194500.0
2003-07-25;11.13;11.33;10.8;11.11;102700.0
2003-07-28;11.31;12.46;11.21;12.0;511600.0
2003-07-29;12.22;13.45;11.9;13.39;1453500.0
2003-07-30;13.4;13.55;13.31;13.45;819100.0
2003-07-31;13.46;14.21;11.84;12.3;1523100.0
2003-08-01;12.83;13.1;12.63;12.83;777100.0
2003-08-04;12.93;13.08;11.72;12.06;404700.0
2003-08-05;12.45;12.6;12.26;12.39;256100.0
2003-08-06;12.3;12.65;11.75;11.8;281500.0
2003-08-07;11.64;11.7;11.0;11.55;188800.0
2003-08-08;11.55;11.9;11.55;11.55;145700.0
2003-08-11;11.52;12.26;11.05;12.04;416100.0
2003-08-12;12.04;12.4;12.0;12.25;193600.0
2003-08-13;12.25;12.27;11.77;11.98;201200.0
2003-08-14;11.84;12.05;11.65;11.94;111800.0
2003-08-15;11.94;12.09;11.76;11.94;52500.0
2003-08-18;12.04;12.24;11.98;12.24;127300.0
2003-08-19;12.25;12.45;12.13;12.45;166000.0
2003-08-20;12.4;12.45;12.07;12.14;106400.0
2003-08-21;12.03;12.2;11.88;11.98;144700.0
2003-08-22;11.8;12.09;11.8;11.83;193400.0
2003-08-25;11.8;12.0;11.78;11.94;137800.0
2003-08-26;11.89;12.0;11.83;11.93;117300.0
2003-08-27;11.83;12.15;11.75;12.06;190200.0
2003-08-28;12.08;12.28;11.85;12.26;234300.0
2003-08-29;12.0;13.26;11.9;13.0;1460300.0
2003-09-02;13.12;14.21;13.08;13.91;931200.0
2003-09-03;14.0;14.49;13.34;13.75;450000.0
2003-09-04;13.8;14.5;13.7;14.33;435800.0
2003-09-05;14.2;16.25;13.99;15.16;1888500.0
2003-09-08;14.58;15.31;14.5;15.05;613200.0
2003-09-09;14.89;15.8;14.89;15.14;596100.0
2003-09-10;15.35;15.55;15.0;15.01;266000.0
2003-09-11;15.35;15.4;14.9;14.93;273000.0
2003-09-12;15.13;15.25;14.89;14.99;179600.0
2003-09-15;15.05;15.05;14.7;14.9;273200.0
2003-09-16;15.09;16.0;15.07;15.8;641800.0
2003-09-17;15.94;16.49;15.51;15.57;477800.0
2003-09-18;15.51;15.99;15.5;15.71;191700.0
2003-09-19;15.63;16.0;15.51;15.66;136200.0
2003-09-22;15.6;15.6;14.0;14.51;715700.0
2003-09-23;14.5;15.0;14.5;14.79;299500.0
2003-09-24;14.81;15.0;14.3;14.4;257700.0
2003-09-25;14.45;14.45;12.01;12.96;899100.0
2003-09-26;12.99;13.0;11.41;11.95;886500.0
2003-09-29;12.16;12.24;11.12;11.59;522600.0
2003-09-30;11.61;13.37;11.61;12.51;988300.0
2003-10-01;12.77;13.38;12.51;12.85;713200.0
2003-10-02;13.01;13.9;13.0;13.68;549000.0
2003-10-03;13.75;14.11;13.71;14.02;449800.0
2003-10-06;14.06;14.71;14.05;14.22;407400.0
2003-10-07;14.25;14.41;13.9;14.1;298000.0
2003-10-08;13.91;14.11;13.55;13.95;529500.0
2003-10-09;14.1;14.92;13.92;14.11;387300.0
2003-10-10;14.2;14.38;13.9;14.1;170200.0
2003-10-13;14.29;14.3;13.91;14.04;200900.0
2003-10-14;14.01;14.1;13.91;14.04;142400.0
2003-10-15;14.05;14.07;13.73;13.81;126200.0
2003-10-16;13.77;13.92;13.13;13.5;219700.0
2003-10-17;13.41;13.66;12.76;12.77;338400.0
2003-10-20;12.77;13.03;12.3;12.41;283000.0
2003-10-21;12.37;13.23;12.37;13.23;352000.0
2003-10-22;13.19;13.25;12.76;12.96;145800.0
2003-10-23;13.04;13.04;12.24;12.28;241500.0
2003-10-24;12.28;12.84;12.26;12.68;140400.0
2003-10-27;12.64;12.74;11.8;11.91;545500.0
2003-10-28;11.75;12.45;11.57;12.25;907200.0
2003-10-29;11.99;12.35;11.97;12.08;252300.0
2003-10-30;12.18;12.41;11.99;12.24;177900.0
2003-10-31;12.2;12.5;11.8;11.96;292000.0
2003-11-03;11.99;13.0;11.98;12.69;415200.0
2003-11-04;12.6;12.7;12.14;12.14;394100.0
2003-11-05;11.94;12.9;11.75;12.79;739500.0
2003-11-06;12.85;12.89;12.6;12.8;144700.0
2003-11-07;12.87;13.26;12.87;13.25;200400.0
2003-11-10;13.31;13.51;12.1;12.41;377400.0
2003-11-11;12.54;12.81;12.11;12.16;278600.0
2003-11-12;12.24;12.74;12.24;12.69;170800.0
2003-11-13;12.56;12.66;12.29;12.5;273800.0
2003-11-14;12.36;12.7;12.23;12.44;369300.0
2003-11-17;12.35;12.62;11.97;12.6;409400.0
2003-11-18;12.5;13.34;12.45;13.02;764100.0
2003-11-19;13.05;13.38;12.9;13.14;546600.0
2003-11-20;13.1;13.5;12.84;13.16;438500.0
2003-11-21;13.24;13.48;13.02;13.44;1399300.0
2003-11-24;13.4;13.5;13.03;13.47;630500.0
2003-11-25;13.34;13.5;13.25;13.42;524400.0
2003-11-26;13.3;13.9;12.81;13.6;1063800.0
2003-11-28;13.7;14.1;13.65;14.1;282100.0
2003-12-01;14.12;14.26;13.75;14.05;483900.0
2003-12-02;13.91;14.31;13.66;13.78;342700.0
2003-12-03;13.55;14.35;13.54;14.34;735700.0
2003-12-04;14.37;14.49;14.01;14.25;398500.0
2003-12-05;14.36;14.36;13.62;13.9;172900.0
2003-12-08;13.92;14.83;13.64;14.68;727500.0
2003-12-09;14.94;15.0;14.39;14.39;611000.0
2003-12-10;14.68;14.72;13.48;13.64;400700.0
2003-12-11;13.51;14.34;13.11;14.34;357700.0
2003-12-12;14.38;14.38;13.79;13.91;322500.0
2003-12-15;14.07;14.32;13.42;13.53;303700.0
2003-12-16;13.41;13.65;13.01;13.39;332600.0
2003-12-17;13.24;13.78;13.11;13.65;262400.0
2003-12-18;13.52;13.86;13.43;13.52;190500.0
2003-12-19;13.56;14.0;13.23;13.93;379700.0
2003-12-22;13.91;14.02;13.51;13.98;229300.0
2003-12-23;13.8;14.19;13.5;14.19;291000.0
2003-12-24;14.5;15.0;14.23;14.66;594100.0
2003-12-26;14.71;14.75;14.35;14.57;151800.0
2003-12-29;14.49;14.85;14.49;14.72;277600.0
2003-12-30;14.48;14.94;14.21;14.8;253800.0
2003-12-31;14.81;14.95;14.32;14.39;262500.0
2004-01-02;14.39;14.65;14.25;14.6;173600.0
2004-01-05;14.42;16.69;14.32;15.72;1425900.0
2004-01-06;16.65;17.05;16.1;16.88;1263500.0
2004-01-07;16.82;16.95;16.5;16.65;317500.0
2004-01-08;16.76;17.24;16.2;16.54;1105200.0
2004-01-09;16.37;17.45;16.3;16.65;805300.0
2004-01-12;16.96;16.96;16.3;16.5;360700.0
2004-01-13;16.54;16.63;16.0;16.11;311900.0
2004-01-14;16.1;17.05;16.1;16.81;979200.0
2004-01-15;16.9;17.13;16.39;17.0;694500.0
2004-01-16;16.7;17.89;16.45;17.18;1574900.0
2004-01-20;17.18;17.4;16.76;17.29;626900.0
2004-01-21;17.31;17.41;16.92;17.25;329800.0
2004-01-22;16.99;17.44;16.7;17.0;306800.0
2004-01-23;17.1;17.61;16.93;17.54;325500.0
2004-01-26;17.53;17.69;17.06;17.6;329300.0
2004-01-27;17.61;17.74;17.32;17.61;354400.0
2004-01-28;17.67;19.2;16.89;17.51;1692600.0
2004-01-29;17.45;20.51;17.45;19.19;2509800.0
2004-01-30;19.18;19.61;18.61;18.9;527200.0
2004-02-02;18.8;19.56;18.8;19.12;331000.0
2004-02-03;19.27;20.0;19.15;19.97;649700.0
2004-02-04;19.99;20.3;19.6;20.08;1022800.0
2004-02-05;20.05;20.05;19.35;19.57;645500.0
2004-02-06;19.74;20.7;19.55;20.58;570400.0
2004-02-09;20.97;22.51;20.81;21.56;1124800.0
2004-02-10;21.55;21.66;20.76;21.0;643200.0
2004-02-11;20.15;21.99;20.13;21.9;1256600.0
2004-02-12;21.89;22.35;21.75;22.21;655800.0
2004-02-13;22.15;22.4;21.99;22.22;424500.0
2004-02-17;21.8;22.42;21.58;21.84;652900.0
2004-02-18;22.12;22.21;21.07;21.14;716600.0
2004-02-19;21.38;21.38;19.63;19.87;681000.0
2004-02-20;19.81;19.85;18.61;18.96;1029700.0
2004-02-23;18.95;19.22;18.46;18.95;717200.0
2004-02-24;18.85;19.0;17.64;17.89;725000.0
2004-02-25;19.25;20.15;19.11;20.03;1689400.0
2004-02-26;20.47;21.43;20.2;21.1;810500.0
2004-02-27;21.23;21.74;20.78;21.6;612300.0
2004-03-01;22.38;23.4;21.76;22.76;1081700.0
2004-03-02;22.88;23.07;22.02;22.39;917500.0
2004-03-03;23.31;23.31;22.5;22.62;477000.0
2004-03-04;22.8;22.8;22.35;22.52;484500.0
2004-03-05;22.93;24.3;22.74;23.18;986800.0
2004-03-08;23.76;24.28;21.46;22.41;1257000.0
2004-03-09;22.3;22.36;21.69;21.8;837600.0
2004-03-10;21.38;21.66;20.05;20.25;805500.0
2004-03-11;19.74;22.32;19.25;20.93;1190100.0
2004-03-12;21.06;22.05;21.06;22.0;786500.0
2004-03-15;22.03;22.05;21.02;21.06;570600.0
2004-03-16;21.1;21.97;20.9;21.56;924100.0
2004-03-17;22.34;22.46;21.75;21.87;561100.0
2004-03-18;21.93;22.0;21.24;21.76;320500.0
2004-03-19;21.88;21.92;21.49;21.55;255200.0
2004-03-22;21.53;22.59;20.45;21.58;1788000.0
2004-03-23;22.0;22.05;20.41;20.81;960200.0
2004-03-24;20.85;21.77;20.85;21.19;836300.0
2004-03-25;21.5;22.04;21.15;21.92;524900.0
2004-03-26;21.91;22.43;21.76;22.24;528600.0
2004-03-29;22.35;22.98;22.26;22.88;401300.0
2004-03-30;21.91;22.45;21.43;21.6;4520300.0
2004-03-31;21.93;22.64;21.85;22.37;2571200.0
2004-04-01;22.33;23.25;22.29;23.23;1743500.0
2004-04-02;23.67;24.33;23.5;24.23;1286200.0
2004-04-05;24.49;25.26;24.13;25.26;935500.0
2004-04-06;25.09;25.28;24.8;25.24;497500.0
2004-04-07;24.99;25.22;24.41;25.07;514500.0
2004-04-08;24.62;25.17;24.62;24.9;652800.0
2004-04-12;24.92;25.03;24.29;24.49;631200.0
2004-04-13;24.71;24.75;22.7;23.25;1396700.0
2004-04-14;23.18;23.98;22.75;23.05;668800.0
2004-04-15;22.95;23.42;22.7;23.31;499800.0
2004-04-16;23.28;23.63;22.91;23.24;398100.0
2004-04-19;23.31;23.62;22.53;23.44;425600.0
2004-04-20;23.25;23.81;23.07;23.13;432200.0
2004-04-21;23.18;23.93;23.09;23.78;356600.0
2004-04-22;23.55;24.61;23.54;24.58;394800.0
2004-04-23;24.62;24.8;23.7;24.65;547300.0
2004-04-26;24.82;25.62;24.63;24.94;724300.0
2004-04-27;25.08;25.27;24.5;25.0;555200.0
2004-04-28;24.83;25.0;23.91;24.08;568400.0
2004-04-29;24.07;24.17;22.74;22.81;780300.0
2004-04-30;22.65;22.91;20.19;20.8;1255000.0
2004-05-03;20.89;22.5;20.79;21.35;1131700.0
2004-05-04;21.58;21.63;20.7;21.0;449700.0
2004-05-05;24.7;25.74;23.75;24.7;3651400.0
2004-05-06;24.75;24.91;24.05;24.23;867300.0
2004-05-07;24.0;24.29;23.17;23.18;1308800.0
2004-05-10;22.75;22.9;20.91;21.02;1833600.0
2004-05-11;21.5;21.9;21.24;21.45;1479800.0
2004-05-12;21.5;22.19;20.55;21.89;1126800.0
2004-05-13;21.94;22.19;21.5;22.0;778100.0
2004-05-14;22.07;22.45;21.42;21.57;931700.0
2004-05-17;21.6;22.1;20.85;21.43;1084500.0
2004-05-18;20.9;20.95;19.92;20.23;1893900.0
2004-05-19;20.28;21.22;20.23;20.38;679600.0
2004-05-20;20.4;20.57;19.31;19.48;1076300.0
2004-05-21;19.51;20.05;19.3;19.64;633300.0
2004-05-24;19.7;20.13;19.1;19.37;803500.0
2004-05-25;19.37;20.49;19.28;20.3;681800.0
2004-05-26;20.3;21.22;20.29;21.12;674200.0
2004-05-27;21.22;21.88;20.98;21.72;1306400.0
2004-05-28;22.4;22.4;21.52;22.15;790800.0
2004-06-01;22.15;22.37;21.5;22.37;704800.0
2004-06-02;22.3;22.7;21.78;22.07;823000.0
2004-06-03;22.16;22.23;21.29;21.39;439000.0
2004-06-04;21.55;22.2;21.31;22.14;456400.0
2004-06-07;22.1;22.1;21.69;21.89;723600.0
2004-06-08;21.25;21.38;21.0;21.29;923500.0
2004-06-09;21.31;21.38;20.21;20.35;840700.0
2004-06-10;20.44;20.69;20.0;20.17;566300.0
2004-06-14;20.0;20.32;19.6;19.9;393400.0
2004-06-15;19.7;20.41;19.63;20.15;354000.0
2004-06-16;20.04;20.56;19.97;20.47;349600.0
2004-06-17;20.46;20.59;20.01;20.37;298200.0
2004-06-18;20.28;20.51;20.16;20.47;463700.0
2004-06-21;20.18;20.64;20.17;20.3;521600.0
2004-06-22;20.24;20.35;19.31;19.51;676900.0
2004-06-23;19.42;20.25;19.41;20.22;859200.0
2004-06-24;20.25;20.75;19.85;20.29;588100.0
2004-06-25;20.06;20.91;19.77;20.78;1387000.0
2004-06-28;20.95;21.1;18.81;19.53;1884200.0
2004-06-29;19.55;19.57;18.64;19.02;2211700.0
2004-06-30;19.01;19.53;18.8;19.38;720900.0
2004-07-01;19.48;19.5;19.0;19.39;678900.0
2004-07-02;19.1;19.39;18.91;19.12;340100.0
2004-07-06;19.24;19.5;18.62;18.8;520300.0
2004-07-07;18.65;19.22;18.32;18.44;719600.0
2004-07-08;18.23;18.35;17.23;17.39;1103000.0
2004-07-09;17.3;17.35;16.66;16.75;1413000.0
2004-07-12;16.33;16.33;14.61;14.74;2112900.0
2004-07-13;14.82;16.0;14.81;15.68;2045300.0
2004-07-14;15.4;16.71;15.4;16.4;1505300.0
2004-07-15;16.23;17.25;16.23;17.01;1228200.0
2004-07-16;16.98;17.21;16.04;16.17;675700.0
2004-07-19;16.2;16.45;15.85;15.85;538300.0
2004-07-20;15.85;16.3;15.84;16.08;433900.0
2004-07-21;16.0;16.18;15.29;15.31;454900.0
2004-07-22;15.42;15.55;14.71;14.87;947200.0
2004-07-23;14.8;15.0;14.4;14.46;475600.0
2004-07-26;14.47;14.73;13.5;13.78;675600.0
2004-07-27;13.6;14.15;13.41;13.96;766400.0
2004-07-28;13.92;14.0;13.22;13.7;593900.0
2004-07-29;13.8;14.4;13.46;14.18;746800.0
2004-07-30;14.13;14.41;13.94;14.15;439000.0
2004-08-02;14.17;14.66;14.03;14.33;688400.0
2004-08-03;14.48;14.52;13.97;13.97;360200.0
2004-08-04;11.83;12.83;9.79;12.0;7096800.0
2004-08-05;12.0;12.49;11.89;12.0;1698400.0
2004-08-06;11.91;12.31;11.5;12.26;1491500.0
2004-08-09;12.39;12.45;12.04;12.1;909200.0
2004-08-10;12.13;12.8;12.02;12.72;642300.0
2004-08-11;12.73;13.48;12.17;13.46;1458400.0
2004-08-12;13.3;13.4;12.95;13.06;1300400.0
2004-08-13;13.15;13.15;12.4;12.52;601400.0
2004-08-16;12.91;13.88;12.87;13.81;621600.0
2004-08-17;13.92;14.47;13.85;14.37;936000.0
2004-08-18;14.28;15.28;14.27;15.17;1354800.0
2004-08-19;15.18;16.99;14.35;14.83;2050200.0
2004-08-20;15.34;15.34;14.89;15.08;817500.0
2004-08-23;15.22;15.47;15.03;15.42;818200.0
2004-08-24;15.45;15.7;15.28;15.41;677400.0
2004-08-25;15.48;15.58;15.03;15.2;803800.0
2004-08-26;15.22;15.3;14.78;14.8;729000.0
2004-08-27;14.75;15.24;14.75;15.18;433200.0
2004-08-30;15.0;15.25;14.55;14.55;496200.0
2004-08-31;14.77;14.92;14.13;14.31;1407900.0
2004-09-01;14.31;15.29;14.31;14.87;810900.0
2004-09-02;14.81;15.16;14.63;15.04;409800.0
2004-09-03;14.98;15.14;14.5;14.81;430000.0
2004-09-07;15.08;15.33;14.94;15.1;507900.0
2004-09-08;15.11;15.73;15.1;15.51;1007500.0
2004-09-09;15.6;16.92;15.46;16.43;1060400.0
2004-09-10;16.61;17.1;16.25;17.0;1107700.0
2004-09-13;16.99;17.1;16.5;16.57;612300.0
2004-09-14;16.75;17.22;16.38;16.94;717200.0
2004-09-15;17.05;17.09;16.4;16.55;776400.0
2004-09-16;16.6;17.0;16.6;16.81;623500.0
2004-09-17;16.99;17.4;16.74;17.23;1017900.0
2004-09-20;17.26;17.28;16.3;16.86;1190500.0
2004-09-21;16.8;17.16;16.8;17.03;646300.0
2004-09-22;16.98;17.09;16.15;16.19;1078200.0
2004-09-23;16.13;16.46;16.13;16.33;457900.0
2004-09-24;16.29;16.74;16.24;16.24;274600.0
2004-09-27;16.28;16.36;15.8;15.8;1191600.0
2004-09-28;15.81;15.96;15.25;15.87;1257900.0
2004-09-29;16.14;16.19;15.78;15.99;965100.0
2004-09-30;15.89;16.05;15.15;15.36;1020800.0
2004-10-01;15.39;15.9;15.38;15.73;648400.0
2004-10-04;15.88;16.13;15.72;15.74;464100.0
2004-10-05;15.81;16.0;15.66;15.78;411300.0
2004-10-06;15.78;16.0;15.78;15.97;593900.0
2004-10-07;15.81;15.98;15.42;15.49;443200.0
2004-10-08;15.7;15.73;15.45;15.48;291300.0
2004-10-11;15.68;16.18;15.58;15.7;515900.0
2004-10-12;15.72;15.85;15.3;15.71;311400.0
2004-10-13;15.79;15.88;15.16;15.17;466700.0
2004-10-14;15.21;15.43;14.85;14.9;561300.0
2004-10-15;14.89;15.25;14.61;14.93;467800.0
2004-10-18;15.0;15.56;14.7;15.34;611700.0
2004-10-19;15.19;15.44;14.88;14.9;448500.0
2004-10-20;14.92;15.14;14.68;15.0;327400.0
2004-10-21;15.0;15.06;14.68;14.87;473500.0
2004-10-22;14.91;15.03;14.38;14.38;439400.0
2004-10-25;14.48;14.63;13.68;14.21;555300.0
2004-10-26;14.25;14.73;13.87;14.69;434600.0
2004-10-27;14.73;14.77;14.45;14.66;668400.0
2004-10-28;14.58;14.97;14.58;14.66;400000.0
2004-10-29;14.78;14.98;14.36;14.76;473000.0
2004-11-01;14.85;14.89;14.25;14.39;802800.0
2004-11-02;14.4;14.4;13.03;13.25;2674900.0
2004-11-03;13.56;14.0;12.8;13.0;1772500.0
2004-11-04;10.8;11.01;9.76;10.07;6773200.0
2004-11-05;10.29;11.67;10.2;11.17;4027000.0
2004-11-08;11.52;11.67;10.98;11.25;2833300.0
2004-11-09;10.9;12.24;10.9;11.85;2940000.0
2004-11-10;12.01;12.8;12.01;12.73;1703800.0
2004-11-11;12.81;13.38;12.74;13.3;2004800.0
2004-11-12;13.25;13.37;12.57;13.14;750900.0
2004-11-15;12.82;13.47;12.6;12.96;1257600.0
2004-11-16;12.63;13.53;12.55;12.85;1888000.0
2004-11-17;13.04;13.05;12.45;12.65;806200.0
2004-11-18;12.61;12.7;12.19;12.29;832300.0
2004-11-19;12.08;12.71;12.05;12.36;1562900.0
2004-11-22;12.15;12.35;11.95;12.02;1400500.0
2004-11-23;12.02;12.13;11.83;11.99;724500.0
2004-11-24;11.98;12.62;11.9;12.46;575000.0
2004-11-26;12.5;12.85;12.42;12.7;277500.0
2004-11-29;12.85;12.85;12.12;12.36;795600.0
2004-11-30;12.32;12.69;12.3;12.52;435200.0
2004-12-01;12.5;13.29;12.45;13.25;1049600.0
2004-12-02;13.39;13.48;13.08;13.38;944000.0
2004-12-03;13.44;13.74;13.18;13.69;686400.0
2004-12-06;14.92;14.97;14.25;14.44;2083800.0
2004-12-07;14.53;14.96;14.42;14.45;1291600.0
2004-12-08;14.46;14.59;13.99;13.99;1081800.0
2004-12-09;13.69;14.22;13.51;14.13;738800.0
2004-12-10;14.08;14.26;13.76;14.06;780700.0
2004-12-13;14.49;15.0;14.4;14.99;891800.0
2004-12-14;14.77;15.52;14.74;15.46;858700.0
2004-12-15;15.42;16.49;15.42;16.49;1675800.0
2004-12-16;16.14;16.64;15.75;15.97;1409200.0
2004-12-17;15.72;16.17;15.65;15.87;695600.0
2004-12-20;15.71;16.09;15.7;16.04;806700.0
2004-12-21;16.07;16.08;15.02;15.29;1561400.0
2004-12-22;15.55;15.55;15.24;15.31;1165300.0
2004-12-23;15.2;15.39;15.2;15.34;1008700.0
2004-12-27;15.38;15.55;15.22;15.22;566500.0
2004-12-28;15.2;15.64;15.2;15.61;442400.0
2004-12-29;15.71;15.95;15.64;15.84;565200.0
2004-12-30;15.85;16.15;15.75;16.13;493900.0
2004-12-31;16.25;16.38;15.76;15.88;545000.0
2005-01-03;16.1;16.22;15.7;16.09;832800.0
2005-01-04;16.1;16.35;15.66;15.89;1232000.0
2005-01-05;15.88;16.6;15.76;16.42;2501600.0
2005-01-06;16.95;17.03;16.2;16.71;2278600.0
2005-01-07;16.97;16.97;16.53;16.59;952100.0
2005-01-10;16.55;16.95;16.51;16.58;723300.0
2005-01-11;16.5;16.6;16.01;16.06;800600.0
2005-01-12;15.84;16.34;15.77;16.31;1335100.0
2005-01-13;16.4;16.6;16.2;16.32;774900.0
2005-01-14;16.38;16.47;16.0;16.25;674600.0
2005-01-18;16.38;17.34;16.14;17.19;1307000.0
2005-01-19;17.27;17.48;17.1;17.26;824500.0
2005-01-20;17.2;18.09;17.2;17.75;1364900.0
2005-01-21;17.85;18.07;17.65;17.82;724000.0
2005-01-24;17.69;18.05;17.32;17.39;975600.0
2005-01-25;17.43;17.51;16.85;17.01;750200.0
2005-01-26;17.0;17.25;16.66;17.19;678800.0
2005-01-27;17.21;17.21;16.77;16.91;698800.0
2005-01-28;16.77;16.94;16.39;16.81;487100.0
2005-01-31;16.92;17.17;16.71;17.15;699600.0
2005-02-01;17.2;17.39;17.0;17.27;553700.0
2005-02-02;17.5;17.79;17.2;17.44;876500.0
2005-02-03;17.45;17.45;17.1;17.22;517300.0
2005-02-04;17.25;17.65;17.18;17.53;514700.0
2005-02-07;17.54;17.83;17.24;17.34;396300.0
2005-02-08;17.43;17.52;16.93;17.15;586600.0
2005-02-09;17.15;17.35;16.59;16.67;466600.0
2005-02-10;16.67;16.84;16.18;16.58;542800.0
2005-02-11;16.53;16.57;15.77;15.93;1776800.0
2005-02-14;15.9;16.2;15.66;16.1;1086800.0
2005-02-15;16.01;16.63;16.0;16.5;611400.0
2005-02-16;16.5;16.51;16.15;16.31;501500.0
2005-02-17;16.17;16.27;15.91;15.99;613700.0
2005-02-18;16.07;16.18;15.95;15.99;316100.0
2005-02-22;16.3;18.0;16.19;17.13;1611100.0
2005-02-23;17.12;17.35;16.85;17.1;1755700.0
2005-02-24;17.06;17.16;16.65;16.97;1120500.0
2005-02-25;17.25;17.63;17.0;17.63;844700.0
2005-02-28;17.45;17.75;16.44;17.06;1331500.0
2005-03-01;17.1;17.22;16.56;17.1;1005300.0
2005-03-02;16.92;17.43;16.9;17.15;786200.0
2005-03-03;16.97;17.39;16.9;17.2;768700.0
2005-03-04;18.24;19.15;17.81;18.13;2861200.0
2005-03-07;18.58;18.67;18.25;18.25;848900.0
2005-03-08;18.43;19.59;18.41;19.02;2222100.0
2005-03-09;19.12;19.14;18.17;18.87;1320800.0
2005-03-10;18.86;18.97;18.23;18.41;893100.0
2005-03-11;18.49;18.73;17.79;17.83;1548800.0
2005-03-14;17.74;18.17;17.44;17.9;1035000.0
2005-03-15;17.88;18.3;17.23;17.27;1058600.0
2005-03-16;17.39;17.4;16.9;17.14;873900.0
2005-03-17;17.09;17.26;16.51;16.8;933700.0
2005-03-18;16.76;17.86;16.72;17.55;1003900.0
2005-03-21;17.78;17.92;17.14;17.36;523800.0
2005-03-22;17.45;17.62;17.09;17.17;961200.0
2005-03-23;17.17;17.3;16.9;17.16;629300.0
2005-03-24;17.2;17.33;17.03;17.11;634700.0
2005-03-28;17.06;17.62;16.3;16.63;842100.0
2005-03-29;16.57;16.85;15.91;15.98;1209000.0
2005-03-30;16.14;16.49;15.76;16.47;1056400.0
2005-03-31;16.34;16.43;15.85;16.0;1486300.0
2005-04-01;15.69;16.48;15.6;16.15;766100.0
2005-04-04;16.05;17.8;16.05;17.2;1314600.0
2005-04-05;17.55;17.74;16.89;16.99;812200.0
2005-04-06;16.98;17.53;16.98;17.45;583000.0
2005-04-07;19.49;19.5;18.1;18.4;2232900.0
2005-04-08;18.25;19.25;18.22;18.94;1286100.0
2005-04-11;18.85;19.0;18.19;18.32;594700.0
2005-04-12;18.27;18.45;17.64;18.41;521300.0
2005-04-13;18.48;18.5;17.97;18.11;198200.0
2005-04-14;18.1;18.18;17.57;18.0;446800.0
2005-04-15;17.9;18.09;17.71;17.74;289500.0
2005-04-18;17.63;18.5;17.61;18.4;576500.0
2005-04-19;18.33;18.59;17.79;18.11;462000.0
2005-04-20;18.06;18.5;17.63;17.66;648700.0
2005-04-21;17.85;18.0;17.53;17.87;565500.0
2005-04-22;17.7;18.03;17.61;17.78;378700.0
2005-04-25;17.92;18.03;17.75;18.0;264300.0
2005-04-26;17.95;18.23;17.56;17.64;240100.0
2005-04-27;17.6;17.65;17.02;17.25;301500.0
2005-04-28;17.31;17.31;16.41;16.45;570100.0
2005-04-29;16.41;16.86;16.2;16.27;382200.0
2005-05-02;16.24;16.53;16.03;16.11;592600.0
2005-05-03;16.0;16.25;15.5;16.0;1263600.0
2005-05-04;15.96;17.07;15.56;16.74;1169500.0
2005-05-05;16.61;17.0;16.51;16.98;544400.0
2005-05-06;17.08;17.25;16.71;16.87;163900.0
2005-05-09;16.78;17.02;16.58;16.79;213600.0
2005-05-10;16.6;16.75;16.51;16.54;212800.0
2005-05-11;16.51;16.87;16.44;16.64;427700.0
2005-05-12;16.7;16.91;16.51;16.57;426700.0
2005-05-13;16.6;16.65;16.4;16.55;231100.0
2005-05-16;16.51;16.51;16.22;16.47;204300.0
2005-05-17;16.31;16.5;16.0;16.38;702500.0
2005-05-18;16.43;16.43;15.92;16.25;502600.0
2005-05-19;15.88;16.44;15.88;16.34;426300.0
2005-05-20;16.37;16.42;15.68;15.71;497600.0
2005-05-23;15.56;15.85;15.44;15.59;630800.0
2005-05-24;15.43;15.81;15.41;15.75;572400.0
2005-05-25;15.68;15.78;15.59;15.7;465300.0
2005-05-26;15.52;16.03;15.52;16.02;433200.0
2005-05-27;15.99;16.31;15.95;16.22;269900.0
2005-05-31;16.07;16.51;16.07;16.4;334900.0
2005-06-01;16.39;16.6;16.28;16.57;552400.0
2005-06-02;16.5;16.66;16.43;16.56;298300.0
2005-06-03;16.5;16.6;16.35;16.41;490700.0
2005-06-06;16.44;16.45;15.97;16.02;718900.0
2005-06-07;16.0;18.39;15.82;16.71;2555300.0
2005-06-08;16.51;17.02;16.21;16.86;501900.0
2005-06-09;16.86;17.36;16.57;17.2;475600.0
2005-06-10;17.29;17.29;16.9;17.17;279300.0
2005-06-13;17.14;17.24;16.95;17.22;236700.0
2005-06-14;17.14;17.25;16.95;17.0;339700.0
2005-06-15;17.03;17.05;16.68;16.89;220800.0
2005-06-16;16.95;17.15;16.65;16.81;308600.0
2005-06-17;17.02;17.11;16.64;17.05;918700.0
2005-06-20;17.22;17.28;16.83;16.91;535300.0
2005-06-21;16.86;16.99;16.6;16.67;495100.0
2005-06-22;16.63;16.83;15.02;15.09;1902200.0
2005-06-23;15.04;15.83;15.03;15.25;1175700.0
2005-06-24;15.25;15.49;15.25;15.49;337100.0
2005-06-27;15.53;17.25;15.52;16.29;2146200.0
2005-06-28;16.42;16.47;15.96;16.04;642400.0
2005-06-29;16.08;16.22;15.95;16.03;230500.0
2005-06-30;15.97;16.15;15.64;15.72;284500.0
2005-07-01;15.55;15.97;15.55;15.7;218700.0
2005-07-05;15.7;15.78;15.25;15.45;735100.0
2005-07-06;15.41;15.55;15.21;15.27;638200.0
2005-07-07;15.2;15.4;14.85;14.95;662600.0
2005-07-08;14.93;15.53;14.92;15.37;569400.0
2005-07-11;15.37;15.63;15.08;15.15;435300.0
2005-07-12;15.0;15.32;15.0;15.27;452700.0
2005-07-13;15.29;15.29;15.1;15.2;511700.0
2005-07-14;15.41;15.43;14.92;14.98;232300.0
2005-07-15;14.88;15.11;14.56;15.11;345100.0
2005-07-18;14.98;15.06;14.76;14.98;381600.0
2005-07-19;15.02;15.03;14.81;14.89;374200.0
2005-07-20;15.16;16.27;15.04;15.53;1958300.0
2005-07-21;15.5;15.8;15.33;15.56;637000.0
2005-07-22;15.65;15.69;15.4;15.69;303000.0
2005-07-25;15.77;15.77;15.47;15.51;655400.0
2005-07-26;15.6;16.25;15.47;15.99;757400.0
2005-07-27;15.94;15.94;15.36;15.55;945900.0
2005-07-28;15.5;16.19;15.48;16.15;901900.0
2005-07-29;16.46;16.7;15.75;15.9;616200.0
2005-08-01;15.86;16.13;15.75;16.01;504100.0
2005-08-02;15.95;16.27;15.95;16.21;580200.0
2005-08-03;14.53;15.0;13.06;14.76;4603600.0
2005-08-04;14.8;14.86;14.0;14.11;826300.0
2005-08-05;11.42;12.63;10.25;10.28;1.34884E7
2005-08-08;10.5;11.85;10.5;11.06;7189000.0
2005-08-09;11.13;11.23;10.75;10.95;1940500.0
2005-08-10;10.99;11.64;10.97;11.41;1677400.0
2005-08-11;11.45;11.58;11.36;11.5;1517700.0
2005-08-12;11.6;11.6;11.44;11.47;603700.0
2005-08-15;11.46;11.49;11.16;11.22;721600.0
2005-08-16;11.21;11.24;10.92;11.05;962300.0
2005-08-17;11.02;11.05;10.86;10.99;424400.0
2005-08-18;10.95;11.4;10.9;11.35;723300.0
2005-08-19;11.34;11.61;11.23;11.3;1315300.0
2005-08-22;11.35;11.64;11.3;11.64;1677000.0
2005-08-23;11.63;12.03;11.6;11.88;428900.0
2005-08-24;11.94;11.95;11.7;11.85;866100.0
2005-08-25;11.9;11.9;11.7;11.7;444900.0
2005-08-26;11.75;11.78;11.03;11.07;672400.0
2005-08-29;11.08;11.15;10.95;11.14;928900.0
2005-08-30;11.14;11.3;11.12;11.2;258800.0
2005-08-31;11.25;11.25;11.0;11.06;523000.0
2005-09-01;11.06;11.25;11.05;11.15;766000.0
2005-09-02;11.2;11.24;11.15;11.2;262500.0
2005-09-06;11.21;11.91;11.21;11.88;1074200.0
2005-09-07;11.83;11.83;11.55;11.58;332500.0
2005-09-08;11.56;11.6;11.38;11.4;301100.0
2005-09-09;11.38;11.55;11.34;11.46;589500.0
2005-09-12;11.5;11.5;11.2;11.3;101200.0
2005-09-13;11.31;11.58;11.3;11.39;1048600.0
2005-09-14;11.4;11.7;11.33;11.41;371200.0
2005-09-15;11.41;11.45;11.2;11.29;287500.0
2005-09-16;11.3;11.57;11.26;11.4;203300.0
2005-09-19;11.4;11.45;11.05;11.15;577200.0
2005-09-20;11.15;11.15;10.55;10.65;1138900.0
2005-09-21;10.57;10.57;9.7;9.85;1091300.0
2005-09-22;9.91;10.04;9.9;9.98;1954900.0
2005-09-23;9.98;10.0;9.75;9.85;418200.0
2005-09-26;9.85;9.95;9.73;9.73;285500.0
2005-09-27;9.7;10.25;9.65;10.09;239700.0
2005-09-28;10.15;14.65;10.07;10.6;2496800.0
2005-09-29;10.6;11.5;10.6;11.3;1678700.0
2005-09-30;11.4;12.2;11.2;12.13;1733100.0
2005-10-03;12.13;12.5;12.05;12.45;1940200.0
2005-10-04;12.5;12.9;12.5;12.8;1159600.0
2005-10-05;12.9;12.9;12.65;12.7;672100.0
2005-10-06;12.65;12.65;11.95;11.95;658200.0
2005-10-07;12.0;12.1;11.5;11.65;577100.0
2005-10-10;11.75;11.75;11.25;11.25;170300.0
2005-10-11;11.35;11.35;11.2;11.2;244600.0
2005-10-12;11.05;11.27;11.05;11.1;527800.0
2005-10-13;11.05;11.15;10.9;11.0;262400.0
2005-10-14;11.0;11.0;10.6;10.67;991200.0
2005-10-17;10.7;10.75;10.47;10.6;263700.0
2005-10-18;10.5;10.7;10.49;10.5;173200.0
2005-10-19;10.55;10.6;10.45;10.5;635200.0
2005-10-20;10.45;10.6;10.19;10.3;197300.0
2005-10-21;10.35;10.55;10.3;10.4;74000.0
2005-10-24;10.55;10.6;10.35;10.6;91100.0
2005-10-25;10.45;10.6;10.41;10.5;570600.0
2005-10-26;10.5;10.65;10.5;10.55;145100.0
2005-10-27;10.5;10.5;10.3;10.4;241900.0
2005-10-28;10.43;10.59;10.4;10.5;106400.0
2005-10-31;10.55;10.64;10.45;10.6;419500.0
2005-11-01;10.55;10.65;10.55;10.57;355600.0
2005-11-02;10.55;10.8;10.55;10.72;149400.0
2005-11-03;10.75;11.25;10.6;11.2;380300.0
2005-11-04;11.2;11.56;10.94;11.06;243500.0
2005-11-07;11.1;11.1;11.0;11.0;162900.0
2005-11-08;10.77;10.77;10.25;10.4;2029600.0
2005-11-09;10.45;10.45;10.15;10.25;983800.0
2005-11-10;10.2;10.25;10.1;10.15;239400.0
2005-11-11;10.12;10.28;10.07;10.15;284100.0
2005-11-14;10.14;10.15;9.93;10.0;483000.0
2005-11-15;10.0;10.1;9.97;10.04;516100.0
2005-11-16;9.97;10.27;9.8;10.26;229200.0
2005-11-17;10.26;10.43;10.15;10.25;275300.0
2005-11-18;10.25;10.3;10.1;10.22;200000.0
2005-11-21;10.1;10.2;10.0;10.1;197700.0
2005-11-22;10.1;10.6;9.95;10.42;358600.0
2005-11-23;10.4;10.79;10.32;10.76;200700.0
2005-11-25;10.65;10.76;10.46;10.65;73500.0
2005-11-28;10.6;10.85;10.3;10.82;339300.0
2005-11-29;10.8;10.8;9.85;9.97;899200.0
2005-11-30;9.96;9.98;9.87;9.95;330900.0
2005-12-01;9.95;9.95;9.65;9.75;228000.0
2005-12-02;9.7;9.7;9.05;9.17;325500.0
2005-12-05;9.2;9.3;8.5;9.25;721500.0
2005-12-06;9.25;9.35;9.0;9.0;917800.0
2005-12-07;9.3;9.37;8.92;9.0;1126200.0
2005-12-08;9.02;9.05;8.85;9.0;1085000.0
2005-12-09;8.99;9.0;8.9;8.92;1008400.0
2005-12-12;8.95;9.03;8.93;9.0;620200.0
2005-12-13;8.9;9.05;8.77;8.84;989800.0
2005-12-14;8.85;9.06;8.7;8.8;893600.0
2005-12-15;8.8;8.83;8.54;8.68;392200.0
2005-12-16;8.7;8.97;8.7;8.97;429900.0
2005-12-19;8.98;9.05;8.95;9.0;805300.0
2005-12-20;8.95;9.0;8.93;8.95;342100.0
2005-12-21;8.92;9.1;8.92;9.02;886500.0
2005-12-22;9.0;9.2;9.0;9.11;123100.0
2005-12-23;9.1;9.95;9.1;9.7;373800.0
2005-12-27;9.7;10.1;9.7;10.1;339800.0
2005-12-28;10.01;10.51;10.0;10.51;252400.0
2005-12-29;10.57;10.79;10.3;10.79;817000.0
2005-12-30;10.79;11.15;10.61;10.7;388500.0
2006-01-03;10.7;10.73;9.85;9.98;525000.0
2006-01-04;9.95;10.15;9.95;10.1;386800.0
2006-01-05;10.05;10.05;9.87;10.05;146500.0
2006-01-06;10.0;10.15;10.0;10.15;300800.0
2006-01-09;10.12;10.43;10.1;10.4;199300.0
2006-01-10;10.33;10.35;10.17;10.3;497100.0
2006-01-11;10.2;10.68;10.2;10.65;155700.0
2006-01-12;10.6;10.69;10.45;10.65;93800.0
2006-01-13;10.55;10.68;10.5;10.54;119300.0
2006-01-17;10.6;10.6;10.48;10.52;101600.0
2006-01-18;10.5;10.85;10.45;10.55;325700.0
2006-01-19;10.6;11.55;10.55;11.5;1457900.0
2006-01-20;11.35;11.35;10.2;10.98;267000.0
2006-01-23;10.98;11.07;10.26;10.35;349600.0
2006-01-24;10.4;10.51;10.01;10.51;968800.0
2006-01-25;10.5;11.32;10.22;10.53;296800.0
2006-01-26;10.5;10.5;10.12;10.14;335900.0
2006-01-27;10.15;10.2;9.95;10.01;175700.0
2006-01-30;9.99;10.02;9.73;9.75;390400.0
2006-01-31;9.8;10.1;9.75;10.05;87100.0
2006-02-01;10.1;10.43;9.45;9.75;442100.0
2006-02-02;9.6;10.22;9.6;10.15;106200.0
2006-02-03;10.0;10.42;10.0;10.4;179800.0
2006-02-06;10.43;10.5;10.4;10.45;44700.0
2006-02-07;10.45;10.55;10.4;10.5;42000.0
2006-02-08;10.4;10.6;10.4;10.58;42500.0
2006-02-09;10.58;11.05;10.58;10.85;165100.0
2006-02-10;10.7;10.8;10.65;10.7;23400.0
2006-02-13;10.65;10.75;10.58;10.75;74100.0
2006-02-14;10.75;10.85;10.72;10.75;104100.0
2006-02-15;10.75;11.25;10.75;11.25;867500.0
2006-02-16;11.2;11.75;10.7;11.55;325400.0
2006-02-17;11.7;11.7;11.47;11.65;48000.0
2006-02-21;11.55;11.7;11.35;11.4;170900.0
2006-02-22;11.5;11.5;11.4;11.45;413100.0
2006-02-23;11.43;11.46;11.35;11.4;910500.0
2006-02-24;11.4;11.4;11.09;11.15;25000.0
2006-02-27;11.0;11.4;10.6;11.35;259500.0
2006-02-28;11.35;11.37;11.05;11.2;159200.0
2006-03-01;11.05;11.3;11.05;11.2;95600.0
2006-03-02;11.2;11.25;10.8;10.95;293400.0
2006-03-03;10.9;11.0;10.5;10.5;144100.0
2006-03-06;10.55;10.7;10.25;10.25;27600.0
2006-03-07;9.9;9.9;8.76;8.76;1342300.0
2006-03-08;8.78;9.2;8.78;9.15;1061300.0
2006-03-09;9.1;9.2;8.96;9.08;497700.0
2006-03-10;9.0;9.1;8.95;9.0;181000.0
2006-03-13;9.01;9.2;8.9;8.9;149600.0
2006-03-14;8.9;9.1;8.9;9.05;94700.0
2006-03-15;9.0;9.2;9.0;9.2;464300.0
2006-03-16;9.15;9.35;9.1;9.3;536800.0
2006-03-17;9.3;9.3;9.2;9.25;263900.0
2006-03-20;9.24;9.59;9.24;9.53;690100.0
2006-03-21;9.65;9.65;9.3;9.65;273900.0
2006-03-22;9.52;9.9;9.52;9.85;241400.0
2006-03-23;9.8;9.95;9.75;9.9;179000.0
2006-03-24;9.87;9.95;9.65;9.95;247200.0
2006-03-27;9.9;9.9;9.75;9.9;143200.0
2006-03-28;9.85;9.95;9.75;9.8;187700.0
2006-03-29;9.78;10.04;9.7;9.96;276000.0
2006-03-30;9.95;10.3;9.75;10.0;264200.0
2006-03-31;9.97;10.0;9.8;9.99;179600.0
2006-04-03;9.95;10.1;9.85;10.05;164300.0
2006-04-04;9.95;10.0;9.85;10.0;225700.0
2006-04-05;9.95;10.5;9.9;10.0;326000.0
2006-04-06;10.0;10.01;9.7;9.91;352900.0
2006-04-07;9.8;10.0;9.59;9.66;77600.0
2006-04-10;9.63;10.05;9.63;10.0;292700.0
2006-04-11;10.0;10.02;9.81;9.92;74400.0
2006-04-12;10.0;10.04;9.75;9.95;286700.0
2006-04-13;9.8;9.95;9.8;9.9;49600.0
2006-04-17;9.85;9.96;9.53;9.53;30000.0
2006-04-18;9.53;9.55;9.37;9.4;200400.0
2006-04-19;9.4;9.4;9.0;9.25;321400.0
2006-04-20;9.15;9.36;9.15;9.36;111300.0
2006-04-21;9.3;9.77;9.3;9.6;397200.0
2006-04-24;9.55;9.62;9.4;9.45;334300.0
2006-04-25;9.35;9.48;9.35;9.45;58400.0
2006-04-26;9.45;9.62;9.35;9.37;154100.0
2006-04-27;9.3;9.37;9.05;9.09;210100.0
2006-04-28;9.05;9.3;9.0;9.25;132700.0
2006-05-01;9.22;9.27;8.84;9.0;134000.0
2006-05-02;8.95;8.95;8.73;8.87;404000.0
2006-05-03;8.98;9.1;8.71;9.05;99600.0
2006-05-04;9.0;9.15;8.78;9.0;551100.0
2006-05-05;9.0;9.03;8.75;8.95;354700.0
2006-05-08;8.84;9.05;8.7;8.99;242800.0
2006-05-09;8.92;9.0;8.85;9.0;182800.0
2006-05-10;9.0;9.0;8.9;8.97;180300.0
2006-05-11;8.98;9.0;8.9;9.0;187200.0
2006-05-12;8.98;9.0;8.71;8.9;73000.0
2006-05-15;8.96;9.0;8.75;8.8;41800.0
2006-05-16;8.75;8.79;8.45;8.5;65200.0
2006-05-17;8.5;8.75;8.25;8.6;68700.0
2006-05-18;8.5;8.55;8.2;8.2;90700.0
2006-05-19;8.05;8.25;7.55;7.55;153000.0
2006-05-22;7.59;7.6;6.25;7.2;461100.0
2006-05-23;7.23;7.45;7.13;7.37;207500.0
2006-05-24;7.35;7.43;7.14;7.15;115300.0
2006-05-25;7.08;7.2;6.6;6.6;144900.0
2006-05-26;6.8;6.8;6.4;6.5;249800.0
2006-05-30;6.45;6.95;6.4;6.82;243000.0
2006-05-31;6.77;7.2;6.77;7.17;143100.0
2006-06-01;7.15;7.45;7.05;7.27;314300.0
2006-06-02;7.25;7.65;7.25;7.5;120300.0
2006-06-05;7.5;7.8;7.5;7.8;90500.0
2006-06-06;7.8;7.99;7.6;7.65;193900.0
2006-06-07;7.5;7.62;7.25;7.3;161900.0
2006-06-08;7.3;7.3;6.8;7.0;161600.0
2006-06-09;7.0;7.05;6.95;7.03;172000.0
2006-06-12;7.0;7.55;6.98;7.45;157700.0
2006-06-13;7.4;7.41;7.1;7.1;277000.0
2006-06-14;7.05;7.15;6.75;7.0;311800.0
2006-06-15;6.9;7.03;6.5;6.75;200600.0
2006-06-16;6.73;6.8;6.68;6.73;253700.0
2006-06-19;6.71;6.71;6.5;6.6;75600.0
2006-06-20;6.6;6.77;6.6;6.7;91100.0
2006-06-21;6.71;6.75;6.48;6.52;216900.0
2006-06-22;6.5;6.55;6.5;6.5;281400.0
2006-06-23;6.5;6.62;6.5;6.6;80500.0
2006-06-26;6.6;6.6;6.5;6.5;71600.0
2006-06-27;6.5;6.55;6.5;6.53;31400.0
2006-06-28;6.5;6.55;6.41;6.42;113600.0
2006-06-29;6.45;6.6;6.45;6.55;157200.0
2006-06-30;6.55;6.59;6.25;6.25;195100.0
2006-07-03;6.4;6.4;6.24;6.3;31700.0
2006-07-05;6.27;6.3;5.5;5.75;164600.0
2006-07-06;5.7;5.9;5.49;5.5;434500.0
2006-07-07;5.5;5.51;4.25;4.95;266500.0
2006-07-10;4.85;4.9;4.57;4.85;118900.0
2006-07-11;4.8;5.05;4.75;5.0;169400.0
2006-07-12;5.05;5.05;5.0;5.01;266900.0
2006-07-13;5.0;5.18;4.98;5.12;447000.0
2006-07-14;5.1;5.15;5.05;5.05;138300.0
2006-07-17;5.15;5.2;5.08;5.1;83000.0
2006-07-18;5.16;5.25;5.1;5.19;416800.0
2006-07-19;5.3;5.3;5.18;5.23;577600.0
2006-07-20;5.2;5.2;5.1;5.1;37800.0
2006-07-21;5.1;5.13;5.07;5.07;42000.0
2006-07-24;5.09;5.12;5.07;5.1;167600.0
2006-07-25;5.07;5.11;5.01;5.06;191100.0
2006-07-26;4.98;5.02;4.9;5.0;200600.0
2006-07-27;5.05;5.05;4.95;5.03;54700.0
2006-07-28;5.0;5.0;4.55;4.65;137900.0
2006-07-31;4.65;4.95;4.65;4.85;131100.0
2006-08-01;4.8;4.85;4.71;4.74;261000.0
2006-08-02;4.75;5.03;4.73;5.0;429300.0
2006-08-03;5.02;5.02;4.73;4.86;149600.0
2006-08-04;5.0;5.02;4.91;4.91;33700.0
2006-08-07;5.0;5.0;4.7;4.8;99900.0
2006-08-08;4.75;5.0;4.75;4.82;40700.0
2006-08-09;4.95;5.02;4.85;5.0;173400.0
2006-08-10;5.0;5.04;4.98;5.02;52500.0
2006-08-11;5.01;5.01;4.88;4.88;33200.0
2006-08-14;4.88;5.02;4.77;5.0;219100.0
2006-08-15;4.98;5.03;4.95;4.99;176500.0
2006-08-16;5.0;5.15;4.98;5.1;265200.0
2006-08-17;5.13;5.9;5.13;5.75;564300.0
2006-08-18;5.8;6.55;5.72;6.35;295100.0
2006-08-21;6.45;6.6;6.35;6.5;175700.0
2006-08-22;6.5;6.55;6.45;6.45;167100.0
2006-08-23;6.42;6.45;5.91;6.25;220500.0
2006-08-24;6.25;6.35;6.1;6.3;65200.0
2006-08-25;6.26;6.4;6.25;6.27;75400.0
2006-08-28;6.28;6.6;6.1;6.27;86900.0
2006-08-29;6.27;6.35;6.1;6.12;143600.0
2006-08-30;6.1;6.1;6.0;6.09;355500.0
2006-08-31;6.01;6.1;5.97;6.05;42500.0
2006-09-01;6.0;6.09;5.98;6.09;51400.0
2006-09-05;6.09;6.09;5.98;6.0;14300.0
2006-09-06;5.97;6.6;5.97;6.55;320600.0
2006-09-07;6.8;7.2;6.8;6.85;73900.0
2006-09-08;6.85;7.0;6.75;7.0;112000.0
2006-09-11;6.9;7.0;6.8;6.85;17100.0
2006-09-12;6.9;6.9;6.75;6.85;78100.0
2006-09-13;6.82;6.9;6.7;6.75;81400.0
2006-09-14;6.8;6.85;6.8;6.8;18600.0
2006-09-15;6.8;6.9;6.8;6.85;47000.0
2006-09-18;6.8;6.9;6.8;6.89;20200.0
2006-09-19;6.89;6.99;6.89;6.89;80000.0
2006-09-20;6.95;7.0;6.89;6.95;56600.0
2006-09-21;6.9;6.9;6.6;6.7;38500.0
2006-09-22;6.7;6.8;6.62;6.75;36000.0
2006-09-25;6.75;6.8;6.75;6.75;99600.0
2006-09-26;6.75;6.8;6.5;6.7;157600.0
2006-09-27;6.76;6.8;6.75;6.78;27200.0
2006-09-28;6.78;6.8;6.7;6.7;116800.0
2006-09-29;6.7;6.74;6.35;6.57;93100.0
2006-10-02;6.69;6.75;6.5;6.5;124100.0
2006-10-03;6.59;6.65;6.3;6.4;84200.0
2006-10-04;6.5;6.7;6.19;6.4;736800.0
2006-10-05;6.47;6.5;6.15;6.2;88200.0
2006-10-06;6.15;6.15;5.91;6.0;164000.0
2006-10-09;6.0;6.1;5.91;5.98;80600.0
2006-10-10;6.0;6.0;5.95;5.98;117200.0
2006-10-11;6.0;6.05;5.91;6.0;70200.0
2006-10-12;6.0;6.0;5.9;5.98;94200.0
2006-10-13;6.0;6.0;5.97;5.97;197400.0
2006-10-16;5.97;6.05;5.97;6.02;843500.0
2006-10-17;6.04;6.25;6.03;6.15;362900.0
2006-10-18;6.2;6.2;6.04;6.1;64400.0
2006-10-19;6.1;6.29;6.1;6.25;1656600.0
2006-10-20;6.3;6.51;6.3;6.5;350600.0
2006-10-23;6.5;6.71;6.49;6.61;314600.0
2006-10-24;6.67;6.92;6.63;6.9;1137200.0
2006-10-25;6.92;6.94;6.72;6.75;115100.0
2006-10-26;7.0;7.1;6.9;6.9;142700.0
2006-10-27;6.95;7.05;6.92;7.05;798900.0
2006-10-30;7.1;7.2;6.95;7.0;108500.0
2006-10-31;7.0;7.1;6.96;7.0;138000.0
2006-11-01;7.0;7.05;6.96;7.0;176700.0
2006-11-02;7.0;7.05;6.98;6.98;121900.0
2006-11-03;7.15;7.2;6.91;6.91;332500.0
2006-11-06;6.91;7.0;6.9;6.96;118300.0
2006-11-07;6.96;7.0;6.93;6.93;260000.0
2006-11-08;6.85;6.95;6.75;6.85;409700.0
2006-11-09;6.9;7.0;6.75;6.9;772300.0
2006-11-10;6.88;7.41;6.88;7.3;3117000.0
2006-11-13;7.28;7.3;7.0;7.15;305800.0
2006-11-14;7.15;7.25;7.0;7.1;178900.0
2006-11-15;7.1;7.17;7.05;7.1;215800.0
2006-11-16;7.1;7.45;7.1;7.36;238100.0
2006-11-17;7.36;7.6;7.36;7.55;402100.0
2006-11-20;7.55;7.72;7.55;7.68;213600.0
2006-11-21;7.69;7.77;7.6;7.6;155300.0
2006-11-22;7.65;7.7;7.55;7.7;86800.0
2006-11-24;7.6;7.66;7.55;7.6;10600.0
2006-11-27;7.55;7.8;7.55;7.65;887800.0
2006-11-28;7.7;8.0;7.69;7.95;510200.0
2006-11-29;7.89;8.45;7.85;8.4;2386000.0
2006-11-30;8.45;8.45;8.1;8.3;262000.0
2006-12-01;8.3;8.3;8.15;8.24;499400.0
2006-12-04;8.25;8.28;7.95;8.2;230200.0
2006-12-05;8.2;8.4;8.2;8.25;31200.0
2006-12-06;8.25;8.43;8.2;8.4;117100.0
2006-12-07;8.38;8.55;8.38;8.5;225400.0
2006-12-08;8.46;8.55;8.42;8.47;39700.0
2006-12-11;8.55;8.55;8.15;8.22;241500.0
2006-12-12;8.2;8.2;7.85;7.9;566000.0
2006-12-13;7.91;8.09;7.9;7.92;755600.0
2006-12-14;7.93;8.05;7.83;8.0;247800.0
2006-12-15;8.05;8.9;8.05;8.85;579000.0
2006-12-18;8.95;9.85;8.95;9.67;498400.0
2006-12-19;9.65;9.75;9.63;9.75;137600.0
2006-12-20;9.73;9.8;9.3;9.4;181900.0
2006-12-21;9.47;9.5;9.1;9.35;218400.0
2006-12-22;9.5;9.75;9.4;9.6;49000.0
2006-12-26;9.5;9.65;9.4;9.6;42500.0
2006-12-27;9.6;9.9;9.4;9.6;199000.0
2006-12-28;9.6;9.85;9.55;9.8;50700.0
2006-12-29;9.8;9.8;9.8;9.8;0.0
2007-01-03;9.8;9.8;9.8;9.8;0.0
2007-01-04;9.8;9.8;9.8;9.8;0.0
2007-01-05;9.8;9.8;9.8;9.8;0.0
2007-01-08;9.8;9.8;9.8;9.8;0.0
2007-01-09;9.8;9.8;9.8;9.8;0.0
2007-01-10;9.8;9.8;9.8;9.8;0.0
2007-01-11;9.8;9.8;9.8;9.8;0.0
2007-01-12;9.8;9.8;9.8;9.8;0.0
2007-01-16;9.8;9.8;9.8;9.8;0.0
2007-01-17;8.3;9.6;8.3;9.6;746200.0
2007-01-18;9.6;9.9;9.6;9.61;200300.0
2007-01-19;8.5;9.95;8.5;9.9;295600.0
2007-01-22;9.5;10.0;9.5;9.9;209600.0
2007-01-23;9.75;9.98;9.5;9.9;69500.0
2007-01-24;9.75;10.0;9.51;10.0;62100.0
2007-01-25;9.6;10.0;9.6;10.0;40500.0
2007-01-26;9.52;10.4;9.52;10.4;449900.0
2007-01-29;10.3;10.5;10.0;10.1;421900.0
2007-01-30;10.0;10.35;9.8;10.2;323700.0
2007-01-31;9.68;10.55;9.68;10.25;77500.0
2007-02-01;9.95;10.7;9.95;10.5;130300.0
2007-02-02;10.0;10.7;9.8;10.7;304800.0
2007-02-05;10.5;10.76;10.4;10.7;83600.0
2007-02-06;10.75;10.75;10.5;10.7;207800.0
2007-02-07;10.75;10.75;10.0;10.7;82100.0
2007-02-08;10.6;10.75;10.5;10.6;52900.0
2007-02-09;10.5;10.72;10.5;10.68;42900.0
2007-02-12;10.75;10.75;10.1;10.5;32900.0
2007-02-13;10.0;10.7;10.0;10.5;76800.0
2007-02-14;10.5;10.7;10.5;10.67;111100.0
2007-02-15;10.3;10.75;10.3;10.73;33900.0
2007-02-16;10.25;10.75;10.25;10.6;129000.0
2007-02-20;10.4;10.55;10.26;10.5;75900.0
2007-02-21;10.28;10.69;10.28;10.5;106400.0
2007-02-22;10.5;10.5;10.25;10.5;64700.0
2007-02-23;10.2;10.5;10.2;10.5;53200.0
2007-02-26;10.5;10.5;10.3;10.3;14700.0
2007-02-27;10.25;10.6;10.0;10.3;207400.0
2007-02-28;10.06;10.6;10.06;10.5;42000.0
2007-03-01;10.3;10.55;10.3;10.5;26300.0
2007-03-02;10.5;10.6;10.31;10.6;147400.0
2007-03-05;10.5;10.6;10.0;10.5;228900.0
2007-03-06;10.25;10.5;10.0;10.5;98600.0
2007-03-07;10.05;10.5;10.05;10.4;79200.0
2007-03-08;10.47;10.47;10.05;10.47;58300.0
2007-03-09;10.25;10.46;10.05;10.3;93400.0
2007-03-12;10.05;10.47;10.05;10.47;44600.0
2007-03-13;10.1;10.47;10.05;10.05;20500.0
2007-03-14;10.4;10.4;10.05;10.3;118400.0
2007-03-15;10.0;10.3;10.0;10.3;48200.0
2007-03-16;10.0;10.45;10.0;10.35;155400.0
2007-03-19;10.35;10.35;10.05;10.2;48000.0
2007-03-20;10.05;10.35;10.0;10.35;119500.0
2007-03-21;10.35;10.4;10.0;10.35;482100.0
2007-03-22;10.15;10.39;10.0;10.3;139000.0
2007-03-23;10.25;10.33;10.0;10.27;185000.0
2007-03-26;10.0;10.3;10.0;10.25;7000.0
2007-03-27;10.02;10.2;10.0;10.2;26200.0
2007-03-28;10.05;10.2;10.0;10.0;167900.0
2007-03-29;10.05;10.2;10.05;10.19;18500.0
2007-03-30;10.2;10.24;10.02;10.22;81700.0
2007-04-02;10.01;10.25;9.8;10.08;244000.0
2007-04-03;10.2;10.2;9.53;10.0;369200.0
2007-04-04;9.53;10.0;9.53;10.0;184900.0
2007-04-05;9.6;10.0;9.6;10.0;361200.0
2007-04-09;9.53;9.9;9.53;9.8;126700.0
2007-04-10;9.8;9.9;9.8;9.9;74400.0
2007-04-11;9.8;10.05;9.8;9.95;300900.0
2007-04-12;10.0;10.49;10.0;10.15;334300.0
2007-04-13;9.85;10.4;9.85;10.34;343700.0
2007-04-16;10.25;10.35;10.25;10.3;96000.0
2007-04-17;10.25;10.25;10.25;10.25;21800.0
2007-04-18;10.25;10.35;10.25;10.35;96200.0
2007-04-19;10.06;10.5;10.06;10.5;37400.0
2007-04-20;10.15;10.65;10.15;10.6;183300.0
2007-04-23;10.3;10.6;10.25;10.6;54000.0
2007-04-24;10.45;10.65;10.35;10.6;128800.0
2007-04-25;10.7;10.7;10.3;10.6;150300.0
2007-04-26;10.36;10.6;10.3;10.55;66000.0
2007-04-27;10.25;10.55;10.15;10.35;131500.0
2007-04-30;10.06;10.38;10.0;10.1;612600.0
2007-05-01;10.1;10.47;9.89;10.12;367400.0
2007-05-02;10.0;10.6;10.0;10.45;437800.0
2007-05-03;9.91;10.49;9.91;10.4;279500.0
2007-05-04;10.0;10.5;10.0;10.5;161400.0
2007-05-07;4.55;10.5;4.55;10.45;179200.0
2007-05-08;10.08;10.4;10.08;10.3;71500.0
2007-05-09;10.05;10.46;9.5;10.35;132700.0
2007-05-10;10.35;10.4;10.03;10.35;186100.0
2007-05-11;10.25;10.4;10.0;10.35;226000.0
2007-05-14;10.18;10.37;10.05;10.37;66000.0
2007-05-15;10.3;10.36;10.05;10.36;42500.0
2007-05-16;10.1;10.35;10.07;10.35;243900.0
2007-05-17;10.1;10.34;10.08;10.3;57000.0
2007-05-18;10.1;10.4;10.1;10.34;290300.0
2007-05-21;10.3;10.4;10.1;10.4;569800.0
2007-05-22;10.4;10.6;10.15;10.6;212700.0
2007-05-23;10.5;10.65;10.5;10.55;284600.0
2007-05-24;10.6;11.33;10.55;11.09;248800.0
2007-05-25;11.0;11.3;10.15;11.3;302000.0
2007-05-29;11.1;11.5;11.1;11.2;46800.0
2007-05-30;11.15;11.3;11.13;11.25;102200.0
2007-05-31;11.05;11.6;11.05;11.49;165400.0
2007-06-01;11.2;11.45;11.0;11.4;339000.0
2007-06-04;11.1;11.25;11.0;11.15;58200.0
2007-06-05;10.0;11.4;10.0;11.2;50500.0
2007-06-06;11.25;11.25;11.1;11.25;61300.0
2007-06-07;11.23;11.58;11.23;11.45;257500.0
2007-06-08;11.0;11.9;11.0;11.9;106500.0
2007-06-11;11.9;11.9;11.25;11.75;332600.0
2007-06-12;11.9;11.9;11.0;11.75;77800.0
2007-06-13;11.23;11.9;11.2;11.9;53600.0
2007-06-14;11.9;11.95;11.5;11.8;16800.0
2007-06-15;11.35;11.85;11.35;11.85;27300.0
2007-06-18;11.4;11.9;11.4;11.9;75200.0
2007-06-19;11.95;12.0;11.4;11.85;265700.0
2007-06-20;11.8;11.9;11.8;11.81;71300.0
2007-06-21;11.9;11.9;11.41;11.7;89500.0
2007-06-22;11.75;11.75;11.4;11.5;38800.0
2007-06-25;11.35;11.7;11.0;11.5;92400.0
2007-06-26;11.2;11.4;11.0;11.35;369600.0
2007-06-27;11.05;11.5;11.05;11.49;38600.0
2007-06-28;11.5;11.5;11.05;11.3;56200.0
2007-06-29;11.25;12.0;11.1;12.0;132700.0
2007-07-02;11.45;11.95;10.95;11.9;94600.0
2007-07-03;11.85;12.0;11.7;12.0;26200.0
2007-07-05;11.7;11.95;11.7;11.9;34000.0
2007-07-06;11.9;12.4;11.05;11.8;242100.0
2007-07-09;11.8;12.0;11.8;11.81;60500.0
2007-07-10;11.85;11.9;11.65;11.7;78100.0
2007-07-11;12.0;12.0;11.7;11.85;50500.0
2007-07-12;11.6;12.0;11.6;11.8;217000.0
2007-07-13;11.6;12.0;11.6;12.0;259600.0
2007-07-16;11.8;11.95;11.6;11.8;62700.0
2007-07-17;11.5;12.0;11.5;11.85;39700.0
2007-07-18;11.6;11.9;11.6;11.8;58300.0
2007-07-19;12.0;12.0;11.75;11.8;348500.0
2007-07-20;11.75;11.85;11.7;11.81;220000.0
2007-07-23;11.7;11.9;11.7;11.75;27100.0
2007-07-24;11.75;11.8;11.75;11.75;23600.0
2007-07-25;12.0;12.0;11.9;12.0;58300.0
2007-07-26;11.55;12.0;11.0;11.6;82700.0
2007-07-27;11.65;12.0;11.25;11.8;39800.0
2007-07-30;11.25;11.95;11.25;11.9;12700.0
2007-07-31;11.5;11.95;11.4;11.8;65700.0
2007-08-01;11.4;11.75;11.4;11.75;109300.0
2007-08-02;11.25;11.8;11.25;11.6;174500.0
2007-08-03;11.6;11.6;11.0;11.3;281400.0
2007-08-06;11.72;11.75;10.75;11.4;138800.0
2007-08-07;11.0;11.3;10.65;11.1;163000.0
2007-08-08;11.0;11.1;8.0;10.95;360500.0
2007-08-09;10.0;11.0;10.0;11.0;223700.0
2007-08-10;10.0;11.05;10.0;10.8;90700.0
2007-08-13;10.75;10.8;10.0;10.75;340000.0
2007-08-14;10.0;10.75;10.0;10.5;220800.0
2007-08-15;10.1;10.6;10.1;10.5;128100.0
2007-08-16;10.05;10.75;10.0;10.75;208000.0
2007-08-17;10.15;11.0;10.15;10.6;157800.0
2007-08-20;9.58;10.85;9.0;10.65;179900.0
2007-08-21;10.6;10.63;10.1;10.55;481300.0
2007-08-22;10.6;10.62;10.2;10.55;34700.0
2007-08-23;10.5;10.57;10.0;10.5;170200.0
2007-08-24;10.1;10.6;10.1;10.45;22500.0
2007-08-27;10.2;10.6;10.2;10.4;43200.0
2007-08-28;10.15;10.5;10.1;10.4;29200.0
2007-08-29;10.1;10.25;10.01;10.01;98000.0
2007-08-30;9.8;10.3;9.8;10.2;75500.0
2007-08-31;9.8;10.45;9.8;10.45;41600.0
2007-09-04;10.2;10.35;9.9;10.15;121500.0
2007-09-05;10.1;10.5;10.0;10.2;343800.0
2007-09-06;10.0;10.45;9.8;10.39;1253100.0
2007-09-07;10.39;10.4;10.2;10.4;28700.0
2007-09-10;10.2;10.45;10.05;10.45;17300.0
2007-09-11;10.0;11.8;10.0;10.5;52700.0
2007-09-12;10.2;10.75;10.2;10.74;20000.0
2007-09-13;10.85;11.0;10.6;10.95;25600.0
2007-09-14;10.4;11.2;10.4;11.0;26200.0
2007-09-17;11.0;11.7;11.0;11.5;64300.0
2007-09-18;10.8;11.85;10.8;11.5;59800.0
2007-09-19;11.85;11.85;11.2;11.5;44800.0
2007-09-20;11.6;11.7;11.25;11.5;24900.0
2007-09-21;11.75;11.75;11.35;11.5;57900.0
2007-09-24;11.4;11.55;11.21;11.55;80500.0
2007-09-25;11.5;11.6;11.4;11.5;24600.0
2007-09-26;11.3;11.65;11.3;11.5;24400.0
2007-09-27;11.6;11.65;11.5;11.6;31100.0
2007-09-28;11.63;11.7;11.6;11.69;56000.0
2007-10-01;11.67;11.99;11.67;11.8;51400.0
2007-10-02;11.8;12.1;11.75;11.9;392400.0
2007-10-03;11.8;12.01;11.5;11.95;442600.0
2007-10-04;12.1;12.15;11.55;11.9;150000.0
2007-10-05;11.56;12.0;11.5;12.0;40800.0
2007-10-08;11.51;11.9;11.05;11.1;154800.0
2007-10-09;11.05;11.75;11.05;11.5;24300.0
2007-10-10;11.15;12.0;11.15;11.7;35700.0
2007-10-11;11.5;11.6;11.2;11.5;37300.0
2007-10-12;11.15;11.7;11.15;11.5;79200.0
2007-10-15;11.0;11.49;11.0;11.49;61200.0
2007-10-16;11.15;11.25;11.15;11.25;32800.0
2007-10-17;11.15;11.35;11.15;11.2;206200.0
2007-10-18;11.3;11.3;11.05;11.15;138200.0
2007-10-19;11.0;11.15;10.0;11.0;38400.0
2007-10-22;10.05;11.15;10.05;10.75;109100.0
2007-10-23;10.5;11.0;10.5;10.95;8500.0
2007-10-24;11.0;11.0;10.05;10.9;218700.0
2007-10-25;10.8;11.0;10.3;10.75;417000.0
2007-10-26;11.0;11.0;10.8;10.95;359100.0
2007-10-29;11.0;11.0;10.9;10.95;92100.0
2007-10-30;10.9;10.9;10.35;10.7;74700.0
2007-10-31;10.65;10.9;10.5;10.75;215000.0
2007-11-01;10.5;11.0;10.35;10.95;35200.0
2007-11-02;10.05;10.9;10.05;10.75;17800.0
2007-11-05;10.15;10.95;10.15;10.8;79200.0
2007-11-06;10.1;10.85;10.1;10.48;37200.0
2007-11-07;10.1;10.48;10.1;10.28;58000.0
2007-11-08;10.1;10.5;9.9;10.5;510300.0
2007-11-09;10.1;10.25;9.45;10.1;123900.0
2007-11-12;10.6;11.0;10.0;11.0;215900.0
2007-11-13;11.0;11.15;10.25;11.05;443400.0
2007-11-14;11.5;11.5;11.1;11.5;252400.0
2007-11-15;10.9;11.5;10.6;11.4;100000.0
2007-11-16;11.4;11.5;11.3;11.5;50900.0
2007-11-19;11.3;11.48;11.3;11.35;45400.0
2007-11-20;11.35;11.43;11.25;11.4;85400.0
2007-11-21;11.05;11.4;11.05;11.35;66700.0
2007-11-23;11.1;11.4;11.05;11.2;22600.0
2007-11-26;11.1;11.1;10.9;11.0;38200.0
2007-11-27;11.0;11.0;10.88;11.0;49400.0
2007-11-28;9.5;11.1;9.5;11.0;32900.0
2007-11-29;10.5;11.1;10.5;10.95;26300.0
2007-11-30;10.9;11.1;10.8;11.0;24700.0
2007-12-03;9.5;11.3;9.5;11.25;18200.0
2007-12-04;11.0;11.4;10.5;11.4;26100.0
2007-12-05;10.5;11.5;10.5;11.5;8000.0
2007-12-06;10.5;11.4;10.5;11.4;25000.0
2007-12-07;10.5;11.45;10.5;11.35;15900.0
2007-12-10;10.5;11.4;10.5;11.3;7400.0
2007-12-11;10.5;11.4;9.5;11.25;29700.0
2007-12-12;10.2;11.4;10.2;11.0;121800.0
2007-12-13;10.5;11.0;10.5;11.0;12700.0
2007-12-14;10.55;11.0;10.2;11.0;17700.0
2007-12-17;10.5;11.4;10.5;11.0;23000.0
2007-12-18;10.5;11.4;9.8;11.0;200800.0
2007-12-19;10.0;11.25;10.0;10.9;144400.0
2007-12-20;10.5;11.25;10.0;10.35;289200.0
2007-12-21;10.0;10.4;10.0;10.37;67100.0
2007-12-24;9.8;10.45;9.8;10.25;20900.0
2007-12-26;10.22;10.22;10.0;10.2;181500.0
2007-12-27;10.1;10.4;10.0;10.4;149200.0
2007-12-28;10.0;11.0;10.0;10.85;319300.0
2007-12-31;10.88;11.2;10.0;11.1;66300.0
2008-01-02;10.2;11.0;10.2;11.0;480600.0
2008-01-03;10.5;11.0;10.45;11.0;38000.0
2008-01-04;10.45;11.25;10.45;11.0;87600.0
2008-01-07;10.91;11.0;10.2;11.0;27200.0
2008-01-08;10.4;11.4;10.4;11.1;33700.0
2008-01-09;11.4;11.4;10.5;10.86;99700.0
2008-01-10;10.9;10.9;10.4;10.5;153200.0
2008-01-11;10.7;10.75;10.4;10.6;79100.0
2008-01-14;10.75;10.75;10.0;10.65;375800.0
2008-01-15;10.55;10.75;10.0;10.75;324600.0
2008-01-16;10.5;10.8;10.5;10.6;49600.0
2008-01-17;10.2;10.5;9.75;10.4;119800.0
2008-01-18;10.5;10.5;10.25;10.5;12200.0
2008-01-22;10.5;11.0;9.5;11.0;331700.0
2008-01-23;10.15;10.65;9.5;10.65;209800.0
2008-01-24;9.55;10.5;9.55;10.5;104100.0
2008-01-25;10.25;10.5;9.9;10.5;95700.0
2008-01-28;9.6;10.7;9.6;10.5;531800.0
2008-01-29;10.4;10.45;9.55;10.35;146700.0
2008-01-30;10.0;11.0;10.0;10.25;142300.0
2008-01-31;10.0;10.5;10.0;10.5;18400.0
2008-02-01;10.25;10.7;10.25;10.7;8600.0
2008-02-04;10.25;10.8;10.0;10.7;27700.0
2008-02-05;10.0;10.9;10.0;10.75;8500.0
2008-02-06;10.9;10.9;9.05;10.75;61200.0
2008-02-07;10.5;10.9;10.0;10.25;126900.0
2008-02-08;10.25;10.85;10.1;10.75;42400.0
2008-02-11;10.5;10.85;10.25;10.75;28100.0
2008-02-12;10.25;10.85;10.15;10.85;50000.0
2008-02-13;10.25;10.85;10.25;10.8;17600.0
2008-02-14;10.6;10.9;10.5;10.85;55700.0
2008-02-15;10.6;10.85;10.25;10.85;30400.0
2008-02-19;10.85;10.85;10.25;10.7;22400.0
2008-02-20;10.3;10.6;10.0;10.3;39600.0
2008-02-21;10.3;10.85;10.0;10.8;18100.0
2008-02-22;10.8;10.8;10.2;10.8;6900.0
2008-02-25;10.1;10.8;10.1;10.5;11900.0
2008-02-26;10.25;10.75;9.8;10.5;31600.0
2008-02-27;10.0;10.55;10.0;10.3;18400.0
2008-02-28;10.0;10.5;10.0;10.4;4000.0
2008-02-29;10.0;10.4;10.0;10.28;38200.0
2008-03-03;10.4;10.5;10.0;10.5;32500.0
2008-03-04;10.25;10.75;10.25;10.6;14000.0
2008-03-05;10.25;10.5;10.2;10.5;25100.0
2008-03-06;10.0;10.7;10.0;10.45;13900.0
2008-03-07;10.0;10.5;10.0;10.43;10200.0
2008-03-10;10.05;10.49;9.4;10.1;122600.0
2008-03-11;10.1;10.5;9.4;10.4;62100.0
2008-03-12;10.0;10.35;9.75;10.25;8500.0
2008-03-13;9.5;10.4;9.5;10.38;2400.0
2008-03-14;10.0;10.4;9.5;10.4;1200.0
2008-03-17;10.05;10.3;9.5;10.2;16500.0
2008-03-18;9.5;10.35;9.5;9.95;46000.0
2008-03-19;9.51;9.7;6.5;9.25;575900.0
2008-03-20;8.8;9.5;8.8;9.03;151200.0
2008-03-24;9.25;9.25;8.0;8.9;104600.0
2008-03-25;8.5;9.15;8.5;8.5;557000.0
2008-03-26;8.25;8.75;8.25;8.65;189300.0
2008-03-27;8.5;9.2;8.5;9.2;32100.0
2008-03-28;9.2;9.35;8.75;9.35;493900.0
2008-03-31;9.0;9.35;9.0;9.3;42500.0
2008-04-01;9.0;9.5;8.5;9.45;66600.0
2008-04-02;8.5;9.55;8.5;9.15;44700.0
2008-04-03;9.1;9.3;9.0;9.25;36900.0
2008-04-04;8.0;9.3;8.0;9.0;44200.0
2008-04-07;8.0;9.25;8.0;9.25;2700.0
2008-04-08;9.0;9.1;8.5;9.1;60100.0
2008-04-09;9.0;9.0;8.5;8.7;424500.0
2008-04-10;8.7;9.0;8.7;8.95;57300.0
2008-04-11;8.1;9.0;8.1;9.0;137700.0
2008-04-14;8.95;9.05;8.95;9.0;181700.0
2008-04-15;8.95;9.05;8.3;8.9;252500.0
2008-04-16;8.95;9.5;8.95;9.4;195200.0
2008-04-17;9.55;9.55;9.01;9.46;108200.0
2008-04-18;9.5;9.5;8.25;9.4;110500.0
2008-04-21;8.25;9.4;8.25;8.9;78200.0
2008-04-22;8.5;9.0;8.5;9.0;34600.0
2008-04-23;9.0;9.25;8.75;9.25;33100.0
2008-04-24;8.5;9.2;8.5;9.0;30000.0
2008-04-25;8.71;9.15;8.71;8.75;166100.0
2008-04-28;9.1;9.1;8.71;8.8;2100.0
2008-04-29;8.71;9.2;8.71;9.05;41200.0
2008-04-30;9.1;9.25;8.5;9.25;64500.0
2008-05-01;8.1;9.15;8.1;8.8;9300.0
2008-05-02;8.8;8.9;8.8;8.8;22800.0
2008-05-05;8.41;9.35;8.41;9.25;12900.0
2008-05-06;9.3;9.3;9.0;9.3;142000.0
2008-05-07;8.41;9.05;8.41;9.05;33100.0
2008-05-08;8.55;9.35;8.55;9.25;22700.0
2008-05-09;8.75;9.0;8.75;8.8;22600.0
2008-05-12;8.75;8.75;8.4;8.6;4800.0
2008-05-13;8.7;9.0;8.7;8.9;5400.0
2008-05-14;8.85;8.85;8.5;8.5;63600.0
2008-05-15;8.85;9.0;8.85;8.85;151600.0
2008-05-16;9.0;9.0;8.85;8.9;16500.0
2008-05-19;9.0;9.0;8.6;8.87;27600.0
2008-05-20;8.95;8.99;8.4;8.85;74400.0
2008-05-21;8.75;8.85;8.75;8.8;12000.0
2008-05-22;8.7;8.8;8.7;8.7;18400.0
2008-05-23;8.7;8.89;8.5;8.89;47900.0
2008-05-27;8.89;8.89;8.89;8.89;0.0
2008-05-28;8.89;8.89;8.89;8.89;0.0
2008-05-29;8.89;8.89;8.89;8.89;0.0
2008-05-30;8.89;8.89;8.89;8.89;0.0
2008-06-02;8.89;8.89;8.89;8.89;0.0
2008-06-03;8.89;8.89;8.89;8.89;0.0
2008-06-04;8.89;8.89;8.89;8.89;0.0
2008-06-05;8.89;8.89;8.89;8.89;0.0
2008-06-06;8.89;8.89;8.89;8.89;0.0
2008-06-09;8.89;8.89;8.89;8.89;0.0
2008-06-10;8.89;8.89;8.89;8.89;0.0
2008-06-11;8.89;8.89;8.89;8.89;0.0
2008-06-12;8.89;8.89;8.89;8.89;0.0
2008-06-13;8.89;8.89;8.89;8.89;0.0
2008-06-16;8.89;8.89;8.89;8.89;0.0
2008-06-17;8.89;8.89;8.89;8.89;0.0
2008-06-18;8.89;8.89;8.89;8.89;0.0
2008-06-19;8.89;8.89;8.89;8.89;0.0
2008-06-20;8.89;8.89;8.89;8.89;0.0
2008-06-23;8.89;8.89;8.89;8.89;0.0
2008-06-24;8.89;8.89;8.89;8.89;0.0
2008-06-25;8.89;8.89;8.89;8.89;0.0
2008-06-26;8.89;8.89;8.89;8.89;0.0
2008-06-27;8.89;8.89;8.89;8.89;0.0
2008-06-30;11.5;11.5;11.5;11.5;0.0
2008-07-01;11.5;11.5;11.5;11.5;0.0
2008-07-02;11.5;11.5;11.5;11.5;0.0
2008-07-03;11.5;11.5;11.5;11.5;0.0
2008-07-07;11.5;11.5;11.5;11.5;0.0
2008-07-08;11.5;11.5;11.5;11.5;0.0
2008-07-09;11.5;11.5;11.5;11.5;0.0
2008-07-10;11.5;11.5;11.5;11.5;0.0
2008-07-11;11.5;11.5;11.5;11.5;0.0
2008-07-14;11.5;11.5;11.5;11.5;0.0
2008-07-15;11.5;11.5;11.5;11.5;0.0
2008-07-16;11.5;11.5;11.5;11.5;0.0
2008-07-17;11.5;11.5;11.5;11.5;0.0
2008-07-18;11.5;11.5;11.5;11.5;0.0
2008-07-21;11.5;11.5;11.5;11.5;0.0
2008-07-22;11.5;11.5;11.5;11.5;0.0
2008-07-23;11.5;11.5;11.5;11.5;0.0
2008-07-24;11.5;11.5;11.5;11.5;0.0
2008-07-25;11.5;11.5;11.5;11.5;0.0
2008-07-28;11.5;11.5;11.5;11.5;0.0
2008-07-29;11.5;11.5;11.5;11.5;0.0
2008-07-30;11.5;11.5;11.5;11.5;0.0
2008-07-31;11.5;11.5;11.5;11.5;0.0
2008-08-01;11.5;11.5;11.5;11.5;0.0
2008-08-04;11.5;11.5;11.5;11.5;0.0
2008-08-05;11.5;11.5;11.5;11.5;0.0
2008-08-06;11.5;11.5;11.5;11.5;0.0
2008-08-07;11.5;11.5;11.5;11.5;0.0
2008-08-08;11.5;11.5;11.5;11.5;0.0
2008-08-11;11.5;11.5;11.5;11.5;0.0
2008-08-12;11.5;11.5;11.5;11.5;0.0
2008-08-13;11.5;11.5;11.5;11.5;0.0
2008-08-14;11.5;11.5;11.5;11.5;0.0
2008-08-15;11.5;11.5;11.5;11.5;0.0
2008-08-18;11.5;11.5;11.5;11.5;0.0
2008-08-19;11.5;11.5;11.5;11.5;0.0
2008-08-20;11.5;11.5;11.5;11.5;0.0
2008-08-21;11.5;11.5;11.5;11.5;0.0
2008-08-22;11.5;11.5;11.5;11.5;0.0
2008-08-25;11.5;11.5;11.5;11.5;0.0
2008-08-26;11.5;11.5;11.5;11.5;0.0
2008-08-27;11.5;11.5;11.5;11.5;0.0
2008-08-28;11.5;11.5;11.5;11.5;0.0
2008-08-29;11.5;11.5;11.5;11.5;0.0
2008-09-02;11.5;11.5;11.5;11.5;0.0
2008-09-03;11.5;11.5;11.5;11.5;0.0
2008-09-04;11.5;11.5;11.5;11.5;0.0
2008-09-05;11.5;11.5;11.5;11.5;0.0
2008-09-08;11.5;11.5;11.5;11.5;0.0
2008-09-09;11.5;11.5;11.5;11.5;0.0
2008-09-10;11.5;11.5;11.5;11.5;0.0
2008-09-11;11.5;11.5;11.5;11.5;0.0
2008-09-12;11.5;11.5;11.5;11.5;0.0
2008-09-15;11.5;11.5;11.5;11.5;0.0
2008-09-16;11.5;11.5;11.5;11.5;0.0
2008-09-17;11.5;11.5;11.5;11.5;0.0
2008-09-18;11.5;11.5;11.5;11.5;0.0
2008-09-19;11.5;11.5;11.5;11.5;0.0
2008-09-22;11.5;11.5;11.5;11.5;0.0
2008-09-23;11.5;11.5;11.5;11.5;0.0
2008-09-24;11.5;11.5;11.5;11.5;0.0
2008-09-25;11.5;11.5;11.5;11.5;0.0
2008-09-26;11.5;11.5;11.5;11.5;0.0
2008-09-29;11.5;11.5;11.5;11.5;0.0
2008-09-30;11.5;11.5;11.5;11.5;0.0
2008-10-01;11.5;11.5;11.5;11.5;0.0
2008-10-02;11.5;11.5;11.5;11.5;0.0
2008-10-03;11.5;11.5;11.5;11.5;0.0
2008-10-06;11.5;11.5;11.5;11.5;0.0
2008-10-07;11.5;11.5;11.5;11.5;0.0
2008-10-08;11.5;11.5;11.5;11.5;0.0
2008-10-09;11.5;11.5;11.5;11.5;0.0
2008-10-10;11.5;11.5;11.5;11.5;0.0
2008-10-13;11.5;11.5;11.5;11.5;0.0
2008-10-14;11.5;11.5;11.5;11.5;0.0
2008-10-15;11.5;11.5;11.5;11.5;0.0
2008-10-16;11.5;11.5;11.5;11.5;0.0
2008-10-17;11.5;11.5;11.5;11.5;0.0
2008-10-20;11.5;11.5;11.5;11.5;0.0
2008-10-21;11.5;11.5;11.5;11.5;0.0
2008-10-22;11.5;11.5;11.5;11.5;0.0
2008-10-23;11.5;11.5;11.5;11.5;0.0
2008-10-24;11.5;11.5;11.5;11.5;0.0
2008-10-27;11.5;11.5;11.5;11.5;0.0
2008-10-28;11.5;11.5;11.5;11.5;0.0
2008-10-29;11.5;11.5;11.5;11.5;0.0
2008-10-30;11.5;11.5;11.5;11.5;0.0
2008-10-31;11.5;11.5;11.5;11.5;0.0
2008-11-03;11.5;11.5;11.5;11.5;0.0
2008-11-04;11.5;11.5;11.5;11.5;0.0
2008-11-05;11.5;11.5;11.5;11.5;0.0
2008-11-06;11.5;11.5;11.5;11.5;0.0
2008-11-07;11.5;11.5;11.5;11.5;0.0
2008-11-10;11.5;11.5;11.5;11.5;0.0
2008-11-11;11.5;11.5;11.5;11.5;0.0
2008-11-12;11.5;11.5;11.5;11.5;0.0
2008-11-13;11.5;11.5;11.5;11.5;0.0
2008-11-14;11.5;11.5;11.5;11.5;0.0
2008-11-17;11.5;11.5;11.5;11.5;0.0
2008-11-18;11.5;11.5;11.5;11.5;0.0
2008-11-19;11.5;11.5;11.5;11.5;0.0
2008-11-20;11.5;11.5;11.5;11.5;0.0
2008-11-21;11.5;11.5;11.5;11.5;0.0
2008-11-24;11.5;11.5;11.5;11.5;0.0
2008-11-25;11.5;11.5;11.5;11.5;0.0
2008-11-26;11.5;11.5;11.5;11.5;0.0
2008-11-28;11.5;11.5;11.5;11.5;0.0
2008-12-01;11.5;11.5;11.5;11.5;0.0
2008-12-02;11.5;11.5;11.5;11.5;0.0
2008-12-03;11.5;11.5;11.5;11.5;0.0
2008-12-04;11.5;11.5;11.5;11.5;0.0
2008-12-05;11.5;11.5;11.5;11.5;0.0
2008-12-08;11.5;11.5;11.5;11.5;0.0
2008-12-09;11.5;11.5;11.5;11.5;0.0
2008-12-10;11.5;11.5;11.5;11.5;0.0
2008-12-11;11.5;11.5;11.5;11.5;0.0
2008-12-12;11.5;11.5;11.5;11.5;0.0
2008-12-15;11.5;11.5;11.5;11.5;0.0
2008-12-16;11.5;11.5;11.5;11.5;0.0
2008-12-17;11.5;11.5;11.5;11.5;0.0
2008-12-18;11.5;11.5;11.5;11.5;0.0
2008-12-19;11.5;11.5;11.5;11.5;0.0
2008-12-22;11.5;11.5;11.5;11.5;0.0
2008-12-23;11.5;11.5;11.5;11.5;0.0
2008-12-24;11.5;11.5;11.5;11.5;0.0
2008-12-26;11.5;11.5;11.5;11.5;0.0
2008-12-29;11.5;11.5;11.5;11.5;0.0
2008-12-30;11.5;11.5;11.5;11.5;0.0
2008-12-31;11.5;11.5;11.5;11.5;0.0
2009-01-02;11.5;11.5;11.5;11.5;0.0
2009-01-05;11.5;11.5;11.5;11.5;0.0
2009-01-06;11.5;11.5;11.5;11.5;0.0
2009-01-07;11.5;11.5;11.5;11.5;0.0
2009-01-08;11.5;11.5;11.5;11.5;0.0
2009-01-09;11.5;11.5;11.5;11.5;0.0
2009-01-12;11.5;11.5;11.5;11.5;0.0
2009-01-13;11.5;11.5;11.5;11.5;0.0
2009-01-14;2.5;2.5;2.5;2.5;100.0
2009-01-15;2.6;5.0;2.6;4.75;427200.0
2009-01-16;4.705;4.9;4.5;4.67;247600.0
2009-01-20;4.75;4.75;4.5;4.55;67000.0
2009-01-21;4.0;4.75;4.0;4.3;110300.0
2009-01-22;3.875;4.25;3.5;3.9;262000.0
2009-01-23;3.7;4.0;3.5;4.0;750400.0
2009-01-26;4.5;4.5;4.0;4.5;93900.0
2009-01-27;4.9;5.05;4.75;4.96;777500.0
2009-01-28;5.25;5.25;4.1;4.85;207900.0
2009-01-29;4.4;5.0;4.4;4.71;67900.0
2009-01-30;4.76;4.76;4.4;4.48;95200.0
2009-02-02;4.0;4.5;4.0;4.21;0.0
2009-02-03;4.24;4.35;4.2;4.35;584100.0
2009-02-04;4.29;4.6;4.29;4.6;40400.0
2009-02-05;5.5;5.5;4.5;4.75;55200.0
2009-02-06;4.91;5.25;4.9;5.0;28800.0
2009-02-09;5.05;5.48;5.05;5.48;29200.0
2009-02-10;5.48;5.48;5.2;5.2;11400.0
2009-02-11;5.17;5.17;5.15;5.17;28000.0
2009-02-12;3.0;5.25;3.0;5.25;318500.0
2009-02-13;5.0;6.45;5.0;5.06;3900.0
2009-02-17;5.19;5.19;5.15;5.15;22800.0
2009-02-18;5.6;5.6;5.22;5.24;16300.0
2009-02-19;5.15;5.25;5.15;5.24;52400.0
2009-02-20;5.2;7.74;5.15;7.74;74400.0
2009-02-23;6.5;7.5;5.2;6.0;98000.0
2009-02-24;5.27;6.0;5.27;5.3;15800.0
2009-02-25;5.5;6.0;5.34;6.0;54300.0
2009-02-26;5.35;6.0;5.35;6.0;29500.0
2009-02-27;5.55;6.1;5.55;6.0;27800.0
2009-03-02;5.95;5.97;5.95;5.95;33500.0
2009-03-03;5.97;6.0;5.7;5.8;288300.0
2009-03-04;4.0;6.0;4.0;6.0;17300.0
2009-03-05;5.8;6.0;5.0;6.0;193200.0
2009-03-06;5.6;5.7;5.5;5.6;28300.0
2009-03-09;5.5;5.5;5.25;5.25;43700.0
2009-03-10;5.2;5.75;5.1;5.5;22700.0
2009-03-11;5.2;5.5;4.9;5.3;101100.0
2009-03-12;5.0;5.5;4.85;5.5;89000.0
2009-03-13;5.5;6.0;5.5;6.0;75400.0
2009-03-16;6.25;6.91;5.38;5.84;112600.0
2009-03-17;5.86;5.9;5.5;5.55;16900.0
2009-03-18;5.7;6.0;5.5;5.74;103400.0
2009-03-19;5.8;5.88;5.48;5.61;70300.0
2009-03-20;5.4;5.7;5.06;5.4;48600.0
2009-03-23;5.53;5.72;5.3;5.6;40900.0
2009-03-24;5.6;5.6;5.28;5.28;25900.0
2009-03-25;5.25;5.52;5.06;5.06;27800.0
2009-03-26;5.12;5.3;5.0;5.07;32900.0
2009-03-27;5.01;5.4;4.95;5.01;120800.0
2009-03-30;4.95;5.15;4.95;4.97;25700.0
2009-03-31;4.9;6.0;4.9;5.24;943700.0
2009-04-01;5.16;5.44;5.16;5.27;45800.0
2009-04-02;5.27;5.59;5.27;5.3;437400.0
2009-04-03;5.3;5.3;5.01;5.2;76500.0
2009-04-06;5.28;5.28;4.9;4.91;248900.0
2009-04-07;4.9;5.01;4.68;4.89;286500.0
2009-04-08;4.99;5.0;4.93;4.97;97600.0
2009-04-09;5.1;5.31;4.852;5.18;123100.0
2009-04-13;5.11;5.25;5.01;5.05;69300.0
2009-04-14;5.12;5.12;4.9;4.98;67700.0
2009-04-15;5.05;6.24;4.85;5.48;318600.0
2009-04-16;5.7;5.7;5.03;5.39;92800.0
2009-04-17;5.42;5.75;5.25;5.45;241100.0
2009-04-20;5.55;6.1;5.26;5.5;104000.0
2009-04-21;5.54;5.9;5.28;5.58;45100.0
2009-04-22;5.51;5.75;5.4;5.54;34000.0
2009-04-23;5.57;5.79;5.53;5.67;262900.0
2009-04-24;5.5001;5.96;5.5001;5.65;842400.0
2009-04-27;5.68;5.799;5.5;5.52;84200.0
2009-04-28;5.44;5.545;5.38;5.47;347500.0
2009-04-29;5.53;5.57;5.38;5.42;82800.0
2009-04-30;5.51;5.51;5.27;5.305;54800.0
2009-05-01;5.29;5.6;5.09;5.2;225200.0
2009-05-04;5.26;5.35;5.18;5.35;211400.0
2009-05-05;5.45;6.0996;5.36;5.6;213300.0
2009-05-06;5.59;5.78;5.5;5.61;383400.0
2009-05-07;5.99;6.1;5.72;5.98;159500.0
2009-05-08;5.96;6.04;5.68;5.9;314400.0
2009-05-11;5.86;6.14;5.8;6.09;500900.0
2009-05-12;6.16;6.2;6.0;6.1;213900.0
2009-05-13;6.11;6.67;5.85;6.19;310300.0
2009-05-14;6.2;6.5;6.1;6.31;744800.0
2009-05-15;6.36;6.95;6.27;6.49;1877800.0
2009-05-18;6.65;6.8;6.28;6.51;213400.0
2009-05-19;6.81;6.81;6.5;6.66;180800.0
2009-05-20;6.69;6.99;6.41;6.55;284700.0
2009-05-21;6.59;6.59;6.28;6.3;191800.0
2009-05-22;6.19;6.44;6.06;6.12;217600.0
2009-05-26;6.16;6.51;6.0516;6.45;103200.0
2009-05-27;6.41;6.5;6.14;6.35;102900.0
2009-05-28;6.36;6.56;6.22;6.53;139400.0
2009-05-29;6.61;6.63;6.13;6.31;225800.0
2009-06-01;6.56;6.95;6.36;6.74;454200.0
2009-06-02;6.74;6.9;6.47;6.69;966300.0
2009-06-03;6.65;6.8;6.18;6.79;302000.0
2009-06-04;6.72;7.15;6.72;7.05;601300.0
2009-06-05;7.05;7.32;7.01;7.3;411200.0
2009-06-08;7.35;7.61;7.26;7.55;412800.0
2009-06-09;7.55;7.69;7.45;7.55;640000.0
2009-06-10;7.49;7.7;7.26;7.35;544100.0
2009-06-11;7.41;7.51;6.96;7.09;376900.0
2009-06-12;7.14;7.33;6.98;7.29;352900.0
2009-06-15;7.32;7.5;7.0;7.19;205700.0
2009-06-16;7.28;7.29;7.02;7.11;337900.0
2009-06-17;7.09;7.2;7.04;7.16;287400.0
2009-06-18;7.2;7.2;7.09;7.2;309800.0
2009-06-19;7.25;7.56;7.13;7.54;1116600.0
2009-06-22;7.54;7.6599;7.11;7.2;380400.0
2009-06-23;7.23;7.4;7.09;7.16;209800.0
2009-06-24;7.2;7.45;7.12;7.38;376900.0
2009-06-25;7.34;7.5;7.17;7.49;413900.0
2009-06-26;7.5;7.75;7.13;7.57;1.28127E7
2009-06-29;7.57;7.66;7.25;7.59;789500.0
2009-06-30;7.59;7.6;7.36;7.36;520400.0
2009-07-01;7.75;7.75;7.44;7.48;491700.0
2009-07-02;7.44;7.57;7.11;7.21;448500.0
2009-07-06;7.22;7.46;7.12;7.43;1209300.0
2009-07-07;7.41;7.49;6.81;7.02;500800.0
2009-07-08;7.07;7.25;7.0;7.11;227100.0
2009-07-09;7.18;7.25;7.0;7.12;256900.0
2009-07-10;7.1;7.2;7.05;7.13;189500.0
2009-07-13;7.14;7.18;6.9808;7.18;218400.0
2009-07-14;7.18;7.24;7.03;7.24;129300.0
2009-07-15;7.33;7.54;7.3;7.52;272000.0
2009-07-16;7.5;7.74;7.41;7.7;217600.0
2009-07-17;7.68;7.73;7.43;7.47;204900.0
2009-07-20;7.53;7.68;7.42;7.56;175600.0
2009-07-21;7.63;7.7;7.43;7.54;933900.0
2009-07-22;7.52;7.77;7.41;7.7;472900.0
2009-07-23;7.66;7.95;7.638;7.822;476000.0
2009-07-24;7.79;7.9801;7.7601;7.92;445400.0
2009-07-27;7.93;8.0;7.83;7.93;315800.0
2009-07-28;7.86;7.97;7.71;7.74;217000.0
2009-07-29;7.7;7.7;7.31;7.46;514300.0
2009-07-30;7.56;7.85;7.25;7.49;5095100.0
2009-07-31;7.55;7.77;7.5;7.5;376300.0
2009-08-03;7.96;7.96;7.29;7.53;496800.0
2009-08-04;7.5;7.7;7.25;7.48;378900.0
2009-08-05;7.44;7.73;7.33;7.37;546500.0
2009-08-06;7.44;7.5;7.25;7.4;185600.0
2009-08-07;7.54;7.96;7.27;7.82;345900.0
2009-08-10;7.71;7.865;7.39;7.7;125300.0
2009-08-11;7.64;7.8799;7.38;7.5;114300.0
2009-08-12;7.53;7.85;7.53;7.78;150400.0
2009-08-13;7.85;7.88;7.53;7.74;133200.0
2009-08-14;7.74;7.88;7.61;7.74;311600.0
2009-08-17;7.63;7.75;7.57;7.65;154400.0
2009-08-18;7.65;7.7104;7.46;7.61;238500.0
2009-08-19;7.53;7.82;7.36;7.82;508800.0
2009-08-20;7.77;7.92;7.77;7.9;165300.0
2009-08-21;7.9;8.02;7.56;7.9;388100.0
2009-08-24;7.95;7.99;7.83;7.96;170600.0
2009-08-25;7.99;8.1;7.925;7.97;269100.0
2009-08-26;7.92;8.1;7.73;8.0;211500.0
2009-08-27;7.99;7.99;7.72;7.77;196900.0
2009-08-28;7.83;7.94;7.7;7.76;142100.0
2009-08-31;7.67;7.78;7.56;7.59;200800.0
2009-09-01;7.52;7.93;7.52;7.87;378300.0
2009-09-02;7.82;7.99;7.77;7.85;173000.0
2009-09-03;7.87;7.95;7.66;7.91;116700.0
2009-09-04;7.87;8.0;7.76;8.0;154800.0
2009-09-08;8.03;8.09;7.84;7.99;159700.0
2009-09-09;7.96;7.99;7.83;7.98;167200.0
2009-09-10;7.96;7.99;7.8401;7.91;200900.0
2009-09-11;7.9;7.99;7.73;7.86;116200.0
2009-09-14;7.82;8.0;7.76;7.99;112600.0
2009-09-15;8.0;8.95;7.99;8.93;638200.0
2009-09-16;8.93;8.99;8.252;8.95;308900.0
2009-09-17;8.95;9.35;8.79;9.1;342300.0
2009-09-18;9.11;9.29;8.85;8.89;649600.0
2009-09-21;8.85;9.04;8.74;8.76;198100.0
2009-09-22;8.87;8.87;8.63;8.63;273800.0
2009-09-23;8.62;8.78;8.5;8.59;292700.0
2009-09-24;8.59;8.6;8.19;8.19;388700.0
2009-09-25;8.14;8.312;7.64;8.15;310200.0
2009-09-28;8.19;8.8;8.19;8.68;589100.0
2009-09-29;8.66;8.85;8.35;8.59;212800.0
2009-09-30;8.62;8.74;8.37;8.74;484000.0
2009-10-01;8.88;8.88;8.3;8.59;584800.0
2009-10-02;8.48;8.68;8.34;8.6;339300.0
2009-10-05;9.33;9.4;8.97;9.4;1179300.0
2009-10-06;9.5;9.86;9.28;9.81;437300.0
2009-10-07;9.74;9.89;9.545;9.64;328800.0
2009-10-08;9.79;10.15;9.75;9.76;1326300.0
2009-10-09;9.73;9.89;9.63;9.67;535500.0
2009-10-12;9.69;9.7;9.23;9.23;1458400.0
2009-10-13;9.26;9.53;9.26;9.43;271300.0
2009-10-14;9.52;9.76;9.42;9.75;282400.0
2009-10-15;9.76;9.95;9.74;9.78;285900.0
2009-10-16;9.75;9.89;9.28;9.79;355300.0
2009-10-19;9.78;9.94;9.51;9.78;384600.0
2009-10-20;9.79;9.83;9.64;9.71;469600.0
2009-10-21;9.65;9.87;9.62;9.65;358700.0
2009-10-22;9.66;9.75;9.6;9.7;338900.0
2009-10-23;9.76;9.84;9.55;9.67;531200.0
2009-10-26;9.75;9.89;9.22;9.27;455700.0
2009-10-27;9.35;9.53;9.2;9.38;491600.0
2009-10-28;9.34;9.52;8.84;8.88;476300.0
2009-10-29;9.0;9.03;8.8;8.9;435800.0
2009-10-30;8.79;9.24;8.79;8.88;435800.0
2009-11-02;8.97;9.15;8.78;8.99;162000.0
2009-11-03;9.2;9.79;9.1;9.69;458300.0
2009-11-04;9.71;9.78;9.39;9.42;435700.0
2009-11-05;9.43;9.74;9.43;9.68;527600.0
2009-11-06;9.63;9.77;9.27;9.75;230700.0
2009-11-09;9.78;9.8;9.57;9.75;362100.0
2009-11-10;9.71;10.28;9.57;10.03;781500.0
2009-11-11;10.22;10.3;10.0;10.22;377700.0
2009-11-12;10.3;10.62;10.24;10.38;673000.0
2009-11-13;10.4;10.86;10.16;10.63;507200.0
2009-11-16;10.82;11.4;10.77;11.34;723400.0
2009-11-17;11.3;11.5;11.066;11.47;238200.0
2009-11-18;11.51;11.51;10.99;11.12;246600.0
2009-11-19;11.12;11.5;10.756;11.37;497200.0
2009-11-20;11.28;11.57;11.03;11.3;335200.0
2009-11-23;11.41;11.64;11.35;11.44;285100.0
2009-11-24;11.4;11.4;11.15;11.35;253600.0
2009-11-25;11.4;11.62;11.2801;11.56;429700.0
2009-11-27;11.3;11.49;11.25;11.35;117400.0
2009-11-30;11.35;11.41;11.11;11.4;1539800.0
2009-12-01;11.6;11.85;11.48;11.57;555900.0
2009-12-02;11.57;12.06;11.57;11.91;584500.0
2009-12-03;11.96;12.23;11.61;11.64;422600.0
2009-12-04;11.87;12.13;11.58;11.88;451800.0
2009-12-07;11.9;12.48;11.89;12.14;498200.0
2009-12-08;12.14;12.33;12.01;12.27;417600.0
2009-12-09;12.33;12.54;11.82;12.51;986900.0
2009-12-10;12.49;12.89;12.23;12.45;600900.0
2009-12-11;12.64;12.79;12.31;12.57;840600.0
2009-12-14;12.61;12.62;12.23;12.6;268600.0
2009-12-15;12.63;13.0;12.62;12.73;755000.0
2009-12-16;12.83;13.15;12.77;13.11;689100.0
2009-12-17;13.11;13.44;13.02;13.18;769000.0
2009-12-18;13.19;13.29;12.95;13.26;1956100.0
2009-12-21;13.27;13.54;13.03;13.44;886400.0
2009-12-22;13.39;13.75;13.39;13.65;1156600.0
2009-12-23;13.36;13.74;13.3;13.68;402500.0
2009-12-24;13.75;13.77;13.6;13.73;145100.0
2009-12-28;13.77;13.89;13.68;13.77;408300.0
2009-12-29;13.75;13.9;13.75;13.81;425700.0
2009-12-30;13.78;13.97;13.7799;13.87;433000.0
2009-12-31;13.87;13.87;13.6;13.61;278100.0
2010-01-04;13.96;14.15;13.81;14.09;1142500.0
2010-01-05;14.08;14.26;13.95;14.21;346600.0
2010-01-06;14.24;14.3699;14.0;14.09;677100.0
2010-01-07;14.06;14.87;13.95;14.19;1088300.0
2010-01-08;13.81;13.99;13.42;13.59;875900.0
2010-01-11;13.66;13.93;13.65;13.71;500800.0
2010-01-12;13.58;13.6;13.13;13.24;602900.0
2010-01-13;13.31;13.71;13.26;13.62;517800.0
2010-01-14;13.61;14.3398;13.61;14.31;733200.0
2010-01-15;14.4;14.4;13.93;14.03;460500.0
2010-01-19;14.08;14.28;13.95;14.06;650300.0
2010-01-20;13.91;14.02;13.41;13.98;418200.0
2010-01-21;13.95;13.98;13.46;13.56;423300.0
2010-01-22;13.59;13.8;13.12;13.14;516400.0
2010-01-25;13.27;13.355;13.0;13.02;525200.0
2010-01-26;13.04;13.23;12.87;13.0;541800.0
2010-01-27;13.0;13.35;13.0;13.32;452600.0
2010-01-28;13.3;13.46;13.06;13.1;472600.0
2010-01-29;13.1;13.5;13.03;13.3;678800.0
2010-02-01;13.78;14.1;13.3;14.03;1341200.0
2010-02-02;14.11;14.11;13.78;13.88;365400.0
2010-02-03;13.88;13.94;13.49;13.6;335700.0
2010-02-04;13.56;13.59;13.09;13.09;520800.0
2010-02-05;13.12;13.77;13.11;13.6;637400.0
2010-02-08;13.54;14.01;13.29;13.64;472500.0
2010-02-09;13.8;13.93;13.5;13.66;358200.0
2010-02-10;13.65;13.69;13.365;13.69;299900.0
2010-02-11;13.69;14.0;13.52;13.95;319200.0
2010-02-12;13.87;14.12;13.67;13.91;315900.0
2010-02-16;14.09;14.09;13.72;13.85;329900.0
2010-02-17;13.87;13.89;13.72;13.85;196600.0
2010-02-18;13.8;13.88;13.66;13.76;776300.0
2010-02-19;13.78;13.88;13.64;13.87;576700.0
2010-02-22;13.85;14.61;13.77;14.61;718500.0
2010-02-23;14.52;14.77;13.97;14.38;886500.0
2010-02-24;14.46;14.92;14.171;14.9;619000.0
2010-02-25;15.0;15.8;14.28;15.47;3120000.0
2010-02-26;15.64;15.64;15.06;15.41;804100.0
2010-03-01;15.53;15.705;15.33;15.51;628600.0
2010-03-02;15.58;15.8;15.29;15.46;1344300.0
2010-03-03;15.54;16.205;15.5;15.93;1208600.0
2010-03-04;16.02;16.22;15.93;16.14;333800.0
2010-03-05;16.24;16.5;16.11;16.48;842100.0
2010-03-08;16.88;16.99;15.99;16.01;802000.0
2010-03-09;16.0;16.58;15.91;16.55;591100.0
2010-03-10;16.6;16.75;16.47;16.57;312800.0
2010-03-11;16.53;16.68;16.43;16.61;238000.0
2010-03-12;16.67;16.69;16.45;16.49;399800.0
2010-03-15;16.5;17.28;16.43;17.23;1041600.0
2010-03-16;17.28;17.36;16.8701;16.95;840100.0
2010-03-17;17.0;17.7499;17.0;17.5;703900.0
2010-03-18;17.1;17.34;16.97;17.16;1077300.0
2010-03-19;17.22;17.33;16.54;16.76;1490600.0
2010-03-22;16.69;17.53;16.57;17.44;490200.0
2010-03-23;17.48;17.96;17.39;17.84;906900.0
2010-03-24;17.75;17.83;17.39;17.62;726000.0
2010-03-25;17.705;17.9;17.4301;17.51;466100.0
2010-03-26;17.51;17.73;17.4999;17.71;473100.0
2010-03-29;17.71;17.99;17.66;17.99;372600.0
2010-03-30;17.99;18.05;17.61;18.05;784600.0
2010-03-31;18.01;18.15;17.84;17.88;508400.0
2010-04-01;17.99;18.1;17.73;17.94;376800.0
2010-04-05;18.04;18.2;17.91;17.99;797300.0
2010-04-06;18.01;18.01;17.77;17.92;332900.0
2010-04-07;17.96;18.05;17.77;18.05;477500.0
2010-04-08;17.94;17.97;17.2;17.25;518700.0
2010-04-09;17.26;17.31;16.82;17.09;721900.0
2010-04-12;17.15;17.52;17.15;17.17;531300.0
2010-04-13;17.22;17.39;17.07;17.27;381800.0
2010-04-14;17.36;17.57;17.3;17.45;283800.0
2010-04-15;17.5;17.8;17.5;17.7;409500.0
2010-04-16;17.75;17.79;17.38;17.53;468200.0
2010-04-19;17.56;17.67;17.0;17.3;548700.0
2010-04-20;17.48;17.65;17.13;17.48;541700.0
2010-04-21;17.57;17.6;17.08;17.29;551600.0
2010-04-22;17.17;17.41;16.8;17.19;636100.0
2010-04-23;17.28;17.35;17.02;17.32;412000.0
2010-04-26;17.5;17.88;17.42;17.55;640200.0
2010-04-27;17.61;18.2;17.45;17.86;1230300.0
2010-04-28;18.15;18.16;17.61;17.81;625800.0
2010-04-29;17.92;18.48;17.8;18.33;1230500.0
2010-04-30;18.5;18.74;18.04;18.1;768700.0
2010-05-03;18.22;18.72;17.76;17.96;1052600.0
2010-05-04;18.71;19.03;17.25;18.97;4646100.0
2010-05-05;18.94;18.94;17.69;18.47;1390700.0
2010-05-06;18.48;18.99;7.2;17.66;2014500.0
2010-05-07;17.57;17.74;16.4;16.66;1708600.0
2010-05-10;17.33;18.54;17.25;18.51;1350000.0
2010-05-11;18.2;20.08;18.1;20.01;2296500.0
2010-05-12;20.0;20.16;19.54;20.13;1143800.0
2010-05-13;20.15;20.37;19.78;20.18;722000.0
2010-05-14;20.0;20.34;19.41;19.83;910100.0
2010-05-17;19.99;20.1;19.21;19.87;668700.0
2010-05-18;20.25;20.43;19.66;20.24;978900.0
2010-05-19;20.1;20.75;19.8;20.65;833200.0
2010-05-20;20.25;20.4;19.3;19.65;1079600.0
2010-05-21;19.38;20.11;19.0;20.05;1101500.0
2010-05-24;20.0;20.36;19.68;19.68;569400.0
2010-05-25;19.3;19.96;18.88;19.91;943900.0
2010-05-26;20.0;20.5;19.91;20.3;1212100.0
2010-05-27;20.6;21.65;20.55;21.4;1394700.0
2010-05-28;21.41;21.7375;20.9001;21.075;546900.0
2010-06-01;21.08;22.0;21.0109;21.11;921300.0
2010-06-02;20.7;20.97;19.91;20.97;1981100.0
2010-06-03;21.07;21.62;20.89;21.58;695100.0
2010-06-04;20.99;21.13;20.15;20.37;922200.0
2010-06-07;20.52;20.72;19.57;19.78;866100.0
2010-06-08;19.71;20.13;19.4;19.83;845100.0
2010-06-09;19.97;20.36;19.62;19.825;1720600.0
2010-06-10;20.09;20.64;19.86;20.64;919000.0
2010-06-11;20.32;21.0302;20.14;20.81;728000.0
2010-06-14;21.27;21.37;20.81;20.92;669300.0
2010-06-15;21.16;21.68;21.0;21.62;707700.0
2010-06-16;21.53;21.732;20.98;21.43;438200.0
2010-06-17;21.44;21.6;20.98;21.57;461500.0
2010-06-18;21.65;21.88;21.3974;21.4;1047600.0
2010-06-21;21.96;22.39;21.29;21.3;1169200.0
2010-06-22;21.55;21.74;20.66;20.67;730400.0
2010-06-23;20.58;20.81;19.81;20.02;838500.0
2010-06-24;19.78;19.79;19.16;19.49;1541500.0
2010-06-25;19.59;20.5;19.16;20.49;1638300.0
2010-06-28;20.62;21.0;20.28;20.85;1319000.0
2010-06-29;20.36;20.415;18.65;18.81;1365800.0
2010-06-30;18.85;19.4006;18.67;19.06;1109200.0
2010-07-01;18.89;19.0;16.0;17.9;2487600.0
2010-07-02;18.06;18.4399;17.82;18.07;632000.0
2010-07-06;18.38;19.38;17.42;17.61;1189700.0
2010-07-07;17.72;18.0;17.29;17.96;687100.0
2010-07-08;18.19;18.76;18.07;18.73;524100.0
2010-07-09;18.75;19.03;18.63;18.94;459700.0
2010-07-12;18.94;19.05;18.1;18.32;609100.0
2010-07-13;18.53;18.83;17.95;18.74;765300.0
2010-07-14;18.72;18.7999;17.73;18.03;848300.0
2010-07-15;18.11;18.12;17.46;17.9;819400.0
2010-07-16;17.7;17.76;17.13;17.3;599700.0
2010-07-19;17.44;17.53;17.01;17.39;405700.0
2010-07-20;17.15;17.52;17.11;17.39;626400.0
2010-07-21;17.52;17.62;16.96;17.07;520500.0
2010-07-22;17.25;17.48;17.06;17.16;670800.0
2010-07-23;17.1;17.2;15.81;16.08;2027600.0
2010-07-26;16.08;16.935;16.07;16.64;921600.0
2010-07-27;16.87;17.08;16.5652;16.83;784500.0
2010-07-28;16.9;17.14;16.23;16.27;590500.0
2010-07-29;16.47;16.73;16.0;16.55;523200.0
2010-07-30;16.35;16.64;16.3;16.39;421300.0
2010-08-02;16.67;17.31;16.6;16.74;1080500.0
2010-08-03;16.62;17.0;15.56;16.18;1889600.0
2010-08-04;16.17;17.25;15.96;17.17;1073800.0
2010-08-05;17.0;17.39;16.911;17.18;706000.0
2010-08-06;17.0;17.11;16.6;17.0;644500.0
2010-08-09;16.8;17.08;16.68;17.0;589100.0
2010-08-10;16.85;16.92;16.5;16.6;705000.0
2010-08-11;16.26;16.54;15.925;15.95;525200.0
2010-08-12;15.65;15.97;14.7;15.94;1781100.0
2010-08-13;15.98;16.32;15.88;15.93;676900.0
2010-08-16;15.79;16.12;15.727;15.84;738500.0
2010-08-17;16.01;16.46;15.83;16.36;908000.0
2010-08-18;16.29;16.57;16.23;16.45;561100.0
2010-08-19;16.37;16.53;16.0;16.11;575500.0
2010-08-20;16.01;16.61;16.01;16.49;641100.0
2010-08-23;16.62;16.95;16.5;16.72;678800.0
2010-08-24;16.53;16.69;16.18;16.37;579100.0
2010-08-25;16.33;16.53;16.05;16.49;502700.0
2010-08-26;16.51;16.72;16.37;16.66;651600.0
2010-08-27;16.82;17.0;16.31;16.98;513500.0
2010-08-30;16.96;16.96;16.2;16.27;611000.0
2010-08-31;16.21;16.27;15.63;15.63;865700.0
2010-09-01;15.94;16.15;15.9;16.05;759900.0
2010-09-02;16.02;16.97;16.02;16.92;984300.0
2010-09-03;17.09;17.4;17.06;17.38;582900.0
2010-09-07;17.27;17.32;16.93;17.09;687000.0
2010-09-08;17.05;17.67;17.05;17.51;726400.0
2010-09-09;17.7;18.09;17.65;18.0;915100.0
2010-09-10;18.01;18.16;17.91;18.02;483800.0
2010-09-13;18.19;18.5;18.04;18.37;697900.0
2010-09-14;17.65;17.65;16.92;17.3;1628300.0
2010-09-15;17.19;17.96;16.8;17.83;770400.0
2010-09-16;17.75;18.0;17.62;17.9;449400.0
2010-09-17;18.0;18.0;17.51;17.72;666100.0
2010-09-20;17.72;19.04;17.72;18.94;845000.0
2010-09-21;18.89;18.955;18.52;18.81;517500.0
2010-09-22;18.7;18.89;18.3;18.53;605200.0
2010-09-23;18.32;19.17;18.32;18.98;606000.0
2010-09-24;19.2;19.62;19.01;19.45;614500.0
2010-09-27;19.49;20.12;19.25;19.61;1041200.0
2010-09-28;19.74;19.8;19.2;19.59;432900.0
2010-09-29;19.5;19.8999;19.5;19.79;571200.0
2010-09-30;19.86;19.93;19.43;19.8;904100.0
2010-10-01;20.0;20.25;19.53;19.89;844800.0
2010-10-04;19.8;20.2;19.77;20.19;548300.0
2010-10-05;20.33;20.79;20.13;20.79;768100.0
2010-10-06;20.69;20.98;20.49;20.85;681500.0
2010-10-07;20.92;21.04;20.69;20.97;583100.0
2010-10-08;21.0;21.33;20.6;21.22;345800.0
2010-10-11;21.11;21.6482;21.04;21.45;597400.0
2010-10-12;21.45;21.67;21.29;21.59;401900.0
2010-10-13;21.64;21.94;21.64;21.86;481500.0
2010-10-14;21.81;22.0;21.2;21.34;677100.0
2010-10-15;21.62;21.88;21.21;21.36;701700.0
2010-10-18;21.36;21.4;20.95;21.25;480200.0
2010-10-19;20.95;21.07;20.35;20.55;732300.0
2010-10-20;20.59;21.11;20.39;21.03;563600.0
2010-10-21;21.04;21.47;20.71;20.83;421700.0
2010-10-22;20.94;21.34;20.64;21.14;305900.0
2010-10-25;21.35;21.5;21.0;21.29;405700.0
2010-10-26;21.21;21.5;21.21;21.48;356500.0
2010-10-27;21.4;21.55;20.9;21.19;401200.0
2010-10-28;21.3;21.64;21.19;21.37;363000.0
2010-10-29;21.35;21.38;18.78;18.84;1900200.0
2010-11-01;18.7;18.9599;17.65;18.73;1305100.0
2010-11-02;17.7;19.0;17.61;18.81;1346000.0
2010-11-03;18.7;19.95;18.6351;19.94;990700.0
2010-11-04;20.09;20.41;19.49;19.73;698900.0
2010-11-05;19.72;19.94;18.57;18.85;807900.0
2010-11-08;18.7;18.98;18.39;18.69;392700.0
2010-11-09;18.65;19.12;18.5;19.02;498000.0
2010-11-10;19.02;19.19;18.77;19.0;411000.0
2010-11-11;18.77;18.99;18.62;18.75;366200.0
2010-11-12;18.55;18.66;18.17;18.3;388100.0
2010-11-15;18.47;19.4;18.42;18.97;611800.0
2010-11-16;19.08;19.2;18.55;18.67;455200.0
2010-11-17;18.68;19.18;18.67;18.86;483700.0
2010-11-18;18.98;19.68;18.98;19.58;821600.0
2010-11-19;19.61;19.64;19.26;19.41;311700.0
2010-11-22;19.38;19.92;19.14;19.61;792900.0
2010-11-23;19.33;19.52;19.0;19.4;696600.0
2010-11-24;19.58;19.72;19.23;19.38;536300.0
2010-11-26;19.28;19.33;19.1;19.15;166500.0
2010-11-29;19.04;19.1;18.36;18.74;707400.0
2010-11-30;18.48;18.74;17.7;17.91;1075700.0
2010-12-01;18.11;18.21;17.75;18.12;1092700.0
2010-12-02;18.19;18.29;17.88;18.29;642000.0
2010-12-03;17.91;18.27;17.91;18.11;796200.0
2010-12-06;18.06;18.45;18.0;18.38;771600.0
2010-12-07;18.64;18.91;18.42;18.525;488100.0
2010-12-08;18.59;18.76;18.32;18.6;397500.0
2010-12-09;18.73;18.76;18.55;18.76;1219400.0
2010-12-10;18.8;19.12;18.63;19.11;520900.0
2010-12-13;19.11;19.62;18.99;19.35;516700.0
2010-12-14;19.47;19.47;19.16;19.29;503100.0
2010-12-15;19.25;19.71;19.1;19.59;496000.0
2010-12-16;19.7;21.27;19.64;20.68;1293200.0
2010-12-17;20.67;20.91;20.11;20.6;1443300.0
2010-12-20;20.92;21.0;20.37;20.85;691900.0
2010-12-21;21.01;21.01;20.7256;20.88;513400.0
2010-12-22;20.85;20.93;20.35;20.45;459900.0
2010-12-23;20.39;20.92;20.37;20.735;262500.0
2010-12-27;20.6;20.7;20.23;20.59;237600.0
2010-12-28;20.61;20.85;20.5;20.5;251200.0
2010-12-29;20.82;20.92;20.49;20.51;355200.0
2010-12-30;20.57;20.74;20.4;20.46;153300.0
2010-12-31;20.5;20.65;20.1;20.11;258100.0
2011-01-03;20.42;21.28;20.42;21.08;601200.0
2011-01-04;21.16;21.18;20.01;20.3;465200.0
2011-01-05;20.36;20.91;20.31;20.8;496200.0
2011-01-06;20.62;20.93;20.4;20.68;496200.0
2011-01-07;21.0;21.0;20.5;20.68;576600.0
2011-01-10;20.77;20.77;20.29;20.71;719000.0
2011-01-11;20.7;20.79;20.55;20.64;809000.0
2011-01-12;20.73;20.93;20.52;20.67;494300.0
2011-01-13;20.83;21.6;20.759;21.24;809600.0
2011-01-14;21.26;22.37;21.22;22.28;1065900.0
2011-01-18;22.32;22.93;22.21;22.76;685800.0
2011-01-19;22.6;22.76;21.95;22.01;993000.0
2011-01-20;22.01;22.292;21.77;22.13;666600.0
2011-01-21;22.09;22.1975;21.765;22.0;520700.0
2011-01-24;22.1;22.62;22.0;22.36;385400.0
2011-01-25;22.18;22.78;22.0;22.78;445700.0
2011-01-26;22.66;24.18;22.66;23.66;1496400.0
2011-01-27;23.8;23.92;23.49;23.67;684900.0
2011-01-28;23.63;23.63;23.0;23.39;704400.0
2011-01-31;23.58;23.79;23.06;23.22;709200.0
2011-02-01;23.33;24.12;23.17;23.87;620300.0
2011-02-02;23.68;24.19;23.43;23.7;328600.0
2011-02-03;23.72;23.86;23.22;23.63;196300.0
2011-02-04;23.66;23.96;23.44;23.86;235300.0
2011-02-07;23.97;24.66;23.94;23.995;453700.0
2011-02-08;24.0;24.03;23.57;23.66;354600.0
2011-02-09;23.85;24.26;23.8;24.09;577000.0
2011-02-10;23.7;24.2;23.11;24.06;520200.0
2011-02-11;24.06;24.25;23.9;23.95;437500.0
2011-02-14;23.8;24.14;23.69;23.89;621800.0
2011-02-15;23.92;24.79;23.84;24.66;861000.0
2011-02-16;24.7;24.79;24.5;24.61;481600.0
2011-02-17;24.54;24.57;23.2;23.25;820800.0
2011-02-18;23.56;23.96;23.21;23.35;753600.0
2011-02-22;23.2;23.29;22.51;22.81;778000.0
2011-02-23;22.77;22.92;21.95;22.22;845100.0
2011-02-24;22.15;22.27;20.81;20.95;2054500.0
2011-02-25;20.92;21.21;20.135;20.83;2061700.0
2011-02-28;20.94;21.37;20.3;20.59;1151600.0
2011-03-01;20.62;21.35;20.51;21.32;1149500.0
2011-03-02;21.21;21.98;20.92;21.9;1146900.0
2011-03-03;22.0;22.92;21.97;22.71;1024100.0
2011-03-04;22.74;22.97;21.98;22.15;773500.0
2011-03-07;20.29;22.2;20.25;21.99;1334400.0
2011-03-08;21.97;22.96;21.692;22.75;978800.0
2011-03-09;22.69;22.97;22.48;22.67;587100.0
2011-03-10;22.38;22.6;22.19;22.27;866500.0
2011-03-11;22.23;22.49;21.98;22.07;674400.0
2011-03-14;21.84;22.29;21.8;22.07;461500.0
2011-03-15;23.75;26.19;23.4;25.52;6778900.0
2011-03-16;25.43;25.63;24.6;24.8;1567100.0
2011-03-17;25.1;25.1;23.81;24.1;977300.0
2011-03-18;25.4;25.53;23.58;23.74;1242200.0
2011-03-21;24.14;24.33;23.5;24.0;950000.0
2011-03-22;23.98;24.05;23.56;23.91;736400.0
2011-03-23;23.83;24.63;23.5;24.6;959300.0
2011-03-24;24.59;24.8699;24.44;24.68;792400.0
2011-03-25;24.72;25.36;24.45;25.0;851500.0
2011-03-28;25.0;25.21;24.96;25.03;765400.0
2011-03-29;25.04;25.47;24.98;25.06;906600.0
2011-03-30;25.25;25.81;25.1;25.52;500400.0
2011-03-31;25.63;25.69;25.26;25.45;720100.0
2011-04-01;26.0;26.0;25.43;25.62;479900.0
2011-04-04;25.78;26.43;25.63;26.215;675500.0
2011-04-05;26.32;27.24;26.17;27.2;1089100.0
2011-04-06;27.3;28.06;27.05;27.07;1249000.0
2011-04-07;27.24;27.6;26.94;27.51;696000.0
2011-04-08;27.71;27.8;27.41;27.52;580800.0
2011-04-11;27.5;27.86;27.38;27.69;347000.0
2011-04-12;27.56;27.76;26.86;27.22;659400.0
2011-04-13;27.2;27.55;26.68;27.15;480000.0
2011-04-14;27.0;27.29;26.82;27.23;344400.0
2011-04-15;27.04;27.4;26.8;27.06;877200.0
2011-04-18;26.78;26.78;25.67;26.28;791900.0
2011-04-19;26.35;26.47;25.91;26.36;478300.0
2011-04-20;26.63;26.9;26.39;26.73;200300.0
2011-04-21;26.78;26.78;26.241;26.46;384100.0
2011-04-25;26.54;26.74;26.02;26.41;286000.0
2011-04-26;26.41;27.435;26.41;27.16;519800.0
2011-04-27;27.08;27.56;26.95;27.45;335100.0
2011-04-28;27.28;27.9;27.25;27.66;528300.0
2011-04-29;27.76;27.76;27.1;27.38;344000.0
2011-05-02;27.76;27.98;27.3;27.35;638500.0
2011-05-03;27.5;28.01;27.15;27.87;694400.0
2011-05-04;27.92;27.92;27.1001;27.5;730700.0
2011-05-05;27.32;28.5;27.23;28.14;806100.0
2011-05-06;28.35;28.38;27.4;27.4;591600.0
2011-05-09;27.41;28.26;27.3;27.85;412400.0
2011-05-10;28.0;28.75;27.87;28.73;384500.0
2011-05-11;28.31;28.67;27.93;27.97;462100.0
2011-05-12;27.78;28.11;27.51;27.6;684000.0
2011-05-13;27.74;28.3;27.12;27.46;854900.0
2011-05-16;27.26;27.45;26.86;26.95;311600.0
2011-05-17;26.89;26.915;26.33;26.45;380800.0
2011-05-18;26.47;27.17;26.23;27.1;459900.0
2011-05-19;27.21;27.32;27.1;27.21;426400.0
2011-05-20;27.02;27.2;26.72;26.93;506200.0
2011-05-23;26.55;26.86;26.33;26.65;472100.0
2011-05-24;26.64;26.81;26.32;26.59;526200.0
2011-05-25;26.57;26.97;26.4;26.79;319200.0
2011-05-26;26.63;26.95;26.55;26.76;367100.0
2011-05-27;26.88;27.26;26.86;27.18;250800.0
2011-05-31;26.36;27.07;26.33;26.85;868400.0
2011-06-01;26.76;27.07;26.4;26.43;843000.0
2011-06-02;26.46;26.66;26.04;26.39;256700.0
2011-06-03;26.01;26.33;25.62;25.65;468100.0
2011-06-06;24.58;25.19;23.12;23.29;1996200.0
2011-06-07;23.3;23.79;22.99;23.49;969900.0
2011-06-08;22.67;22.88;20.3;21.14;3771900.0
2011-06-09;21.28;22.11;21.07;21.1;1471200.0
2011-06-10;20.94;21.21;20.36;20.7;1500300.0
2011-06-13;20.73;21.09;20.49;20.7;636800.0
2011-06-14;20.84;21.2099;20.79;20.95;950200.0
2011-06-15;20.65;21.53;20.55;20.93;803600.0
2011-06-16;20.89;21.09;20.61;20.81;623200.0
2011-06-17;20.9;21.15;20.2404;20.37;1100300.0
2011-06-20;20.23;20.84;20.19;20.45;878100.0
2011-06-21;20.6;20.74;20.4;20.62;639000.0
2011-06-22;20.62;20.89;20.45;20.53;787900.0
2011-06-23;20.27;20.83;20.08;20.59;585900.0
2011-06-24;20.66;20.66;20.0;20.21;612000.0
2011-06-27;20.34;20.85;20.1201;20.66;485200.0
2011-06-28;20.64;20.95;20.37;20.43;647300.0
2011-06-29;20.58;21.65;20.51;21.29;1023000.0
2011-06-30;21.21;21.93;21.19;21.79;672400.0
2011-07-01;21.81;22.07;21.45;21.86;761600.0
2011-07-05;21.87;21.93;21.33;21.39;721400.0
2011-07-06;21.47;21.74;21.28;21.5;464000.0
2011-07-07;21.56;21.61;21.0425;21.43;397900.0
2011-07-08;21.12;21.3783;21.05;21.24;271700.0
2011-07-11;21.08;21.08;20.41;20.64;477200.0
2011-07-12;20.6;21.03;20.5;20.82;291500.0
2011-07-13;20.87;21.32;20.7015;21.29;596500.0
2011-07-14;21.35;21.5;21.11;21.22;475900.0
2011-07-15;21.27;21.58;21.1115;21.56;512700.0
2011-07-18;21.5;21.74;20.99;21.16;606800.0
2011-07-19;21.2;21.73;21.2;21.49;535000.0
2011-07-20;21.4;21.62;20.695;20.96;497200.0
2011-07-21;21.09;21.27;20.87;21.08;709500.0
2011-07-22;21.02;21.44;20.89;21.02;357600.0
2011-07-25;20.77;21.0271;20.19;20.22;536000.0
2011-07-26;20.32;20.72;20.21;20.35;606500.0
2011-07-27;20.21;20.45;19.8;20.0;770900.0
2011-07-28;20.17;21.39;20.17;21.22;1017700.0
2011-07-29;21.0;21.42;20.41;21.18;577600.0
2011-08-01;21.29;21.46;20.28;21.1;894800.0
2011-08-02;20.83;21.72;19.85;19.96;1427000.0
2011-08-03;20.08;20.49;19.21;20.15;1342700.0
2011-08-04;19.8;19.8;18.16;18.2;1067700.0
2011-08-05;18.3;18.529;16.96;17.25;1018200.0
2011-08-08;16.86;17.2;15.5;15.53;1025700.0
2011-08-09;15.77;15.9098;14.46;15.79;1606400.0
2011-08-10;15.36;15.63;14.75;15.26;1748600.0
2011-08-11;15.38;16.67;15.3223;16.36;1344200.0
2011-08-12;16.5;16.95;16.01;16.8;772900.0
2011-08-15;18.9;19.55;18.3;19.11;2358700.0
2011-08-16;18.84;19.28;18.49;18.92;861700.0
2011-08-17;18.95;19.29;18.28;18.55;719400.0
2011-08-18;18.08;18.11;17.42;18.0;789300.0
2011-08-19;17.66;18.2;17.18;17.41;701800.0
2011-08-22;17.8;18.08;16.73;17.07;640700.0
2011-08-23;17.02;17.64;16.22;17.59;922800.0
2011-08-24;17.52;18.53;17.3918;18.42;832200.0
2011-08-25;18.25;18.78;18.05;18.38;1283100.0
2011-08-26;18.16;19.08;17.76;18.82;562500.0
2011-08-29;18.98;19.73;18.85;19.61;388300.0
2011-08-30;19.45;19.68;19.01;19.4;1004800.0
2011-08-31;19.68;20.07;19.165;19.67;547700.0
2011-09-01;19.64;20.02;18.98;19.09;643100.0
2011-09-02;18.74;19.25;18.43;18.81;631300.0
2011-09-06;18.19;18.71;17.86;18.49;449500.0
2011-09-07;18.69;19.12;18.49;19.03;790700.0
2011-09-08;18.9;19.37;18.68;18.9;559500.0
2011-09-09;18.66;18.86;18.33;18.58;555500.0
2011-09-12;18.34;18.75;18.01;18.11;776100.0
2011-09-13;18.28;18.54;18.01;18.2;396600.0
2011-09-14;18.34;19.15;18.0148;18.71;389000.0
2011-09-15;18.89;19.33;18.47;19.32;526300.0
2011-09-16;19.42;20.023;19.21;20.02;774800.0
2011-09-19;19.6;20.5094;19.5;20.36;753800.0
2011-09-20;20.41;21.19;20.345;21.05;1455000.0
2011-09-21;21.15;21.35;20.88;20.91;855400.0
2011-09-22;19.05;20.48;18.7;20.0;1033200.0
2011-09-23;20.08;20.14;19.46;19.67;1012500.0
2011-09-26;19.8;19.8;18.9;19.38;635500.0
2011-09-27;19.83;19.96;18.87;19.13;753600.0
2011-09-28;19.07;19.5485;18.41;18.68;1788000.0
2011-09-29;19.15;19.27;18.28;18.79;662400.0
2011-09-30;18.49;18.69;17.71;17.91;911800.0
2011-10-03;17.77;18.15;17.15;17.16;775500.0
2011-10-04;17.01;18.45;17.0;18.24;1060900.0
2011-10-05;18.3;18.95;18.3;18.79;633000.0
2011-10-06;18.92;19.68;18.3;19.65;818900.0
2011-10-07;19.74;19.76;18.78;18.9;1042100.0
2011-10-10;19.29;19.9;19.02;19.56;537600.0
2011-10-11;19.38;20.09;19.38;19.76;491800.0
2011-10-12;19.89;19.89;19.41;19.52;515100.0
2011-10-13;19.34;19.61;18.71;19.17;457700.0
2011-10-14;19.27;19.86;19.14;19.8;510500.0
2011-10-17;19.53;19.67;18.94;19.04;493500.0
2011-10-18;19.03;19.46;18.65;19.26;246200.0
2011-10-19;19.3;19.3;18.37;18.48;426600.0
2011-10-20;18.47;18.7;17.5;17.64;944000.0
2011-10-21;17.9;18.28;17.52;17.63;904200.0
2011-10-24;17.72;19.11;17.57;18.93;970800.0
2011-10-25;18.94;19.12;17.94;18.05;559500.0
2011-10-26;18.32;18.69;17.77;18.52;510700.0
2011-10-27;19.14;19.7;18.86;19.46;528000.0
2011-10-28;18.29;19.16;18.27;18.93;631800.0
2011-10-31;18.59;18.97;18.37;18.91;795800.0
2011-11-01;18.55;19.0;17.85;18.2;932600.0
2011-11-02;18.41;18.68;17.82;18.04;549500.0
2011-11-03;18.14;18.14;17.53;18.02;891800.0
2011-11-04;17.81;17.95;17.4401;17.69;780200.0
2011-11-07;17.65;17.86;17.19;17.69;483400.0
2011-11-08;17.79;17.91;17.46;17.69;478000.0
2011-11-09;17.33;17.4971;16.77;17.07;672500.0
2011-11-10;17.2899;17.3;16.86;17.25;540200.0
2011-11-11;17.42;17.48;17.13;17.24;455700.0
2011-11-14;17.15;17.25;16.67;16.97;352700.0
2011-11-15;16.82;17.24;16.5;17.16;262200.0
2011-11-16;16.95;17.08;16.52;16.53;288600.0
2011-11-17;16.52;17.35;16.52;16.87;428000.0
2011-11-18;16.84;17.21;16.65;17.16;347500.0
2011-11-21;16.88;17.44;16.63;17.32;515800.0
2011-11-22;17.31;18.265;17.12;18.04;709000.0
2011-11-23;17.85;17.99;17.5;17.77;744000.0
2011-11-25;17.77;17.86;17.4;17.5101;319600.0
2011-11-28;17.99;19.33;17.99;19.2;814400.0
2011-11-29;19.29;19.45;18.75;19.44;848600.0
2011-11-30;20.0;20.24;19.74;20.14;681300.0
2011-12-01;20.0;20.02;19.27;19.35;444500.0
2011-12-02;19.59;19.84;19.282;19.58;359600.0
2011-12-05;19.77;19.77;18.97;19.31;543500.0
2011-12-06;19.3;19.89;19.1628;19.6;322900.0
2011-12-07;19.54;19.7701;19.03;19.61;1281600.0
2011-12-08;19.48;19.66;18.79;18.83;496300.0
2011-12-09;18.87;19.4;18.69;19.27;638700.0
2011-12-12;19.1;19.23;18.57;18.9;427500.0
2011-12-13;18.98;19.24;18.1;18.21;421000.0
2011-12-14;18.07;18.22;17.34;17.35;774500.0
2011-12-15;17.64;17.99;17.33;17.9;792100.0
2011-12-16;18.11;19.12;18.11;18.95;1040600.0
2011-12-19;19.05;19.55;18.5601;18.88;459000.0
2011-12-20;19.26;19.92;19.09;19.89;555000.0
2011-12-21;19.77;20.37;19.54;20.24;481400.0
2011-12-22;20.29;20.5099;20.04;20.29;327800.0
2011-12-23;20.37;20.43;20.0;20.22;216300.0
2011-12-27;20.16;20.79;20.15;20.75;286700.0
2011-12-28;20.71;20.71;20.28;20.3;302300.0
2011-12-29;20.3;20.61;20.0421;20.58;374100.0
2011-12-30;20.49;20.6;20.14;20.17;193600.0
2012-01-03;20.67;20.88;20.225;20.47;503800.0
2012-01-04;20.31;20.85;20.21;20.28;177600.0
2012-01-05;20.16;20.42;19.81;20.17;469600.0
2012-01-06;20.1;20.3099;20.02;20.2;314800.0
2012-01-09;21.0;21.68;20.85;21.23;729500.0
2012-01-10;20.79;20.88;19.9;19.92;1591800.0
2012-01-11;19.91;20.07;19.76;19.94;1000900.0
2012-01-12;19.93;20.04;19.63;19.89;387300.0
2012-01-13;19.6;20.44;19.6;20.17;392400.0
2012-01-17;19.76;20.59;19.65;19.72;372300.0
2012-01-18;19.63;20.05;19.6;20.04;630800.0
2012-01-19;20.03;20.4;19.99;20.26;260800.0
2012-01-20;20.28;20.55;19.83;20.0;392200.0
2012-01-23;19.9;19.9;19.41;19.59;367800.0
2012-01-24;19.46;19.79;19.15;19.22;266900.0
2012-01-25;19.25;19.25;18.65;18.82;587600.0
2012-01-26;18.86;19.14;18.4;18.64;813200.0
2012-01-27;18.62;19.11;18.62;19.05;316000.0
2012-01-30;18.86;19.25;18.84;19.09;316400.0
2012-01-31;19.27;19.41;18.77;18.88;423200.0
2012-02-01;19.95;20.93;19.45;20.6;1377100.0
2012-02-02;20.63;22.33;20.62;22.14;2379900.0
2012-02-03;22.49;23.23;22.11;22.31;783500.0
2012-02-06;22.12;22.4;22.03;22.36;545500.0
2012-02-07;22.38;22.38;21.69;21.81;845500.0
2012-02-08;21.79;22.47;21.58;21.98;757500.0
2012-02-09;20.93;22.11;20.3;21.75;2642200.0
2012-02-10;21.54;22.0;21.41;21.93;582900.0
2012-02-13;22.2;23.05;22.03;22.99;752900.0
2012-02-14;22.9;23.71;22.73;23.55;986100.0
2012-02-15;23.58;23.97;23.32;23.54;707700.0
2012-02-16;23.48;24.37;23.34;24.25;883700.0
2012-02-17;24.26;24.29;22.84;23.12;514900.0
2012-02-21;23.12;23.29;22.45;22.67;505500.0
2012-02-22;22.59;22.77;22.27;22.64;496900.0
2012-02-23;22.58;23.48;22.58;23.4;433900.0
2012-02-24;23.31;23.83;23.08;23.49;508100.0
2012-02-27;23.32;23.49;22.69;23.3;715200.0
2012-02-28;24.59;24.74;23.3411;23.62;968400.0
2012-02-29;23.75;23.75;22.97;23.35;1069100.0
2012-03-01;23.36;23.69;23.0;23.51;857500.0
2012-03-02;23.26;23.32;22.88;23.03;1032400.0
2012-03-05;22.9;23.14;22.24;23.03;878700.0
2012-03-06;22.71;22.81;22.26;22.71;655200.0
2012-03-07;22.75;23.48;22.72;23.41;675300.0
2012-03-08;23.43;23.83;23.15;23.48;1592600.0
2012-03-09;23.48;23.48;23.15;23.4;802400.0
2012-03-12;23.38;23.39;23.02;23.13;274500.0
2012-03-13;23.23;23.26;22.85;23.21;277900.0
2012-03-14;23.14;23.44;22.87;23.1;332000.0
2012-03-15;23.11;23.85;23.03;23.72;694400.0
2012-03-16;23.7;23.71;23.29;23.34;586800.0
2012-03-19;23.38;23.81;23.2;23.77;429600.0
2012-03-20;23.55;23.62;22.89;22.9;358800.0
2012-03-21;23.01;23.56;22.6;23.48;527300.0
2012-03-22;23.29;23.74;23.28;23.52;362300.0
2012-03-23;23.52;23.85;23.35;23.85;290800.0
2012-03-26;23.92;24.46;23.85;24.37;310100.0
2012-03-27;24.36;24.49;24.09;24.23;294200.0
2012-03-28;24.22;24.49;23.6;24.15;374600.0
2012-03-29;23.93;24.17;23.5309;24.02;247600.0
2012-03-30;24.18;25.0;24.06;24.58;822900.0
2012-04-02;24.51;25.0348;24.4;25.01;568800.0
2012-04-03;25.01;25.18;24.75;24.92;432000.0
2012-04-04;24.61;24.86;24.36;24.62;272600.0
2012-04-05;24.44;24.93;24.4047;24.57;203800.0
2012-04-09;24.06;24.29;23.77;23.97;262500.0
2012-04-10;23.87;24.13;23.395;23.57;368200.0
2012-04-11;23.87;24.26;23.728;24.09;236900.0
2012-04-12;24.0;24.4;23.81;24.09;366200.0
2012-04-13;24.01;24.16;23.29;23.6;351400.0
2012-04-16;23.65;23.89;23.312;23.71;202000.0
2012-04-17;24.03;25.08;23.79;25.06;533000.0
2012-04-18;24.85;24.92;24.19;24.37;397300.0
2012-04-19;24.42;24.98;24.26;24.43;451800.0
2012-04-20;24.91;24.95;24.541;24.74;360900.0
2012-04-23;24.31;24.31;23.84;23.98;238800.0
2012-04-24;24.13;24.855;24.09;24.65;293900.0
2012-04-25;25.01;25.2;24.68;24.8;411200.0
2012-04-26;24.65;24.88;24.22;24.71;315600.0
2012-04-27;24.7;25.36;24.54;25.31;204600.0
2012-04-30;24.87;25.16;24.58;24.63;331900.0
2012-05-01;23.42;23.95;22.54;22.62;1148300.0
2012-05-02;22.23;23.43;22.23;23.26;804800.0
2012-05-03;23.15;23.23;22.62;22.81;669100.0
2012-05-04;22.59;22.68;22.4;22.46;497100.0
2012-05-07;22.46;22.79;22.22;22.45;442600.0
2012-05-08;22.22;22.85;22.22;22.59;605000.0
2012-05-09;22.39;22.5071;21.8;21.82;639400.0
2012-05-10;21.98;22.43;21.59;22.24;595000.0
2012-05-11;22.09;22.18;21.77;22.0;475000.0
2012-05-14;21.77;22.05;21.72;21.86;255500.0
2012-05-15;21.82;22.09;21.54;21.71;258000.0
2012-05-16;21.74;21.99;21.66;21.81;160800.0
2012-05-17;21.81;21.81;21.08;21.08;296000.0
2012-05-18;21.01;21.55;20.85;20.97;367600.0
2012-05-21;21.05;21.68;21.05;21.25;349300.0
2012-05-22;21.3;21.715;20.9;21.26;505200.0
2012-05-23;21.1;21.41;20.48;20.9;273000.0
2012-05-24;20.94;21.3;20.71;21.2;257200.0
2012-05-25;21.23;21.35;21.13;21.23;193500.0
2012-05-29;21.41;21.6;21.16;21.43;260400.0
2012-05-30;21.12;21.43;21.09;21.18;369000.0
2012-05-31;21.28;21.28;20.56;20.73;364400.0
2012-06-01;20.35;20.53;19.9607;20.18;378900.0
2012-06-04;20.27;20.54;20.01;20.4;190900.0
2012-06-05;20.23;20.79;20.19;20.7;417100.0
2012-06-06;20.85;21.1;20.68;20.84;272000.0
2012-06-07;21.15;21.36;20.84;21.0;415500.0
2012-06-08;20.93;21.44;20.85;21.27;233300.0
2012-06-11;21.53;21.6;20.76;20.81;380300.0
2012-06-12;20.91;21.49;20.39;21.43;296400.0
2012-06-13;21.34;21.54;20.43;20.6;301200.0
2012-06-14;20.64;21.1;20.47;21.07;287300.0
2012-06-15;21.02;21.91;20.71;21.57;863200.0
2012-06-18;21.37;22.07;21.28;22.05;335800.0
2012-06-19;22.06;22.88;22.06;22.5;558400.0
2012-06-20;22.43;22.8;22.16;22.64;306300.0
2012-06-21;22.53;23.2282;22.33;22.65;675200.0
2012-06-22;22.66;23.05;22.6218;22.85;1126400.0
2012-06-25;21.58;21.74;20.065;20.2;1851700.0
2012-06-26;20.3;20.85;20.105;20.67;665000.0
2012-06-27;20.8;21.77;20.66;21.59;618000.0
2012-06-28;21.42;22.36;21.22;21.49;627000.0
2012-06-29;21.8;21.8;19.29;20.27;2077000.0
2012-07-02;20.45;20.79;19.62;20.12;812200.0
2012-07-03;20.11;20.565;20.1;20.45;300300.0
2012-07-05;20.4;20.45;19.89;20.16;612200.0
2012-07-06;19.95;20.31;19.95;20.25;459800.0
2012-07-09;20.28;20.52;20.09;20.49;347100.0
2012-07-10;20.62;20.8;19.72;19.87;325000.0
2012-07-11;19.84;20.01;19.76;19.94;294300.0
2012-07-12;19.72;19.96;19.502;19.83;391900.0
2012-07-13;19.84;19.95;19.68;19.83;282100.0
2012-07-16;19.85;20.85;19.8;20.51;790500.0
2012-07-17;20.72;21.22;20.71;20.99;587800.0
2012-07-18;20.97;21.3;20.38;20.44;381100.0
2012-07-19;20.51;20.6899;20.2;20.2;272600.0
2012-07-20;20.1;20.175;19.59;19.71;372700.0
2012-07-23;19.46;19.89;19.2205;19.72;301700.0
2012-07-24;19.86;20.11;19.33;19.67;335600.0
2012-07-25;19.8;20.145;19.43;20.04;341900.0
2012-07-26;20.31;20.72;20.28;20.43;268800.0
2012-07-27;20.44;21.19;20.22;20.77;325300.0
2012-07-30;20.83;20.98;20.25;20.51;389400.0
2012-07-31;21.5;22.84;21.36;22.22;1369700.0
2012-08-01;22.42;23.0;22.11;22.18;640700.0
2012-08-02;22.14;22.95;22.13;22.64;492100.0
2012-08-03;22.62;23.32;22.62;23.18;814100.0
2012-08-06;23.48;24.2;23.3;23.87;678700.0
2012-08-07;24.0;24.23;23.87;23.89;465500.0
2012-08-08;23.8;24.19;23.45;23.55;397300.0
2012-08-09;23.62;23.735;23.22;23.57;462500.0
2012-08-10;23.5;24.09;23.06;24.03;311500.0
2012-08-13;23.91;24.0;23.53;23.98;422000.0
2012-08-14;24.02;24.49;24.02;24.49;773900.0
2012-08-15;24.52;24.54;23.78;24.03;481000.0
2012-08-16;24.27;24.366;24.0;24.06;361400.0
2012-08-17;24.07;24.31;24.01;24.16;296500.0
2012-08-20;23.99;24.47;23.92;24.3;349500.0
2012-08-21;24.5;24.89;23.83;24.02;504500.0
2012-08-22;24.1;24.37;23.82;23.97;477500.0
2012-08-23;24.02;24.13;23.74;23.83;283000.0
2012-08-24;23.7;24.02;23.5;23.88;285500.0
2012-08-27;23.92;24.15;23.63;23.92;251800.0
2012-08-28;24.0;24.16;23.78;23.95;1046900.0
2012-08-29;23.92;24.06;23.68;23.83;194700.0
2012-08-30;23.72;24.0;23.4301;23.85;285900.0
2012-08-31;23.96;23.9798;23.54;23.67;288400.0
2012-09-04;23.75;24.0;23.42;23.84;316000.0
2012-09-05;23.76;24.9;23.76;24.83;1200600.0
2012-09-06;25.0;25.309;24.7001;24.93;589400.0
2012-09-07;25.11;25.11;24.2407;24.39;445400.0
2012-09-10;24.32;24.44;23.91;24.05;463000.0
2012-09-11;24.05;24.72;23.81;24.36;319300.0
2012-09-12;24.47;24.7;24.41;24.55;377400.0
2012-09-13;24.55;24.6998;24.12;24.18;322700.0
2012-09-14;24.33;24.35;23.93;24.05;448800.0
2012-09-17;24.0;24.389;23.95;24.05;380900.0
2012-09-18;24.19;25.07;24.1301;24.84;1040400.0
2012-09-19;24.84;26.09;24.75;25.8;1597500.0
2012-09-20;25.74;26.0;25.34;25.98;545600.0
2012-09-21;26.27;26.56;25.81;26.16;1857600.0
2012-09-24;26.08;26.89;25.75;26.64;982800.0
2012-09-25;25.8;26.889;25.8;26.59;1275200.0
2012-09-26;26.59;26.67;26.12;26.15;705500.0
2012-09-27;26.19;26.28;25.57;25.88;931900.0
2012-09-28;25.7;26.38;25.5;25.96;438000.0
2012-10-01;26.28;26.86;26.18;26.43;535800.0
2012-10-02;26.74;27.25;26.28;27.02;902900.0
2012-10-03;27.2;27.2;26.32;26.39;1363000.0
2012-10-04;26.44;26.86;26.08;26.4;629100.0
2012-10-05;26.58;26.85;26.44;26.68;505000.0
2012-10-08;26.67;26.77;26.342;26.38;253200.0
2012-10-09;26.33;26.465;25.92;26.21;543200.0
2012-10-10;26.2;26.37;25.9;26.14;376700.0
2012-10-11;26.25;26.46;25.95;26.05;277400.0
2012-10-12;25.66;26.39;25.59;26.35;457200.0
2012-10-15;26.22;26.4;25.67;25.86;332800.0
2012-10-16;26.0;26.08;25.71;25.99;316700.0
2012-10-17;26.08;26.14;25.82;26.1;299400.0
2012-10-18;26.08;26.15;25.71;25.77;226800.0
2012-10-19;25.6;25.68;24.6;24.98;586200.0
2012-10-22;25.0;25.31;24.69;25.28;357500.0
2012-10-23;25.18;25.48;24.57;25.35;394000.0
2012-10-24;25.39;25.45;24.39;24.61;635000.0
2012-10-25;24.73;25.17;24.36;24.52;364900.0
2012-10-26;24.59;24.89;24.1801;24.34;349500.0
2012-10-31;22.0;22.0;20.0;21.222;3172300.0
2012-11-01;21.2;21.2;20.51;21.01;1740200.0
2012-11-02;21.0;21.0;20.35;20.36;867000.0
2012-11-05;20.0;20.25;19.63;20.11;1129400.0
2012-11-06;20.13;20.65;19.91;20.33;708300.0
2012-11-07;20.1;20.45;19.89;20.28;624300.0
2012-11-08;20.2;20.57;20.05;20.13;661900.0
2012-11-09;20.05;20.94;19.8;20.22;509600.0
2012-11-12;20.18;20.79;20.14;20.25;455400.0
2012-11-13;20.1;20.3;19.445;19.84;1223100.0
2012-11-14;19.86;20.07;19.505;19.67;658700.0
2012-11-15;19.71;20.16;19.5;19.8;593500.0
2012-11-16;19.62;20.06;19.52;19.9478;645200.0
2012-11-19;20.0;20.38;19.88;20.12;613600.0
2012-11-20;20.03;20.21;19.84;20.02;678000.0
2012-11-21;20.14;20.55;20.09;20.43;430500.0
2012-11-23;20.53;20.75;20.44;20.54;186200.0
2012-11-26;20.5;20.76;20.41;20.53;585500.0
2012-11-27;20.49;20.75;20.33;20.48;532100.0
2012-11-28;20.36;20.399;20.055;20.2;824500.0
2012-11-29;20.36;20.78;20.36;20.56;410700.0
2012-11-30;20.63;20.85;20.26;20.34;499100.0
2012-12-03;20.4;20.66;20.25;20.3805;489200.0
2012-12-04;20.4;20.72;20.32;20.56;594600.0
2012-12-05;20.61;21.108;20.3;20.45;461300.0
2012-12-06;20.46;20.9;20.3;20.84;308200.0
2012-12-07;20.92;21.105;20.62;20.93;292400.0
2012-12-10;20.96;21.17;20.59;20.83;397800.0
2012-12-11;20.92;20.98;20.65;20.96;489400.0
2012-12-12;21.0;21.18;20.53;20.54;314000.0
2012-12-13;20.59;20.95;20.23;20.28;320900.0
2012-12-14;20.24;20.385;19.85;20.23;685800.0
2012-12-17;20.3;20.8;20.3;20.66;484600.0
2012-12-18;20.7;20.92;20.7;20.75;713200.0
2012-12-19;20.97;21.04;20.58;20.64;496900.0
2012-12-20;20.85;20.85;20.28;20.31;560300.0
2012-12-21;20.23;20.43;19.84;20.33;1352500.0
2012-12-24;20.28;20.625;20.03;20.4;152200.0
2012-12-26;20.46;20.6162;20.17;20.21;234800.0
2012-12-27;20.16;20.4899;19.98;20.11;376000.0
2012-12-28;20.0;20.227;19.968;20.01;388000.0
2012-12-31;19.98;20.51;19.86;20.49;519500.0
2013-01-02;20.93;21.0;20.565;20.66;776000.0
2013-01-03;20.75;21.44;20.68;21.02;668100.0
2013-01-04;21.04;21.56;21.03;21.23;808100.0
2013-01-07;21.23;21.53;21.21;21.21;396900.0
2013-01-08;21.13;21.55;20.7;21.5495;1344100.0
2013-01-09;21.65;22.15;21.56;22.0;931200.0
2013-01-10;22.03;22.38;21.59;21.6;451900.0
2013-01-11;21.65;21.71;21.24;21.4;507500.0
2013-01-14;21.4;21.83;21.28;21.42;485300.0
2013-01-15;21.26;21.68;21.225;21.59;644300.0
2013-01-16;21.56;21.8999;21.25;21.4;421000.0
2013-01-17;21.42;21.96;21.31;21.85;428600.0
2013-01-18;21.82;21.885;20.96;21.02;857700.0
2013-01-22;19.8;20.0;18.9;19.53;3920800.0
2013-01-23;19.59;19.97;19.47;19.91;646600.0
2013-01-24;19.9;20.11;19.76;19.8;830800.0
2013-01-25;19.8;20.21;19.74;20.15;664500.0
2013-01-28;20.13;20.39;20.04;20.13;531600.0
2013-01-29;20.07;20.23;19.72;19.81;611300.0
2013-01-30;19.85;19.85;19.62;19.7;538000.0
2013-01-31;19.68;20.25;19.6622;20.16;456900.0
2013-02-01;20.28;20.81;20.07;20.53;604500.0
2013-02-04;20.42;20.84;20.231;20.46;612100.0
2013-02-05;20.48;20.55;19.91;19.94;503600.0
2013-02-06;19.86;20.06;19.81;19.83;514400.0
2013-02-07;19.88;20.06;19.54;19.97;762800.0
2013-02-08;20.02;20.33;19.712;20.2;364900.0
2013-02-11;20.15;20.37;19.84;20.04;384300.0
2013-02-12;20.04;20.09;19.83;19.85;441200.0
2013-02-13;19.82;19.99;19.81;19.99;321900.0
2013-02-14;19.96;20.26;19.61;20.23;360400.0
2013-02-15;20.35;20.44;19.945;20.16;387600.0
2013-02-19;20.05;20.05;19.55;19.745;596600.0
2013-02-20;19.7;19.85;19.54;19.65;417000.0
2013-02-21;19.59;19.65;19.26;19.55;497300.0
2013-02-22;19.65;19.77;19.3;19.53;434500.0
2013-02-25;19.53;20.15;19.48;19.62;537200.0
2013-02-26;20.5;20.9;19.2;19.35;1183100.0
2013-02-27;19.4;20.03;19.4;19.78;659600.0
2013-02-28;19.75;19.92;19.42;19.84;574700.0
2013-03-01;19.64;20.04;19.57;20.0;590000.0
2013-03-04;19.94;20.075;19.68;20.0;2341300.0
2013-03-05;15.4;15.48;14.48;14.8;1.1696E7
2013-03-06;14.63;15.78;14.41;15.77;3689300.0
2013-03-07;15.55;16.07;15.48;16.0;1892200.0
2013-03-08;16.11;16.7;15.98;16.64;1518300.0
2013-03-11;16.58;16.91;16.47;16.89;1074100.0
2013-03-12;16.91;16.97;16.62;16.74;866800.0
2013-03-13;16.69;16.75;16.2;16.37;1200300.0
2013-03-14;16.25;16.35;15.95;16.25;1438100.0
2013-03-15;16.37;16.37;15.54;15.77;2405100.0
2013-03-18;15.55;15.93;15.52;15.62;1084600.0
2013-03-19;15.6;15.83;15.415;15.57;822400.0
2013-03-20;15.66;16.07;15.66;15.88;1505200.0
2013-03-21;15.87;15.87;15.46;15.55;1226300.0
2013-03-22;15.6;15.88;15.51;15.62;983000.0
2013-03-25;15.6;15.63;15.25;15.46;902600.0
2013-03-26;15.43;15.885;15.33;15.59;671400.0
2013-03-27;15.42;15.655;15.14;15.42;915900.0
2013-03-28;15.46;15.63;15.3;15.44;724600.0
2013-04-01;15.31;15.43;15.05;15.29;781300.0
2013-04-02;15.35;15.5;15.25;15.29;493500.0
2013-04-03;15.28;15.95;15.27;15.9;1369700.0
2013-04-04;16.03;16.37;15.71;16.03;941200.0
2013-04-05;15.86;16.4001;15.67;16.27;760600.0
2013-04-08;16.2;16.33;15.89;16.06;1114400.0
2013-04-09;16.04;16.1;15.8;16.01;1059400.0
2013-04-10;15.97;16.65;15.95;16.53;1043400.0
2013-04-11;16.51;16.68;16.36;16.5;1042100.0
2013-04-12;16.47;16.58;16.22;16.46;361500.0
2013-04-15;16.04;16.39;15.98;16.09;706900.0
2013-04-16;16.2;16.23;16.04;16.23;698000.0
2013-04-17;15.97;16.19;15.91;16.15;547200.0
2013-04-18;16.2;16.29;15.99;16.16;361400.0
2013-04-19;16.14;16.826;16.14;16.73;540900.0
2013-04-22;16.8299;17.15;16.41;17.05;600600.0
2013-04-23;17.07;17.64;17.07;17.63;786400.0
2013-04-24;17.57;17.675;17.3001;17.47;859900.0
2013-04-25;17.48;17.56;17.31;17.48;472200.0
2013-04-26;17.41;17.66;17.26;17.62;823000.0
2013-04-29;17.25;17.66;17.0;17.54;436700.0
2013-04-30;17.39;17.69;17.3701;17.5;522100.0
2013-05-01;17.39;17.6;17.0;17.37;2028900.0
2013-05-02;17.88;17.9999;16.76;16.85;2419600.0
2013-05-03;17.02;17.39;16.93;17.0;1122100.0
2013-05-06;17.05;17.15;16.73;16.94;895500.0
2013-05-07;16.9;16.95;16.17;16.35;2731700.0
2013-05-08;16.35;16.59;16.33;16.36;999300.0
2013-05-09;16.35;16.48;16.09;16.15;1044200.0
2013-05-10;16.21;17.7;16.17;17.4;1227600.0
2013-05-13;17.44;17.95;17.35;17.79;731600.0
2013-05-14;17.74;18.09;17.74;18.04;584700.0
2013-05-15;18.15;18.16;17.92;17.99;505600.0
2013-05-16;18.0;18.92;17.91;18.64;1978000.0
2013-05-17;18.66;18.92;18.18;18.42;1958600.0
2013-05-20;18.44;18.73;18.35;18.43;662900.0
2013-05-21;18.41;18.58;18.23;18.51;342400.0
2013-05-22;18.46;18.87;18.46;18.61;569300.0
2013-05-23;18.47;18.67;18.31;18.6;456900.0
2013-05-24;18.6;18.94;18.45;18.8;372700.0
2013-05-28;18.89;19.28;18.76;19.16;554200.0
2013-05-29;19.74;19.955;19.52;19.77;2407900.0
2013-05-30;19.75;19.78;19.35;19.53;1168300.0
2013-05-31;19.46;19.68;18.93;18.966;1.03825E7
2013-06-03;19.04;19.05;18.585;18.96;1100800.0
2013-06-04;18.95;19.04;18.32;18.76;673700.0
2013-06-05;18.69;19.16;18.6;18.86;993700.0
2013-06-06;18.8;19.03;18.555;19.02;1124200.0
2013-06-07;19.03;19.095;18.79;18.9;528000.0
2013-06-10;18.85;19.0;18.79;18.985;398400.0
2013-06-11;18.88;18.88;18.45;18.7;467500.0
2013-06-12;18.8;19.0;18.74;18.84;552900.0
2013-06-13;18.89;19.0;18.7;18.97;531800.0
2013-06-14;19.07;19.224;18.72;18.85;655200.0
2013-06-17;18.98;19.1;18.6;18.85;569800.0
2013-06-18;18.8;18.96;18.8;18.85;492800.0
2013-06-19;18.8;18.91;18.38;18.52;628000.0
2013-06-20;18.43;18.43;17.8589;17.96;400700.0
2013-06-21;18.03;18.2225;17.688;18.09;1540700.0
2013-06-24;17.96;18.16;17.6;17.91;706600.0
2013-06-25;18.5;19.4;18.48;19.0;1651300.0
2013-06-26;19.03;19.2;18.805;18.89;819700.0
2013-06-27;18.91;19.53;18.49;19.5;1397200.0
2013-06-28;19.42;19.98;19.24;19.938;3008100.0
2013-07-01;20.3185;20.42;19.9999;20.33;739700.0
2013-07-02;20.26;20.77;20.1;20.3;661500.0
2013-07-03;20.18;20.195;19.785;19.89;194500.0
2013-07-05;20.1;20.37;19.91;20.36;536300.0
2013-07-08;20.37;20.65;20.25;20.331;649300.0
2013-07-09;20.37;20.51;20.11;20.31;444200.0
2013-07-10;20.26;20.51;20.01;20.22;710800.0
2013-07-11;20.4;20.6;20.31;20.41;364700.0
2013-07-12;20.44;20.47;19.98;20.24;487800.0
2013-07-15;20.24;20.268;20.02;20.12;569600.0
2013-07-16;20.07;20.3;20.03;20.25;481800.0
2013-07-17;19.99;20.26;19.82;20.2;504200.0
2013-07-18;20.2;20.32;20.115;20.25;950900.0
2013-07-19;20.25;20.63;20.105;20.61;696100.0
2013-07-22;20.56;21.0;20.5425;20.73;328700.0
2013-07-23;20.81;20.965;20.61;20.76;356500.0
2013-07-24;20.85;20.95;20.59;20.63;311300.0
2013-07-25;20.68;21.1;20.66;20.97;427700.0
2013-07-26;20.87;20.99;20.63;20.94;214400.0
2013-07-29;20.97;21.43;20.67;20.79;244500.0
2013-07-30;20.91;20.97;20.63;20.86;212100.0
2013-07-31;20.92;21.04;20.73;20.74;406200.0
2013-08-01;20.89;21.13;20.73;20.83;329500.0
2013-08-02;20.8;21.02;20.74;20.97;330000.0
2013-08-05;21.03;21.5;20.83;21.25;525600.0
2013-08-06;21.2;21.31;20.95;21.05;229500.0
2013-08-07;21.05;21.05;20.7;20.81;353300.0
2013-08-08;20.9;21.14;20.7;20.96;464800.0
2013-08-09;21.01;22.0;20.96;21.74;854000.0
2013-08-12;21.47;22.01;21.101;21.35;775600.0
2013-08-13;21.31;21.59;21.13;21.15;446700.0
2013-08-14;21.15;21.61;21.14;21.23;517200.0
2013-08-15;21.07;21.19;20.65;20.69;435700.0
2013-08-16;20.55;20.78;20.29;20.65;382600.0
2013-08-19;20.6;20.87;20.534;20.71;194600.0
2013-08-20;20.79;21.0;20.496;20.88;208700.0
2013-08-21;20.82;21.0;20.61;20.8;264300.0
2013-08-22;20.81;21.0;20.664;20.9;148200.0
2013-08-23;20.87;20.98;20.7;20.95;319400.0
2013-08-26;21.0;21.49;21.0;21.25;229400.0
2013-08-27;21.12;21.19;20.33;20.59;400400.0
2013-08-28;20.61;20.75;20.45;20.46;139500.0
2013-08-29;20.46;21.025;20.46;20.91;274300.0
2013-08-30;20.85;21.0;20.31;20.38;201100.0
2013-09-03;20.46;20.99;20.2501;20.26;555300.0
2013-09-04;20.33;20.95;20.26;20.65;638000.0
2013-09-05;20.36;21.17;20.36;21.06;722100.0
2013-09-06;21.21;21.31;20.9;21.04;331600.0
2013-09-09;21.03;21.18;20.72;21.0;271400.0
2013-09-10;21.07;21.22;20.67;20.88;407300.0
2013-09-11;20.87;21.05;20.43;20.63;326000.0
2013-09-12;20.61;20.68;20.26;20.31;315600.0
2013-09-13;20.46;20.64;20.34;20.64;301500.0
2013-09-16;20.82;20.97;20.52;20.59;307900.0
2013-09-17;20.54;20.9;20.42;20.89;352700.0
2013-09-18;20.84;20.84;20.01;20.34;379600.0
2013-09-19;20.34;20.41;19.905;19.96;358800.0
2013-09-20;20.41;20.65;19.8;20.38;1306000.0
2013-09-23;20.42;20.67;20.25;20.34;268100.0
2013-09-24;20.39;20.68;20.1;20.31;329200.0
2013-09-25;20.38;20.62;20.13;20.35;223900.0
2013-09-26;20.35;20.5;20.03;20.35;198800.0
2013-09-27;20.23;20.49;20.04;20.31;264500.0
2013-09-30;20.19;20.52;19.94;20.47;468300.0
2013-10-01;20.35;21.28;20.35;21.25;597600.0
2013-10-02;21.17;21.4;20.83;21.29;434500.0
2013-10-03;21.21;21.31;20.71;20.82;486700.0
2013-10-04;20.81;21.112;20.8;20.83;301700.0
2013-10-07;20.78;20.97;20.54;20.66;329100.0
2013-10-08;20.64;20.97;20.08;20.11;296400.0
2013-10-09;20.1;20.2;19.5;19.66;687900.0
2013-10-10;19.86;20.1172;19.62;19.795;1104400.0
2013-10-11;19.8;19.92;19.54;19.595;960300.0
2013-10-14;19.59;19.87;19.58;19.72;555300.0
2013-10-15;19.74;19.8;19.39;19.42;536700.0
2013-10-16;19.55;19.97;19.49;19.73;538200.0
2013-10-17;19.71;20.28;19.71;20.19;511700.0
2013-10-18;20.39;20.53;20.14;20.52;502600.0
2013-10-21;20.51;20.51;19.9;20.13;363000.0
2013-10-22;20.18;20.52;19.95;20.37;475300.0
2013-10-23;20.3;20.6;20.22;20.59;330100.0
2013-10-24;20.6;20.6;20.35;20.47;284300.0
2013-10-25;20.57;20.6;20.19;20.47;220600.0
2013-10-28;20.44;20.62;20.41;20.61;247500.0
2013-10-29;20.64;20.74;20.325;20.68;257900.0
2013-10-30;20.68;20.69;20.055;20.3;387000.0
2013-10-31;20.24;20.285;19.67;20.26;469000.0
2013-11-01;20.16;21.8;20.16;20.89;733300.0
2013-11-04;20.87;21.05;20.64;21.01;526200.0
2013-11-05;21.8;22.18;20.8;22.16;869000.0
2013-11-06;22.3;22.61;21.86;22.04;990500.0
2013-11-07;22.18;22.18;21.675;22.01;491000.0
2013-11-08;21.98;22.66;21.88;22.51;483200.0
2013-11-11;22.57;22.57;22.09;22.38;391300.0
2013-11-12;22.37;22.7;22.2003;22.7;322900.0
2013-11-13;22.98;23.73;22.31;23.57;730800.0
2013-11-14;23.61;23.74;23.14;23.14;328200.0
2013-11-15;23.1;23.44;23.055;23.3;552400.0
2013-11-18;23.4;23.482;22.8;22.85;434400.0
2013-11-19;22.87;23.35;22.8;22.82;826000.0
2013-11-20;22.94;23.295;22.9;23.14;327600.0
2013-11-21;23.15;23.55;22.92;23.4;587600.0
2013-11-22;23.46;23.66;23.28;23.49;430800.0
2013-11-25;23.59;23.59;23.24;23.39;311600.0
2013-11-26;23.45;23.65;23.05;23.48;576200.0
2013-11-27;23.56;23.88;23.31;23.71;342800.0
2013-11-29;23.83;24.28;23.69;24.04;199100.0
2013-12-02;24.08;24.159;23.37;23.38;520000.0
2013-12-03;23.3;23.592;22.89;23.18;951300.0
2013-12-04;23.21;23.88;23.06;23.72;535500.0
2013-12-05;23.71;23.96;23.51;23.51;234500.0
2013-12-06;23.66;24.02;23.48;23.68;269900.0
2013-12-09;23.64;23.68;23.41;23.67;391100.0
2013-12-10;23.67;23.81;23.48;23.8;463000.0
2013-12-11;23.77;23.91;23.03;23.12;485400.0
2013-12-12;23.07;23.45;22.98;23.09;243900.0
2013-12-13;23.21;23.374;22.67;22.91;244100.0
2013-12-16;23.61;23.95;22.885;23.45;388100.0
2013-12-17;23.38;23.49;23.19;23.36;261200.0
2013-12-18;23.24;24.2;23.1;24.17;523000.0
2013-12-19;24.2;24.35;23.88;23.99;492700.0
2013-12-20;24.16;25.09;24.03;25.02;1617500.0
2013-12-23;25.05;25.24;24.84;25.04;464100.0
2013-12-24;25.18;25.48;24.83;25.0;167100.0
2013-12-26;25.06;25.279;24.91;25.03;192500.0
2013-12-27;25.13;25.13;24.71;25.04;213900.0
2013-12-30;25.04;25.06;24.74;24.83;261400.0
2013-12-31;24.95;25.5;24.81;25.14;517400.0
2014-01-02;25.12;25.13;24.68;24.82;327900.0
2014-01-03;24.82;25.25;24.67;25.18;340200.0
2014-01-06;25.3;25.46;24.79;25.22;789500.0
2014-01-07;25.2;25.45;24.45;24.51;556500.0
2014-01-08;24.31;24.64;24.17;24.55;1009300.0
2014-01-09;24.5;24.76;24.17;24.41;433300.0
2014-01-10;24.47;24.69;24.18;24.57;489300.0
2014-01-13;24.5;24.77;24.35;24.44;598400.0
2014-01-14;24.63;24.98;24.4;24.45;483000.0
2014-01-15;24.47;24.81;24.25;24.71;737800.0
2014-01-16;24.6;24.7;24.392;24.56;337700.0
2014-01-17;24.61;24.75;24.27;24.62;274800.0
2014-01-21;24.84;25.0499;24.571;24.76;385400.0
2014-01-22;24.82;25.48;24.725;25.18;503000.0
2014-01-23;25.07;25.29;24.8;25.15;395800.0
2014-01-24;24.93;24.97;23.82;23.99;462800.0
2014-01-27;24.02;24.02;22.96;23.16;509700.0
2014-01-28;23.3;24.0;23.1173;23.95;276300.0
2014-01-29;23.76;23.83;23.24;23.4;240500.0
2014-01-30;23.61;24.2;23.4;23.951;386400.0
2014-01-31;23.42;24.156;23.09;23.14;358200.0
2014-02-03;23.16;23.4;22.25;22.38;357900.0
2014-02-04;22.48;22.57;21.91;22.56;443200.0
2014-02-05;22.47;22.52;21.84;22.29;346500.0
2014-02-06;22.37;22.62;21.925;22.22;341700.0
2014-02-07;22.25;22.69;21.88;22.67;419700.0
2014-02-10;22.64;23.06;22.37;23.05;293900.0
2014-02-11;23.04;23.07;22.32;22.37;447300.0
2014-02-12;22.32;22.44;21.34;22.02;658500.0
2014-02-13;21.8;22.59;21.655;22.42;386900.0
2014-02-14;22.44;23.245;22.3;22.61;475900.0
2014-02-18;22.77;23.972;22.77;23.82;429000.0
2014-02-19;23.74;24.63;23.381;24.26;513500.0
2014-02-20;24.38;25.38;23.93;25.28;742400.0
2014-02-21;25.1;27.91;25.0;25.77;2232100.0
2014-02-24;25.81;25.9799;25.03;25.57;848100.0
2014-02-25;25.57;25.6475;24.96;25.36;458700.0
2014-02-26;25.3;25.86;25.14;25.53;454800.0
2014-02-27;25.38;26.27;25.19;25.96;1201600.0
2014-02-28;26.03;26.21;25.44;25.77;773100.0
2014-03-03;25.5;26.06;25.22;25.8;677100.0
2014-03-04;26.01;27.48;25.92;26.97;1158900.0
2014-03-05;26.93;27.64;26.71;27.6;604500.0
2014-03-06;27.79;27.79;27.22;27.27;908600.0
2014-03-07;27.51;27.68;26.65;27.45;503600.0
2014-03-10;27.48;27.7499;27.23;27.59;453400.0
2014-03-11;27.52;27.61;26.51;26.63;678900.0
2014-03-12;26.46;26.75;26.13;26.69;678700.0
2014-03-13;26.82;27.08;26.35;26.51;568500.0
2014-03-14;26.38;28.08;26.25;27.81;1093900.0
2014-03-17;28.0;28.5;27.81;27.91;692400.0
2014-03-18;27.77;28.05;27.58;27.84;577900.0
2014-03-19;27.86;27.88;27.08;27.39;321900.0
2014-03-20;27.37;27.37;26.76;26.9;501500.0
2014-03-21;27.14;27.14;26.05;26.43;809100.0
2014-03-24;26.73;26.73;25.12;25.57;483200.0
2014-03-25;25.76;26.148;25.045;25.44;386000.0
2014-03-26;25.7;26.16;25.12;25.12;375100.0
2014-03-27;25.1;25.93;24.86;25.76;585300.0
2014-03-28;25.7;26.09;24.58;24.77;433300.0
2014-03-31;24.89;26.48;24.5101;26.42;707900.0
2014-04-01;26.49;27.07;25.95;26.49;458700.0
2014-04-02;26.63;26.73;25.76;26.24;371900.0
2014-04-03;26.15;26.15;24.66;25.34;490700.0
2014-04-04;25.62;25.67;23.36;23.6;857700.0
2014-04-07;23.58;24.38;23.02;23.81;868900.0
2014-04-08;23.93;24.57;23.56;24.5;811500.0
2014-04-09;24.55;25.17;24.46;24.77;698100.0
2014-04-10;24.83;24.96;23.835;24.38;1280900.0
2014-04-11;24.11;25.25;23.66;24.55;1242300.0
2014-04-14;24.91;25.105;24.16;24.57;740600.0
2014-04-15;24.59;24.84;23.16;24.03;546000.0
2014-04-16;23.91;25.76;23.0899;24.31;606200.0
2014-04-17;24.26;25.115;23.61;23.92;976400.0
2014-04-21;23.98;26.225;23.98;25.65;2729500.0
2014-04-22;25.86;26.56;25.76;26.05;1389200.0
2014-04-23;26.03;26.35;25.74;26.27;1401500.0
2014-04-24;26.45;26.83;25.84;26.71;971700.0
2014-04-25;26.47;26.81;26.35;26.59;980600.0
2014-04-28;26.76;26.96;25.74;26.01;721500.0
2014-04-29;26.23;26.41;25.86;26.31;589900.0
2014-04-30;26.16;26.39;25.85;26.15;593700.0
2014-05-01;26.23;26.65;25.92;26.57;1219600.0
2014-05-02;26.76;29.46;26.664;27.0;1857900.0
2014-05-05;26.88;27.39;26.5101;26.64;712400.0
2014-05-06;26.46;26.59;25.8;26.0;1058400.0
2014-05-07;26.45;26.47;25.85;26.4;784600.0
2014-05-08;26.47;27.02;26.07;26.19;623900.0
2014-05-09;25.98;26.62;25.8;26.52;559900.0
2014-05-12;26.57;26.82;26.44;26.68;524600.0
2014-05-13;26.7;27.0;25.91;25.93;589900.0
2014-05-14;25.93;25.97;25.06;25.24;669700.0
2014-05-15;25.05;25.58;24.76;25.56;662200.0
2014-05-16;25.69;26.34;25.45;26.17;703700.0
2014-05-19;26.03;26.44;25.85;26.23;381000.0
2014-05-20;26.07;26.78;25.82;26.66;802500.0
2014-05-21;26.86;26.91;25.97;26.49;574600.0
2014-05-22;26.49;27.46;26.248;27.23;666800.0
2014-05-23;27.28;27.98;27.24;27.89;708100.0
2014-05-27;28.0;28.44;27.765;28.26;735700.0
2014-05-28;28.08;28.29;27.63;28.02;749800.0
2014-05-29;28.03;28.41;27.55;27.7;353100.0
2014-05-30;27.79;27.93;27.54;27.76;440500.0
2014-06-02;27.7;27.86;26.86;27.38;474300.0
2014-06-03;27.25;27.75;27.05;27.66;715900.0
2014-06-04;27.51;27.83;27.37;27.8;421200.0
2014-06-05;27.78;28.33;27.35;28.19;525700.0
2014-06-06;28.5;28.76;28.09;28.74;813600.0
2014-06-09;28.69;29.18;28.35;28.61;545800.0
2014-06-10;28.5;28.79;27.89;28.45;342000.0
2014-06-11;28.02;28.57;27.46;27.89;922400.0
2014-06-12;27.89;28.14;27.48;28.11;379800.0
2014-06-13;28.26;28.84;27.99;28.66;704300.0
2014-06-16;28.53;28.86;28.18;28.42;518800.0
2014-06-17;28.33;28.74;28.074;28.505;393300.0
2014-06-18;28.38;28.77;28.01;28.61;300100.0
2014-06-19;28.81;29.275;28.56;29.26;499300.0
2014-06-20;29.41;30.1;29.0;30.0;1187600.0
2014-06-23;30.24;30.49;29.915;30.36;1162900.0
2014-06-24;30.23;30.5;30.09;30.3;550100.0
2014-06-25;29.98;30.74;29.922;30.68;644600.0
2014-06-26;30.62;30.71;29.93;30.27;753700.0
2014-06-27;29.99;30.36;29.9;30.25;863400.0
2014-06-30;30.08;30.41;29.84;29.99;720600.0
2014-07-01;30.5;31.01;30.5;30.74;677100.0
2014-07-02;30.81;31.04;30.44;30.52;344700.0
2014-07-03;30.63;30.9;30.28;30.68;219500.0
2014-07-07;30.51;30.8;29.26;29.28;441500.0
2014-07-08;29.29;29.29;28.52;28.8;657500.0
2014-07-09;28.98;29.32;28.64;29.32;322700.0
2014-07-10;28.72;29.12;28.57;28.92;273800.0
2014-07-11;28.79;29.09;28.53;29.03;224100.0
2014-07-14;29.36;29.41;28.88;29.18;187700.0
2014-07-15;29.24;29.275;28.1701;28.66;483100.0
2014-07-16;28.42;28.89;27.94;28.09;742400.0
2014-07-17;27.9;28.29;27.66;27.72;504800.0
2014-07-18;27.65;28.98;27.61;28.88;576700.0
2014-07-21;28.67;29.08;28.17;28.94;356000.0
2014-07-22;29.07;29.25;28.7869;29.01;578700.0
2014-07-23;29.2;29.2;28.89;28.94;924800.0
2014-07-24;29.0;29.1;28.02;28.16;424200.0
2014-07-25;27.93;28.11;27.76;27.87;287800.0
2014-07-28;27.87;28.18;27.6;28.03;315400.0
2014-07-29;23.43;24.64;23.26;23.76;4256700.0
2014-07-30;23.06;23.865;22.83;23.37;3530600.0
2014-07-31;23.14;23.71;23.1;23.39;1901500.0
2014-08-01;23.51;24.18;23.24;23.63;589600.0
2014-08-04;23.15;23.78;22.12;22.77;1511300.0
2014-08-05;22.77;23.726;22.4;23.55;940300.0
2014-08-06;25.11;25.83;23.465;24.06;1475200.0
2014-08-07;24.23;24.23;23.455;23.6;796900.0
2014-08-08;23.58;23.7;23.386;23.48;718200.0
2014-08-11;23.53;23.89;23.43;23.56;740000.0
2014-08-12;23.37;23.69;23.34;23.51;706400.0
2014-08-13;23.58;23.81;23.34;23.4;547600.0
2014-08-14;23.33;23.65;23.24;23.6;504300.0
2014-08-15;23.78;24.09;23.47;23.89;494800.0
2014-08-18;23.99;23.99;23.63;23.93;692800.0
2014-08-19;23.85;24.59;23.83;24.48;569700.0
2014-08-20;24.42;24.674;24.23;24.3;423000.0
2014-08-21;24.3;24.55;23.91;24.45;573800.0
2014-08-22;24.5;24.58;24.16;24.43;319500.0
2014-08-25;24.49;24.83;24.405;24.74;521900.0
2014-08-26;24.8;25.09;24.52;24.91;364000.0
2014-08-27;24.98;25.16;24.44;24.53;594400.0
2014-08-28;24.42;24.8;24.33;24.65;370900.0
2014-08-29;24.66;24.83;24.44;24.64;226900.0
2014-09-02;24.91;25.38;24.71;25.02;962700.0
2014-09-03;25.1;25.33;24.77;25.0;975400.0
2014-09-04;24.98;25.32;24.66;24.69;358600.0
2014-09-05;24.59;24.94;24.33;24.6;323100.0
2014-09-08;24.63;24.91;24.54;24.88;405400.0
2014-09-09;24.77;24.94;24.1;24.13;253000.0
2014-09-10;24.21;24.38;24.1;24.38;316000.0
2014-09-11;24.21;24.54;24.21;24.36;438100.0
2014-09-12;23.86;24.56;23.86;24.14;541800.0
2014-09-15;24.22;24.2599;23.7216;24.15;402200.0
2014-09-16;23.95;24.19;22.25;24.0;607300.0
2014-09-17;24.2;25.05;23.57;24.76;402600.0
2014-09-18;24.85;25.285;24.83;25.25;367900.0
2014-09-19;25.33;25.58;24.33;24.53;1080800.0
2014-09-22;24.34;24.655;24.132;24.55;314100.0
2014-09-23;24.54;24.78;24.27;24.28;510600.0
2014-09-24;24.27;24.72;23.93;24.64;296920.0
2014-09-25;24.64;24.67;24.065;24.31;340775.0
2014-09-26;24.31;24.52;23.88;24.34;355886.0
2014-09-29;24.12;24.76;24.01;24.34;409307.0
2014-09-30;24.33;24.43;23.69;23.71;496432.0
2014-10-01;23.74;24.04;23.38;23.52;651898.0
2014-10-02;23.5;24.24;23.321;23.63;504528.0
2014-10-03;23.96;24.52;23.3101;24.38;339092.0
2014-10-06;24.38;24.72;23.9;24.0;294526.0
2014-10-07;23.92;24.09;23.535;23.75;467674.0
2014-10-08;23.68;23.96;23.31;23.84;448442.0
2014-10-09;26.95;27.85;25.64;26.65;3127161.0
2014-10-10;26.59;27.71;26.59;27.24;1453282.0
2014-10-13;27.37;27.67;26.61;27.11;913865.0
2014-10-14;27.41;27.97;26.737;27.72;606140.0
2014-10-15;27.44;27.942;26.0;26.74;1588590.0
2014-10-16;26.36;27.39;26.038;27.005;621623.0
2014-10-17;27.36;27.49;26.59;26.71;474965.0
2014-10-20;26.52;27.43;26.52;27.42;368708.0
2014-10-21;27.69;28.0;26.89;27.01;501551.0
2014-10-22;27.54;27.99;27.01;27.09;502644.0
2014-10-23;27.38;27.98;27.11;27.8;584925.0
2014-10-24;27.89;28.0;27.54;27.8;322174.0
2014-10-27;27.56;28.26;27.51;28.14;283464.0
2014-10-28;28.35;28.35;27.6;27.96;541078.0
2014-10-29;27.91;28.26;27.75;28.19;390965.0
2014-10-30;28.04;28.69;27.95;28.62;315086.0
2014-10-31;29.21;29.285;28.52;28.97;524134.0
2014-11-03;28.92;29.328;28.4701;29.04;587739.0
2014-11-04;27.68;29.5;27.68;29.34;910685.0
2014-11-05;29.13;30.06;28.69;29.34;1039667.0
2014-11-06;29.5;29.68;28.13;28.76;935398.0
2014-11-07;28.13;28.82;28.11;28.57;769501.0
2014-11-10;28.68;29.33;28.638;29.05;483642.0
2014-11-11;29.14;29.35;28.82;29.12;578518.0
2014-11-12;29.07;29.49;29.02;29.39;376579.0
2014-11-13;29.33;29.7;29.04;29.06;415857.0
2014-11-14;29.04;29.38;28.421;28.86;310630.0
2014-11-17;28.92;29.31;28.6;28.71;361157.0
2014-11-18;28.78;29.63;28.47;29.54;619416.0
2014-11-19;29.5;30.33;29.335;30.26;868916.0
2014-11-20;30.05;31.44;30.0185;31.39;861330.0
2014-11-21;31.79;31.89;30.78;30.8;618294.0
2014-11-24;30.98;31.65;30.82;31.39;435786.0
2014-11-25;31.39;31.82;31.17;31.73;515752.0
2014-11-26;31.6;32.35;31.455;32.32;516077.0
2014-11-28;32.47;32.92;31.88;31.95;202625.0
2014-12-01;31.64;32.17;31.3;32.02;611734.0
2014-12-02;32.18;32.46;31.315;31.61;826564.0
2014-12-03;31.52;32.29;31.16;32.17;356270.0
2014-12-04;32.06;32.5;30.58;31.58;483455.0
2014-12-05;31.53;32.45;31.4;32.4;413699.0
2014-12-08;32.45;33.05;32.42;32.66;525453.0
2014-12-09;32.7;32.98;32.25;32.75;632863.0
2014-12-10;32.75;32.75;31.62;31.65;529930.0
2014-12-11;31.88;32.26;31.66;31.9;613854.0
2014-12-12;31.11;31.84;31.09;31.16;633934.0
2014-12-15;31.26;31.55;30.3;30.64;549161.0
2014-12-16;30.54;30.81;29.02;29.09;960919.0
2014-12-17;29.26;29.95;28.31;29.93;1100610.0
2014-12-18;30.17;30.95;29.89;30.785;602951.0
2014-12-19;30.67;31.82;30.47;31.32;3071522.0
2014-12-22;31.32;32.0;31.11;31.54;568975.0
2014-12-23;31.58;31.6;30.46;31.06;656717.0
2014-12-24;31.1;31.56;31.0;31.32;213924.0
2014-12-26;31.3;32.04;31.3;31.99;285159.0
2014-12-29;31.85;32.4152;31.53;31.84;381737.0
2014-12-30;31.89;32.29;31.78;32.01;373556.0
2014-12-31;32.23;32.23;31.625;31.68;761099.0
2015-01-02;31.98;32.12;31.15;31.8;443353.0
2015-01-05;31.53;31.82;30.38;30.41;486565.0
2015-01-06;30.55;30.76;29.76;30.2;692330.0
2015-01-07;30.49;31.0;30.47;30.99;395267.0
2015-01-08;34.0;36.09;33.99;34.6;3050086.0
2015-01-09;34.64;36.1;34.51;35.89;1504386.0
2015-01-12;36.1;36.3861;35.54;36.0;598639.0
2015-01-13;36.46;37.85;35.69;36.72;905453.0
2015-01-14;36.53;37.56;36.26;37.15;610435.0
2015-01-15;37.14;37.35;35.88;35.99;549809.0
2015-01-16;35.79;36.86;35.79;36.79;442951.0
2015-01-20;36.97;37.11;36.16;36.77;431305.0
2015-01-21;36.76;37.44;36.28;36.59;482726.0
2015-01-22;36.7;37.0;35.81;36.87;477889.0
2015-01-23;36.75;38.27;36.54;38.24;591420.0
2015-01-26;38.65;38.91;37.55;38.83;384273.0
2015-01-27;38.55;39.49;38.5;38.9;436734.0
2015-01-28;39.0;39.27;38.03;38.13;417143.0
2015-01-29;38.06;38.24;36.94;37.69;619605.0
2015-01-30;37.35;37.38;36.251;36.67;798705.0
2015-02-02;36.74;37.51;36.419;37.45;373774.0
2015-02-03;37.45;38.17;36.84;38.03;387219.0
2015-02-04;37.88;37.88;36.7;37.35;420848.0
2015-02-05;37.61;39.18;37.22;39.06;705052.0
2015-02-06;39.18;39.48;38.8701;39.15;418077.0
2015-02-09;39.27;39.74;38.53;39.24;627442.0
2015-02-10;39.28;39.4999;38.6201;39.11;523066.0
2015-02-11;37.82;39.21;37.67;38.2;795764.0
2015-02-12;38.53;38.87;37.75;38.82;634816.0
2015-02-13;38.85;39.53;38.33;39.51;567351.0
2015-02-17;39.57;40.66;39.28;40.34;615018.0
2015-02-18;40.41;40.4999;39.27;39.87;510162.0
2015-02-19;39.83;40.28;39.73;40.11;382267.0
2015-02-20;40.2;40.44;40.0;40.35;570357.0
2015-02-23;40.38;41.39;40.3;40.99;895694.0
2015-02-24;41.01;41.37;39.97;40.6;756867.0
2015-02-25;40.74;41.38;39.7;40.7;859191.0
2015-02-26;40.5;40.84;40.2;40.7;498475.0
2015-02-27;40.59;40.75;40.23;40.29;661420.0
2015-03-02;40.15;40.5;39.91;40.45;636900.0
2015-03-03;40.39;40.39;39.5813;39.93;1133348.0
2015-03-04;39.92;40.88;39.92;40.4;628521.0
2015-03-05;40.6;41.08;39.84;40.08;411544.0
2015-03-06;39.66;40.17;38.86;39.08;464731.0
2015-03-09;39.09;39.59;38.66;39.45;382703.0
2015-03-10;39.0;39.3699;38.21;38.46;462887.0
2015-03-11;40.19;42.75;39.9355;42.23;1268451.0
2015-03-12;42.59;43.53;42.014;43.42;881104.0
2015-03-13;43.35;45.34;43.0;45.27;989398.0
2015-03-16;45.6;46.0;45.0;45.61;838855.0
2015-03-17;45.35;46.69;45.13;46.33;753219.0
2015-03-18;46.15;47.7;46.01;47.3;749735.0
2015-03-19;47.03;47.28;46.52;46.81;518905.0
2015-03-20;47.18;47.29;46.02;46.34;1585000.0
2015-03-23;46.35;46.49;45.7099;45.98;689560.0
2015-03-24;46.18;46.36;45.81;46.14;724257.0
2015-03-25;46.17;46.28;44.29;44.45;645235.0
2015-03-26;44.3;45.58;43.4031;44.87;421738.0
2015-03-27;44.92;45.823;44.54;45.74;328293.0
2015-03-30;45.84;47.28;45.84;46.91;552260.0
2015-03-31;46.7;47.21;46.34;46.87;1044757.0
2015-04-01;46.57;46.7;45.25;46.64;988538.0
2015-04-02;46.5;47.41;46.325;46.67;498002.0
2015-04-06;47.16;47.28;46.78;47.07;476631.0
2015-04-07;48.21;49.54;47.3;49.19;790643.0
2015-04-08;49.37;51.44;49.164;51.18;1102746.0
2015-04-09;51.18;52.1;51.05;51.11;867541.0
2015-04-10;51.35;51.39;50.31;50.68;553178.0
2015-04-13;50.52;51.2299;50.08;50.09;338987.0
2015-04-14;50.01;51.03;50.0;50.99;472834.0
2015-04-15;51.06;51.73;50.91;51.31;490949.0
2015-04-16;51.05;51.432;50.94;51.26;471814.0
2015-04-17;49.41;50.24;49.11;49.98;1134276.0
2015-04-20;50.27;50.432;49.1;49.86;608934.0
2015-04-21;50.27;50.27;49.46;49.98;390427.0
2015-04-22;49.7;49.91;48.93;49.58;422322.0
2015-04-23;49.66;50.34;49.205;50.08;469006.0
2015-04-24;49.98;50.53;49.55;49.55;337136.0
2015-04-27;49.63;49.97;46.12;46.66;1188161.0
2015-04-28;46.66;47.85;46.19;46.99;692084.0
2015-04-29;47.0;47.07;45.61;46.36;491125.0
2015-04-30;46.07;46.45;44.77;45.26;1113414.0
2015-05-01;45.18;46.785;44.97;46.38;675170.0
2015-05-04;46.39;47.1;45.75;46.23;709217.0
2015-05-05;46.22;46.5;45.38;45.53;582161.0
2015-05-06;45.6;45.97;44.53;45.01;652411.0
2015-05-07;44.72;45.53;44.24;44.45;858343.0
2015-05-08;45.17;45.47;44.65;45.11;1008929.0
2015-05-11;45.21;46.42;45.12;46.1;703541.0
2015-05-12;42.75;45.0;42.252;44.85;2468866.0
2015-05-13;45.12;45.485;44.78;45.1;828668.0
2015-05-14;45.33;45.684;44.61;44.82;607857.0
2015-05-15;44.85;45.17;44.24;44.44;512582.0
2015-05-18;44.31;45.365;44.09;45.2;495176.0
2015-05-19;45.33;45.4;44.83;45.23;477185.0
2015-05-20;45.46;45.46;44.71;45.11;500341.0
2015-05-21;44.97;45.61;44.83;45.46;796844.0
2015-05-22;45.33;46.56;45.11;46.21;750231.0
2015-05-26;45.98;46.1;45.08;45.28;570783.0
2015-05-27;45.45;46.16;45.13;46.11;502666.0
2015-05-28;46.07;46.85;45.647;46.67;687425.0
2015-05-29;46.61;47.7399;46.48;47.01;828820.0
2015-06-01;47.42;49.11;46.82;48.9;1013590.0
2015-06-02;48.62;50.0;48.19;49.62;983045.0
2015-06-03;49.13;50.5;49.03;49.91;1718337.0
2015-06-04;49.53;50.06;48.765;48.92;534227.0
2015-06-05;48.77;48.8;47.93;48.59;583148.0
2015-06-08;48.34;48.56;48.05;48.31;513160.0
2015-06-09;48.24;48.43;47.16;47.35;657012.0
2015-06-10;47.5;47.72;46.95;47.43;570756.0
2015-06-11;47.48;47.98;46.99;47.07;556719.0
2015-06-12;47.13;47.43;46.66;47.08;547522.0
2015-06-15;46.78;47.37;46.46;47.01;393736.0
2015-06-16;46.81;47.73;46.66;47.6;459629.0
2015-06-17;47.89;47.93;47.09;47.36;466407.0
2015-06-18;47.5;47.82;47.15;47.7;572998.0
2015-06-19;47.41;48.1;46.6;47.8;1103277.0
2015-06-22;48.07;48.67;47.68;48.01;456654.0
2015-06-23;48.18;48.41;47.585;48.23;268833.0
2015-06-24;48.07;48.512;47.39;47.81;438334.0
2015-06-25;45.63;47.05;44.77;46.86;3397762.0
2015-06-26;47.11;47.11;45.84;46.09;2955200.0
2015-06-29;45.67;46.5;45.13;45.83;973010.0
2015-06-30;46.42;46.44;45.47;45.92;1154218.0
2015-07-01;46.25;46.75;45.9401;46.65;790738.0
2015-07-02;46.78;46.97;45.9;46.31;572203.0
2015-07-06;45.74;47.85;45.43;47.77;798265.0
2015-07-07;48.0;48.052;46.54;47.52;815064.0
2015-07-08;47.19;47.765;45.67;45.99;929232.0
2015-07-09;46.43;46.93;45.65;46.01;858761.0
2015-07-10;46.71;47.49;46.32;47.36;332030.0
2015-07-13;47.82;48.87;47.605;48.29;620749.0
2015-07-14;48.38;48.85;48.29;48.55;486612.0
2015-07-15;48.8;49.82;48.4;48.94;643361.0
2015-07-16;49.25;50.68;49.135;50.11;561031.0
2015-07-17;50.3;50.83;49.9;50.42;450647.0
2015-07-20;50.59;50.6899;49.02;49.23;447646.0
2015-07-21;49.58;50.3;49.05;49.65;338842.0
2015-07-22;49.44;50.29;49.34;50.05;443541.0
2015-07-23;50.02;51.42;49.88;50.24;398881.0
2015-07-24;49.95;50.74;48.89;49.21;476410.0
2015-07-27;49.08;49.54;48.06;49.25;679245.0
2015-07-28;49.63;50.62;47.64;49.25;762950.0
2015-07-29;49.55;49.55;48.365;48.42;540882.0
2015-07-30;48.17;49.51;46.87;48.36;977429.0
2015-07-31;48.65;48.91;46.52;48.46;889166.0
2015-08-03;48.6;49.16;46.83;48.29;903820.0
2015-08-04;48.5;49.08;47.78;48.54;684790.0
2015-08-05;48.95;49.59;47.79;47.89;904967.0
2015-08-06;47.7;48.46;46.22;46.3;824306.0
2015-08-07;46.05;47.1;45.01;47.07;1272751.0
2015-08-10;47.0;48.23;44.92;45.64;1734714.0
2015-08-11;45.46;46.42;43.93;44.61;1317899.0
2015-08-12;44.01;45.1;43.295;44.88;888722.0
2015-08-13;45.0;45.41;44.3;44.5;559681.0
2015-08-14;44.28;45.79;43.61;45.17;810892.0
2015-08-17;45.22;46.86;44.76;46.83;715389.0
2015-08-18;46.63;47.48;46.51;46.88;694805.0
2015-08-19;46.76;47.11;45.99;46.62;570822.0
2015-08-20;46.02;46.07;43.73;43.89;827727.0
2015-08-21;42.95;44.03;42.51;43.42;1050409.0
2015-08-24;41.68;43.23;39.082;41.66;1389383.0
2015-08-25;42.98;43.0;40.83;41.03;788740.0
2015-08-26;42.06;43.49;41.1;43.43;847236.0
2015-08-27;43.85;44.71;43.25;43.97;716377.0
2015-08-28;43.64;44.05;42.26;42.4;699250.0
2015-08-31;42.55;43.36;40.34;40.96;1243629.0
2015-09-01;40.16;41.5;40.01;40.63;925344.0
2015-09-02;41.24;41.24;39.91;41.15;544001.0
2015-09-03;41.49;41.65;40.69;40.89;498231.0
2015-09-04;40.53;40.84;39.739;40.31;309254.0
2015-09-08;43.0;45.495;41.53;45.16;2236138.0
2015-09-09;45.15;46.1;44.04;44.11;851145.0
2015-09-10;44.1;44.32;43.35;43.64;864040.0
2015-09-11;43.28;43.7;43.15;43.35;513338.0
2015-09-14;43.78;43.99;43.49;43.79;530997.0
2015-09-15;44.04;44.04;43.54;43.9;612672.0
2015-09-16;43.78;44.11;42.82;43.75;409855.0
2015-09-17;43.59;44.55;43.56;43.88;561453.0
2015-09-18;43.02;44.23;43.02;43.6;1081975.0
2015-09-21;43.71;43.86;41.25;42.35;804604.0
2015-09-22;41.93;42.708;41.8;42.42;756336.0
2015-09-23;42.36;42.83;41.74;42.53;707712.0
2015-09-24;42.96;44.49;41.81;42.69;919207.0
2015-09-25;43.43;43.99;40.34;40.48;1194119.0
2015-09-28;40.13;42.88;33.88;36.29;2361955.0
2015-09-29;35.52;36.16;31.85;33.27;3376132.0
2015-09-30;33.54;35.27;33.0;35.21;1203247.0
2015-10-01;35.39;36.43;31.83;36.29;1228286.0
2015-10-02;35.0;38.24;35.0;38.2;1103575.0
2015-10-05;39.19;40.32;38.45;38.59;1409210.0
2015-10-06;39.12;39.12;36.18;37.81;942135.0
2015-10-07;37.96;38.775;37.27;38.42;830971.0
2015-10-08;38.12;38.45;36.44;38.28;905841.0
2015-10-09;38.4;39.47;37.97;38.66;632771.0
2015-10-12;38.83;38.83;37.63;38.62;553665.0
2015-10-13;38.23;38.88;36.77;36.84;678631.0
2015-10-14;37.02;37.83;36.09;36.55;548049.0
2015-10-15;36.5;37.62;36.25;37.3;600302.0
2015-10-16;37.5;38.26;37.03;37.96;464185.0
2015-10-19;37.88;38.93;37.255;37.84;441277.0
2015-10-20;37.74;38.07;35.6;35.6;930351.0
2015-10-21;35.92;35.92;33.11;35.01;1413745.0
2015-10-22;35.13;35.511;33.01;34.53;1508466.0
2015-10-23;34.95;36.43;34.8;35.63;882456.0
2015-10-26;35.36;36.14;34.434;35.97;735152.0
2015-10-27;36.12;36.58;34.46;35.3;726416.0
2015-10-28;35.47;37.04;34.91;36.94;528858.0
2015-10-29;37.07;38.16;35.61;35.75;803924.0
2015-10-30;35.72;36.25;34.49;34.63;791097.0
2015-11-02;34.96;35.59;34.18;35.1;1590824.0
2015-11-03;34.92;36.31;34.44;35.78;713731.0
2015-11-04;35.71;36.19;34.86;35.48;647636.0
2015-11-05;35.64;36.15;34.74;34.79;1158674.0
2015-11-06;34.68;35.92;33.8;35.84;593440.0
2015-11-09;37.5;40.24;37.45;37.76;1843491.0
2015-11-10;37.38;38.9;36.6;38.0;1059576.0
2015-11-11;38.19;38.65;37.46;37.48;823295.0
2015-11-12;37.2;39.71;36.98;38.12;1368643.0
2015-11-13;38.23;42.38;37.04;41.7;2165618.0
2015-11-16;41.45;42.675;40.34;40.61;1283514.0
2015-11-17;40.84;41.93;40.25;41.83;990152.0
2015-11-18;41.73;43.28;40.94;43.25;846901.0
2015-11-19;43.34;43.74;41.55;42.9;620860.0
2015-11-20;42.9;44.18;42.9;43.96;663691.0
2015-11-23;43.82;44.57;43.375;43.6;713146.0
2015-11-24;43.88;44.29;43.42;44.08;499766.0
2015-11-25;44.3;44.74;44.12;44.72;418523.0
2015-11-27;44.62;44.92;44.17;44.57;140449.0
2015-11-30;44.54;44.83;43.67;44.06;633167.0
2015-12-01;44.25;45.0;43.56;44.76;868763.0
2015-12-02;44.84;45.0;44.16;44.38;423381.0
2015-12-03;44.71;44.71;43.15;43.81;805936.0
2015-12-04;43.78;44.71;43.22;44.22;635530.0
2015-12-07;44.24;44.84;42.29;42.53;1022050.0
2015-12-08;42.02;43.0075;42.02;42.56;819851.0
2015-12-09;42.33;42.49;41.4;41.66;822702.0
2015-12-10;41.85;42.69;41.03;41.76;663621.0
2015-12-11;40.98;41.96;40.98;41.52;687561.0
2015-12-14;41.39;41.77;40.5;41.1;510098.0
2015-12-15;41.36;42.11;40.85;41.82;644550.0
2015-12-16;42.34;43.01;41.17;41.99;637141.0
2015-12-17;42.23;42.83;41.7;42.03;684176.0
2015-12-18;41.78;42.646;40.725;41.7;1207736.0
2015-12-21;42.1;43.15;40.14;42.59;502173.0
2015-12-22;42.83;43.09;41.84;42.62;317961.0
2015-12-23;42.74;44.86;42.68;43.33;369864.0
2015-12-24;43.56;43.99;43.12;43.43;132355.0
2015-12-28;43.33;44.42;43.0;44.12;512268.0
2015-12-29;44.42;44.74;43.52;43.96;445112.0
2015-12-30;43.88;44.26;43.13;43.6;544815.0
2015-12-31;43.49;43.93;42.66;42.76;410330.0
2016-01-04;41.93;43.04;41.53;42.27;621888.0
2016-01-05;42.53;43.13;42.29;42.65;659090.0
2016-01-06;41.87;42.8;41.67;42.0;407991.0
2016-01-07;41.29;41.87;40.48;40.49;356492.0
2016-01-08;40.32;43.155;38.16;38.29;728063.0
2016-01-11;38.4;39.17;35.31;36.1;841032.0
2016-01-12;36.79;37.49;36.1;36.96;942704.0
2016-01-13;37.01;38.58;35.89;36.05;1382926.0
2016-01-14;36.44;38.87;35.23;38.31;591670.0
2016-01-15;37.02;39.31;36.5;39.02;1099512.0
2016-01-19;39.65;40.0;38.48;38.83;802763.0
2016-01-20;38.34;39.49;36.77;38.72;610547.0
2016-01-21;38.76;39.62;38.2;38.59;358019.0
2016-01-22;39.25;40.23;38.29;40.06;485276.0
2016-01-25;39.81;40.57;39.54;39.73;434849.0
2016-01-26;39.83;40.74;38.91;39.93;426745.0
2016-01-27;39.84;40.4;38.11;38.42;444284.0
2016-01-28;38.71;39.4;36.495;36.79;438492.0
2016-01-29;36.89;37.6;36.09;37.47;806385.0
2016-02-01;37.15;38.3;36.38;37.56;550737.0
2016-02-02;37.19;38.4299;36.56;36.73;497839.0
2016-02-03;36.93;37.75;35.21;36.0;507139.0
2016-02-04;35.98;36.35;34.67;34.9;616977.0
2016-02-05;34.79;35.13;33.52;33.76;918646.0
2016-02-08;33.33;33.81;32.1;32.7;749356.0
2016-02-09;32.25;33.63;31.87;32.44;507064.0
2016-02-10;32.63;33.812;32.0;32.18;801867.0
2016-02-11;31.41;31.6;30.34;30.73;672045.0
2016-02-12;30.98;31.13;30.175;30.89;580590.0
2016-02-16;31.26;32.205;31.0;32.16;478444.0
2016-02-17;33.08;37.06;33.08;35.71;1599441.0
2016-02-18;35.9;36.43;34.7;34.99;1091176.0
2016-02-19;34.6;34.725;32.81;33.97;1126128.0
2016-02-22;32.99;33.8;29.66;33.14;4524958.0
2016-02-23;33.02;33.74;32.71;32.83;926872.0
2016-02-24;32.27;33.425;31.42;32.01;1139279.0
2016-02-25;32.23;33.455;31.74;32.67;573340.0
2016-02-26;32.9;33.45;32.32;33.27;625369.0
2016-02-29;33.5;33.99;32.64;32.69;1108701.0
2016-03-01;32.98;34.4;32.49;34.36;1059573.0
2016-03-02;34.17;34.68;33.59;34.46;670492.0
2016-03-03;34.34;34.9;34.02;34.86;465386.0
2016-03-04;34.75;35.01;34.04;34.3;558311.0
2016-03-07;34.23;35.23;33.73;34.71;604878.0
2016-03-08;34.39;34.95;32.44;32.53;653930.0
2016-03-09;32.25;34.17;30.72;33.59;1098108.0
2016-03-10;33.62;34.75;33.24;34.53;754050.0
2016-03-11;34.79;36.75;34.61;36.32;908715.0
2016-03-14;36.29;36.29;35.01;35.18;456302.0
2016-03-15;34.92;35.2;32.89;32.99;740742.0
2016-03-16;32.76;34.47;32.57;32.99;487975.0
2016-03-17;32.79;33.34;31.46;31.96;714459.0
2016-03-18;32.16;32.415;30.78;31.43;1980156.0
2016-03-21;31.33;32.96;30.95;32.24;543590.0
2016-03-22;32.0;33.55;32.0;33.44;397463.0
2016-03-23;33.44;34.26;31.98;32.0;385890.0
2016-03-24;31.7;32.78;30.75;32.22;341174.0
2016-03-28;32.55;32.7;31.17;31.37;320941.0
2016-03-29;31.22;32.68;30.61;32.65;550696.0
2016-03-30;32.66;33.13;32.18;32.32;319937.0
2016-03-31;32.23;32.7;31.28;32.02;469576.0
2016-04-01;31.87;33.5;31.69;33.26;805323.0
2016-04-04;33.32;33.995;32.4;32.52;790769.0
2016-04-05;32.16;32.63;31.57;32.35;551937.0
2016-04-06;32.48;34.8526;32.34;34.7;781637.0
2016-04-07;34.59;35.6;33.97;34.89;740569.0
2016-04-08;35.24;35.33;34.51;34.81;466366.0
2016-04-11;34.84;35.22;33.89;34.28;465406.0
2016-04-12;34.2;34.77;33.55;34.31;457319.0
2016-04-13;34.46;35.7;34.46;35.35;708715.0
2016-04-14;35.27;35.49;34.63;35.39;513730.0
2016-04-15;35.32;35.6158;34.6168;35.21;395229.0
2016-04-18;35.0;35.9;34.2701;35.44;587208.0
2016-04-19;35.45;35.83;34.83;35.38;354909.0
2016-04-20;35.57;35.8;35.06;35.2;336275.0
2016-04-21;35.11;37.0;35.025;36.4;1018336.0
2016-04-22;36.4;37.2;35.95;36.25;804251.0
2016-04-25;35.9;36.325;35.14;35.24;681884.0
2016-04-26;35.42;35.68;34.09;34.99;455230.0
2016-04-27;34.91;35.52;34.085;34.85;310797.0
2016-04-28;34.76;35.09;34.02;34.17;410398.0
2016-04-29;34.16;34.38;32.59;33.35;528543.0
2016-05-02;33.53;33.76;32.8;33.13;624756.0
2016-05-03;32.77;34.53;32.55;33.6;487015.0
2016-05-04;33.5;33.5;31.81;32.27;527785.0
2016-05-05;32.4;32.64;31.68;32.27;404064.0
2016-05-06;31.74;31.875;28.92;29.8;1749323.0
2016-05-09;30.05;31.17;29.9;30.39;984724.0
2016-05-10;31.39;31.39;27.62;29.49;1916628.0
2016-05-11;29.32;30.14;28.79;28.83;787439.0
2016-05-12;29.07;29.875;27.98;28.58;1142201.0
2016-05-13;28.62;29.8;28.47;29.18;741942.0
2016-05-16;29.34;30.4;28.98;30.12;755652.0
2016-05-17;29.95;30.91;29.74;30.33;514839.0
2016-05-18;30.19;31.2;30.18;31.18;535876.0
2016-05-19;31.12;31.64;30.25;30.89;528074.0
2016-05-20;31.11;32.02;30.89;32.0;447763.0
2016-05-23;32.08;32.43;31.53;32.12;651124.0
2016-05-24;32.19;32.73;32.08;32.62;515313.0
2016-05-25;32.66;33.53;32.66;33.04;469284.0
2016-05-26;33.16;33.22;32.74;32.98;225182.0
2016-05-27;33.14;33.89;33.06;33.53;241915.0
2016-05-31;33.76;34.37;33.68;34.15;434478.0
2016-06-01;34.18;34.95;34.06;34.74;511948.0
2016-06-02;34.68;35.24;34.2674;35.01;433714.0
2016-06-03;34.92;35.17;33.54;34.37;348629.0
2016-06-06;33.36;34.19;33.02;34.145;587407.0
2016-06-07;33.68;33.97;33.03;33.88;465577.0
2016-06-08;33.87;34.05;33.28;33.66;567599.0
2016-06-09;33.44;33.84;33.01;33.56;438814.0
2016-06-10;33.15;33.5;32.025;32.45;488290.0
2016-06-13;32.29;33.185;32.2;32.43;609550.0
2016-06-14;32.28;32.95;31.99;32.82;312189.0
2016-06-15;32.99;33.07;32.32;32.44;454761.0
2016-06-16;32.21;32.39;31.76;32.17;406438.0
2016-06-17;32.28;32.56;31.31;31.34;706004.0
2016-06-20;31.8;32.52;31.48;31.97;674664.0
2016-06-21;29.05;29.9978;27.72;28.31;3034900.0
2016-06-22;28.44;29.92;28.25;29.52;2031855.0
2016-06-23;29.78;30.37;29.64;30.33;691576.0
2016-06-24;28.85;29.87;28.85;29.26;954857.0
2016-06-27;29.05;29.14;27.63;28.01;622469.0
2016-06-28;28.43;29.31;28.3901;28.84;579652.0
2016-06-29;29.18;29.64;28.64;29.13;528659.0
2016-06-30;28.76;29.37;28.45;28.82;586462.0
2016-07-01;28.81;29.64;28.6;29.3;512364.0
2016-07-05;29.2;29.96;28.28;28.64;738365.0
2016-07-06;28.63;29.19;28.43;28.94;545353.0
2016-07-07;29.2;29.605;28.805;29.12;762711.0
2016-07-08;29.3;29.66;29.0;29.35;751239.0
2016-07-11;29.54;31.14;29.51;30.62;829528.0
2016-07-12;31.08;32.2;30.81;31.32;589786.0
2016-07-13;31.56;31.97;30.61;30.81;410121.0
2016-07-14;31.02;31.48;30.405;30.9;281330.0
2016-07-15;31.14;31.47;30.77;31.07;471185.0
2016-07-18;31.05;31.47;30.76;30.92;374686.0
2016-07-19;30.94;31.23;30.15;30.19;311956.0
2016-07-20;30.42;31.11;29.97;31.0;653720.0
2016-07-21;31.07;31.26;30.4;30.53;637967.0
2016-07-22;30.41;30.7;30.16;30.44;618555.0
2016-07-25;30.39;30.87;30.17;30.65;590025.0
2016-07-26;30.53;31.07;30.39;30.79;297758.0
2016-07-27;30.64;31.48;30.59;31.44;467190.0
2016-07-28;31.44;31.72;30.81;31.47;344167.0
2016-07-29;31.39;31.51;30.63;31.42;493152.0
2016-08-01;31.52;31.61;31.01;31.15;494227.0
2016-08-02;30.86;31.26;30.48;30.97;418276.0
2016-08-03;31.0;31.68;30.85;31.62;430445.0
2016-08-04;31.57;31.85;31.21;31.23;511963.0
2016-08-05;31.29;31.29;30.58;30.78;755451.0
2016-08-08;30.85;31.14;30.44;30.59;864094.0
2016-08-09;22.19;25.05;22.08;23.43;7101100.0
2016-08-10;23.41;23.43;21.96;21.98;3167027.0
2016-08-11;21.99;22.39;21.53;22.06;1392582.0
2016-08-12;21.91;22.56;20.97;21.72;1879462.0
2016-08-15;22.6;23.31;22.2407;22.97;1440354.0
2016-08-16;22.93;23.23;22.75;22.87;946016.0
2016-08-17;22.97;23.27;22.7;23.19;1224789.0
2016-08-18;23.27;23.59;23.12;23.55;878683.0
2016-08-19;23.53;23.53;23.0;23.35;569766.0
2016-08-22;23.34;24.29;23.27;24.01;1548716.0
2016-08-23;24.03;24.27;23.85;23.87;1162045.0
2016-08-24;23.99;25.25;23.65;23.79;2079521.0
2016-08-25;23.8;24.16;23.5;23.83;1215931.0
2016-08-26;24.01;24.52;23.62;23.94;834912.0
2016-08-29;23.92;24.21;23.46;23.94;1028812.0
2016-08-30;23.87;24.435;23.713;24.42;1540049.0
2016-08-31;24.32;24.64;23.51;24.19;788256.0
2016-09-01;24.23;24.4;23.71;23.94;838186.0
2016-09-02;23.99;24.07;23.38;24.03;793781.0
2016-09-06;24.11;24.425;23.9301;24.24;594031.0
2016-09-07;24.22;24.56;24.22;24.47;714678.0
2016-09-08;24.43;24.64;24.14;24.24;891998.0
2016-09-09;23.99;24.7;23.87;24.28;1400383.0
2016-09-12;24.22;25.41;23.97;25.33;972964.0
2016-09-13;24.98;25.25;24.38;25.01;804090.0
2016-09-14;25.1;25.84;25.0;25.39;1079350.0
2016-09-15;25.33;25.9;25.04;25.88;708410.0
2016-09-16;25.86;26.21;25.62;26.15;1919328.0
2016-09-19;26.15;26.39;25.87;26.18;501287.0
2016-09-20;26.23;26.4701;25.93;26.14;695076.0
2016-09-21;26.27;26.71;25.99;26.45;861607.0
2016-09-22;26.37;26.58;25.98;26.44;829744.0
2016-09-23;26.56;26.84;26.43;26.49;793895.0
2016-09-26;26.26;26.26;25.36;25.4;1127188.0
2016-09-27;26.35;27.29;25.5053;25.665;2008636.0
2016-09-28;25.67;25.725;24.6001;24.73;872396.0
2016-09-29;24.79;24.935;23.2;23.59;1170856.0
2016-09-30;23.59;24.22;23.3;23.7;949071.0
2016-10-03;23.61;23.82;23.4;23.81;591202.0
2016-10-04;23.66;24.2;23.51;24.0;461720.0
2016-10-05;24.13;24.47;23.92;24.23;565111.0
2016-10-06;24.13;24.13;23.69;23.83;468523.0
2016-10-07;23.8;23.92;23.25;23.56;710945.0
2016-10-10;23.66;24.18;23.66;24.01;539972.0
2016-10-11;23.84;24.04;22.97;23.09;580683.0
2016-10-12;23.02;23.29;22.27;22.38;452221.0
2016-10-13;22.08;22.82;22.03;22.48;445860.0
2016-10-14;22.98;22.98;21.66;21.7;505256.0
2016-10-17;21.7;22.0;21.4;21.75;785822.0
2016-10-18;21.9;22.15;21.7;22.1;405378.0
2016-10-19;22.2;22.5;21.85;21.9;388784.0
2016-10-20;21.95;22.05;21.55;21.9;620131.0
2016-10-21;21.75;22.05;21.5;21.85;389245.0
2016-10-24;21.95;22.05;21.65;21.7;436535.0
2016-10-25;21.6;21.9;21.5;21.8;424476.0
2016-10-26;21.65;21.75;21.1;21.35;542651.0
2016-10-27;21.3;21.85;21.175;21.45;700201.0
2016-10-28;21.3;21.3;20.125;20.7;989452.0
2016-10-31;20.8;20.8;20.0;20.1;900934.0
2016-11-01;20.0;21.05;19.755;20.95;893480.0
2016-11-02;20.95;21.1;20.45;20.5;540241.0
2016-11-03;20.65;20.65;16.4;16.5;2287335.0
2016-11-04;16.55;17.8;16.55;17.75;1848247.0
2016-11-07;17.25;18.5;17.25;17.85;1578260.0
2016-11-08;17.15;17.775;16.55;17.6;1786635.0
2016-11-09;14.6;15.826;13.35;14.0;6562084.0
2016-11-10;14.1;14.55;13.45;14.35;4005443.0
2016-11-11;14.2;15.15;14.0;15.0;2217342.0
2016-11-14;14.95;15.4;14.2;14.5;1635514.0
2016-11-15;14.5;14.7;14.1;14.3;1777987.0
2016-11-16;14.3;14.5;14.05;14.15;1087474.0
2016-11-17;14.15;15.0;14.1;14.75;1829132.0
2016-11-18;14.85;14.9;14.4;14.5;969735.0
2016-11-21;14.5;14.6;14.2;14.25;934598.0
2016-11-22;14.0;14.45;13.5;13.75;1368090.0
2016-11-23;13.6;14.525;12.45;14.45;999402.0
2016-11-25;14.55;15.2;14.5;15.1;783561.0
2016-11-28;15.1;15.6;15.0;15.1;1632327.0
2016-11-29;15.2;15.55;14.6;14.75;3414420.0
2016-11-30;14.75;14.9;14.25;14.45;777007.0
2016-12-01;14.65;14.7;13.7;13.75;1362212.0
2016-12-02;13.75;14.25;13.4;13.65;989345.0
2016-12-05;13.8;13.9;13.268;13.4;1497152.0
2016-12-06;13.5;13.5;12.75;12.95;2386579.0
2016-12-07;12.85;13.25;12.275;12.95;1785641.0
2016-12-08;12.9;13.25;12.35;13.25;1396987.0
2016-12-09;13.25;13.8;13.15;13.4;1459974.0
2016-12-12;13.6;14.15;12.95;12.95;1844492.0
2016-12-13;12.95;14.0;12.9;13.2;2183658.0
2016-12-14;13.25;13.65;12.5;12.75;1488197.0
2016-12-15;12.7;13.55;12.65;13.3;1713473.0
2016-12-16;13.4;13.575;12.95;13.45;4583057.0
2016-12-19;13.35;13.6;13.0;13.05;979336.0
2016-12-20;13.15;13.65;13.05;13.525;1360315.0
2016-12-21;13.45;14.0;13.45;13.75;987184.0
2016-12-22;13.8;14.1;13.45;13.55;852595.0
2016-12-23;13.5;13.8;13.25;13.8;872618.0
2016-12-27;13.75;13.95;13.05;13.25;855664.0
2016-12-28;13.15;13.35;12.75;12.75;848568.0
2016-12-29;12.85;13.05;12.6;12.85;864101.0
2016-12-30;12.8;13.35;12.8;13.25;786247.0
2017-01-03;13.5;13.6;12.975;13.55;1176365.0
2017-01-04;13.6;14.45;13.35;14.2;923990.0
2017-01-05;14.25;14.3;13.85;14.2;765117.0
2017-01-06;14.2;14.2;13.7;13.8;1171593.0
2017-01-09;13.8;13.8;13.25;13.4;913916.0
2017-01-10;13.5;13.6;12.5;12.7;1788430.0
2017-01-11;12.7;12.8;11.875;12.4;2476301.0
2017-01-12;12.35;12.8;12.1;12.75;2577779.0
2017-01-13;13.15;13.95;12.85;12.85;2473167.0
2017-01-17;13.1;13.15;12.3;12.35;1792941.0
2017-01-18;12.4;12.6;12.05;12.4;1621498.0
2017-01-19;12.4;12.4;12.05;12.05;946137.0
2017-01-20;12.1;12.25;11.95;12.05;1026625.0
2017-01-23;12.1;12.25;11.75;12.05;1153401.0
2017-01-24;12.15;12.25;11.8;12.05;1056607.0
2017-01-25;12.1;12.55;12.1;12.45;1460266.0
2017-01-26;12.5;12.5;12.1;12.2;687328.0
2017-01-27;12.15;12.25;12.0;12.15;782936.0
2017-01-30;12.15;12.45;11.65;12.35;1281896.0
2017-01-31;12.3;13.3;12.0;13.15;1446464.0
2017-02-01;13.25;13.9;13.05;13.75;1638300.0
2017-02-02;13.75;14.05;12.9;13.5;1606569.0
2017-02-03;13.5;13.8;13.15;13.7;808063.0
2017-02-06;13.65;13.85;13.55;13.8;803522.0
2017-02-07;13.85;13.85;13.025;13.25;1189637.0
2017-02-08;13.15;13.4;12.9;13.35;991989.0
2017-02-09;13.4;13.8;13.175;13.7;869374.0
2017-02-10;13.65;13.85;13.6;13.75;592409.0
2017-02-13;13.8;14.125;13.7;13.8;865210.0
2017-02-14;13.75;14.3;13.75;14.1;1041304.0
2017-02-15;14.05;14.9;14.0;14.8;1694284.0
2017-02-16;14.8;14.95;14.4;14.6;795234.0
2017-02-17;14.55;14.7;14.35;14.6;378336.0
2017-02-21;14.7;15.05;14.4;14.7;788202.0
2017-02-22;14.65;14.7;14.2;14.2;603689.0
2017-02-23;14.2;14.65;14.115;14.4;961284.0
2017-02-24;14.35;14.35;13.85;14.05;668617.0
2017-02-27;14.05;14.725;13.85;14.65;758555.0
2017-02-28;14.65;14.65;13.65;14.25;2401348.0
2017-03-01;11.0;11.7;9.2;9.3;8732361.0
2017-03-02;9.25;9.65;9.1;9.35;3925675.0
2017-03-03;9.45;9.6;7.9;8.0;4537378.0
2017-03-06;8.05;8.45;8.0;8.4;4789779.0
2017-03-07;8.35;9.5;7.75;9.1;7713538.0
2017-03-08;9.25;9.65;9.1;9.4;3842001.0
2017-03-09;9.55;9.75;9.05;9.05;2859869.0
2017-03-10;9.1;9.45;8.75;8.85;1925279.0
2017-03-13;8.9;9.275;8.85;9.05;1551900.0
2017-03-14;9.25;9.25;8.8;8.9;2126348.0
2017-03-15;8.85;9.45;8.8;9.25;2045735.0
2017-03-16;9.45;9.95;9.4;9.55;2257031.0
2017-03-17;9.5;9.8;9.295;9.4;2875644.0
2017-03-20;9.35;9.4;9.1;9.15;985590.0
2017-03-21;9.15;9.4;8.9;9.0;1361341.0
2017-03-22;9.05;9.1;8.8;8.95;1016050.0
2017-03-23;8.95;9.55;8.8;9.2;1297967.0
2017-03-24;9.2;9.3813;9.1;9.25;593380.0
2017-03-27;10.5;13.0;10.5;12.7;1.2382067E7
2017-03-28;12.6;13.2;11.95;12.8;5216784.0
2017-03-29;12.8;12.925;12.45;12.85;3220918.0
2017-03-30;12.85;13.1;12.5;12.65;1796480.0
2017-03-31;12.6;12.825;12.5;12.65;1559890.0
2017-04-03;12.6;12.6;11.975;12.25;1864852.0
2017-04-04;12.2;12.25;11.85;12.15;1186976.0
2017-04-05;12.3;12.7;12.15;12.6;2162383.0
2017-04-06;12.6;12.85;12.5;12.75;1798726.0
2017-04-07;12.7;14.35;12.6;13.75;5340280.0
2017-04-10;13.75;14.1;13.55;13.55;2142866.0
2017-04-11;13.55;13.7;13.2;13.3;1289540.0
2017-04-12;13.3;13.45;13.0;13.25;1243107.0
2017-04-13;13.2;13.45;12.95;13.35;1717936.0
2017-04-17;13.35;13.495;12.95;13.0;663483.0
2017-04-18;12.9;13.0;12.5;12.7;1796364.0
2017-04-19;12.75;12.85;12.45;12.55;1006661.0
2017-04-20;12.6;13.65;12.5;13.35;3144287.0
2017-04-21;13.3;13.55;12.7;13.5;1863849.0
2017-04-24;13.55;13.75;13.275;13.55;2271332.0
2017-04-25;13.65;13.9;13.45;13.55;1204898.0
2017-04-26;13.6;14.35;13.6;14.0;1726371.0
2017-04-27;14.15;14.3;13.45;13.8;1361604.0
2017-04-28;13.8;14.2;13.8;14.05;1428256.0
2017-05-01;14.15;14.2902;13.5;13.6;2003478.0
2017-05-02;13.6;14.3;13.6;13.9;1783889.0
2017-05-03;13.7;13.75;12.8;13.025;2615062.0
2017-05-04;13.05;13.525;13.0;13.2;1834166.0
2017-05-05;13.25;13.5;13.1;13.2;1486542.0
2017-05-08;13.15;13.85;13.05;13.45;1675678.0
2017-05-09;13.65;14.3;13.45;14.2;3254100.0
2017-05-10;14.15;16.8;13.7;16.55;4837943.0
2017-05-11;16.55;17.7;16.1;17.05;4313304.0
2017-05-12;16.95;17.695;16.45;17.65;2354602.0
2017-05-15;17.7;17.95;16.725;16.8;2276509.0
2017-05-16;16.75;16.95;16.25;16.4;1637590.0
2017-05-17;16.25;16.65;15.95;16.1;1372224.0
2017-05-18;16.05;16.1;15.35;15.8;2124213.0
2017-05-19;15.85;16.15;15.65;15.75;1187260.0
2017-05-22;15.7;16.175;15.45;15.75;841621.0
2017-05-23;15.7;15.9;15.55;15.65;610150.0
2017-05-24;15.65;16.1;15.55;15.8;1252321.0
2017-05-25;15.85;16.1;15.55;15.85;877477.0
2017-05-26;15.75;15.9;14.8;15.25;2398194.0
2017-05-30;15.3;15.3;14.417;15.0;1798798.0
2017-05-31;15.0;15.25;14.85;15.25;4773383.0
2017-06-01;15.3;16.3;15.3;16.15;1086249.0
2017-06-02;16.15;16.5;15.8;15.95;1207830.0
2017-06-05;15.9;16.0;15.25;15.75;953630.0
2017-06-06;15.65;16.05;15.6;15.7;894130.0
2017-06-07;15.75;16.05;15.525;15.8;1033074.0
2017-06-08;15.9;17.0;15.85;16.65;999634.0
2017-06-09;16.75;16.95;15.95;16.05;1325812.0
2017-06-12;16.0;16.2;14.705;14.75;2159830.0
2017-06-13;14.85;15.1;13.6635;14.8;3033906.0
2017-06-14;14.75;14.75;14.05;14.25;1440208.0
2017-06-15;14.2;14.2;13.25;13.85;2946337.0
2017-06-16;13.85;14.1;13.7;13.85;2340780.0
2017-06-19;13.95;14.65;13.95;14.55;1387545.0
2017-06-20;14.65;15.95;14.55;15.75;1643112.0
2017-06-21;15.8;16.25;15.45;16.2;1260873.0
2017-06-22;16.3;16.9;16.1;16.5;1678247.0
2017-06-23;16.45;16.85;16.1;16.7;2112498.0
2017-06-26;16.8;17.25;16.4;16.8;1033125.0
2017-06-27;16.75;16.9;15.95;15.95;832213.0
2017-06-28;16.05;16.525;15.875;16.2;1005146.0
2017-06-29;16.25;16.5;15.85;16.15;873442.0
2017-06-30;16.1;16.3;15.85;16.1;437298.0
2017-07-03;16.1;16.55;16.1;16.4;286860.0
2017-07-05;16.45;16.65;16.05;16.4;566251.0
2017-07-06;16.55;16.85;16.025;16.05;1108182.0
2017-07-07;16.1;17.0;16.05;16.9;985204.0
2017-07-10;16.9;17.2;16.6;17.05;1266020.0
2017-07-11;17.1;17.35;16.8;16.95;1636953.0
2017-07-12;17.1;17.35;16.9;17.1;1330641.0
2017-07-13;17.1;17.2;16.35;16.9;1205667.0
2017-07-14;16.95;17.2;16.7;16.75;671529.0
2017-07-17;17.4;18.75;17.3;18.1;3407343.0
2017-07-18;18.7;18.7;18.05;18.25;1972538.0
2017-07-19;18.0;18.1;17.1;17.65;2044092.0
2017-07-20;17.65;18.55;17.575;17.95;1175982.0
2017-07-21;18.05;18.4;17.6;18.15;1546496.0
2017-07-24;18.2;18.9;18.0;18.75;1553891.0
2017-07-25;18.8;19.65;18.7;19.4;1506745.0
2017-07-26;19.3;19.875;19.05;19.75;1448530.0
2017-07-27;19.9;19.9;18.85;19.5;2176970.0
2017-07-28;19.4;20.2;18.7;19.95;1502526.0
2017-07-31;19.75;19.775;19.05;19.35;1925113.0
2017-08-01;19.45;19.6;17.85;17.85;2511539.0
2017-08-02;17.65;17.95;16.9;17.8;2009889.0
2017-08-03;17.25;17.25;16.15;16.75;2837625.0
2017-08-04;16.8;16.8;15.65;15.9;1857228.0
2017-08-07;15.5;15.7;14.65;15.1;3987930.0
2017-08-08;15.2;15.725;15.0;15.1;3000066.0
2017-08-09;17.1;17.8;15.65;16.55;5337828.0
2017-08-10;16.3;18.6;16.2;18.2;2925057.0
2017-08-11;18.15;18.7;18.1;18.3;1600610.0
2017-08-14;18.35;18.55;17.7;17.8;1117744.0
2017-08-15;17.9;18.425;17.425;18.3;1310407.0
2017-08-16;18.3;18.775;18.25;18.55;1177517.0
2017-08-17;18.4;18.9;17.875;17.95;1198537.0
2017-08-18;17.85;19.2;17.7555;18.45;1721775.0
2017-08-21;18.4;18.725;18.225;18.45;802876.0
2017-08-22;18.45;18.6;18.25;18.55;815569.0
2017-08-23;18.5;18.565;17.9;18.0;1141867.0
2017-08-24;18.05;18.4;17.95;18.05;788175.0
2017-08-25;18.3;18.8;18.15;18.65;1143404.0
2017-08-28;18.75;19.25;18.75;19.0;1049327.0
2017-08-29;18.85;19.0;18.5;18.8;1897963.0
2017-08-30;18.85;18.85;17.95;17.95;918842.0
2017-08-31;18.15;22.15;18.15;21.65;4604510.0
2017-09-01;21.75;22.2;20.95;21.45;1191934.0
2017-09-05;21.5;21.875;21.05;21.75;1185873.0
2017-09-06;21.75;22.45;20.65;20.85;1576552.0
2017-09-07;20.9;21.275;20.6;21.05;1164010.0
2017-09-08;20.95;21.55;20.9;21.1;828274.0
2017-09-11;21.65;22.6;21.35;22.4;1071828.0
2017-09-12;22.4;22.95;22.3;22.4;950956.0
2017-09-13;22.4;22.75;22.1;22.15;1026319.0
2017-09-14;22.05;22.35;21.25;21.55;778398.0
2017-09-15;21.6;21.9;20.5;20.8;1604014.0
2017-09-18;20.9;21.4;20.8;21.0;847199.0
2017-09-19;21.2;21.5;20.7;20.95;784679.0
2017-09-20;21.0;21.6;20.7;21.55;607358.0
2017-09-21;21.55;25.7;20.95;23.8;5607772.0
2017-09-22;23.7;23.95;22.7;23.0;1550509.0
2017-09-25;23.0;23.4;22.7;22.8;1233019.0
2017-09-26;22.8;23.25;22.3;22.45;607914.0
2017-09-27;22.5;23.075;22.1;22.9;902031.0
2017-09-28;22.65;22.9;20.6;21.125;1913619.0
2017-09-29;21.1;21.6;20.15;20.3;1685957.0
2017-10-02;20.45;21.9;20.15;21.5;2136756.0
2017-10-03;21.65;21.975;20.85;21.0;1145430.0
2017-10-04;20.9;22.25;20.9;21.45;1619675.0
2017-10-05;21.35;21.65;20.8;21.25;1017209.0
2017-10-06;21.35;21.9;21.2;21.8;686571.0
2017-10-09;21.95;22.0;20.85;20.95;661524.0
2017-10-10;20.95;21.15;20.6573;21.0;562375.0
2017-10-11;21.05;21.25;20.925;21.1;372078.0
2017-10-12;21.15;21.2;20.7;20.75;540925.0
2017-10-13;20.8;21.05;20.4;20.8;789536.0
2017-10-16;20.8;21.4;19.8;19.95;718519.0
2017-10-17;17.35;19.95;16.8;19.3;1.300659E7
2017-10-18;19.4;22.05;18.95;21.45;6235243.0
2017-10-19;21.25;22.45;20.3;21.0;4451022.0
2017-10-20;21.25;21.88;20.9;21.25;2744656.0
2017-10-23;20.7;21.2;20.325;20.35;1924504.0
2017-10-24;21.05;21.35;19.375;19.9;2251320.0
2017-10-25;19.75;19.85;18.25;19.6;1751574.0
2017-10-26;19.45;19.95;18.4;18.55;1526351.0
2017-10-27;18.35;19.2;18.2;18.9;1238000.0
2017-10-30;18.85;19.2;17.9;18.5;1493070.0
2017-10-31;18.6;18.85;17.5;18.15;1429810.0
2017-11-01;18.3;18.55;17.8;17.95;1692868.0
2017-11-02;17.9;18.4;17.4;18.0;1731670.0
2017-11-03;18.1;19.2;18.1;18.55;744613.0
2017-11-06;18.5;18.75;17.475;17.8;1156308.0
2017-11-07;17.95;17.95;17.45;17.6;782279.0
2017-11-09;16.95;17.45;15.925;17.15;2531406.0
2017-11-10;16.85;18.85;16.4;18.3;1384771.0
2017-11-13;18.1;18.575;17.1;17.25;1526645.0
2017-11-14;17.2;17.55;17.1;17.175;520761.0
2017-11-15;17.15;17.45;16.5;16.75;885002.0
2017-11-16;16.85;17.85;16.55;16.675;1311004.0
2017-11-17;16.6;16.95;16.35;16.6;946709.0
2017-11-20;16.6;16.85;16.325;16.45;1058518.0
2017-11-21;16.55;16.95;16.55;16.85;606246.0
2017-11-22;16.85;17.25;16.75;16.95;290010.0
2017-11-24;17.05;17.25;16.95;17.05;212504.0
2017-11-27;17.1;17.1;16.35;16.4;420347.0
2017-11-28;16.5;16.5;15.75;16.0;801015.0
2017-11-29;15.95;16.175;15.655;15.85;594399.0
2017-11-30;15.8;16.8;15.6;16.65;567025.0
2017-12-01;16.7;17.2;16.225;16.75;652362.0
2017-12-04;16.95;17.05;16.55;16.85;494129.0
2017-12-05;16.75;16.95;16.4;16.6;433391.0
2017-12-06;16.6;16.65;15.75;15.85;581159.0
2017-12-07;15.8;16.35;15.6;16.35;538407.0
2017-12-08;16.4;17.1;16.4;17.0;365585.0
2017-12-11;17.0;17.1;16.375;16.65;725127.0
2017-12-12;16.7;18.25;16.7;17.85;1045192.0
2017-12-13;17.9;18.345;17.4;17.85;936555.0
2017-12-14;18.1;18.3;17.55;17.8;921613.0
2017-12-15;17.8;18.85;17.5;18.65;2268999.0
2017-12-18;18.2;18.25;16.65;17.8;2721817.0
2017-12-19;17.7;19.4;17.4485;18.25;1368476.0
2017-12-20;18.35;18.75;17.8;18.2;682205.0
2017-12-21;18.15;19.125;18.15;18.35;949299.0
2017-12-22;18.4;18.45;17.5;17.65;447270.0
2017-12-26;17.65;18.05;17.4;17.4;693324.0
2017-12-27;17.45;17.8;16.725;16.85;396309.0
2017-12-28;16.8;17.05;16.5;16.9;637676.0
2017-12-29;17.0;17.0;16.25;16.65;824237.0
2018-01-02;16.7;17.875;16.575;17.6;748183.0
2018-01-03;18.1;18.125;17.35;17.5;694042.0
2018-01-04;17.55;17.625;16.6;17.25;1045132.0
2018-01-05;17.3;18.3;16.9;17.875;648010.0
2018-01-08;17.9;17.9;17.05;17.5;589011.0
2018-01-09;17.6;17.8;17.15;17.3;644177.0
2018-01-10;17.25;17.45;16.7;17.35;676481.0
2018-01-11;17.3;18.7;17.3;18.5;1430937.0
2018-01-12;18.55;19.3;18.3;19.1;724836.0
2018-01-16;19.1;20.0;18.755;19.3;1178984.0
2018-01-17;19.45;20.45;18.95;20.4;1711518.0
2018-01-18;20.2;20.9;19.35;20.55;2013367.0
2018-01-19;20.5;20.8;19.9;20.15;903192.0
2018-01-22;20.2;21.25;20.1;20.4;1083796.0
2018-01-23;20.35;20.45;19.45;19.7;761873.0
2018-01-24;19.85;19.975;19.205;19.75;767373.0
2018-01-25;19.8;20.95;19.4438;20.9;1115417.0
2018-01-26;21.15;21.75;20.65;20.8;746892.0
2018-01-29;20.8;21.1;20.3;20.5;842630.0
2018-01-30;20.05;20.4;19.6;19.85;416681.0
2018-01-31;19.9;20.15;19.25;19.45;456812.0
2018-02-01;19.3;20.2;19.005;19.65;1484723.0
2018-02-02;19.55;19.9;19.15;19.4;636610.0
2018-02-05;19.35;20.1;19.15;19.2;926925.0
2018-02-06;19.0;20.15;18.655;20.0;1839321.0
2018-02-07;20.05;20.0957;19.6;20.0;397727.0
2018-02-08;19.75;20.1315;19.5;19.75;737673.0
2018-02-09;19.95;19.95;19.05;19.5;806563.0
2018-02-12;19.6;19.975;19.05;19.45;1170081.0
2018-02-13;19.45;19.8;18.725;18.85;864481.0
2018-02-14;18.75;19.3;18.6;19.1;383380.0
2018-02-15;19.15;19.7;19.05;19.4;721832.0
2018-02-16;19.35;20.2;19.2;19.6;1111259.0
2018-02-20;19.6;20.2;19.25;19.7;1727087.0
2018-02-21;19.85;20.65;19.5;20.4;1039212.0
2018-02-22;20.25;20.55;19.75;20.5;674301.0
2018-02-23;20.45;21.45;20.2;20.3;1020394.0
2018-02-26;20.15;21.55;19.55;20.95;1231473.0
2018-02-27;20.85;20.95;20.35;20.6;968595.0
2018-02-28;20.6;21.3;20.1;20.4;1336584.0
2018-03-01;20.0;21.15;19.2;19.65;1886021.0
2018-03-02;19.4;20.15;18.6;19.5;1424803.0
2018-03-05;19.6;19.6;18.6;19.2;1338313.0
2018-03-06;19.25;19.4;18.5;19.0;1126448.0
2018-03-07;19.45;19.8;19.05;19.6;824230.0
2018-03-08;19.8;20.15;19.25;19.3;720331.0
2018-03-09;19.4;20.2;19.2;19.9;689733.0
2018-03-12;19.85;20.35;19.85;20.15;827374.0
2018-03-13;20.15;20.875;20.0;20.75;1315215.0
2018-03-14;20.75;20.9;20.35;20.55;1174695.0
2018-03-15;20.65;21.295;20.15;20.8;1146426.0
2018-03-16;20.125;21.2625;20.125;21.05;1579495.0
2018-03-19;21.0;21.0;20.1399;20.45;494773.0
2018-03-20;20.5;20.55;19.9;20.05;798466.0
2018-03-21;20.15;20.95;19.95;20.75;999859.0
2018-03-22;20.55;20.8;20.25;20.5;884335.0
2018-03-23;20.45;20.65;19.65;19.7;713460.0
2018-03-26;19.95;20.45;19.15;19.6;466995.0
2018-03-27;19.75;19.85;19.15;19.3;687529.0
