date;open;high;low;close;volume
1993-11-09;23.0;24.5;21.0;23.75;1905300.0
1993-11-10;24.5;25.0;23.75;24.25;297200.0
1993-11-11;24.5;24.75;23.5;23.5;237600.0
1993-11-12;23.5;24.75;23.5;24.75;126400.0
1993-11-15;24.75;24.75;23.75;23.75;101500.0
1993-11-16;24.25;24.25;23.0;23.25;76900.0
1993-11-17;23.75;24.0;23.0;23.5;120100.0
1993-11-18;23.5;24.0;23.5;24.0;32300.0
1993-11-19;23.5;24.25;23.5;23.75;114800.0
1993-11-22;23.5;24.0;23.5;23.88;72400.0
1993-11-23;24.0;24.25;23.5;24.25;73800.0
1993-11-24;24.25;26.5;23.75;26.5;99500.0
1993-11-26;27.0;29.75;26.25;29.38;100900.0
1993-11-29;30.0;30.5;29.25;30.25;64000.0
1993-11-30;29.75;30.5;29.75;29.75;46500.0
1993-12-01;30.5;31.75;29.75;31.0;83200.0
1993-12-02;31.0;31.75;30.5;31.0;77900.0
1993-12-03;30.25;30.88;28.75;29.5;124300.0
1993-12-06;28.5;29.0;28.0;28.0;22900.0
1993-12-07;28.0;28.75;27.25;27.5;23200.0
1993-12-08;27.5;28.25;27.5;27.5;21100.0
1993-12-09;27.5;28.25;26.0;26.0;76700.0
1993-12-10;26.0;26.75;25.25;25.75;28500.0
1993-12-13;26.25;26.25;25.0;25.75;43000.0
1993-12-14;25.75;25.75;24.5;24.5;50700.0
1993-12-15;24.25;25.75;24.25;25.75;29900.0
1993-12-16;25.5;26.0;24.0;24.13;69900.0
1993-12-17;24.0;24.5;23.5;24.25;29000.0
1993-12-20;24.25;24.5;24.0;24.0;39400.0
1993-12-21;24.5;24.5;23.5;23.75;73200.0
1993-12-22;23.5;24.0;22.25;22.38;42300.0
1993-12-23;22.25;23.0;21.0;21.38;93400.0
1993-12-27;21.75;24.25;21.25;24.0;166800.0
1993-12-28;24.25;24.75;24.0;24.0;51500.0
1993-12-29;24.75;24.75;23.5;24.5;97700.0
1993-12-30;24.5;26.25;23.75;25.75;76600.0
1993-12-31;25.5;27.25;25.5;26.75;62900.0
1994-01-03;26.25;27.0;25.25;25.25;45700.0
1994-01-04;25.25;26.0;25.25;26.0;22700.0
1994-01-05;25.25;25.25;25.25;25.25;1900.0
1994-01-06;25.5;26.75;25.5;26.25;30700.0
1994-01-07;26.75;26.75;25.25;25.25;36700.0
1994-01-10;25.25;26.0;25.25;25.25;17200.0
1994-01-11;25.25;25.38;24.0;24.5;47200.0
1994-01-12;24.75;25.25;24.0;25.25;23300.0
1994-01-13;25.25;25.25;24.75;24.75;8900.0
1994-01-14;25.25;25.25;24.75;25.25;11000.0
1994-01-17;24.75;25.0;24.5;24.5;48200.0
1994-01-18;25.0;25.0;24.5;24.88;14600.0
1994-01-19;25.0;25.0;24.0;24.0;38500.0
1994-01-20;24.5;24.5;23.25;24.0;30900.0
1994-01-21;23.75;24.0;23.5;23.5;15000.0
1994-01-24;24.0;24.0;22.75;23.0;32500.0
1994-01-25;22.75;23.25;22.5;22.75;11800.0
1994-01-26;23.25;23.25;22.5;22.5;6900.0
1994-01-27;23.25;24.25;22.75;24.25;199400.0
1994-01-28;24.75;25.75;24.5;25.75;80300.0
1994-01-31;26.0;26.0;25.5;26.0;22700.0
1994-02-01;26.25;26.25;25.25;25.25;17800.0
1994-02-02;26.0;26.0;25.25;25.25;6100.0
1994-02-03;25.25;25.5;24.5;24.75;28100.0
1994-02-04;25.25;25.25;23.0;23.0;213500.0
1994-02-07;22.75;23.5;22.25;22.75;64300.0
1994-02-08;23.0;23.5;22.5;23.0;48000.0
1994-02-09;23.5;24.25;23.5;24.25;12700.0
1994-02-10;24.25;24.75;24.0;24.75;12100.0
1994-02-11;25.0;25.0;25.0;25.0;200.0
1994-02-14;24.0;25.25;24.0;25.25;8200.0
1994-02-15;25.13;25.75;25.0;25.63;25800.0
1994-02-16;26.0;27.75;25.25;27.25;66200.0
1994-02-17;27.25;28.0;26.5;27.13;40700.0
1994-02-18;26.25;27.25;25.75;26.0;22400.0
1994-02-22;26.75;26.75;26.0;26.0;26600.0
1994-02-23;26.0;26.75;25.88;25.88;8300.0
1994-02-24;26.5;26.75;25.5;25.5;42600.0
1994-02-25;25.25;26.0;25.25;25.25;3300.0
1994-02-28;26.0;26.25;25.25;26.0;58300.0
1994-03-01;25.5;26.25;25.13;25.5;26500.0
1994-03-02;25.0;25.25;24.75;25.25;13800.0
1994-03-03;24.75;25.25;24.75;24.75;2500.0
1994-03-04;25.25;25.25;24.75;25.25;2600.0
1994-03-07;25.75;25.75;25.5;25.5;5300.0
1994-03-08;25.75;25.75;24.75;25.25;17300.0
1994-03-09;25.25;25.25;24.5;24.5;9600.0
1994-03-10;24.63;25.25;23.75;23.75;30800.0
1994-03-11;24.75;26.0;24.5;24.5;67100.0
1994-03-14;25.5;25.5;25.0;25.5;28100.0
1994-03-15;26.25;26.25;25.75;26.25;10200.0
1994-03-16;25.5;26.0;25.5;25.5;25500.0
1994-03-17;26.25;27.0;26.0;27.0;16600.0
1994-03-18;26.25;27.25;26.25;27.25;10300.0
1994-03-21;27.25;27.25;26.0;26.5;27200.0
1994-03-22;26.0;26.25;25.5;25.75;13300.0
1994-03-23;27.5;28.0;26.5;27.88;256100.0
1994-03-24;27.75;27.75;27.0;27.75;190600.0
1994-03-25;27.25;27.5;27.0;27.0;8600.0
1994-03-28;27.0;27.0;25.5;25.75;62600.0
1994-03-29;25.75;26.0;24.5;24.5;23900.0
1994-03-30;24.75;25.5;24.75;24.75;2500.0
1994-03-31;24.25;25.25;22.5;23.75;138800.0
1994-04-04;22.75;23.5;22.5;23.5;150400.0
1994-04-05;24.0;25.25;23.75;24.75;27500.0
1994-04-06;24.5;24.75;23.75;24.5;39500.0
1994-04-07;23.75;24.75;23.75;24.5;9900.0
1994-04-08;24.75;25.75;24.69;24.75;116600.0
1994-04-11;24.75;25.5;24.75;25.5;1100.0
1994-04-12;25.5;25.5;24.75;25.0;17700.0
1994-04-13;25.25;25.25;24.5;24.5;39900.0
1994-04-14;24.5;25.0;24.5;24.75;13000.0
1994-04-15;24.5;25.0;24.5;24.5;21600.0
1994-04-18;25.25;25.25;24.5;25.13;10500.0
1994-04-19;25.25;25.63;24.5;25.5;17200.0
1994-04-20;26.0;26.0;24.5;25.25;20100.0
1994-04-21;25.25;25.25;25.25;25.25;2100.0
1994-04-22;25.25;25.25;25.25;25.25;0.0
1994-04-25;25.25;25.25;24.5;24.5;10300.0
1994-04-26;24.5;25.25;24.5;25.25;1700.0
1994-04-28;24.69;25.25;22.0;22.75;76700.0
1994-04-29;23.5;24.25;22.75;23.75;65300.0
1994-05-02;24.25;24.25;23.5;24.25;28800.0
1994-05-03;23.88;24.25;23.5;23.63;46000.0
1994-05-04;24.25;24.25;23.5;24.0;4800.0
1994-05-05;23.5;24.25;23.5;24.25;10400.0
1994-05-06;23.75;24.0;23.5;23.5;22000.0
1994-05-09;23.5;23.75;23.0;23.0;20600.0
1994-05-10;23.0;23.5;23.0;23.38;35500.0
1994-05-11;23.0;23.5;22.0;22.0;35500.0
1994-05-12;22.75;24.75;22.75;24.0;83800.0
1994-05-13;24.5;24.5;23.75;24.25;26900.0
1994-05-16;24.75;25.5;24.25;24.25;41000.0
1994-05-17;22.25;23.5;20.25;23.0;331800.0
1994-05-18;23.0;24.25;23.0;24.13;66800.0
1994-05-19;23.75;24.25;23.75;24.0;51400.0
1994-05-20;23.75;24.25;23.5;24.13;42000.0
1994-05-23;23.5;24.25;23.5;24.25;700.0
1994-05-24;23.5;24.25;23.5;24.25;12600.0
1994-05-25;23.5;24.5;23.5;24.0;72700.0
1994-05-26;24.5;24.5;24.0;24.25;19500.0
1994-05-27;24.0;24.0;24.0;24.0;2700.0
1994-05-31;24.5;24.5;24.0;24.5;7000.0
1994-06-01;24.5;24.5;23.75;24.5;500.0
1994-06-02;23.75;23.75;23.75;23.75;300.0
1994-06-03;23.75;24.5;23.75;23.75;1100.0
1994-06-06;23.75;24.5;23.75;24.25;16100.0
1994-06-07;24.0;24.5;23.75;23.75;2300.0
1994-06-08;23.75;24.0;22.25;23.0;26800.0
1994-06-09;22.5;23.0;22.25;22.75;11600.0
1994-06-10;22.25;23.75;22.25;23.5;30000.0
1994-06-13;23.0;23.75;23.0;23.25;21700.0
1994-06-14;23.0;23.5;21.75;22.25;48100.0
1994-06-15;22.25;22.75;21.5;21.81;38000.0
1994-06-16;22.5;23.0;22.0;23.0;11400.0
1994-06-17;23.0;23.0;22.0;22.0;11300.0
1994-06-20;21.5;21.75;20.25;21.25;118900.0
1994-06-21;21.25;21.5;20.75;21.13;81700.0
1994-06-22;20.75;21.5;20.75;21.5;4500.0
1994-06-23;21.5;22.13;20.5;20.63;157100.0
1994-06-24;20.5;21.0;19.5;19.5;202200.0
1994-06-27;19.5;20.25;19.25;19.63;79100.0
1994-06-28;19.5;20.0;19.25;20.0;54600.0
1994-06-29;20.0;20.63;19.38;19.75;44800.0
1994-06-30;19.75;20.5;19.75;20.5;23000.0
1994-07-01;20.0;20.25;19.75;20.25;18400.0
1994-07-05;19.5;20.25;19.5;20.25;24500.0
1994-07-06;19.75;20.75;19.75;20.75;23000.0
1994-07-07;20.75;21.0;20.0;20.88;15600.0
1994-07-08;21.0;21.5;20.75;21.25;17500.0
1994-07-11;21.75;22.25;21.25;21.5;29800.0
1994-07-12;21.25;21.75;21.0;21.38;28900.0
1994-07-13;20.75;21.5;20.75;21.5;14300.0
1994-07-14;21.5;22.75;21.0;22.75;30600.0
1994-07-15;22.75;22.75;22.75;22.75;2600.0
1994-07-18;22.25;25.25;22.25;24.0;83000.0
1994-07-19;24.5;25.25;24.0;25.0;54500.0
1994-07-20;25.0;25.0;24.25;24.88;19000.0
1994-07-21;24.5;25.0;23.75;24.0;62500.0
1994-07-22;23.75;25.25;23.75;24.5;48000.0
1994-07-25;24.25;24.63;24.25;24.63;23000.0
1994-07-26;24.25;24.38;24.25;24.38;7700.0
1994-07-27;24.0;24.75;23.75;24.0;10100.0
1994-07-28;23.25;23.5;22.75;23.0;9300.0
1994-07-29;23.5;23.5;23.25;23.5;800.0
1994-08-01;23.5;23.5;22.75;23.5;5800.0
1994-08-02;23.75;24.75;23.5;23.5;36100.0
1994-08-03;23.5;23.75;23.38;23.38;5300.0
1994-08-04;23.25;23.25;23.25;23.25;700.0
1994-08-05;23.25;23.5;23.0;23.5;12800.0
1994-08-08;22.75;23.5;22.75;22.75;600.0
1994-08-09;22.75;23.0;22.5;22.5;15200.0
1994-08-10;23.0;23.0;22.0;22.0;17300.0
1994-08-11;22.0;22.25;20.75;21.38;50100.0
1994-08-12;21.5;21.5;20.13;21.0;102500.0
1994-08-15;20.63;21.25;20.25;20.25;20300.0
1994-08-16;20.25;21.0;20.0;20.5;46200.0
1994-08-17;20.5;21.25;20.0;20.75;65700.0
1994-08-18;20.75;20.75;20.0;20.75;175600.0
1994-08-19;20.75;21.75;20.25;21.75;25900.0
1994-08-22;21.75;22.0;21.0;22.0;14800.0
1994-08-23;23.0;25.0;23.0;24.63;166300.0
1994-08-24;25.0;25.0;23.75;24.0;22500.0
1994-08-25;24.25;25.25;24.0;24.25;88700.0
1994-08-26;24.25;24.75;24.25;24.25;25000.0
1994-08-29;24.75;24.75;24.25;24.25;11400.0
1994-08-30;24.75;24.75;24.25;24.5;5600.0
1994-08-31;24.75;24.75;24.0;24.5;19400.0
1994-09-01;24.0;24.5;24.0;24.38;6200.0
1994-09-02;24.0;24.5;24.0;24.5;5400.0
1994-09-06;24.5;24.5;24.0;24.44;8500.0
1994-09-07;24.5;24.5;23.75;23.75;18200.0
1994-09-08;23.75;24.0;23.75;23.75;14800.0
1994-09-09;23.75;23.75;23.75;23.75;0.0
1994-09-12;24.25;24.25;23.75;24.0;5100.0
1994-09-13;24.13;24.25;23.75;24.25;15600.0
1994-09-14;24.25;24.25;23.75;24.25;5700.0
1994-09-15;23.75;24.75;23.75;24.0;18100.0
1994-09-16;24.75;24.75;24.0;24.75;5600.0
1994-09-19;24.75;24.75;24.25;24.75;45800.0
1994-09-20;24.75;25.75;24.0;25.0;87200.0
1994-09-21;25.0;25.63;24.75;24.75;20900.0
1994-09-22;24.75;25.0;24.75;25.0;45300.0
1994-09-23;24.75;25.75;24.75;25.38;106500.0
1994-09-26;25.0;26.5;25.0;26.5;117700.0
1994-09-27;26.0;27.0;26.0;26.75;138700.0
1994-09-28;26.75;27.25;26.5;27.25;79100.0
1994-09-29;27.25;27.75;26.5;27.0;129100.0
1994-09-30;27.0;27.75;27.0;27.75;346300.0
1994-10-03;27.75;27.75;27.0;27.0;16600.0
1994-10-04;27.13;27.75;26.75;27.0;116000.0
1994-10-05;27.75;28.0;27.0;27.5;71000.0
1994-10-06;27.5;28.25;27.5;28.0;10800.0
1994-10-07;28.0;28.25;27.5;28.0;53600.0
1994-10-10;28.0;28.25;27.5;27.5;3400.0
1994-10-11;28.25;28.75;27.5;28.75;336800.0
1994-10-12;28.75;29.25;27.75;29.0;93500.0
1994-10-13;29.25;29.5;28.75;28.75;43500.0
1994-10-14;29.25;29.25;28.5;29.06;21600.0
1994-10-17;28.5;29.25;28.5;29.25;5900.0
1994-10-18;29.25;29.25;28.5;28.75;800.0
1994-10-19;29.25;29.25;28.5;28.75;8000.0
1994-10-20;28.75;30.75;28.5;30.5;122200.0
1994-10-21;29.75;30.5;28.25;28.5;161500.0
1994-10-24;28.25;29.5;28.25;29.5;83600.0
1994-10-25;29.75;30.5;29.75;30.13;153100.0
1994-10-26;30.25;30.5;29.75;30.5;186600.0
1994-10-27;30.5;30.5;29.75;30.25;110900.0
1994-10-28;30.0;30.75;30.0;30.0;20000.0
1994-10-31;30.0;30.75;30.0;30.25;3100.0
1994-11-01;30.25;30.25;30.25;30.25;0.0
1994-11-02;30.38;30.5;30.0;30.5;24700.0
1994-11-03;30.5;30.5;30.5;30.5;0.0
1994-11-04;30.5;30.75;30.0;30.0;25500.0
1994-11-07;30.5;30.5;30.0;30.0;2300.0
1994-11-08;30.0;30.0;29.25;29.63;29600.0
1994-11-09;29.25;30.25;29.25;30.25;18200.0
1994-11-10;30.25;30.25;29.5;29.5;2000.0
1994-11-11;30.25;30.25;29.5;29.5;22900.0
1994-11-14;29.5;30.0;29.5;30.0;30200.0
1994-11-15;29.5;29.5;29.5;29.5;1300.0
1994-11-16;29.5;30.25;29.5;30.0;42800.0
1994-11-17;30.25;30.25;30.0;30.0;11200.0
1994-11-18;30.5;30.5;30.0;30.0;17800.0
1994-11-21;30.5;30.5;29.75;30.0;600.0
1994-11-22;29.5;30.5;29.5;29.5;6700.0
1994-11-23;29.5;29.75;29.25;29.25;6600.0
1994-11-25;29.25;29.75;29.25;29.5;8800.0
1994-11-28;30.0;30.0;29.0;29.25;27600.0
1994-11-29;29.0;29.5;29.0;29.25;6400.0
1994-11-30;29.25;30.0;28.75;30.0;78100.0
1994-12-01;30.0;30.0;29.5;29.63;166700.0
1994-12-02;29.63;29.75;29.63;29.75;36600.0
1994-12-05;29.5;30.25;29.5;30.25;41400.0
1994-12-06;29.5;30.25;29.5;29.5;23700.0
1994-12-07;29.5;29.88;29.5;29.63;35900.0
1994-12-08;29.5;30.25;29.5;29.63;59400.0
1994-12-09;29.5;29.75;29.0;29.0;83300.0
1994-12-12;29.25;29.75;29.0;29.75;65300.0
1994-12-13;29.5;30.25;29.25;30.0;90800.0
1994-12-14;30.0;30.25;29.5;29.88;32300.0
1994-12-15;29.75;30.75;29.75;30.5;91300.0
1994-12-16;31.0;31.25;30.25;30.25;75800.0
1994-12-19;30.5;30.5;29.0;29.5;62600.0
1994-12-20;29.25;29.75;29.25;29.38;30300.0
1994-12-21;29.75;30.0;29.5;29.75;8500.0
1994-12-22;29.75;30.0;29.25;30.0;4400.0
1994-12-23;30.25;30.5;29.75;30.13;53200.0
1994-12-27;30.25;30.25;29.0;29.0;20700.0
1994-12-28;29.0;29.5;29.0;29.0;118600.0
1994-12-29;29.5;29.5;28.5;28.5;108300.0
1994-12-30;28.25;28.5;26.0;27.25;206500.0
1995-01-03;27.5;27.5;26.75;27.25;7300.0
1995-01-04;27.75;28.5;26.75;26.75;30000.0
1995-01-05;27.5;27.88;26.25;27.63;51300.0
1995-01-06;28.0;28.0;27.25;27.25;33200.0
1995-01-09;27.75;27.75;26.5;26.75;17500.0
1995-01-10;27.0;27.0;26.0;26.25;7700.0
1995-01-11;26.0;26.75;26.0;26.5;5800.0
1995-01-12;26.5;26.75;26.0;26.63;16500.0
1995-01-13;26.75;26.75;26.0;26.0;2100.0
1995-01-16;26.5;26.75;26.25;26.75;13100.0
1995-01-17;26.75;26.75;26.5;26.63;20200.0
1995-01-18;26.5;27.0;26.5;27.0;11200.0
1995-01-19;26.5;27.0;26.5;27.0;5100.0
1995-01-20;26.5;26.63;26.5;26.5;17400.0
1995-01-23;26.63;26.63;26.5;26.5;3100.0
1995-01-24;26.63;26.75;26.0;26.06;24700.0
1995-01-25;26.0;26.25;26.0;26.0;4700.0
1995-01-26;26.25;26.25;26.0;26.13;6700.0
1995-01-27;26.0;26.25;26.0;26.13;3500.0
1995-01-30;26.25;26.25;26.0;26.0;1600.0
1995-01-31;25.81;26.25;25.75;25.75;3600.0
1995-02-01;25.81;26.25;25.81;26.25;2300.0
1995-02-02;26.25;26.25;25.75;25.75;2000.0
1995-02-03;25.75;26.25;25.75;26.25;800.0
1995-02-06;25.75;25.75;25.75;25.75;200.0
1995-02-07;25.75;26.0;25.25;25.25;14800.0
1995-02-08;25.5;25.5;23.75;24.25;36400.0
1995-02-09;25.0;25.25;25.0;25.25;55600.0
1995-02-10;25.25;25.25;24.5;25.25;10000.0
1995-02-13;25.25;25.25;24.38;24.38;1600.0
1995-02-14;25.25;25.25;24.25;24.25;18500.0
1995-02-15;24.0;24.75;24.0;24.38;19700.0
1995-02-16;24.0;24.5;24.0;24.38;53800.0
1995-02-17;24.0;24.5;24.0;24.0;1700.0
1995-02-21;24.13;24.5;24.0;24.0;206800.0
1995-02-22;24.5;24.5;24.0;24.25;1600.0
1995-02-23;24.5;24.75;24.0;24.5;49800.0
1995-02-24;24.0;24.5;24.0;24.5;400.0
1995-02-27;24.25;24.25;23.0;23.5;97100.0
1995-02-28;23.5;23.5;23.0;23.5;3200.0
1995-03-01;23.0;23.0;22.25;22.5;96200.0
1995-03-02;22.5;22.5;21.88;22.13;813600.0
1995-03-03;22.5;22.5;21.75;22.0;118000.0
1995-03-06;21.75;22.75;21.75;22.75;19600.0
1995-03-07;22.75;23.5;22.25;23.0;16300.0
1995-03-08;23.0;24.0;23.0;23.63;24600.0
1995-03-09;23.63;24.0;23.63;23.63;4200.0
1995-03-10;24.0;24.0;23.5;24.0;1400.0
1995-03-13;24.0;24.0;23.25;24.0;1600.0
1995-03-14;24.0;24.5;23.75;24.5;15100.0
1995-03-15;24.5;24.75;24.25;24.5;18200.0
1995-03-16;24.0;24.25;23.5;23.5;13600.0
1995-03-17;23.5;24.0;23.13;23.5;19700.0
1995-03-20;23.75;23.75;23.0;23.38;7100.0
1995-03-21;23.75;23.75;23.0;23.0;20600.0
1995-03-22;22.5;22.75;21.75;22.0;28000.0
1995-03-23;22.5;22.75;21.75;22.25;82500.0
1995-03-24;22.5;22.5;21.5;22.25;47100.0
1995-03-27;21.25;22.0;21.25;21.25;32500.0
1995-03-28;22.0;22.0;20.75;21.25;44800.0
1995-03-29;21.5;21.5;20.75;20.88;25100.0
1995-03-30;20.88;21.25;20.5;21.0;45300.0
1995-03-31;21.25;21.25;20.0;20.0;49500.0
1995-04-03;20.25;20.25;19.5;20.0;40900.0
1995-04-04;20.25;21.5;20.13;21.5;65200.0
1995-04-05;21.5;23.75;21.13;23.0;79100.0
1995-04-06;23.13;24.0;23.0;23.0;37600.0
1995-04-07;23.0;23.25;22.0;22.0;29300.0
1995-04-10;22.0;22.5;22.0;22.25;5700.0
1995-04-11;22.5;22.5;21.0;21.0;26300.0
1995-04-12;21.5;21.5;20.75;20.75;4400.0
1995-04-13;20.5;21.75;20.5;21.0;26800.0
1995-04-17;21.75;21.75;21.0;21.0;4900.0
1995-04-18;21.0;21.38;21.0;21.0;700.0
1995-04-19;21.0;21.75;21.0;21.25;7000.0
1995-04-20;21.5;22.25;21.0;22.13;19500.0
1995-04-21;22.25;22.25;21.75;21.75;11000.0
1995-04-24;22.25;22.25;21.5;22.25;14400.0
1995-04-25;21.25;22.25;21.25;22.25;13100.0
1995-04-26;21.75;22.5;21.75;21.88;2300.0
1995-04-27;22.75;22.75;21.88;22.75;3200.0
1995-04-28;21.88;22.0;20.75;21.25;62000.0
1995-05-01;21.0;21.0;20.25;20.5;117300.0
1995-05-02;20.31;21.25;20.31;20.75;170000.0
1995-05-03;20.5;21.0;20.5;21.0;2500.0
1995-05-04;21.0;21.0;20.25;20.75;21600.0
1995-05-05;20.63;21.0;20.25;20.25;8000.0
1995-05-08;21.0;21.0;19.75;19.75;47200.0
1995-05-09;19.75;20.0;19.0;19.0;39600.0
1995-05-10;19.06;19.75;18.75;18.75;49700.0
1995-05-11;18.5;19.0;18.5;18.75;6900.0
1995-05-12;18.25;19.0;18.25;18.25;12900.0
1995-05-15;19.0;19.75;18.5;19.75;44700.0
1995-05-16;19.75;20.0;19.25;20.0;35800.0
1995-05-17;20.25;20.25;19.25;19.75;29100.0
1995-05-18;19.75;20.25;19.25;20.0;11000.0
1995-05-19;19.75;20.25;19.75;20.25;2600.0
1995-05-22;20.13;20.75;19.5;20.75;86300.0
1995-05-23;20.0;20.75;19.75;19.81;20900.0
1995-05-24;19.75;20.0;19.5;20.0;9900.0
1995-05-25;20.0;20.0;19.5;19.75;17800.0
1995-05-26;19.5;19.5;18.75;19.0;10400.0
1995-05-30;19.5;19.5;18.0;18.75;25200.0
1995-05-31;18.0;18.75;18.0;18.75;75500.0
1995-06-01;18.75;18.75;18.0;18.06;15800.0
1995-06-02;18.75;18.75;18.0;18.13;55400.0
1995-06-05;18.75;19.75;18.63;19.0;46500.0
1995-06-06;19.75;21.0;19.25;20.63;57000.0
1995-06-07;20.5;21.5;20.5;21.25;70100.0
1995-06-08;20.75;21.25;20.75;21.0;4700.0
1995-06-09;21.25;21.5;20.75;21.0;34400.0
1995-06-12;21.0;22.5;21.0;22.5;50700.0
1995-06-13;22.5;23.25;22.0;23.0;65400.0
1995-06-14;22.75;23.0;22.75;23.0;3200.0
1995-06-15;22.63;22.75;22.5;22.75;2100.0
1995-06-16;22.5;23.25;22.5;23.25;1100.0
1995-06-19;23.25;23.25;22.5;22.88;4500.0
1995-06-20;23.25;23.88;23.13;23.13;86800.0
1995-06-21;22.75;23.5;22.75;22.75;1100.0
1995-06-22;22.75;23.5;22.75;23.5;53600.0
1995-06-23;23.13;23.25;22.75;23.25;46800.0
1995-06-26;22.75;23.25;22.0;22.0;31400.0
1995-06-27;22.75;22.75;22.0;22.06;4500.0
1995-06-28;22.5;22.5;21.75;22.25;17900.0
1995-06-29;21.75;22.25;21.75;22.25;4600.0
1995-06-30;22.5;22.5;21.75;21.75;15400.0
1995-07-03;21.75;22.0;21.75;22.0;1100.0
1995-07-05;21.75;22.13;21.5;21.5;9300.0
1995-07-06;22.0;22.0;21.25;21.25;3400.0
1995-07-07;22.0;22.0;21.25;21.5;38100.0
1995-07-10;21.31;21.75;21.25;21.75;25600.0
1995-07-11;21.25;22.25;21.25;22.25;8000.0
1995-07-12;22.25;22.25;21.5;22.25;3800.0
1995-07-13;22.25;22.25;21.5;22.25;6900.0
1995-07-14;22.25;22.25;21.5;21.5;1800.0
1995-07-17;21.5;22.25;21.5;21.63;4100.0
1995-07-18;21.5;22.0;21.25;22.0;25900.0
1995-07-19;21.25;21.25;21.25;21.25;100.0
1995-07-20;21.63;21.75;21.25;21.75;3900.0
1995-07-21;21.5;21.75;21.0;21.0;21700.0
1995-07-24;20.5;21.38;20.5;20.5;2700.0
1995-07-25;21.5;21.5;20.5;21.38;3300.0
1995-07-26;21.5;21.5;20.75;20.75;1200.0
1995-07-27;21.5;21.5;20.75;21.5;6200.0
1995-07-28;21.5;21.5;20.75;21.5;2400.0
1995-07-31;21.5;22.0;21.25;21.25;22800.0
1995-08-01;21.25;21.5;21.25;21.25;3900.0
1995-08-02;21.25;22.0;21.25;22.0;5900.0
1995-08-03;21.25;22.0;21.25;21.5;6800.0
1995-08-04;21.25;22.0;21.25;21.25;1600.0
1995-08-07;21.25;21.38;21.25;21.38;900.0
1995-08-08;21.38;21.38;21.38;21.38;0.0
1995-08-09;21.38;21.38;21.38;21.38;0.0
1995-08-10;21.25;21.38;21.25;21.25;400.0
1995-08-11;21.5;21.5;21.5;21.5;900.0
1995-08-14;21.5;21.5;21.25;21.25;900.0
1995-08-15;21.25;21.25;21.25;21.25;1300.0
1995-08-16;21.38;21.38;21.25;21.31;25300.0
1995-08-17;21.38;21.63;21.31;21.5;51500.0
1995-08-18;21.25;21.75;21.25;21.63;51300.0
1995-08-21;21.75;22.25;21.63;22.25;15900.0
1995-08-22;21.5;22.25;21.5;22.25;1200.0
1995-08-23;21.5;22.25;20.75;20.75;64600.0
1995-08-24;20.75;21.5;20.75;21.5;13300.0
1995-08-25;21.5;22.0;21.0;21.75;75500.0
1995-08-28;22.0;22.0;21.25;22.0;9700.0
1995-08-29;21.25;21.63;21.25;21.63;700.0
1995-08-30;22.0;22.0;21.25;21.25;7100.0
1995-08-31;22.0;22.0;21.25;21.25;700.0
1995-09-01;21.25;22.0;21.25;22.0;2400.0
1995-09-05;21.75;21.75;21.25;21.63;12800.0
1995-09-06;22.5;24.0;22.25;23.5;168600.0
1995-09-07;23.75;23.75;23.25;23.75;52100.0
1995-09-08;23.5;24.25;23.5;24.0;35500.0
1995-09-11;24.25;24.25;23.75;24.0;60300.0
1995-09-12;24.13;24.13;23.75;23.75;1200.0
1995-09-13;23.75;24.25;23.75;24.25;32500.0
1995-09-14;24.25;24.5;23.75;24.5;96200.0
1995-09-15;23.75;24.5;23.75;24.5;59300.0
1995-09-18;24.0;25.0;24.0;25.0;13500.0
1995-09-19;25.0;25.25;24.75;25.13;137600.0
1995-09-20;25.25;25.25;25.0;25.13;11200.0
1995-09-21;25.25;25.75;24.5;25.0;29400.0
1995-09-22;25.25;25.75;24.5;25.5;108000.0
1995-09-25;25.0;25.38;24.75;25.25;17400.0
1995-09-26;24.75;25.25;24.75;25.25;19600.0
1995-09-27;25.25;25.25;23.75;24.0;25800.0
1995-09-28;24.5;25.5;23.75;25.13;88600.0
1995-09-29;25.5;25.75;25.0;25.5;83000.0
1995-10-02;26.25;27.0;25.75;25.75;21600.0
1995-10-03;25.88;26.25;25.75;25.75;2200.0
1995-10-04;25.75;26.0;25.75;26.0;9100.0
1995-10-05;25.75;26.0;25.75;26.0;4300.0
1995-10-06;26.0;26.25;25.75;25.75;10500.0
1995-10-09;25.75;25.75;25.25;25.25;9500.0
1995-10-10;24.75;25.5;24.63;24.75;19700.0
1995-10-11;24.5;25.13;24.25;25.0;71800.0
1995-10-12;25.0;25.0;24.5;24.75;27200.0
1995-10-13;24.5;25.0;24.5;25.0;8500.0
1995-10-16;25.0;25.0;24.5;24.5;12000.0
1995-10-17;25.25;25.25;24.75;24.88;14000.0
1995-10-18;24.5;24.75;24.25;24.25;11900.0
1995-10-19;24.0;25.0;24.0;24.75;47200.0
1995-10-20;24.5;24.75;24.25;24.75;21300.0
1995-10-23;24.25;24.25;23.5;23.63;19400.0
1995-10-24;24.0;24.0;23.25;23.25;35000.0
1995-10-25;24.0;24.0;22.5;22.5;46300.0
1995-10-26;22.5;23.0;22.5;22.63;34900.0
1995-10-27;22.0;22.25;22.0;22.0;6100.0
1995-10-30;22.75;22.75;22.0;22.0;2500.0
1995-10-31;22.75;22.75;21.75;21.75;12200.0
1995-11-01;21.5;21.5;20.25;20.25;20800.0
1995-11-02;20.25;21.75;20.13;21.5;130700.0
1995-11-03;21.0;23.25;21.0;22.5;68700.0
1995-11-06;23.0;23.25;22.25;22.5;44200.0
1995-11-07;22.75;23.5;22.75;23.5;7700.0
1995-11-08;23.38;23.5;22.75;23.0;46000.0
1995-11-09;22.88;23.25;22.75;23.25;4200.0
1995-11-10;23.25;23.25;22.75;22.75;400.0
1995-11-13;22.75;24.0;22.75;24.0;23200.0
1995-11-14;23.5;23.75;23.25;23.25;4300.0
1995-11-15;23.25;24.38;23.0;24.25;42700.0
1995-11-16;24.25;25.19;23.75;24.75;50800.0
1995-11-17;24.5;25.13;24.25;24.25;22100.0
1995-11-20;24.0;24.5;23.75;23.75;12000.0
1995-11-21;24.5;24.5;23.5;23.5;13700.0
1995-11-22;23.25;23.75;22.5;23.0;23700.0
1995-11-24;22.5;23.0;22.25;22.5;2400.0
1995-11-27;23.0;23.0;20.75;20.88;53400.0
1995-11-28;21.25;22.63;20.88;22.63;59400.0
1995-11-29;23.0;24.25;22.25;22.25;49700.0
1995-11-30;23.0;23.0;22.25;23.0;4100.0
1995-12-01;22.25;22.75;22.0;22.0;12100.0
1995-12-04;22.75;22.75;22.0;22.25;4300.0
1995-12-05;21.75;22.25;20.75;20.75;41000.0
1995-12-06;21.5;21.5;20.75;20.75;16700.0
1995-12-07;20.75;21.5;20.75;21.5;1300.0
1995-12-08;21.5;21.5;20.75;21.0;37700.0
1995-12-11;20.75;21.38;20.75;21.38;87300.0
1995-12-12;21.5;21.5;20.75;21.38;5500.0
1995-12-13;21.0;21.5;20.75;21.13;5200.0
1995-12-14;20.75;23.75;20.75;22.38;215800.0
1995-12-15;23.0;23.0;22.25;22.25;5800.0
1995-12-18;22.94;23.5;22.25;23.0;100700.0
1995-12-19;22.25;22.63;22.25;22.31;32100.0
1995-12-20;22.25;22.75;22.25;22.5;5400.0
1995-12-21;22.25;23.13;22.25;22.75;16200.0
1995-12-22;22.75;23.13;22.75;22.94;3200.0
1995-12-26;22.38;23.13;22.25;22.88;23700.0
1995-12-27;23.13;23.75;23.0;23.5;76100.0
1995-12-28;23.25;23.63;23.25;23.63;3600.0
1995-12-29;23.25;24.5;23.25;23.25;56400.0
1996-01-02;23.25;25.0;23.25;23.5;41400.0
1996-01-03;24.13;24.13;23.0;23.13;86300.0
1996-01-04;23.0;23.5;22.25;23.13;76500.0
1996-01-05;23.13;23.63;22.75;23.63;31900.0
1996-01-08;23.25;23.25;23.25;23.25;200.0
1996-01-09;25.25;26.25;24.0;24.0;232000.0
1996-01-10;24.0;24.0;23.06;23.06;14100.0
1996-01-11;23.0;23.25;22.75;23.0;48800.0
1996-01-12;22.75;23.25;22.75;23.0;12800.0
1996-01-15;22.75;23.0;22.0;22.5;41200.0
1996-01-16;22.25;23.25;22.25;22.5;11600.0
1996-01-17;22.38;23.75;22.38;23.5;77800.0
1996-01-18;23.25;25.0;23.25;24.38;36600.0
1996-01-19;25.0;25.0;24.25;24.25;14000.0
1996-01-22;24.25;24.75;23.75;24.0;32200.0
1996-01-23;24.0;26.0;24.0;25.5;255400.0
1996-01-24;25.38;26.0;25.0;25.25;45900.0
1996-01-25;25.0;25.38;25.0;25.13;9900.0
1996-01-26;25.0;25.0;25.0;25.0;2400.0
1996-01-29;25.5;25.5;25.0;25.0;4200.0
1996-01-30;24.5;24.5;24.5;24.5;4100.0
1996-01-31;24.5;24.63;24.5;24.63;700.0
1996-02-01;24.5;25.5;24.5;24.75;11800.0
1996-02-02;25.25;25.5;24.75;25.0;41500.0
1996-02-05;25.25;25.25;24.25;24.75;25800.0
1996-02-06;24.25;24.5;24.0;24.25;17400.0
1996-02-07;24.25;24.75;24.25;24.25;13200.0
1996-02-08;24.25;24.75;24.25;24.38;20600.0
1996-02-09;24.25;24.5;24.25;24.25;19700.0
1996-02-12;24.25;24.5;24.25;24.25;55500.0
1996-02-13;24.38;24.38;24.0;24.0;400.0
1996-02-14;24.0;25.25;24.0;24.5;15600.0
1996-02-15;24.5;25.25;24.5;25.0;4700.0
1996-02-16;24.5;24.5;24.5;24.5;2200.0
1996-02-20;24.5;25.25;24.5;24.88;10000.0
1996-02-21;24.5;25.25;24.5;24.5;1800.0
1996-02-22;25.25;25.75;25.0;25.0;19900.0
1996-02-23;25.06;25.63;25.0;25.5;46000.0
1996-02-26;25.25;25.25;25.0;25.0;700.0
1996-02-27;25.0;25.63;24.75;25.63;30900.0
1996-02-28;25.25;25.75;25.0;25.0;13700.0
1996-02-29;25.0;25.0;25.0;25.0;400.0
1996-03-01;25.0;25.06;25.0;25.0;5300.0
1996-03-04;25.5;25.5;25.0;25.25;16600.0
1996-03-05;25.38;26.5;25.38;26.25;177300.0
1996-03-06;26.75;28.25;26.0;27.75;177000.0
1996-03-07;27.75;27.75;26.75;27.75;95100.0
1996-03-08;27.25;29.63;26.0;28.75;364700.0
1996-03-11;28.5;28.75;28.13;28.44;54400.0
1996-03-12;29.0;29.5;28.13;29.13;79500.0
1996-03-13;29.0;29.0;28.75;28.75;5500.0
1996-03-14;29.5;29.5;28.75;28.88;22200.0
1996-03-15;28.75;29.5;28.75;29.25;9900.0
1996-03-18;29.5;30.25;28.75;30.0;34100.0
1996-03-19;29.25;30.12;29.25;30.0;9500.0
1996-03-20;30.12;30.12;29.25;30.12;9500.0
1996-03-21;30.0;30.0;28.25;29.25;91300.0
1996-03-22;29.25;29.25;28.25;28.25;10600.0
1996-03-25;29.0;29.0;28.25;28.25;3100.0
1996-03-26;28.25;29.75;28.25;29.0;28000.0
1996-03-27;29.75;30.25;29.25;29.88;69800.0
1996-03-28;30.19;30.25;29.75;30.25;9100.0
1996-03-29;30.12;30.25;29.75;30.25;46800.0
1996-04-01;30.25;30.25;29.75;30.12;41600.0
1996-04-02;30.25;30.5;30.0;30.38;82300.0
1996-04-03;30.5;30.75;30.0;30.75;35900.0
1996-04-04;30.38;30.75;30.38;30.75;1500.0
1996-04-08;30.06;30.75;30.0;30.5;27900.0
1996-04-09;30.75;30.75;30.25;30.38;21800.0
1996-04-10;30.25;30.5;30.25;30.5;1100.0
1996-04-11;31.0;31.0;30.25;30.5;60600.0
1996-04-12;30.25;30.5;30.25;30.5;47300.0
1996-04-15;30.5;31.25;30.25;30.38;71500.0
1996-04-16;31.25;31.25;30.5;31.0;41400.0
1996-04-17;31.25;31.25;30.5;30.5;12200.0
1996-04-18;30.5;31.25;30.5;30.62;126800.0
1996-04-19;31.12;31.25;30.5;31.25;23000.0
1996-04-22;31.25;31.25;31.25;31.25;9000.0
1996-04-23;31.25;33.12;31.0;32.88;147000.0
1996-04-24;33.12;33.12;32.0;32.31;29500.0
1996-04-25;32.62;32.75;32.12;32.75;6200.0
1996-04-26;32.75;32.75;32.0;32.38;700.0
1996-04-29;32.0;32.5;32.0;32.0;3700.0
1996-04-30;32.62;33.88;32.0;33.38;229600.0
1996-05-01;33.5;34.25;33.5;34.25;54000.0
1996-05-02;34.25;35.12;33.5;35.0;50200.0
1996-05-03;35.12;35.5;34.5;35.25;111500.0
1996-05-06;35.75;35.75;35.0;35.0;16200.0
1996-05-07;35.0;35.75;35.0;35.0;38300.0
1996-05-08;35.75;35.75;34.75;35.0;68400.0
1996-05-09;35.5;35.5;34.75;35.5;37300.0
1996-05-10;35.0;37.0;35.0;36.88;124900.0
1996-05-13;36.5;39.75;36.5;39.5;202400.0
1996-05-14;40.0;40.25;39.0;40.25;143800.0
1996-05-15;40.25;40.5;39.5;40.12;139100.0
1996-05-16;40.25;40.25;39.75;40.12;70900.0
1996-05-17;39.75;40.25;39.75;40.25;22700.0
1996-05-20;40.25;41.75;40.25;41.5;132500.0
1996-05-21;41.75;42.0;39.5;41.0;386200.0
1996-05-22;41.0;43.0;40.5;41.75;135200.0
1996-05-23;42.0;42.0;41.25;42.0;105400.0
1996-05-24;42.0;44.0;42.0;43.25;120300.0
1996-05-28;43.5;44.25;41.75;42.5;102900.0
1996-05-29;41.62;42.5;41.5;41.75;57300.0
1996-05-30;42.0;42.0;41.25;41.5;25400.0
1996-05-31;41.5;42.5;41.25;42.25;42000.0
1996-06-03;20.0;21.0;20.0;20.38;47850.0
1996-06-04;20.25;22.0;20.25;21.75;65500.0
1996-06-05;22.5;24.25;21.75;24.0;165300.0
1996-06-06;24.25;27.38;23.75;26.5;483300.0
1996-06-07;25.0;26.75;24.5;25.5;275300.0
1996-06-10;25.5;26.5;25.25;25.75;172700.0
1996-06-11;26.25;26.25;24.5;25.62;92900.0
1996-06-12;25.25;26.0;25.25;25.5;26400.0
1996-06-13;25.5;26.0;25.0;25.5;42400.0
1996-06-14;25.25;26.25;25.25;26.12;163100.0
1996-06-17;26.0;26.25;25.5;25.75;81200.0
1996-06-18;25.5;26.25;25.25;25.38;27300.0
1996-06-19;25.25;26.0;25.25;25.62;50200.0
1996-06-20;25.5;25.75;25.25;25.31;262400.0
1996-06-21;25.5;25.5;25.25;25.5;70800.0
1996-06-24;25.25;25.75;25.25;25.38;89900.0
1996-06-25;25.75;25.75;25.0;25.25;39100.0
1996-06-26;25.0;25.25;24.0;24.0;61900.0
1996-06-27;24.0;24.12;23.0;23.5;81600.0
1996-06-28;22.75;25.5;22.75;25.25;106600.0
1996-07-01;25.25;25.5;24.75;25.0;132600.0
1996-07-02;25.5;25.5;25.0;25.0;153000.0
1996-07-03;25.25;25.25;24.88;24.88;17700.0
1996-07-05;25.0;25.0;23.75;23.88;115400.0
1996-07-08;23.62;24.25;23.62;23.75;66200.0
1996-07-09;24.25;24.75;23.75;24.25;185500.0
1996-07-10;24.38;24.38;21.25;21.62;158300.0
1996-07-11;21.0;21.25;19.0;20.12;155500.0
1996-07-12;19.75;20.5;19.25;19.38;68200.0
1996-07-15;18.75;19.0;16.75;16.75;112000.0
1996-07-16;16.75;17.75;14.75;17.25;516400.0
1996-07-17;17.75;20.75;17.75;19.75;304100.0
1996-07-18;20.5;21.0;19.75;21.0;46600.0
1996-07-19;21.0;21.0;19.75;20.25;30400.0
1996-07-22;19.75;19.75;19.25;19.5;44900.0
1996-07-23;19.75;20.0;19.25;19.5;22800.0
1996-07-24;18.5;18.75;18.0;18.75;51400.0
1996-07-25;18.25;19.25;18.25;19.25;71700.0
1996-07-26;19.5;19.5;18.5;18.5;40800.0
1996-07-29;18.5;19.0;17.0;17.0;96600.0
1996-07-30;17.0;17.75;17.0;17.75;3300.0
1996-07-31;18.0;19.88;17.5;18.75;85700.0
1996-08-01;18.5;19.75;18.5;19.25;61900.0
1996-08-02;19.0;20.75;19.0;20.5;91100.0
1996-08-05;20.75;22.38;20.25;22.0;269400.0
1996-08-06;21.5;22.38;21.06;21.25;93600.0
1996-08-07;22.25;22.25;20.75;21.25;47000.0
1996-08-08;21.25;21.5;20.75;21.0;9700.0
1996-08-09;21.5;21.5;20.75;20.75;11400.0
1996-08-12;21.25;22.75;20.75;21.25;85600.0
1996-08-13;21.0;21.25;21.0;21.25;7200.0
1996-08-14;20.75;21.25;20.75;20.88;41000.0
1996-08-15;21.12;22.0;20.75;22.0;100000.0
1996-08-16;22.0;24.5;21.75;23.88;214300.0
1996-08-19;24.0;24.75;23.0;24.5;125900.0
1996-08-20;23.75;24.25;21.0;21.38;222000.0
1996-08-21;20.25;21.25;19.0;21.25;330800.0
1996-08-22;21.5;22.0;21.0;21.5;140200.0
1996-08-23;21.25;21.25;19.5;20.38;153800.0
1996-08-26;20.0;20.75;20.0;20.75;11300.0
1996-08-27;21.5;22.38;21.25;22.0;66900.0
1996-08-28;22.5;23.0;22.25;22.5;85500.0
1996-08-29;22.25;22.75;21.75;22.0;29700.0
1996-08-30;22.0;23.0;21.5;22.88;38800.0
1996-09-03;22.0;23.5;22.0;22.62;88600.0
1996-09-04;22.5;22.62;21.62;21.62;48200.0
1996-09-05;22.0;22.0;20.62;20.81;741000.0
1996-09-06;20.75;22.25;20.75;21.5;50400.0
1996-09-09;21.25;22.75;21.25;21.75;54000.0
1996-09-10;22.25;22.75;21.81;22.38;35500.0
1996-09-11;22.0;23.25;22.0;22.75;121400.0
1996-09-12;22.81;23.25;22.5;22.88;47700.0
1996-09-13;23.0;23.5;22.5;22.5;34900.0
1996-09-16;22.5;23.25;22.5;22.5;29600.0
1996-09-17;23.0;23.0;22.0;22.25;65900.0
1996-09-18;22.25;22.75;21.5;22.75;208200.0
1996-09-19;23.0;23.12;22.25;22.75;120400.0
1996-09-20;22.5;23.0;22.25;22.88;25600.0
1996-09-23;23.0;23.0;22.0;22.5;79900.0
1996-09-24;23.0;23.75;22.5;23.5;212000.0
1996-09-25;23.0;23.25;22.75;23.0;87700.0
1996-09-26;22.75;23.25;22.25;22.38;29100.0
1996-09-27;22.75;23.25;22.5;22.5;57700.0
1996-09-30;23.25;23.25;22.5;23.25;7000.0
1996-10-01;22.75;23.19;22.25;22.25;94000.0
1996-10-02;22.25;22.5;22.25;22.5;26200.0
1996-10-03;22.25;22.5;21.25;21.5;25700.0
1996-10-04;21.25;21.75;19.38;19.81;97600.0
1996-10-07;19.75;20.75;19.75;20.0;120300.0
1996-10-08;20.0;20.25;19.5;19.75;70600.0
1996-10-09;19.5;20.0;19.5;20.0;112400.0
1996-10-10;20.0;21.25;19.75;21.0;69100.0
1996-10-11;21.25;21.5;20.75;21.25;25300.0
1996-10-14;20.75;21.25;20.0;20.0;18600.0
1996-10-15;20.06;20.5;19.75;19.75;150900.0
1996-10-16;19.75;20.5;19.75;19.88;142700.0
1996-10-17;19.88;20.5;19.75;20.5;11600.0
1996-10-18;20.38;20.38;19.75;19.88;58000.0
1996-10-21;19.88;20.25;17.5;17.62;231300.0
1996-10-22;15.25;16.12;13.62;15.12;1705600.0
1996-10-23;15.0;15.12;14.5;15.12;102000.0
1996-10-24;15.25;15.88;14.75;15.5;145200.0
1996-10-25;15.62;16.12;15.5;15.75;102200.0
1996-10-28;15.75;16.25;15.62;15.88;25700.0
1996-10-29;15.62;16.25;15.5;15.5;12000.0
1996-10-30;16.25;16.25;15.5;16.0;40800.0
1996-10-31;15.5;16.25;15.25;15.75;49900.0
1996-11-01;15.25;15.75;15.25;15.5;114700.0
1996-11-04;15.25;15.38;13.75;13.88;212600.0
1996-11-05;14.25;14.25;13.75;13.81;85900.0
1996-11-06;13.75;14.75;13.75;14.75;130000.0
1996-11-07;14.75;15.0;14.5;15.0;30100.0
1996-11-08;14.75;15.25;14.75;15.0;109400.0
1996-11-11;15.25;15.25;14.75;15.0;26400.0
1996-11-12;14.75;15.5;14.75;15.12;96800.0
1996-11-13;15.5;15.5;15.0;15.0;14600.0
1996-11-14;15.0;15.5;15.0;15.38;15300.0
1996-11-15;15.5;16.25;15.25;15.5;87700.0
1996-11-18;15.88;16.25;15.62;16.0;37200.0
1996-11-19;15.5;17.0;15.5;16.5;70800.0
1996-11-20;16.75;16.75;14.0;14.0;140100.0
1996-11-21;14.0;14.75;13.75;14.12;331300.0
1996-11-22;13.94;15.75;13.75;15.25;90100.0
1996-11-25;15.5;15.5;14.88;15.12;29800.0
1996-11-26;14.75;16.0;14.75;15.5;151800.0
1996-11-27;15.5;15.62;14.5;14.75;44700.0
1996-11-29;14.62;14.75;14.5;14.62;23200.0
1996-12-02;14.75;14.75;14.0;14.0;26500.0
1996-12-03;14.75;14.75;14.25;14.5;42800.0
1996-12-04;14.25;14.75;14.25;14.25;34400.0
1996-12-05;14.25;14.75;14.25;14.25;4100.0
1996-12-06;13.75;14.0;13.25;13.25;66100.0
1996-12-09;14.25;14.25;13.0;13.5;41100.0
1996-12-10;13.62;13.75;13.0;13.62;25400.0
1996-12-11;13.12;13.75;13.12;13.75;36200.0
1996-12-12;13.5;13.75;13.5;13.5;9200.0
1996-12-13;13.5;14.0;13.5;14.0;5700.0
1996-12-16;14.0;14.0;12.75;13.0;89800.0
1996-12-17;12.5;13.0;12.25;12.38;104700.0
1996-12-18;12.75;12.75;12.0;12.12;130400.0
1996-12-19;12.12;12.25;12.0;12.0;67600.0
1996-12-20;12.0;12.25;12.0;12.06;233800.0
1996-12-23;12.25;12.25;11.5;11.75;78900.0
1996-12-24;12.12;12.12;11.75;11.81;17100.0
1996-12-26;11.75;12.12;11.62;11.75;27100.0
1996-12-27;12.0;12.5;11.75;12.5;40600.0
1996-12-30;12.25;13.5;12.25;13.0;114300.0
1996-12-31;13.12;13.5;12.5;13.0;55400.0
1997-01-02;13.5;13.5;12.75;12.88;26400.0
1997-01-03;13.0;13.25;12.62;12.75;303400.0
1997-01-06;12.75;13.0;12.5;12.75;64800.0
1997-01-07;12.62;12.75;12.25;12.5;45100.0
1997-01-08;10.62;12.38;10.5;12.0;318900.0
1997-01-09;12.0;12.12;11.75;11.75;356600.0
1997-01-10;11.75;12.0;11.25;11.88;207100.0
1997-01-13;11.88;12.0;11.69;11.75;73900.0
1997-01-14;11.62;12.25;11.62;11.88;136600.0
1997-01-15;11.75;12.25;11.75;11.75;25400.0
1997-01-16;11.75;12.0;11.75;11.88;48700.0
1997-01-17;11.88;12.0;11.88;11.94;34300.0
1997-01-20;12.0;12.0;11.75;11.88;28200.0
1997-01-21;11.75;11.88;11.63;11.75;114000.0
1997-01-22;11.63;11.88;11.63;11.81;106600.0
1997-01-23;11.63;11.81;11.63;11.63;213900.0
1997-01-24;11.63;11.88;11.63;11.75;8900.0
1997-01-27;11.63;12.13;11.63;12.0;38000.0
1997-01-28;12.0;12.63;12.0;12.19;30400.0
1997-01-29;12.0;12.38;12.0;12.19;3300.0
1997-01-30;12.38;12.5;12.02;12.5;27500.0
1997-01-31;12.5;12.5;12.13;12.13;6700.0
1997-02-03;13.0;14.0;13.0;13.25;74100.0
1997-02-04;13.63;13.63;12.5;12.63;125900.0
1997-02-05;12.88;13.0;11.75;11.88;151900.0
1997-02-06;12.0;12.0;11.38;11.75;21300.0
1997-02-07;11.75;11.75;10.88;10.88;52600.0
1997-02-10;11.13;11.5;10.75;11.25;33500.0
1997-02-11;11.25;11.75;10.88;11.75;30100.0
1997-02-12;11.38;11.88;11.38;11.5;25200.0
1997-02-13;11.88;12.13;11.63;12.0;82500.0
1997-02-14;11.88;12.0;11.75;11.88;37800.0
1997-02-18;11.88;12.0;11.75;11.75;30700.0
1997-02-19;12.0;12.0;11.13;11.38;31300.0
1997-02-20;11.38;11.38;11.0;11.13;59200.0
1997-02-21;11.13;11.38;11.13;11.25;4900.0
1997-02-24;11.25;11.38;11.13;11.38;30800.0
1997-02-25;11.63;11.63;11.38;11.38;7500.0
1997-02-26;11.5;11.5;11.38;11.38;30100.0
1997-02-27;11.25;11.5;11.0;11.0;53300.0
1997-02-28;11.0;11.38;11.0;11.38;6300.0
1997-03-03;11.0;11.38;10.88;10.88;61800.0
1997-03-04;11.0;11.0;10.75;10.75;54000.0
1997-03-05;10.75;10.88;10.63;10.63;116700.0
1997-03-06;10.88;10.88;10.63;10.63;93000.0
1997-03-07;10.75;10.75;10.5;10.63;186500.0
1997-03-10;10.69;10.75;10.5;10.69;20600.0
1997-03-11;10.75;10.75;10.5;10.5;63500.0
1997-03-12;10.88;11.0;10.63;11.0;51500.0
1997-03-13;11.0;12.13;11.0;11.88;90400.0
1997-03-14;12.13;13.0;11.75;13.0;78000.0
1997-03-17;12.75;13.38;12.5;13.25;83200.0
1997-03-18;13.13;13.5;12.88;12.88;24100.0
1997-03-19;11.88;13.0;11.75;12.88;128500.0
1997-03-20;12.5;13.0;12.25;12.5;166100.0
1997-03-21;12.5;12.75;12.25;12.38;71300.0
1997-03-24;12.38;12.75;12.38;12.5;132100.0
1997-03-25;12.38;12.56;12.38;12.5;39000.0
1997-03-26;12.25;12.5;12.25;12.25;18200.0
1997-03-27;12.0;12.25;11.75;12.0;55900.0
1997-03-31;12.0;12.0;11.31;11.63;188700.0
1997-04-01;11.63;12.13;11.63;11.63;14700.0
1997-04-02;11.5;11.88;11.5;11.75;53100.0
1997-04-03;12.0;12.0;11.75;11.75;13900.0
1997-04-04;11.75;11.88;11.5;11.63;89600.0
1997-04-07;11.63;11.63;11.5;11.5;12800.0
1997-04-08;11.13;11.63;11.13;11.25;127500.0
1997-04-09;11.25;11.5;11.0;11.0;48700.0
1997-04-10;11.0;11.25;10.75;11.0;171600.0
1997-04-11;11.13;11.13;10.88;10.88;77400.0
1997-04-14;11.13;11.13;10.88;11.0;30400.0
1997-04-15;11.0;11.13;10.88;11.13;52200.0
1997-04-16;11.25;11.5;11.13;11.13;616300.0
1997-04-17;11.13;11.63;11.13;11.38;12800.0
1997-04-18;11.75;11.88;11.75;11.75;25700.0
1997-04-21;11.88;12.0;11.88;12.0;10400.0
1997-04-22;11.88;12.13;11.88;11.88;10200.0
1997-04-23;12.13;12.5;11.88;12.13;18800.0
1997-04-24;12.13;12.13;11.88;12.0;17200.0
1997-04-25;11.75;12.13;11.25;12.13;101000.0
1997-04-28;11.88;11.94;11.88;11.88;3100.0
1997-04-29;12.25;12.5;11.88;12.5;19500.0
1997-04-30;12.25;12.75;12.25;12.5;4700.0
1997-05-01;12.5;12.5;12.0;12.0;29600.0
1997-05-02;12.0;12.25;12.0;12.13;33800.0
1997-05-05;12.5;14.25;12.0;13.75;116600.0
1997-05-06;13.5;15.0;13.38;14.5;136800.0
1997-05-07;14.5;15.13;14.5;14.75;47500.0
1997-05-08;14.63;14.88;14.63;14.63;5100.0
1997-05-09;14.63;14.63;14.38;14.38;109400.0
1997-05-12;14.75;14.75;14.38;14.38;34900.0
1997-05-13;14.25;14.38;13.75;13.75;25000.0
1997-05-14;14.0;14.13;13.75;14.13;6000.0
1997-05-15;13.75;14.13;13.75;14.13;6000.0
1997-05-16;14.13;14.13;13.75;14.0;65000.0
1997-05-19;14.13;14.13;13.75;13.88;91600.0
1997-05-20;13.75;14.0;13.75;13.94;14800.0
1997-05-21;13.5;13.63;12.88;13.0;90900.0
1997-05-22;12.88;13.13;12.88;13.13;23900.0
1997-05-23;12.88;13.25;12.88;13.13;12400.0
1997-05-27;13.38;14.13;12.88;13.75;37200.0
1997-05-28;13.63;14.75;13.63;14.5;67900.0
1997-05-29;14.5;15.75;14.25;15.63;71900.0
1997-05-30;15.0;16.25;14.25;16.25;98700.0
1997-06-02;16.25;16.94;16.0;16.88;71800.0
1997-06-03;16.63;18.5;16.63;17.88;175000.0
1997-06-04;17.5;18.5;16.0;16.5;255200.0
1997-06-05;16.5;16.75;16.0;16.38;199800.0
1997-06-06;16.38;16.88;16.13;16.5;57800.0
1997-06-09;16.38;16.5;15.75;15.75;15300.0
1997-06-10;15.25;15.75;15.25;15.63;19500.0
1997-06-11;15.63;15.63;15.25;15.5;23700.0
1997-06-12;15.25;15.63;15.25;15.38;26200.0
1997-06-13;14.88;15.13;14.75;15.13;21800.0
1997-06-16;14.88;14.88;14.13;14.5;71400.0
1997-06-17;14.13;14.25;13.25;14.0;107700.0
1997-06-18;13.88;14.38;13.88;14.25;53800.0
1997-06-19;14.38;14.5;14.13;14.25;44000.0
1997-06-20;14.13;15.0;14.0;14.75;115300.0
1997-06-23;14.5;14.75;14.5;14.75;2100.0
1997-06-24;15.0;15.0;14.25;14.5;30200.0
1997-06-25;13.88;14.38;13.63;14.0;119600.0
1997-06-26;13.88;14.13;13.69;14.0;36700.0
1997-06-27;13.75;14.0;13.75;13.88;52600.0
1997-06-30;13.63;14.0;13.63;14.0;27200.0
1997-07-01;13.63;14.0;13.63;13.88;3700.0
1997-07-02;14.0;14.38;13.88;14.25;17500.0
1997-07-03;14.38;14.38;14.0;14.0;59200.0
1997-07-07;14.25;14.25;14.0;14.19;271700.0
1997-07-08;14.19;14.25;14.13;14.25;92600.0
1997-07-09;14.0;14.0;14.0;14.0;27100.0
1997-07-10;14.0;14.06;14.0;14.06;78000.0
1997-07-11;14.25;14.62;14.25;14.38;21600.0
1997-07-14;14.31;14.31;14.0;14.13;83800.0
1997-07-15;14.5;14.5;14.5;14.5;10500.0
1997-07-16;14.25;14.25;14.25;14.25;13700.0
1997-07-17;14.25;14.44;14.25;14.25;27800.0
1997-07-18;15.0;15.25;14.38;14.88;68700.0
1997-07-21;15.63;15.63;14.88;15.13;50400.0
1997-07-22;15.13;15.25;15.13;15.25;17600.0
1997-07-23;15.13;15.13;15.13;15.13;63500.0
1997-07-24;15.13;15.38;15.0;15.25;46100.0
1997-07-25;15.13;16.25;15.06;16.25;67500.0
1997-07-28;16.0;16.38;15.75;15.88;16300.0
1997-07-29;15.75;15.75;15.62;15.62;5800.0
1997-07-30;16.0;16.0;15.63;15.63;4100.0
1997-07-31;15.63;16.0;15.5;15.75;20100.0
1997-08-01;16.0;16.0;15.5;15.63;29800.0
1997-08-04;15.5;15.63;15.38;15.5;2200.0
1997-08-05;15.88;16.38;15.5;16.13;25300.0
1997-08-06;16.5;16.5;16.0;16.25;14500.0
1997-08-07;16.0;16.0;15.13;16.0;97100.0
1997-08-08;15.88;17.5;15.75;17.0;145600.0
1997-08-11;17.13;17.63;16.25;16.88;89200.0
1997-08-12;16.5;17.25;16.5;16.5;28000.0
1997-08-13;16.5;17.0;16.5;16.5;800.0
1997-08-14;16.5;17.0;16.5;16.63;2800.0
1997-08-15;16.5;16.5;16.25;16.25;6600.0
1997-08-18;16.13;16.25;15.75;16.25;42100.0
1997-08-19;16.13;16.25;16.13;16.25;2500.0
1997-08-20;17.5;17.5;16.5;17.13;74700.0
1997-08-21;17.13;17.13;16.75;17.0;31900.0
1997-08-22;17.13;17.13;16.38;16.94;78500.0
1997-08-25;17.0;17.5;17.0;17.0;59800.0
1997-08-26;17.38;18.25;17.31;17.5;68000.0
1997-08-27;18.0;18.0;17.0;17.25;27200.0
1997-08-28;16.75;17.0;16.63;16.75;26600.0
1997-08-29;16.75;17.0;16.5;16.75;79600.0
1997-09-02;16.63;17.25;16.5;17.25;53500.0
1997-09-03;17.0;17.75;17.0;17.75;32700.0
1997-09-04;17.75;18.13;17.38;17.88;59300.0
1997-09-05;18.0;19.0;17.88;18.75;64400.0
1997-09-08;18.63;19.0;18.63;18.69;8100.0
1997-09-09;18.25;19.13;18.13;19.0;59900.0
1997-09-10;19.25;19.75;19.0;19.38;33000.0
1997-09-11;19.0;19.75;19.0;19.0;10900.0
1997-09-12;18.63;19.0;18.63;18.81;18200.0
1997-09-15;19.0;19.0;18.5;18.75;5400.0
1997-09-16;19.0;19.13;18.75;18.75;21300.0
1997-09-17;19.0;19.0;18.75;18.88;3900.0
1997-09-18;18.5;19.13;18.5;19.0;113000.0
1997-09-19;18.88;19.13;18.75;18.75;48000.0
1997-09-22;18.75;19.13;18.63;19.0;29100.0
1997-09-23;18.75;18.75;17.75;18.19;19600.0
1997-09-24;18.38;18.63;18.25;18.5;14200.0
1997-09-25;18.25;18.25;18.13;18.25;9800.0
1997-09-26;18.25;18.38;18.0;18.13;54400.0
1997-09-29;18.0;18.0;17.5;17.88;17200.0
1997-09-30;17.63;17.63;17.0;17.13;39300.0
1997-10-01;17.0;17.38;16.63;16.63;39900.0
1997-10-02;16.5;16.5;15.38;16.25;56200.0
1997-10-03;17.0;17.0;16.25;17.0;88400.0
1997-10-06;17.06;17.25;16.25;16.88;44200.0
1997-10-07;16.75;16.88;16.13;16.25;92300.0
1997-10-08;16.0;16.44;16.0;16.38;9700.0
1997-10-09;16.38;16.38;16.0;16.0;8700.0
1997-10-10;16.5;16.63;16.38;16.38;17400.0
1997-10-13;16.75;17.0;16.5;17.0;55300.0
1997-10-14;17.5;18.0;17.0;17.75;80400.0
1997-10-15;18.0;18.38;17.5;18.0;62600.0
1997-10-16;17.69;17.88;17.5;17.63;36200.0
1997-10-17;17.56;17.75;17.5;17.56;13300.0
1997-10-20;17.5;18.63;17.5;18.13;60000.0
1997-10-21;15.81;17.38;15.13;17.13;172200.0
1997-10-22;17.38;17.75;17.13;17.38;22000.0
1997-10-23;16.69;17.38;16.38;17.25;35700.0
1997-10-24;18.0;18.25;17.13;18.0;59000.0
1997-10-27;17.25;17.88;17.0;17.25;63100.0
1997-10-28;17.25;18.0;16.63;18.0;78900.0
1997-10-29;17.75;17.94;17.25;17.63;24800.0
1997-10-30;17.0;17.63;17.0;17.38;15500.0
1997-10-31;17.38;17.38;16.63;16.63;18900.0
1997-11-03;16.75;17.63;16.75;17.5;16200.0
1997-11-04;19.0;19.0;17.25;19.0;48700.0
1997-11-05;18.38;18.63;17.75;18.0;69600.0
1997-11-06;17.63;17.63;17.5;17.5;1200.0
1997-11-07;16.75;17.0;16.75;17.0;2900.0
1997-11-10;17.5;17.5;16.75;16.75;12100.0
1997-11-11;17.5;17.5;16.5;17.5;8000.0
1997-11-12;16.75;16.75;16.5;16.5;3500.0
1997-11-13;16.5;16.5;15.88;15.88;16400.0
1997-11-14;15.88;15.88;15.88;15.88;1200.0
1997-11-17;16.38;16.44;16.38;16.44;2000.0
1997-11-18;16.13;16.5;16.13;16.13;4500.0
1997-11-19;16.63;17.5;16.63;17.5;39600.0
1997-11-20;17.5;18.13;17.38;17.75;31900.0
1997-11-21;17.75;18.0;17.5;18.0;1900.0
1997-11-24;17.13;17.69;17.0;17.13;11600.0
1997-11-25;17.5;17.75;17.5;17.75;6500.0
1997-11-26;17.38;18.13;17.38;17.5;1900.0
1997-11-28;17.38;18.06;17.38;17.5;6000.0
1997-12-01;17.38;17.5;16.38;16.75;37500.0
1997-12-02;16.25;17.5;16.13;17.0;27300.0
1997-12-03;17.0;17.0;16.0;16.0;41600.0
1997-12-04;16.06;16.16;15.75;15.75;33300.0
1997-12-05;15.25;15.75;15.13;15.25;7100.0
1997-12-08;15.5;15.75;15.25;15.38;15100.0
1997-12-09;15.5;15.56;15.0;15.0;38000.0
1997-12-10;15.0;15.13;14.5;14.88;64300.0
1997-12-11;14.63;14.75;14.63;14.75;1500.0
1997-12-12;14.75;16.5;14.75;16.5;39900.0
1997-12-15;16.63;16.63;15.0;15.81;54100.0
1997-12-16;15.25;15.75;15.25;15.5;13700.0
1997-12-17;15.88;16.88;15.88;16.5;29800.0
1997-12-18;16.25;16.25;15.75;15.75;43700.0
1997-12-19;15.5;16.0;15.5;15.88;7800.0
1997-12-22;16.0;16.0;15.5;16.0;11200.0
1997-12-23;15.5;16.56;15.5;16.25;18600.0
1997-12-24;16.38;16.5;16.38;16.5;1000.0
1997-12-26;16.13;16.13;16.13;16.13;1300.0
1997-12-29;15.75;17.38;15.75;17.31;64000.0
1997-12-30;17.13;18.25;17.13;18.03;47700.0
1997-12-31;18.19;18.88;18.0;18.25;91300.0
1998-01-02;18.0;18.0;17.13;17.63;42700.0
1998-01-05;17.5;17.88;17.25;17.5;13500.0
1998-01-06;17.13;17.5;17.13;17.13;6500.0
1998-01-07;17.25;17.25;17.25;17.25;14900.0
1998-01-08;17.75;17.88;17.44;17.5;31500.0
1998-01-09;17.38;17.44;16.81;16.94;7000.0
1998-01-12;16.75;17.0;16.63;17.0;9500.0
1998-01-13;17.0;17.06;16.88;17.0;5100.0
1998-01-14;17.88;17.88;17.31;17.44;6700.0
1998-01-15;17.44;17.5;17.41;17.5;9700.0
1998-01-16;17.88;17.88;17.38;17.75;3300.0
1998-01-20;17.38;17.63;17.38;17.5;2000.0
1998-01-21;17.88;17.88;17.38;17.38;800.0
1998-01-22;17.38;17.38;15.25;15.31;52500.0
1998-01-23;15.13;16.13;15.13;15.75;8200.0
1998-01-26;15.88;16.25;15.88;16.25;66800.0
1998-01-27;15.75;16.63;15.75;16.13;7900.0
1998-01-28;16.0;17.13;16.0;17.13;12300.0
1998-01-29;16.75;17.5;16.75;17.13;5000.0
1998-01-30;17.0;17.13;16.75;17.0;8000.0
1998-02-02;17.0;17.5;16.63;17.5;51400.0
1998-02-03;17.25;17.25;17.0;17.25;4600.0
1998-02-04;17.13;17.13;17.13;17.13;6600.0
1998-02-05;16.88;17.0;16.88;17.0;500.0
1998-02-06;16.88;18.0;16.88;17.88;22100.0
1998-02-09;17.5;17.5;17.0;17.0;9700.0
1998-02-10;17.38;17.75;17.38;17.5;6000.0
1998-02-11;17.5;17.5;17.5;17.5;0.0
1998-02-12;17.5;17.5;17.0;17.0;200.0
1998-02-13;17.31;17.31;17.31;17.31;6400.0
1998-02-17;16.88;17.63;16.88;17.5;4700.0
1998-02-18;17.0;17.38;17.0;17.0;8000.0
1998-02-19;17.13;17.25;17.13;17.13;5400.0
1998-02-20;17.0;17.13;16.5;16.56;22900.0
1998-02-23;16.88;17.38;16.63;17.06;7100.0
1998-02-24;17.25;17.88;17.13;17.13;27600.0
1998-02-25;17.5;17.75;17.38;17.38;6700.0
1998-02-26;17.88;19.25;17.75;18.56;103400.0
1998-02-27;18.63;19.25;18.63;19.13;12400.0
1998-03-02;19.25;19.25;18.38;18.63;63300.0
1998-03-03;18.63;19.06;18.63;19.06;42200.0
1998-03-04;19.13;19.13;18.88;19.0;16000.0
1998-03-05;18.88;20.38;18.88;20.25;78500.0
1998-03-06;19.88;24.75;19.88;24.5;302900.0
1998-03-09;23.25;23.38;21.5;22.0;174800.0
1998-03-10;22.0;22.0;21.0;21.59;68400.0
1998-03-11;21.25;22.88;21.25;22.5;66600.0
1998-03-12;22.25;22.63;21.63;22.0;14400.0
1998-03-13;22.13;22.5;22.0;22.38;42100.0
1998-03-16;22.63;23.13;22.0;23.0;25700.0
1998-03-17;23.0;23.0;22.25;23.0;19700.0
1998-03-18;22.25;22.75;19.88;20.0;84200.0
1998-03-19;19.88;20.13;19.25;19.25;8600.0
1998-03-20;20.0;20.13;18.63;18.63;23000.0
1998-03-23;18.5;18.88;18.5;18.5;15200.0
1998-03-24;18.88;18.88;18.0;18.0;21900.0
1998-03-25;18.75;18.75;17.88;17.88;16100.0
1998-03-26;17.75;18.25;16.88;17.5;20200.0
1998-03-27;17.5;17.5;16.25;16.63;20500.0
1998-03-30;16.25;17.0;16.25;16.63;1800.0
1998-03-31;17.13;18.75;17.13;18.75;61100.0
1998-04-01;18.13;18.25;17.63;18.0;27900.0
1998-04-02;17.63;18.5;17.63;18.13;35500.0
1998-04-03;18.0;18.13;17.88;18.06;25900.0
1998-04-06;18.0;18.13;17.38;17.5;9900.0
1998-04-07;17.5;17.5;16.75;17.03;11700.0
1998-04-08;16.75;17.13;16.5;17.13;11200.0
1998-04-09;17.19;17.38;17.13;17.25;7700.0
1998-04-13;17.44;17.62;17.0;17.0;48900.0
1998-04-14;16.75;17.63;16.75;17.44;13700.0
1998-04-15;17.13;17.44;17.13;17.13;6000.0
1998-04-16;17.75;17.75;17.13;17.19;6100.0
1998-04-17;17.16;17.5;16.5;16.94;41700.0
1998-04-20;17.25;17.75;17.19;17.5;49600.0
1998-04-21;17.0;17.75;17.0;17.0;121800.0
1998-04-22;16.25;17.0;15.75;16.25;70600.0
1998-04-23;16.25;16.75;16.0;16.25;21500.0
1998-04-24;16.5;16.75;16.38;16.69;5400.0
1998-04-27;15.88;16.25;15.88;16.13;4600.0
1998-04-28;16.0;16.5;16.0;16.5;3000.0
1998-04-29;16.38;16.75;15.88;15.88;2900.0
1998-04-30;16.0;16.63;15.75;16.38;16100.0
1998-05-01;16.63;17.25;16.63;17.0;13700.0
1998-05-04;16.63;17.5;16.63;17.38;18500.0
1998-05-05;17.5;17.5;16.88;17.13;30600.0
1998-05-06;18.5;18.75;16.25;16.44;36600.0
1998-05-07;16.25;16.34;16.0;16.13;5300.0
1998-05-08;16.0;16.25;16.0;16.25;5300.0
1998-05-11;16.0;16.06;15.0;15.19;145100.0
1998-05-12;15.5;15.5;14.75;14.88;23000.0
1998-05-13;14.88;15.38;14.75;15.38;25400.0
1998-05-14;15.13;16.13;15.13;16.13;37400.0
1998-05-15;16.38;17.25;16.0;17.13;19700.0
1998-05-18;16.75;16.88;15.75;16.0;36800.0
1998-05-19;16.5;16.5;16.0;16.0;3900.0
1998-05-20;16.25;17.25;16.25;16.88;13500.0
1998-05-21;17.25;17.25;16.75;17.13;11300.0
1998-05-22;17.25;17.38;16.38;17.38;16600.0
1998-05-26;17.13;17.13;16.88;16.88;1300.0
1998-05-27;16.25;16.27;16.0;16.13;8200.0
1998-05-28;15.75;16.25;15.75;16.0;5000.0
1998-05-29;16.13;16.5;16.06;16.38;6100.0
1998-06-01;16.38;17.25;16.38;16.38;27800.0
1998-06-02;16.5;16.5;15.78;15.78;8600.0
1998-06-03;15.75;15.75;15.5;15.5;5700.0
1998-06-04;15.19;15.53;14.5;15.38;40300.0
1998-06-05;15.5;17.31;15.5;17.25;72700.0
1998-06-08;16.88;17.0;16.0;17.0;35900.0
1998-06-09;16.31;17.0;16.31;16.56;6000.0
1998-06-10;16.5;16.75;16.5;16.5;6300.0
1998-06-11;16.63;16.69;16.25;16.31;7400.0
1998-06-12;16.34;16.81;16.25;16.81;3600.0
1998-06-15;16.0;16.75;15.75;15.88;8200.0
1998-06-16;15.88;17.25;15.75;16.94;21300.0
1998-06-17;17.25;17.75;17.0;17.25;26500.0
1998-06-18;17.0;17.0;16.63;16.63;3500.0
1998-06-19;16.5;17.13;16.5;17.13;5000.0
1998-06-22;17.25;17.5;17.25;17.5;1600.0
1998-06-23;17.13;17.63;17.13;17.5;8000.0
1998-06-24;16.88;17.5;16.88;17.5;3600.0
1998-06-25;17.47;17.75;17.25;17.25;4600.0
1998-06-26;17.25;17.25;17.25;17.25;0.0
1998-06-29;17.0;17.88;17.0;17.88;400.0
1998-06-30;17.13;18.38;17.0;18.25;51000.0
1998-07-01;17.5;18.63;17.5;18.38;21700.0
1998-07-02;18.75;18.75;18.5;18.63;4600.0
1998-07-06;17.75;18.75;17.75;18.25;15600.0
1998-07-07;18.25;19.5;18.25;19.06;60100.0
1998-07-08;19.5;19.5;18.75;19.5;33900.0
1998-07-09;19.13;19.88;19.13;19.56;1800.0
1998-07-10;19.5;19.56;19.5;19.5;6700.0
1998-07-13;19.5;19.5;19.38;19.5;20800.0
1998-07-14;19.69;19.69;19.38;19.63;9700.0
1998-07-15;19.38;19.38;18.88;19.38;16800.0
1998-07-16;18.75;19.5;18.75;19.0;61700.0
1998-07-17;20.0;20.0;19.0;19.13;26200.0
1998-07-20;18.38;18.75;17.75;18.63;37300.0
1998-07-21;18.5;18.75;17.75;18.06;62100.0
1998-07-22;17.5;18.38;16.63;16.63;30200.0
1998-07-23;16.5;16.75;16.5;16.5;10200.0
1998-07-24;16.38;16.38;16.13;16.13;500.0
1998-07-27;17.0;17.0;15.75;16.25;13500.0
1998-07-28;15.75;16.25;15.75;15.81;1700.0
1998-07-29;15.63;16.25;15.63;15.75;4300.0
1998-07-30;16.25;17.75;16.25;17.5;67100.0
1998-07-31;17.5;17.75;16.5;16.75;18900.0
1998-08-03;16.69;17.0;16.38;17.0;27700.0
1998-08-04;16.63;16.63;16.0;16.0;52200.0
1998-08-05;15.88;16.13;15.75;15.75;26200.0
1998-08-06;15.63;15.88;15.63;15.75;26300.0
1998-08-07;15.75;16.84;15.75;16.0;13000.0
1998-08-10;16.0;16.0;16.0;16.0;100.0
1998-08-11;15.5;15.5;13.75;14.94;46400.0
1998-08-12;15.5;16.0;13.75;16.0;88600.0
1998-08-13;15.0;16.5;15.0;16.5;47800.0
1998-08-14;16.19;16.38;16.19;16.31;24100.0
1998-08-17;15.88;16.38;15.88;16.13;1500.0
1998-08-18;16.13;16.38;15.88;16.13;6400.0
1998-08-19;16.38;16.38;15.88;15.88;500.0
1998-08-20;16.38;16.38;15.81;15.81;5600.0
1998-08-21;15.56;15.69;15.0;15.0;7800.0
1998-08-24;15.5;15.5;15.5;15.5;100.0
1998-08-25;15.38;15.38;14.88;14.88;3700.0
1998-08-26;14.5;14.69;14.5;14.69;3100.0
1998-08-27;14.38;15.0;14.13;14.22;4400.0
1998-08-28;14.25;14.31;13.88;14.25;19900.0
1998-08-31;14.25;14.5;14.25;14.44;11100.0
1998-09-01;15.25;15.94;13.5;13.5;27200.0
1998-09-02;13.88;14.5;13.75;13.88;19900.0
1998-09-03;13.5;14.0;13.38;13.75;57600.0
1998-09-04;13.75;14.5;12.75;12.75;70200.0
1998-09-08;13.5;14.0;13.0;13.75;18900.0
1998-09-09;13.69;13.69;13.69;13.69;1700.0
1998-09-10;13.0;13.47;13.0;13.44;11600.0
1998-09-11;13.0;13.88;13.0;13.88;6000.0
1998-09-14;14.0;14.0;13.56;13.75;9400.0
1998-09-15;13.0;14.0;13.0;14.0;11900.0
1998-09-16;14.0;14.5;13.19;14.0;31300.0
1998-09-17;13.0;13.75;12.5;13.75;17800.0
1998-09-18;14.25;14.5;13.88;14.44;9200.0
1998-09-21;14.5;14.56;14.0;14.09;14400.0
1998-09-22;14.25;14.38;14.25;14.38;6400.0
1998-09-23;14.75;15.0;14.72;15.0;4100.0
1998-09-24;15.0;15.0;14.25;14.38;5500.0
1998-09-25;14.44;14.63;13.63;14.0;22300.0
1998-09-28;14.25;14.25;13.88;13.88;1700.0
1998-09-29;13.88;13.88;13.88;13.88;0.0
1998-09-30;13.69;14.75;13.69;14.0;7300.0
1998-10-01;14.0;14.0;13.25;13.25;15900.0
1998-10-02;13.63;14.5;13.5;13.5;73000.0
1998-10-05;13.25;13.25;13.25;13.25;2200.0
1998-10-06;13.25;14.0;13.25;13.25;1000.0
1998-10-07;13.63;13.63;13.0;13.63;3700.0
1998-10-08;13.0;13.0;12.25;13.0;5100.0
1998-10-09;12.63;12.63;11.5;12.06;74200.0
1998-10-12;12.75;13.0;11.5;12.75;2300.0
1998-10-13;12.0;12.25;11.0;11.0;26500.0
1998-10-14;11.88;11.88;11.56;11.78;3500.0
1998-10-15;11.56;12.0;11.38;11.63;39300.0
1998-10-16;11.25;11.56;11.0;11.56;46400.0
1998-10-19;11.13;11.69;11.13;11.53;14100.0
1998-10-20;11.63;11.75;11.5;11.56;285000.0
1998-10-21;11.25;11.75;11.25;11.63;93800.0
1998-10-22;11.5;11.75;11.25;11.5;82700.0
1998-10-23;11.38;11.5;11.25;11.5;6200.0
1998-10-26;11.5;11.75;11.25;11.75;18800.0
1998-10-27;11.56;11.63;11.38;11.56;195400.0
1998-10-28;11.75;12.0;11.75;12.0;800.0
1998-10-29;11.75;13.13;11.75;13.13;24100.0
1998-10-30;13.25;14.0;13.0;13.13;24300.0
1998-11-02;13.0;13.63;12.75;13.63;37200.0
1998-11-03;13.0;14.69;13.0;14.69;36900.0
1998-11-04;15.25;16.0;13.63;14.38;85900.0
1998-11-05;13.63;14.88;13.63;14.63;50400.0
1998-11-06;14.5;14.88;14.0;14.63;50800.0
1998-11-09;14.75;14.75;14.0;14.0;3800.0
1998-11-10;14.0;14.19;14.0;14.0;40100.0
1998-11-11;14.0;14.0;14.0;14.0;0.0
1998-11-12;14.0;14.0;12.75;13.13;25500.0
1998-11-13;13.31;13.75;12.88;13.75;4800.0
1998-11-16;13.0;13.25;13.0;13.25;3800.0
1998-11-17;13.0;13.25;12.94;13.0;29800.0
1998-11-18;12.94;13.06;11.56;12.0;110600.0
1998-11-19;12.63;13.5;11.75;12.5;90700.0
1998-11-20;12.75;13.38;12.75;13.19;414000.0
1998-11-23;13.38;14.94;13.25;14.56;509600.0
1998-11-24;15.0;15.0;14.13;14.25;185700.0
1998-11-25;14.25;14.38;13.75;14.12;30300.0
1998-11-27;14.13;14.13;13.63;14.13;148300.0
1998-11-30;14.13;14.25;13.88;14.13;105800.0
1998-12-01;14.0;15.0;13.75;14.75;82300.0
1998-12-02;16.0;17.5;15.88;16.0;192300.0
1998-12-03;16.5;16.56;16.0;16.25;63800.0
1998-12-04;16.5;16.5;14.75;16.13;323600.0
1998-12-07;15.63;16.0;15.25;15.25;20400.0
1998-12-08;15.75;16.0;15.25;16.0;8400.0
1998-12-09;16.0;16.13;15.56;15.81;6800.0
1998-12-10;15.81;15.81;14.63;14.63;35000.0
1998-12-11;15.0;15.13;14.75;15.13;5100.0
1998-12-14;15.0;15.06;14.5;14.5;11600.0
1998-12-15;14.88;15.25;14.75;15.25;190700.0
1998-12-16;15.25;15.25;14.88;15.0;286200.0
1998-12-17;15.25;15.25;14.75;15.0;79900.0
1998-12-18;15.13;15.25;14.88;15.25;33700.0
1998-12-21;15.5;15.5;14.88;15.13;21000.0
1998-12-22;15.25;15.25;14.88;15.25;21700.0
1998-12-23;14.75;15.88;14.75;15.75;18300.0
1998-12-24;15.75;16.0;14.75;16.0;20800.0
1998-12-28;15.75;16.06;15.5;15.97;7100.0
1998-12-29;15.5;16.13;15.5;16.13;7900.0
1998-12-30;16.13;16.13;15.5;15.88;24100.0
1998-12-31;15.88;17.5;15.5;16.88;66300.0
1999-01-04;16.5;17.44;16.0;16.0;43600.0
1999-01-05;15.94;16.75;15.94;16.75;35900.0
1999-01-06;16.63;16.88;16.31;16.31;176700.0
1999-01-07;16.13;16.5;16.13;16.38;107000.0
1999-01-08;17.5;18.0;17.0;17.25;211600.0
1999-01-11;17.25;17.38;16.75;16.75;47200.0
1999-01-12;16.75;17.5;16.75;17.13;50400.0
1999-01-13;16.5;17.5;16.38;17.19;42400.0
1999-01-14;17.06;17.06;16.88;16.88;6100.0
1999-01-15;17.5;17.5;17.0;17.38;7100.0
1999-01-19;17.5;17.5;16.75;16.75;18300.0
1999-01-20;16.75;17.25;16.75;16.75;86400.0
1999-01-21;16.75;17.13;16.25;16.25;92500.0
1999-01-22;16.0;17.0;16.0;16.38;15300.0
1999-01-25;16.75;16.75;16.31;16.69;9300.0
1999-01-26;16.38;16.5;16.38;16.5;6800.0
1999-01-27;16.38;17.0;16.0;16.13;81900.0
1999-01-28;16.13;16.13;16.13;16.13;7600.0
1999-01-29;16.13;16.63;16.0;16.31;31000.0
1999-02-01;16.25;16.75;16.25;16.44;21200.0
1999-02-02;16.25;16.38;15.88;16.0;78700.0
1999-02-03;15.75;15.88;15.75;15.81;34700.0
1999-02-04;15.75;16.0;15.5;15.5;55700.0
1999-02-05;15.5;15.5;15.25;15.31;26300.0
1999-02-08;15.31;15.38;14.38;14.5;20300.0
1999-02-09;14.75;14.75;14.25;14.25;17300.0
1999-02-10;14.13;14.19;14.13;14.19;700.0
1999-02-11;14.25;14.5;14.25;14.38;13100.0
1999-02-12;14.38;14.38;13.88;13.88;16100.0
1999-02-16;13.88;14.5;13.75;13.94;40600.0
1999-02-17;14.0;14.13;13.75;13.94;16700.0
1999-02-18;13.88;13.88;13.81;13.88;38500.0
1999-02-19;14.0;14.0;13.75;13.75;40000.0
1999-02-22;13.88;14.13;13.63;13.88;89800.0
1999-02-23;13.75;14.0;13.5;13.5;16300.0
1999-02-24;13.56;13.75;12.75;12.75;231300.0
1999-02-25;13.13;13.13;12.94;13.06;23100.0
1999-02-26;13.38;13.38;12.25;12.25;50600.0
1999-03-01;12.13;12.63;12.13;12.38;77500.0
1999-03-02;12.13;13.0;12.13;12.94;95000.0
1999-03-03;13.0;14.75;13.0;14.38;468900.0
1999-03-04;14.5;14.5;13.75;14.38;31100.0
1999-03-05;14.25;14.5;14.13;14.25;6500.0
1999-03-08;14.25;14.25;13.5;13.5;396000.0
1999-03-09;13.75;14.0;13.75;13.75;23900.0
1999-03-10;14.0;14.0;13.75;13.75;13600.0
1999-03-11;14.13;14.13;13.75;13.75;1900.0
1999-03-12;14.0;14.0;13.0;13.13;83000.0
1999-03-15;13.13;13.25;12.63;12.75;627800.0
1999-03-16;12.88;14.25;12.81;14.0;117000.0
1999-03-17;14.0;14.75;13.75;14.25;69200.0
1999-03-18;14.25;14.5;13.75;14.06;74200.0
1999-03-19;14.5;14.5;13.38;13.5;164000.0
1999-03-22;14.06;14.06;13.75;13.75;15400.0
1999-03-23;14.0;14.0;13.5;13.5;22800.0
1999-03-24;13.56;13.56;13.0;13.5;45600.0
1999-03-25;13.63;14.0;13.5;14.0;134900.0
1999-03-26;13.88;14.0;13.63;14.0;13200.0
1999-03-29;14.25;14.75;13.75;14.25;13700.0
1999-03-30;14.25;14.38;14.25;14.31;10900.0
1999-03-31;14.38;14.5;13.75;14.06;54800.0
1999-04-01;14.06;14.5;13.5;14.0;42400.0
1999-04-05;14.0;14.25;13.63;13.63;9700.0
1999-04-06;14.13;14.75;13.88;14.75;53500.0
1999-04-07;14.25;14.75;14.25;14.38;81200.0
1999-04-08;14.38;15.75;14.25;15.0;149000.0
1999-04-09;15.5;18.5;15.5;18.0;788800.0
1999-04-12;18.0;21.19;17.5;20.0;899100.0
1999-04-13;21.0;21.5;19.5;21.13;310000.0
1999-04-14;21.0;21.0;20.5;20.75;65800.0
1999-04-15;20.63;21.0;19.63;19.75;286600.0
1999-04-16;19.88;19.88;17.75;17.75;429800.0
1999-04-19;18.0;18.25;17.75;18.03;43000.0
1999-04-20;18.25;18.25;17.31;17.75;238900.0
1999-04-21;18.13;18.63;17.5;18.5;58400.0
1999-04-22;18.75;19.25;18.25;18.88;170100.0
1999-04-23;19.25;19.25;18.75;19.13;10900.0
1999-04-26;19.0;19.44;18.75;19.44;110700.0
1999-04-27;19.5;19.75;19.25;19.38;32500.0
1999-04-28;19.63;19.69;19.0;19.5;21500.0
1999-04-29;19.13;20.0;19.13;19.5;273700.0
1999-04-30;19.5;19.88;19.25;19.38;128700.0
1999-05-03;19.88;21.25;19.5;21.0;235400.0
1999-05-04;22.0;23.0;21.69;21.69;111900.0
1999-05-05;21.69;21.88;20.75;20.75;76300.0
1999-05-06;20.63;21.13;20.5;20.5;24700.0
1999-05-07;20.63;21.0;20.25;20.88;50900.0
1999-05-10;20.88;22.0;20.75;21.19;56400.0
1999-05-11;21.25;21.88;21.25;21.75;169800.0
1999-05-12;21.75;22.0;21.5;21.56;14900.0
1999-05-13;22.0;25.0;22.0;23.88;335900.0
1999-05-14;22.5;25.0;22.5;24.75;301400.0
1999-05-17;24.5;26.5;24.0;26.5;175900.0
1999-05-18;27.25;27.38;26.56;26.56;348100.0
1999-05-19;26.88;26.88;25.5;25.63;344700.0
1999-05-20;26.38;27.0;26.0;26.25;195800.0
1999-05-21;26.25;26.38;23.88;24.38;68800.0
1999-05-24;24.0;25.13;24.0;24.88;369500.0
1999-05-25;24.88;25.25;24.75;25.13;119200.0
1999-05-26;25.0;25.13;24.5;24.81;102500.0
1999-05-27;24.44;24.44;24.0;24.13;75500.0
1999-05-28;23.63;24.25;23.63;23.75;13900.0
1999-06-01;24.0;24.0;22.75;23.38;143500.0
1999-06-02;23.38;23.38;22.0;23.38;91500.0
1999-06-03;23.38;23.38;22.56;22.56;90600.0
1999-06-04;22.5;23.0;22.25;22.63;48800.0
1999-06-07;22.25;22.88;22.25;22.75;3800.0
1999-06-08;22.94;23.13;22.75;22.94;69700.0
1999-06-09;23.06;25.0;23.06;24.63;18300.0
1999-06-10;24.63;24.63;24.25;24.63;8100.0
1999-06-11;24.0;24.31;23.25;23.25;9800.0
1999-06-14;24.0;24.0;23.0;23.06;38200.0
1999-06-15;23.19;23.19;23.0;23.13;7400.0
1999-06-16;23.25;23.25;23.13;23.19;2200.0
1999-06-17;23.13;23.13;22.88;23.13;44500.0
1999-06-18;23.5;23.5;22.75;22.75;19300.0
1999-06-21;23.38;23.38;23.0;23.13;34400.0
1999-06-22;22.75;23.31;22.75;22.94;13900.0
1999-06-23;23.0;23.0;22.63;23.0;7900.0
1999-06-24;23.13;24.0;22.81;24.0;100400.0
1999-06-25;24.0;24.63;24.0;24.56;6900.0
1999-06-28;25.0;26.0;24.5;25.0;107800.0
1999-06-29;25.25;25.25;24.75;25.0;30600.0
1999-06-30;25.13;25.13;24.75;25.13;83400.0
1999-07-01;25.13;26.0;25.0;25.5;212600.0
1999-07-02;25.75;26.75;25.0;25.63;53700.0
1999-07-06;26.25;27.69;25.5;27.69;40200.0
1999-07-07;27.69;28.56;27.41;28.13;73400.0
1999-07-08;28.25;28.63;28.0;28.63;115100.0
1999-07-09;28.75;28.75;27.88;27.94;52000.0
1999-07-12;28.0;28.0;27.13;28.0;11400.0
1999-07-13;27.5;28.13;27.38;28.0;96000.0
1999-07-14;28.0;28.13;27.75;28.13;64500.0
1999-07-15;28.13;28.13;27.94;28.13;124300.0
1999-07-16;27.75;28.13;27.75;27.75;11100.0
1999-07-19;27.94;28.0;27.5;27.75;30100.0
1999-07-20;27.75;28.25;26.88;27.88;59800.0
1999-07-21;28.06;28.13;27.94;27.94;1900.0
1999-07-22;27.75;28.06;27.75;28.0;109600.0
1999-07-23;27.75;27.88;27.75;27.88;4100.0
1999-07-26;28.0;28.0;26.88;27.25;591000.0
1999-07-27;27.0;27.25;26.25;26.25;26300.0
1999-07-28;26.0;26.38;23.0;24.38;157600.0
1999-07-29;23.81;24.38;23.75;24.0;45400.0
1999-07-30;24.38;25.5;24.13;25.25;44400.0
1999-08-02;25.38;26.44;25.0;26.25;8000.0
1999-08-03;26.16;26.44;25.5;25.75;108500.0
1999-08-04;26.0;26.0;24.25;24.38;57000.0
1999-08-05;24.25;24.63;24.0;24.5;210900.0
1999-08-06;24.5;24.63;24.25;24.63;172800.0
1999-08-09;24.5;25.0;24.31;24.56;142700.0
1999-08-10;24.38;24.38;22.38;22.88;110000.0
1999-08-11;22.88;23.78;22.25;23.38;281400.0
1999-08-12;23.5;24.44;23.44;23.75;16000.0
1999-08-13;23.75;24.75;23.75;24.75;20300.0
1999-08-16;24.75;24.75;23.38;23.88;183300.0
1999-08-17;23.5;23.88;23.5;23.88;92400.0
1999-08-18;23.75;23.88;23.69;23.75;22200.0
1999-08-19;24.38;25.75;24.0;25.63;350400.0
1999-08-20;26.06;29.5;26.0;28.06;327400.0
1999-08-23;28.38;29.63;28.0;29.13;268700.0
1999-08-24;29.13;29.13;28.63;28.88;420100.0
1999-08-25;29.69;29.72;27.63;28.13;73600.0
1999-08-26;28.38;28.38;27.75;27.94;37300.0
1999-08-27;28.0;28.0;27.5;27.88;49600.0
1999-08-30;27.88;29.25;27.88;28.69;85100.0
1999-08-31;28.5;28.88;28.25;28.56;18500.0
1999-09-01;28.56;29.0;28.5;28.88;23000.0
1999-09-02;28.56;30.0;28.56;29.5;21900.0
1999-09-03;29.56;30.13;29.5;30.0;54500.0
1999-09-07;30.0;31.06;30.0;30.25;116500.0
1999-09-08;30.06;30.13;29.0;29.0;29000.0
1999-09-09;29.44;29.44;28.5;28.88;5500.0
1999-09-10;29.06;29.25;29.0;29.0;23000.0
1999-09-13;28.75;28.75;28.13;28.38;108000.0
1999-09-14;27.66;27.75;26.63;27.13;14700.0
1999-09-15;27.56;27.63;26.63;26.69;26800.0
1999-09-16;26.63;26.69;25.63;25.84;19100.0
1999-09-17;25.69;26.25;25.44;25.5;8300.0
1999-09-20;26.25;26.25;25.94;26.25;900.0
1999-09-21;26.25;26.25;25.25;25.5;52400.0
1999-09-22;25.25;25.38;19.38;19.38;756600.0
1999-09-23;20.0;22.0;19.38;21.06;544900.0
1999-09-24;20.75;21.75;20.75;21.31;37000.0
1999-09-27;21.38;21.88;21.38;21.63;28000.0
1999-09-28;21.63;21.81;21.19;21.81;35700.0
1999-09-29;22.0;22.13;21.38;22.0;73700.0
1999-09-30;22.0;22.5;22.0;22.13;55500.0
1999-10-01;22.31;22.31;21.88;22.13;68200.0
1999-10-04;22.19;22.19;21.25;21.75;66200.0
1999-10-05;21.81;23.94;21.81;23.75;105600.0
1999-10-06;23.66;23.66;23.0;23.5;7400.0
1999-10-07;23.5;23.5;21.0;21.25;237600.0
1999-10-08;21.25;21.69;21.06;21.44;18600.0
1999-10-11;21.38;21.69;21.25;21.69;17300.0
1999-10-12;21.47;21.56;21.44;21.5;60500.0
1999-10-13;21.25;21.5;19.25;19.75;144300.0
1999-10-14;19.56;20.63;19.56;20.63;38000.0
1999-10-15;20.31;20.38;19.88;19.88;46900.0
1999-10-18;20.19;20.25;17.25;17.38;92100.0
1999-10-19;17.5;17.75;16.5;16.5;154400.0
1999-10-20;16.75;17.13;16.5;17.06;22200.0
1999-10-21;17.06;17.13;16.31;16.5;163300.0
1999-10-22;16.47;16.75;16.13;16.5;350500.0
1999-10-25;16.41;17.38;16.25;17.25;154000.0
1999-10-26;17.44;19.31;17.44;18.69;159500.0
1999-10-27;18.91;19.88;18.91;19.88;28300.0
1999-10-28;20.0;20.13;19.5;19.94;11200.0
1999-10-29;20.0;22.25;19.88;22.0;80600.0
1999-11-01;22.0;22.81;22.0;22.56;49500.0
1999-11-02;22.38;23.0;22.0;23.0;17100.0
1999-11-03;22.88;23.44;21.88;21.88;14600.0
1999-11-04;22.0;22.0;21.56;21.69;7100.0
1999-11-05;21.66;22.25;21.63;21.69;7400.0
1999-11-08;21.81;21.88;21.63;21.88;4900.0
1999-11-09;21.88;21.88;20.13;20.5;47900.0
1999-11-10;20.69;21.38;20.5;21.13;150700.0
1999-11-11;21.09;21.63;21.06;21.5;22600.0
1999-11-12;21.63;21.75;20.75;21.13;16300.0
1999-11-15;21.0;21.38;21.0;21.25;6900.0
1999-11-16;21.5;21.5;21.0;21.31;18800.0
1999-11-17;21.56;21.56;21.31;21.56;87400.0
1999-11-18;22.06;22.88;22.0;22.0;36500.0
1999-11-19;22.06;22.75;22.06;22.75;58900.0
1999-11-22;22.56;22.75;20.94;20.94;38500.0
1999-11-23;21.13;21.13;20.38;20.69;46300.0
1999-11-24;20.75;20.75;19.19;20.06;58900.0
1999-11-26;20.0;20.5;20.0;20.0;24000.0
1999-11-29;20.25;20.75;20.13;20.63;108700.0
1999-11-30;20.63;20.69;19.63;19.75;11400.0
1999-12-01;20.31;20.5;20.16;20.25;17300.0
1999-12-02;20.38;20.5;20.0;20.0;45900.0
1999-12-03;19.94;21.25;19.94;21.13;242900.0
1999-12-06;21.38;23.44;21.34;23.25;119300.0
1999-12-07;23.25;24.38;23.13;24.25;129500.0
1999-12-08;24.38;24.81;24.13;24.81;19800.0
1999-12-09;24.75;24.81;22.5;22.63;18100.0
1999-12-10;22.88;23.31;22.13;22.19;5600.0
1999-12-13;22.06;24.75;22.06;24.25;96800.0
1999-12-14;23.13;23.25;21.25;21.25;91300.0
1999-12-15;21.44;21.75;20.75;21.31;21000.0
1999-12-16;21.44;21.44;21.0;21.06;7100.0
1999-12-17;21.5;21.88;20.0;20.5;42100.0
1999-12-20;20.56;20.75;19.0;20.5;157200.0
1999-12-21;20.47;22.75;20.47;22.38;82900.0
1999-12-22;22.56;24.5;22.56;24.31;85000.0
1999-12-23;24.06;24.63;23.63;24.13;12000.0
1999-12-27;24.38;25.13;24.31;25.13;17800.0
1999-12-28;25.13;27.56;25.13;27.0;38200.0
1999-12-29;26.13;27.38;26.0;26.64;25400.0
1999-12-30;27.19;28.5;27.19;28.0;32200.0
1999-12-31;28.0;29.63;28.0;29.13;37800.0
2000-01-03;27.5;27.5;27.5;27.5;269500.0
2000-01-04;27.13;27.5;26.0;26.0;50100.0
2000-01-05;25.75;25.88;23.5;23.63;74600.0
2000-01-06;20.0;20.38;14.0;14.38;2538700.0
2000-01-07;14.69;14.75;12.88;13.13;1089200.0
2000-01-10;13.13;14.0;12.88;13.44;570600.0
2000-01-11;13.5;13.5;12.81;12.88;320600.0
2000-01-12;13.13;13.69;12.94;13.25;194400.0
2000-01-13;13.5;13.63;13.31;13.63;136900.0
2000-01-14;13.88;14.75;13.63;14.45;170600.0
2000-01-18;14.06;14.38;13.56;13.88;159600.0
2000-01-19;13.75;14.13;13.75;14.13;289300.0
2000-01-20;14.13;14.25;14.0;14.13;392600.0
2000-01-21;14.25;14.25;14.06;14.19;34500.0
2000-01-24;14.19;14.5;13.63;13.69;389700.0
2000-01-25;13.75;14.0;13.63;13.63;24400.0
2000-01-26;13.75;13.88;13.63;13.63;22100.0
2000-01-27;13.69;13.81;13.63;13.69;67200.0
2000-01-28;13.88;13.88;13.25;13.44;51900.0
2000-01-31;13.5;13.5;13.25;13.5;41000.0
2000-02-01;13.38;14.0;13.25;13.94;332300.0
2000-02-02;13.88;13.94;13.63;13.69;176100.0
2000-02-03;14.06;14.44;13.88;14.0;112000.0
2000-02-04;14.19;14.38;13.88;13.88;42600.0
2000-02-07;14.06;14.44;14.0;14.44;113200.0
2000-02-08;14.5;14.88;14.19;14.75;60100.0
2000-02-09;14.78;14.81;14.5;14.5;207900.0
2000-02-10;14.63;14.63;14.38;14.38;89500.0
2000-02-11;14.38;14.38;13.88;14.0;19700.0
2000-02-14;13.88;13.88;13.44;13.5;156300.0
2000-02-15;13.75;13.75;13.25;13.44;68300.0
2000-02-16;13.25;13.31;12.63;12.75;39900.0
2000-02-17;12.56;13.0;11.88;12.06;79100.0
2000-02-18;12.06;12.06;11.69;11.88;145000.0
2000-02-22;11.88;11.88;11.69;11.88;43400.0
2000-02-23;11.53;12.0;11.53;11.75;20000.0
2000-02-24;11.78;11.81;11.63;11.75;22700.0
2000-02-25;11.63;11.75;11.63;11.75;21400.0
2000-02-28;11.69;11.88;11.63;11.88;105100.0
2000-02-29;11.84;11.88;11.19;11.56;186200.0
2000-03-01;11.47;12.94;11.47;12.75;32900.0
2000-03-02;12.75;13.38;12.13;12.75;34000.0
2000-03-03;12.75;12.88;12.38;12.56;27200.0
2000-03-06;12.47;12.5;11.94;12.25;58500.0
2000-03-07;12.38;12.38;11.88;12.0;27300.0
2000-03-08;11.94;12.13;11.94;12.13;36900.0
2000-03-09;12.06;12.38;12.0;12.38;17500.0
2000-03-10;12.31;12.38;12.06;12.25;10600.0
2000-03-13;12.13;12.56;12.13;12.31;10900.0
2000-03-14;12.38;12.38;12.19;12.38;16700.0
2000-03-15;12.88;12.94;12.19;12.31;102100.0
2000-03-16;12.38;13.13;12.13;13.0;154800.0
2000-03-17;12.81;13.38;12.56;12.81;94900.0
2000-03-20;12.75;12.75;12.44;12.44;18400.0
2000-03-21;12.81;12.88;12.44;12.88;13200.0
2000-03-22;12.94;13.0;12.75;12.75;29700.0
2000-03-23;12.75;14.0;12.75;14.0;283500.0
2000-03-24;14.38;14.56;13.75;14.25;39100.0
2000-03-27;14.81;14.88;14.0;14.38;70100.0
2000-03-28;14.25;14.38;14.13;14.38;26700.0
2000-03-29;14.25;15.06;14.19;14.94;46200.0
2000-03-30;14.94;15.0;14.5;14.75;75700.0
2000-03-31;14.75;15.13;14.75;14.75;111300.0
2000-04-03;14.69;14.88;14.38;14.38;16700.0
2000-04-04;14.38;14.44;13.63;13.86;35000.0
2000-04-05;13.88;14.0;13.31;13.31;16700.0
2000-04-06;13.31;13.63;13.31;13.5;6100.0
2000-04-07;13.63;13.63;13.5;13.63;31600.0
2000-04-10;13.66;14.13;13.66;14.06;12000.0
2000-04-11;14.0;14.25;13.5;14.25;9700.0
2000-04-12;14.38;14.38;13.38;13.88;19000.0
2000-04-13;13.88;13.88;13.25;13.38;10700.0
2000-04-14;13.38;13.38;13.0;13.0;21700.0
2000-04-17;12.63;12.88;12.13;12.63;99200.0
2000-04-18;12.63;12.75;12.38;12.69;32800.0
2000-04-19;13.0;13.0;12.13;12.19;11400.0
2000-04-20;12.88;12.88;12.19;12.5;2800.0
2000-04-24;12.75;13.13;12.38;12.5;35000.0
2000-04-25;12.63;13.25;12.56;12.63;148200.0
2000-04-26;12.31;12.31;11.06;11.25;92000.0
2000-04-27;11.38;11.38;11.06;11.31;59500.0
2000-04-28;11.13;11.31;10.25;10.75;152100.0
2000-05-01;10.75;10.75;10.25;10.44;250600.0
2000-05-02;10.69;11.19;10.56;11.0;69700.0
2000-05-03;11.25;11.25;10.69;10.69;105000.0
2000-05-04;10.84;11.13;10.5;11.13;20700.0
2000-05-05;10.81;11.25;10.81;11.13;42700.0
2000-05-08;11.13;11.13;10.75;11.0;25700.0
2000-05-09;11.13;11.13;10.75;10.75;11500.0
2000-05-10;10.78;10.81;10.5;10.5;171600.0
2000-05-11;10.63;10.69;10.19;10.69;12100.0
2000-05-12;10.38;10.69;10.38;10.69;25500.0
2000-05-15;10.41;10.94;10.38;10.38;39500.0
2000-05-16;10.84;10.88;10.63;10.63;30400.0
2000-05-17;10.5;10.5;9.875;10.13;76800.0
2000-05-18;10.11;10.25;10.0;10.13;145500.0
2000-05-19;10.06;10.13;9.938;10.06;116300.0
2000-05-22;9.875;10.0;9.688;9.875;80100.0
2000-05-23;9.813;10.0;9.688;9.875;60000.0
2000-05-24;9.813;9.875;9.75;9.875;75100.0
2000-05-25;9.875;10.11;9.5;9.5;23100.0
2000-05-26;9.625;9.875;9.563;9.75;49400.0
2000-05-30;9.625;9.75;9.5;9.5;14400.0
2000-05-31;9.375;9.563;9.375;9.438;29100.0
2000-06-01;9.469;9.625;9.0;9.516;105200.0
2000-06-02;9.563;9.813;9.563;9.813;58800.0
2000-06-05;9.813;10.5;9.75;10.5;50800.0
2000-06-06;10.25;11.5;10.25;11.44;57200.0
2000-06-07;11.38;12.48;11.38;11.81;124200.0
2000-06-08;11.97;11.97;11.0;11.06;53700.0
2000-06-09;11.19;11.25;10.75;10.81;171000.0
2000-06-12;10.88;10.88;9.875;9.938;51000.0
2000-06-13;9.875;9.875;9.625;9.656;2900.0
2000-06-14;9.625;10.0;9.625;9.875;49100.0
2000-06-15;9.875;10.06;9.875;10.0;123100.0
2000-06-16;10.06;10.13;9.75;10.0;71000.0
2000-06-19;9.625;10.13;9.625;10.06;117000.0
2000-06-20;9.938;10.13;9.938;10.06;50300.0
2000-06-21;10.13;10.13;9.688;9.688;13300.0
2000-06-22;9.625;9.625;8.625;8.844;239400.0
2000-06-23;8.844;8.906;8.813;8.875;73500.0
2000-06-26;8.844;8.875;8.813;8.813;111700.0
2000-06-27;8.75;9.125;8.75;8.875;99100.0
2000-06-28;9.125;9.125;9.063;9.125;144700.0
2000-06-29;9.125;9.125;8.938;9.0;82800.0
2000-06-30;8.844;9.0;8.563;8.813;475500.0
2000-07-03;9.0;10.13;8.813;10.13;75500.0
2000-07-05;10.06;10.13;9.5;9.5;23200.0
2000-07-06;9.75;10.13;9.5;10.13;33500.0
2000-07-07;10.06;10.38;10.0;10.0;183800.0
2000-07-10;10.13;10.13;10.0;10.13;23500.0
2000-07-11;10.13;10.19;10.0;10.0;28400.0
2000-07-12;10.0;10.06;9.969;10.0;19600.0
2000-07-13;10.13;10.25;10.0;10.19;10100.0
2000-07-14;10.19;11.44;10.19;11.44;39300.0
2000-07-17;11.34;11.34;10.88;11.0;26100.0
2000-07-18;10.75;11.19;10.75;10.81;17700.0
2000-07-19;10.75;11.13;10.63;10.75;42900.0
2000-07-20;10.63;10.88;10.13;10.19;46100.0
2000-07-21;10.5;10.81;10.25;10.81;11500.0
2000-07-24;10.81;10.81;10.13;10.63;11900.0
2000-07-25;10.81;11.31;10.63;10.63;14000.0
2000-07-26;10.75;10.75;10.56;10.69;22400.0
2000-07-27;10.69;11.19;10.5;10.81;22900.0
2000-07-28;10.22;10.75;10.22;10.5;13500.0
2000-07-31;10.63;11.25;10.31;10.75;112300.0
2000-08-01;10.75;10.88;10.63;10.88;70100.0
2000-08-02;11.0;11.0;10.69;10.75;3000.0
2000-08-03;9.75;10.0;9.625;9.625;361300.0
2000-08-04;9.625;9.75;8.563;8.75;297000.0
2000-08-07;9.0;9.125;8.563;8.875;67300.0
2000-08-08;9.0;9.063;8.875;8.938;116300.0
2000-08-09;8.875;9.0;8.875;8.938;59100.0
2000-08-10;8.875;8.875;8.875;8.875;7900.0
2000-08-11;8.938;9.125;8.875;9.125;41700.0
2000-08-14;9.125;9.125;9.0;9.063;6100.0
2000-08-15;9.063;9.563;9.031;9.484;17100.0
2000-08-16;9.375;9.375;9.375;9.375;21700.0
2000-08-17;9.438;9.625;9.375;9.375;95900.0
2000-08-18;9.375;9.5;9.125;9.313;28900.0
2000-08-21;9.438;9.438;9.125;9.25;55800.0
2000-08-22;9.25;9.25;9.0;9.25;172700.0
2000-08-23;9.063;9.313;9.063;9.25;22100.0
2000-08-24;9.25;9.313;9.125;9.25;27600.0
2000-08-25;9.125;9.25;9.0;9.0;102000.0
2000-08-28;9.031;9.063;8.25;8.5;96500.0
2000-08-29;8.438;8.688;8.313;8.406;38200.0
2000-08-30;8.563;8.688;8.563;8.563;54300.0
2000-08-31;8.563;8.688;8.563;8.563;141700.0
2000-09-01;8.563;8.625;8.313;8.5;27100.0
2000-09-05;8.531;8.531;8.313;8.438;54800.0
2000-09-06;8.625;8.688;8.5;8.5;82300.0
2000-09-07;8.531;8.813;8.375;8.75;65600.0
2000-09-08;8.594;8.75;8.563;8.688;40100.0
2000-09-11;8.781;9.5;8.75;9.5;212500.0
2000-09-12;9.469;9.5;9.375;9.5;51600.0
2000-09-13;9.469;9.844;9.188;9.813;69000.0
2000-09-14;9.391;10.0;9.375;10.0;42000.0
2000-09-15;9.938;11.0;9.875;10.69;89400.0
2000-09-18;11.0;11.0;10.5;10.63;81700.0
2000-09-19;10.56;10.69;10.31;10.38;37300.0
2000-09-20;10.41;10.44;10.38;10.38;31100.0
2000-09-21;10.44;10.44;10.25;10.44;38900.0
2000-09-22;10.41;10.56;10.38;10.44;27900.0
2000-09-25;10.59;10.63;10.5;10.5;18600.0
2000-09-26;10.5;10.69;10.19;10.69;22400.0
2000-09-27;10.63;10.69;10.25;10.38;20800.0
2000-09-28;10.38;10.63;10.38;10.44;13900.0
2000-09-29;10.31;10.44;10.25;10.38;217900.0
2000-10-02;10.38;10.38;10.12;10.12;9000.0
2000-10-03;10.19;10.19;10.13;10.13;7800.0
2000-10-04;10.08;10.25;10.0;10.06;23500.0
2000-10-05;10.13;10.25;10.0;10.0;15100.0
2000-10-06;10.0;10.0;9.813;9.875;22100.0
2000-10-09;9.875;9.875;8.938;9.375;133000.0
2000-10-10;9.125;9.5;9.125;9.313;76900.0
2000-10-11;9.25;9.438;8.875;9.063;144400.0
2000-10-12;9.047;9.063;8.563;8.813;45600.0
2000-10-13;8.781;9.25;8.688;8.875;61000.0
2000-10-16;8.813;9.25;8.625;8.625;33500.0
2000-10-17;8.75;8.75;8.563;8.656;43700.0
2000-10-18;8.594;8.625;8.5;8.5;45800.0
2000-10-19;8.5;8.5;8.063;8.125;9500.0
2000-10-20;8.188;8.375;7.75;8.0;27400.0
2000-10-23;8.125;8.375;7.75;7.938;16400.0
2000-10-24;7.969;8.0;7.813;8.0;9900.0
2000-10-25;8.0;8.0;7.625;7.625;23800.0
2000-10-26;7.734;8.0;7.734;7.75;12600.0
2000-10-27;8.0;8.0;7.5;7.875;35700.0
2000-10-30;7.75;8.25;7.75;8.125;76000.0
2000-10-31;8.125;9.25;8.0;8.813;114300.0
2000-11-01;8.688;9.0;8.625;9.0;61300.0
2000-11-02;8.875;9.125;8.813;8.875;150600.0
2000-11-03;8.359;8.813;8.125;8.25;67900.0
2000-11-06;8.375;8.375;8.0;8.063;27700.0
2000-11-07;8.188;8.188;7.813;8.031;27700.0
2000-11-08;8.125;8.188;7.875;7.938;5200.0
2000-11-09;8.063;8.063;7.563;8.0;17800.0
2000-11-10;8.0;8.0;7.938;7.969;10100.0
2000-11-13;8.0;8.063;7.938;8.0;10800.0
2000-11-14;8.0;8.125;8.0;8.063;21000.0
2000-11-15;8.125;8.125;8.094;8.125;1500.0
2000-11-16;7.938;8.25;7.875;7.875;74300.0
2000-11-17;8.0;8.125;7.875;8.125;29500.0
2000-11-20;8.109;8.25;8.0;8.0;11800.0
2000-11-21;7.891;8.063;7.875;7.906;10600.0
2000-11-22;7.875;7.938;7.688;7.75;83700.0
2000-11-24;7.875;8.0;7.75;8.0;3800.0
2000-11-27;8.0;8.125;7.875;8.0;55400.0
2000-11-28;8.031;8.25;7.938;8.063;41800.0
2000-11-29;8.094;8.188;7.875;8.063;238000.0
2000-11-30;8.0;8.063;7.688;8.0;36400.0
2000-12-01;8.031;8.063;7.875;8.0;17400.0
2000-12-04;7.984;8.0;7.688;8.0;43400.0
2000-12-05;7.719;8.063;7.719;8.0;13700.0
2000-12-06;7.984;8.063;7.813;7.813;17500.0
2000-12-07;8.0;8.0;7.813;8.0;4400.0
2000-12-08;7.703;8.0;7.688;7.969;3400.0
2000-12-11;7.938;8.063;7.813;7.813;15900.0
2000-12-12;8.0;8.063;7.813;7.813;14100.0
2000-12-13;8.063;8.063;7.688;7.688;28100.0
2000-12-14;7.781;7.875;7.688;7.688;20900.0
2000-12-15;7.688;7.813;6.438;7.031;78900.0
2000-12-18;7.0;7.188;6.875;6.938;157400.0
2000-12-19;7.0;8.063;6.938;7.625;159600.0
2000-12-20;7.781;8.125;7.625;8.0;33900.0
2000-12-21;8.0;8.313;7.938;7.938;54200.0
2000-12-22;7.875;7.938;7.563;7.938;48500.0
2000-12-26;7.56;8.06;7.56;7.88;58700.0
2000-12-27;8.063;8.25;7.75;8.063;192000.0
2000-12-28;8.219;8.438;8.125;8.438;241200.0
2000-12-29;8.438;8.438;7.625;7.938;189900.0
2001-01-02;7.625;8.125;7.625;8.125;55100.0
2001-01-03;8.0;8.313;8.0;8.25;39300.0
2001-01-04;8.25;8.25;8.0;8.063;35400.0
2001-01-05;8.188;8.375;8.125;8.313;116900.0
2001-01-08;8.375;8.438;8.25;8.375;32700.0
2001-01-09;8.375;8.375;8.25;8.375;41300.0
2001-01-10;8.313;8.438;8.125;8.188;66800.0
2001-01-11;8.125;8.313;8.125;8.188;42500.0
2001-01-12;8.313;8.313;8.063;8.313;20000.0
2001-01-16;8.313;9.063;8.281;8.875;683400.0
2001-01-17;9.219;9.375;8.813;9.0;536000.0
2001-01-18;9.125;9.75;9.0;9.313;189400.0
2001-01-19;9.359;9.375;8.875;9.188;18700.0
2001-01-22;9.125;9.75;9.0;9.438;81100.0
2001-01-23;9.063;9.5;8.75;8.969;86000.0
2001-01-24;8.703;9.0;8.0;9.0;95100.0
2001-01-25;9.063;9.125;8.625;8.625;28400.0
2001-01-26;8.516;8.875;8.5;8.875;36400.0
2001-01-29;8.875;8.938;8.625;8.875;25600.0
2001-01-30;8.875;8.875;8.75;8.875;14500.0
2001-01-31;8.625;9.0;8.563;8.875;26900.0
2001-02-01;8.516;9.875;8.516;9.875;367400.0
2001-02-02;10.06;10.06;9.313;9.531;49200.0
2001-02-05;9.375;9.938;9.375;9.875;42500.0
2001-02-06;10.25;11.19;10.19;11.06;140600.0
2001-02-07;11.02;11.06;10.56;10.81;52400.0
2001-02-08;11.13;11.13;10.38;10.69;45000.0
2001-02-09;10.44;10.56;10.19;10.44;45700.0
2001-02-12;10.27;10.38;9.688;10.31;52000.0
2001-02-13;10.02;10.56;9.813;10.56;63700.0
2001-02-14;10.31;10.56;10.25;10.56;33600.0
2001-02-15;10.31;11.81;10.31;11.5;179500.0
2001-02-16;11.25;12.06;11.25;12.06;61200.0
2001-02-20;12.0;12.56;12.0;12.56;51300.0
2001-02-21;12.48;12.5;11.75;12.0;78400.0
2001-02-22;11.89;11.94;11.5;11.75;67500.0
2001-02-23;11.38;11.44;11.06;11.19;67300.0
2001-02-26;11.06;11.25;11.06;11.06;6500.0
2001-02-27;10.95;11.19;10.63;11.13;23800.0
2001-02-28;11.31;11.31;10.88;11.19;12600.0
2001-03-01;11.25;11.69;11.13;11.5;31000.0
2001-03-02;11.38;11.5;11.06;11.13;12000.0
2001-03-05;11.23;11.44;10.38;10.38;19700.0
2001-03-06;10.17;11.38;10.13;11.19;112000.0
2001-03-07;11.25;11.69;11.25;11.69;83000.0
2001-03-08;11.75;11.75;11.25;11.56;60000.0
2001-03-09;11.31;11.63;11.25;11.63;127300.0
2001-03-12;11.5;12.0;11.13;12.0;296400.0
2001-03-13;11.94;11.94;11.38;11.56;112900.0
2001-03-14;11.25;11.56;11.13;11.19;6300.0
2001-03-15;11.19;11.63;11.06;11.31;173500.0
2001-03-16;11.22;11.38;11.19;11.31;39200.0
2001-03-19;11.25;11.44;11.25;11.44;11200.0
2001-03-20;11.27;11.63;11.27;11.44;16700.0
2001-03-21;11.06;11.5;11.0;11.44;14700.0
2001-03-22;11.06;11.31;10.63;11.31;41500.0
2001-03-23;10.94;11.25;10.69;10.88;36900.0
2001-03-26;10.86;11.0;10.75;10.75;6500.0
2001-03-27;10.94;10.94;10.63;10.63;30100.0
2001-03-28;10.58;10.63;10.56;10.63;4800.0
2001-03-29;10.58;10.58;10.31;10.44;27400.0
2001-03-30;10.45;10.75;10.38;10.69;52500.0
2001-04-02;10.56;10.69;10.44;10.63;15600.0
2001-04-03;10.63;10.63;10.38;10.44;36500.0
2001-04-04;10.31;10.56;9.875;10.38;46100.0
2001-04-05;9.828;10.56;9.828;10.44;46200.0
2001-04-06;10.5;10.69;10.38;10.63;14400.0
2001-04-09;10.38;10.6;10.0;10.6;18400.0
2001-04-10;10.45;10.68;10.45;10.65;76000.0
2001-04-11;10.64;10.72;10.64;10.71;6400.0
2001-04-12;10.66;11.38;10.66;11.35;21700.0
2001-04-16;11.35;11.35;10.76;11.05;31600.0
2001-04-17;11.05;11.16;11.01;11.1;23900.0
2001-04-18;11.1;11.34;10.92;11.28;31000.0
2001-04-19;11.28;11.78;11.01;11.43;35900.0
2001-04-20;11.43;11.43;11.31;11.4;28300.0
2001-04-23;11.4;11.48;11.31;11.43;81800.0
2001-04-24;11.43;11.74;11.36;11.54;17600.0
2001-04-25;11.54;12.15;11.54;11.96;27100.0
2001-04-26;11.96;12.1;11.96;12.08;102900.0
2001-04-27;12.11;13.78;12.08;13.6;410100.0
2001-04-30;13.6;13.62;12.95;13.02;52000.0
2001-05-01;13.03;13.33;13.02;13.25;21300.0
2001-05-02;13.1;13.24;13.0;13.1;165700.0
2001-05-03;12.85;13.1;12.7;13.1;7600.0
2001-05-04;12.6;13.5;12.6;13.5;35800.0
2001-05-07;13.5;13.5;13.15;13.2;26400.0
2001-05-08;13.1;13.25;13.03;13.2;27500.0
2001-05-09;13.35;13.35;13.13;13.2;106400.0
2001-05-10;12.3;12.95;12.3;12.59;65800.0
2001-05-11;12.35;12.6;11.92;12.06;98400.0
2001-05-14;11.93;12.5;11.85;12.45;16700.0
2001-05-15;12.54;13.6;12.44;13.6;81400.0
2001-05-16;13.5;14.47;13.32;14.35;228300.0
2001-05-17;13.88;14.9;13.75;14.6;99400.0
2001-05-18;14.41;15.15;14.41;15.0;178500.0
2001-05-21;14.99;15.05;14.8;14.99;68600.0
2001-05-22;14.93;15.03;14.85;14.96;198500.0
2001-05-23;15.03;15.03;14.95;15.03;9200.0
2001-05-24;14.95;15.22;14.94;15.22;18700.0
2001-05-25;15.28;16.2;15.25;16.0;67500.0
2001-05-29;16.01;16.06;15.86;16.06;39100.0
2001-05-30;15.99;16.06;15.74;15.97;22100.0
2001-05-31;15.95;16.2;15.65;15.84;39500.0
2001-06-01;15.94;16.05;15.75;15.75;29000.0
2001-06-04;15.9;15.9;15.25;15.3;17400.0
2001-06-05;15.24;15.3;14.85;14.94;12500.0
2001-06-06;14.85;15.0;12.58;12.58;51400.0
2001-06-07;12.7;13.36;12.5;13.26;32100.0
2001-06-08;12.92;12.92;12.5;12.71;9700.0
2001-06-11;12.68;12.96;12.58;12.86;12900.0
2001-06-12;12.83;12.93;12.29;12.5;19100.0
2001-06-13;12.93;12.93;12.5;12.68;37600.0
2001-06-14;12.65;12.65;12.5;12.5;7500.0
2001-06-15;12.4;13.21;11.41;13.21;47300.0
2001-06-18;12.75;12.75;11.75;12.15;58100.0
2001-06-19;12.18;12.5;11.16;11.5;40700.0
2001-06-20;11.16;12.14;11.16;11.8;19100.0
2001-06-21;11.67;12.15;11.5;12.15;6000.0
2001-06-22;12.29;12.29;11.95;12.05;16100.0
2001-06-25;12.27;13.97;12.0;13.72;44700.0
2001-06-26;13.58;14.0;13.1;13.65;106300.0
2001-06-27;13.72;13.78;13.3;13.3;127000.0
2001-06-28;13.23;13.31;11.8;11.81;50600.0
2001-06-29;11.75;12.45;10.5;10.74;218200.0
2001-07-02;10.75;11.63;10.75;11.05;31200.0
2001-07-03;10.99;11.09;10.85;10.96;14000.0
2001-07-05;11.06;11.17;11.0;11.08;18500.0
2001-07-06;11.0;11.1;10.95;11.0;79500.0
2001-07-09;10.96;11.06;10.89;11.05;134000.0
2001-07-10;11.01;11.09;10.6;10.94;338000.0
2001-07-11;11.0;11.14;11.0;11.09;13700.0
2001-07-12;11.12;11.3;10.9;11.28;43700.0
2001-07-13;11.28;11.69;11.28;11.69;17000.0
2001-07-16;11.53;12.64;11.46;12.04;54900.0
2001-07-17;11.95;12.04;11.9;11.9;89600.0
2001-07-18;12.03;12.03;11.69;11.79;19100.0
2001-07-19;11.87;11.95;11.87;11.95;3400.0
2001-07-20;11.93;12.52;11.85;12.1;77500.0
2001-07-23;12.15;12.22;11.72;11.8;119100.0
2001-07-24;11.8;11.85;11.65;11.7;12000.0
2001-07-25;11.65;11.81;11.65;11.79;40100.0
2001-07-26;11.66;11.78;10.31;10.9;71100.0
2001-07-27;11.02;11.55;10.95;11.41;7000.0
2001-07-30;11.2;11.45;11.2;11.45;900.0
2001-07-31;11.45;11.55;11.35;11.38;37300.0
2001-08-01;11.5;11.55;11.45;11.5;33800.0
2001-08-02;11.21;11.55;11.21;11.34;24400.0
2001-08-03;11.27;11.27;10.95;10.98;18400.0
2001-08-06;10.86;11.34;10.83;10.93;8700.0
2001-08-07;10.8;11.55;10.8;11.5;38100.0
2001-08-08;11.39;11.56;11.39;11.41;7400.0
2001-08-09;11.2;11.36;10.9;11.3;3400.0
2001-08-10;10.94;11.6;10.94;11.44;27900.0
2001-08-13;11.44;11.5;11.07;11.45;10300.0
2001-08-14;11.54;11.94;11.45;11.55;32600.0
2001-08-15;11.55;11.55;11.46;11.54;29300.0
2001-08-16;11.6;13.47;11.5;13.4;122300.0
2001-08-17;13.49;14.53;13.49;14.4;270100.0
2001-08-20;14.45;15.5;14.3;15.31;154700.0
2001-08-21;15.44;15.44;14.82;15.02;208300.0
2001-08-22;15.03;15.2;14.91;15.05;16600.0
2001-08-23;14.96;14.98;14.8;14.92;21800.0
2001-08-24;14.74;15.1;14.74;15.04;19800.0
2001-08-27;14.99;15.11;14.9;14.9;13300.0
2001-08-28;14.9;15.15;14.75;14.8;32500.0
2001-08-29;14.76;15.14;14.75;14.99;60600.0
2001-08-30;15.14;15.14;14.75;15.08;98900.0
2001-08-31;15.1;16.24;15.1;15.99;62000.0
2001-09-04;15.81;16.33;15.26;15.82;24000.0
2001-09-05;15.75;16.75;15.75;16.4;25400.0
2001-09-06;16.38;17.25;15.96;17.25;65100.0
2001-09-07;16.76;17.22;16.31;16.35;83600.0
2001-09-10;16.44;16.45;15.5;15.65;101800.0
2001-09-17;15.55;15.55;13.9;14.28;66300.0
2001-09-18;14.25;14.25;13.21;13.41;15200.0
2001-09-19;13.53;13.53;12.61;13.53;18400.0
2001-09-20;13.13;13.13;12.32;12.32;29800.0
2001-09-21;12.01;12.01;10.55;10.55;87100.0
2001-09-24;10.76;11.29;10.15;10.5;51000.0
2001-09-25;10.74;10.8;10.07;10.75;35200.0
2001-09-26;10.9;11.35;10.75;10.76;18200.0
2001-09-27;11.05;11.05;10.07;10.45;81200.0
2001-09-28;10.41;11.3;10.31;11.2;61400.0
2001-10-01;11.29;11.4;10.71;11.4;105800.0
2001-10-02;11.2;12.3;11.0;12.3;154600.0
2001-10-03;13.88;13.88;12.15;13.88;202100.0
2001-10-04;15.0;15.0;13.97;14.53;80900.0
2001-10-05;14.15;14.15;13.95;14.05;42400.0
2001-10-08;14.0;14.0;13.08;13.6;94200.0
2001-10-09;12.86;13.09;12.21;13.09;38600.0
2001-10-10;12.5;13.44;12.5;12.9;338800.0
2001-10-11;14.0;14.92;13.8;14.25;125800.0
2001-10-12;13.8;14.5;13.8;14.0;64200.0
2001-10-15;13.95;14.25;13.75;14.0;16000.0
2001-10-16;13.71;14.18;13.71;14.0;32200.0
2001-10-17;14.09;14.2;13.94;14.0;52600.0
2001-10-18;14.05;14.05;13.45;13.45;53900.0
2001-10-19;13.46;14.05;13.46;14.02;14700.0
2001-10-22;13.9;14.05;13.7;14.0;109200.0
2001-10-23;14.05;14.05;13.88;14.05;34600.0
2001-10-24;14.35;14.35;14.0;14.25;78500.0
2001-10-25;14.28;14.28;13.6;13.9;92400.0
2001-10-26;13.8;13.9;13.6;13.85;9600.0
2001-10-29;13.95;13.95;13.35;13.43;37800.0
2001-10-30;13.54;13.54;12.05;12.2;174100.0
2001-10-31;12.48;13.0;12.4;13.0;37000.0
2001-11-01;13.1;13.3;12.54;12.6;31700.0
2001-11-02;13.15;13.65;13.0;13.55;114600.0
2001-11-05;13.61;13.75;13.4;13.46;146400.0
2001-11-06;13.6;13.85;13.55;13.7;67400.0
2001-11-07;14.17;14.17;13.81;14.08;29400.0
2001-11-08;14.2;15.48;14.2;15.15;317700.0
2001-11-09;15.3;15.7;15.0;15.45;97000.0
2001-11-12;15.06;15.79;14.48;15.75;75300.0
2001-11-13;15.82;17.0;15.65;16.99;88100.0
2001-11-14;16.99;17.26;16.7;16.95;105600.0
2001-11-15;17.88;19.05;17.6;18.77;290200.0
2001-11-16;18.93;19.08;18.48;18.48;96900.0
2001-11-19;18.71;18.9;17.5;18.0;89700.0
2001-11-20;18.02;18.36;17.66;17.89;165700.0
2001-11-21;18.1;18.1;17.9;18.03;26300.0
2001-11-23;18.2;18.2;17.9;18.0;30800.0
2001-11-26;18.06;20.25;18.05;19.6;377900.0
2001-11-27;19.79;20.67;19.5;20.29;323500.0
2001-11-28;20.66;20.66;19.69;19.85;441500.0
2001-11-29;20.0;20.1;19.01;19.19;40800.0
2001-11-30;19.19;19.55;18.15;18.63;93200.0
2001-12-03;18.95;18.95;18.45;18.5;53600.0
2001-12-04;18.7;18.9;18.25;18.39;61000.0
2001-12-05;18.51;19.45;18.23;19.35;102000.0
2001-12-06;18.96;18.96;18.75;18.85;45300.0
2001-12-07;19.45;19.45;18.5;19.45;38500.0
2001-12-10;19.6;20.7;19.21;20.35;145600.0
2001-12-11;21.43;22.4;21.0;21.91;600100.0
2001-12-12;21.95;22.0;21.07;21.29;155600.0
2001-12-13;20.92;20.98;19.95;19.95;156400.0
2001-12-14;19.8;21.5;19.78;21.3;331000.0
2001-12-17;21.5;21.55;21.02;21.08;74900.0
2001-12-18;21.36;22.14;21.02;22.1;205400.0
2001-12-19;22.0;22.15;21.7;22.05;199400.0
2001-12-20;22.23;22.89;22.21;22.75;119500.0
2001-12-21;22.7;24.7;22.55;24.32;321000.0
2001-12-24;24.58;24.85;24.03;24.34;205500.0
2001-12-26;24.34;24.34;23.42;23.65;156100.0
2001-12-27;23.8;24.25;23.5;23.87;109900.0
2001-12-28;24.16;24.55;23.85;24.45;305800.0
2001-12-31;24.9;24.91;24.0;24.12;271000.0
2002-01-02;24.51;24.76;24.2;24.55;219100.0
2002-01-03;25.0;25.0;24.69;25.0;140900.0
2002-01-04;25.02;25.1;23.48;24.75;194900.0
2002-01-07;25.0;25.0;24.35;24.9;129500.0
2002-01-08;24.96;25.05;24.6;24.8;195100.0
2002-01-09;25.0;25.0;24.72;24.84;61500.0
2002-01-10;25.0;25.3;24.85;25.1;258200.0
2002-01-11;25.05;25.59;24.61;24.7;178600.0
2002-01-14;24.63;25.25;24.6;24.7;308600.0
2002-01-15;24.75;25.05;24.74;24.86;58400.0
2002-01-16;24.74;24.85;22.51;23.16;168200.0
2002-01-17;22.6;24.07;22.59;23.8;122400.0
2002-01-18;23.39;25.25;23.28;24.64;123700.0
2002-01-22;24.61;25.48;24.49;25.05;132600.0
2002-01-23;25.5;25.5;25.05;25.16;101000.0
2002-01-24;25.16;25.99;25.15;25.8;71600.0
2002-01-25;25.75;26.0;25.5;26.0;111900.0
2002-01-28;25.87;26.15;25.61;26.05;166200.0
2002-01-29;26.2;26.64;25.91;26.0;168100.0
2002-01-30;26.1;26.16;25.66;26.01;104700.0
2002-01-31;26.18;26.27;25.91;26.14;130800.0
2002-02-01;26.39;26.39;25.55;25.73;100500.0
2002-02-04;25.7;26.0;25.34;25.7;92400.0
2002-02-05;25.6;25.8;25.3;25.59;46900.0
2002-02-06;25.75;25.75;25.05;25.36;88800.0
2002-02-07;25.26;25.97;25.02;25.75;101800.0
2002-02-08;25.5;25.95;25.35;25.72;56900.0
2002-02-11;25.59;27.5;25.53;27.25;233700.0
2002-02-12;27.16;27.2;26.11;26.52;122200.0
2002-02-13;26.6;26.6;25.8;26.35;65400.0
2002-02-14;26.35;26.6;26.1;26.1;59300.0
2002-02-15;26.35;26.35;25.64;26.07;126100.0
2002-02-19;25.85;26.05;25.8;25.8;42900.0
2002-02-20;25.9;25.9;24.81;25.9;108300.0
2002-02-21;25.4;25.97;25.15;25.63;33100.0
2002-02-22;25.65;26.55;25.16;26.05;160100.0
2002-02-25;26.02;26.27;23.77;24.0;188100.0
2002-02-26;23.65;24.0;22.9;23.43;304700.0
2002-02-27;23.26;23.9;22.96;23.78;118000.0
2002-02-28;23.94;24.14;23.67;23.7;44300.0
2002-03-01;23.79;23.8;23.05;23.35;97900.0
2002-03-04;22.95;23.09;22.0;22.01;387200.0
2002-03-05;21.69;22.49;21.57;22.25;425100.0
2002-03-06;22.26;23.5;22.25;23.27;143300.0
2002-03-07;23.44;24.25;23.08;23.4;115300.0
2002-03-08;23.31;24.4;23.31;24.33;80200.0
2002-03-11;24.3;24.93;24.01;24.75;172700.0
2002-03-12;25.0;25.0;24.5;24.75;153300.0
2002-03-13;24.99;25.0;24.15;24.28;154500.0
2002-03-14;24.05;24.05;22.36;22.72;464200.0
2002-03-15;22.71;23.24;22.71;23.01;287900.0
2002-03-18;22.95;23.12;22.73;22.99;155200.0
2002-03-19;23.0;23.25;22.84;22.95;136500.0
2002-03-20;22.96;23.09;22.82;22.99;26900.0
2002-03-21;23.2;23.2;22.9;23.0;127000.0
2002-03-22;22.95;23.16;22.85;23.03;140300.0
2002-03-25;23.09;23.15;22.85;22.99;87900.0
2002-03-26;22.95;23.1;22.86;22.95;70300.0
2002-03-27;23.05;23.17;22.85;23.17;76200.0
2002-03-28;23.17;23.41;23.03;23.35;62800.0
2002-04-01;23.08;23.08;22.74;22.88;98200.0
2002-04-02;22.89;22.9;20.95;21.42;210900.0
2002-04-03;21.6;22.05;21.18;21.95;183800.0
2002-04-04;21.98;23.1;21.81;22.9;142200.0
2002-04-05;23.07;23.55;22.94;23.53;128300.0
2002-04-08;23.42;23.8;23.3;23.61;199200.0
2002-04-09;23.75;25.97;23.5;25.7;501600.0
2002-04-10;25.97;28.09;25.75;27.59;428500.0
2002-04-11;28.0;29.15;27.71;28.35;563900.0
2002-04-12;28.6;28.85;28.21;28.75;337700.0
2002-04-15;28.78;28.78;27.85;28.0;275200.0
2002-04-16;27.81;29.15;27.33;29.05;476500.0
2002-04-17;29.7;30.2;29.25;29.56;1786800.0
2002-04-18;29.75;29.78;28.35;29.6;445200.0
2002-04-19;29.67;30.69;29.55;30.3;344700.0
2002-04-22;30.23;31.15;30.15;31.02;329800.0
2002-04-23;31.12;31.34;30.8;31.1;282100.0
2002-04-24;31.07;31.3;30.55;30.58;190000.0
2002-04-25;30.55;32.3;30.5;31.73;265900.0
2002-04-26;31.76;32.1;31.09;31.86;102600.0
2002-04-29;32.36;32.36;31.14;31.31;151100.0
2002-04-30;31.23;31.24;29.8;30.24;217100.0
2002-05-01;30.1;31.12;29.96;31.1;158300.0
2002-05-02;31.15;32.18;30.97;31.17;100100.0
2002-05-03;31.13;31.34;30.35;30.5;91200.0
2002-05-06;30.26;30.44;29.31;29.43;115100.0
2002-05-07;29.72;31.39;29.48;31.01;316300.0
2002-05-08;31.56;32.35;29.0;29.5;643800.0
2002-05-09;30.6;31.32;29.6;30.25;396700.0
2002-05-10;30.68;31.2;30.26;31.0;235200.0
2002-05-13;31.0;31.13;30.22;30.89;184400.0
2002-05-14;30.77;32.79;30.77;32.44;173800.0
2002-05-15;33.97;34.26;33.5;33.8;367900.0
2002-05-16;34.3;34.3;32.55;33.81;334400.0
2002-05-17;34.1;34.16;33.36;33.73;229400.0
2002-05-20;33.6;33.6;32.32;32.83;196400.0
2002-05-21;32.85;33.4;30.0;30.0;260400.0
2002-05-22;30.0;30.25;28.8;30.0;361900.0
2002-05-23;30.15;32.0;30.0;32.0;197000.0
2002-05-24;32.05;32.08;31.25;31.3;94700.0
2002-05-28;31.5;31.75;31.0;31.45;119900.0
2002-05-29;31.46;31.64;30.55;30.58;154900.0
2002-05-30;30.13;30.14;29.5;29.85;280000.0
2002-05-31;29.7;30.15;29.29;29.58;155700.0
2002-06-03;29.95;31.25;29.87;30.53;155300.0
2002-06-04;30.61;31.5;30.46;31.5;111600.0
2002-06-05;31.63;31.92;31.18;31.9;177900.0
2002-06-06;31.5;32.0;31.35;31.82;59900.0
2002-06-07;31.69;31.69;31.18;31.45;93900.0
2002-06-10;31.31;33.2;31.15;33.1;192800.0
2002-06-11;33.22;34.19;33.1;34.01;329400.0
2002-06-12;34.06;34.97;33.8;34.85;209500.0
2002-06-13;34.78;34.78;33.56;34.01;223300.0
2002-06-14;33.48;34.85;32.89;34.33;256000.0
2002-06-17;34.9;36.35;34.43;36.35;229200.0
2002-06-18;36.15;37.0;35.8;36.76;329700.0
2002-06-19;36.98;37.23;36.15;36.34;472200.0
2002-06-20;36.16;36.3;34.5;35.17;445800.0
2002-06-21;35.44;35.45;34.75;35.27;79200.0
2002-06-24;35.08;36.0;34.7;35.25;190400.0
2002-06-25;35.18;35.51;32.59;32.9;222500.0
2002-06-26;32.49;33.8;32.2;32.95;207600.0
2002-06-27;33.6;34.3;33.02;33.75;231700.0
2002-06-28;34.2;34.97;33.3;34.72;161500.0
2002-07-01;34.97;35.06;32.5;32.66;210000.0
2002-07-02;32.39;32.7;31.75;32.12;235400.0
2002-07-03;32.07;33.0;31.81;32.83;178900.0
2002-07-05;33.0;33.81;32.51;33.28;51800.0
2002-07-08;33.42;34.9;33.24;34.51;189600.0
2002-07-09;34.5;35.5;34.1;34.41;274800.0
2002-07-10;34.31;34.6;32.4;32.59;219400.0
2002-07-11;32.26;32.33;30.0;30.82;309800.0
2002-07-12;30.84;31.73;30.3;30.84;279500.0
2002-07-15;30.6;30.61;26.8;27.75;646700.0
2002-07-16;27.66;27.87;26.06;26.4;273700.0
2002-07-17;26.62;27.74;24.71;25.4;242400.0
2002-07-18;25.24;26.29;24.77;25.2;220300.0
2002-07-19;24.75;24.8;22.75;23.6;264000.0
2002-07-22;23.85;24.05;21.6;22.65;306000.0
2002-07-23;22.75;23.7;22.5;22.75;553300.0
2002-07-24;22.9;26.6;21.5;26.4;414600.0
2002-07-25;25.95;26.92;24.39;24.5;462500.0
2002-07-26;24.61;26.1;24.5;25.57;138500.0
2002-07-29;25.54;29.28;25.54;29.1;421900.0
2002-07-30;28.84;28.9;27.45;27.76;402100.0
2002-07-31;27.05;27.06;22.15;23.26;1767100.0
2002-08-01;22.77;23.5;22.3;23.01;546400.0
2002-08-02;22.15;22.15;20.43;20.95;568600.0
2002-08-05;20.45;21.75;20.25;20.33;161600.0
2002-08-06;21.45;21.87;20.89;20.89;369600.0
2002-08-07;21.1;21.7;19.73;20.93;337300.0
2002-08-08;23.2;25.5;23.06;24.69;1287200.0
2002-08-09;23.75;24.75;23.6;24.49;239300.0
2002-08-12;24.47;24.53;23.9;23.92;322900.0
2002-08-13;23.9;24.84;23.75;24.01;384400.0
2002-08-14;23.8;25.72;23.32;25.29;395700.0
2002-08-15;25.9;28.75;25.9;27.47;650700.0
2002-08-16;27.57;28.17;26.71;27.96;460200.0
2002-08-19;28.0;30.0;27.76;29.33;390400.0
2002-08-20;29.44;29.75;28.9;29.2;462900.0
2002-08-21;29.1;29.68;28.3;28.37;238500.0
2002-08-22;28.3;29.18;27.4;29.01;250400.0
2002-08-23;29.0;29.48;28.5;29.0;200500.0
2002-08-26;27.5;28.35;26.3;27.85;517600.0
2002-08-27;27.73;27.8;26.9;27.0;611400.0
2002-08-28;26.8;26.8;25.65;25.88;507300.0
2002-08-29;25.82;26.1;24.98;25.54;456200.0
2002-08-30;25.53;26.13;25.45;25.89;305200.0
2002-09-03;25.76;25.8;24.04;24.19;349300.0
2002-09-04;23.85;25.35;23.78;25.2;359400.0
2002-09-05;24.78;25.45;24.5;25.05;283200.0
2002-09-06;25.45;26.5;25.1;26.36;300400.0
2002-09-09;26.2;28.49;25.94;28.37;291300.0
2002-09-10;28.52;29.05;27.5;27.76;862700.0
2002-09-11;27.98;28.39;27.67;27.69;152500.0
2002-09-12;27.66;27.71;26.87;26.9;383900.0
2002-09-13;26.85;27.77;26.45;27.38;234700.0
2002-09-16;27.2;28.04;27.12;27.7;99900.0
2002-09-17;27.82;28.05;25.9;26.11;218900.0
2002-09-18;25.8;26.9;25.15;26.5;228400.0
2002-09-19;26.45;26.45;24.55;25.19;453400.0
2002-09-20;25.26;25.61;24.24;24.97;348800.0
2002-09-23;24.96;24.97;23.36;23.59;216600.0
2002-09-24;23.5;23.5;21.79;21.98;593800.0
2002-09-25;22.25;25.6;22.23;25.49;829300.0
2002-09-26;25.45;26.45;25.44;26.01;335900.0
2002-09-27;25.41;25.86;24.55;24.71;274800.0
2002-09-30;24.39;24.97;23.2;24.29;356000.0
2002-10-01;24.21;24.21;21.5;21.9;867700.0
2002-10-02;21.8;22.3;21.12;21.18;601300.0
2002-10-03;21.11;21.11;18.8;19.64;960700.0
2002-10-04;19.6;19.75;17.71;19.21;1025900.0
2002-10-07;18.92;19.34;18.19;18.87;329800.0
2002-10-08;18.96;20.67;18.79;20.13;424400.0
2002-10-09;19.99;20.32;18.4;19.26;694400.0
2002-10-10;19.26;22.0;18.38;21.85;878300.0
2002-10-11;21.91;23.18;21.04;21.41;641400.0
2002-10-14;21.1;21.5;20.7;21.25;292200.0
2002-10-15;21.39;23.09;21.32;22.96;432800.0
2002-10-16;22.0;23.0;21.99;22.7;258300.0
2002-10-17;23.1;23.61;22.55;22.93;180900.0
2002-10-18;22.81;23.56;22.0;23.56;305400.0
2002-10-21;23.2;24.7;22.95;24.5;261300.0
2002-10-22;24.3;24.9;23.75;24.1;288900.0
2002-10-23;23.96;24.5;23.69;24.49;189200.0
2002-10-24;24.5;25.09;24.3;24.75;219600.0
2002-10-25;24.1;26.2;24.1;26.2;332900.0
2002-10-28;26.2;26.3;24.21;24.79;343800.0
2002-10-29;24.71;24.72;23.29;24.65;253900.0
2002-10-30;24.51;25.14;23.49;24.05;246200.0
2002-10-31;24.1;24.84;23.76;24.02;160600.0
2002-11-01;24.02;25.6;23.76;25.6;256000.0
2002-11-04;25.63;26.11;24.96;25.05;412600.0
2002-11-05;25.01;25.24;24.56;25.17;221700.0
2002-11-06;25.1;26.06;25.1;25.97;232300.0
2002-11-07;26.05;26.5;23.25;24.05;1017200.0
2002-11-08;24.18;25.04;23.65;23.86;283000.0
2002-11-11;23.85;23.85;22.17;22.27;463200.0
2002-11-12;22.23;23.2;22.23;22.4;206300.0
2002-11-13;22.5;23.25;21.81;23.2;377700.0
2002-11-14;24.0;25.23;23.63;24.21;800300.0
2002-11-15;24.25;25.89;24.2;25.5;583900.0
2002-11-18;25.61;26.56;25.25;25.33;479200.0
2002-11-19;25.21;25.36;23.76;24.15;222200.0
2002-11-20;24.05;25.15;23.86;24.86;168000.0
2002-11-21;24.9;25.8;24.52;25.01;263200.0
2002-11-22;24.87;25.0;24.23;24.96;220800.0
2002-11-25;24.96;25.68;24.86;25.34;154700.0
2002-11-26;25.39;26.05;23.96;24.0;291900.0
2002-11-27;24.11;26.01;24.11;25.67;350200.0
2002-11-29;25.81;26.77;25.66;26.41;190300.0
2002-12-02;26.6;28.26;26.26;26.8;307800.0
2002-12-03;26.75;27.13;26.19;26.6;245100.0
2002-12-04;26.4;27.18;25.66;26.75;240400.0
2002-12-05;27.02;27.07;25.08;25.55;387300.0
2002-12-06;25.49;26.3;24.92;26.28;207300.0
2002-12-09;26.17;26.72;25.76;26.11;414200.0
2002-12-10;26.17;27.17;25.68;27.0;512600.0
2002-12-11;27.0;29.2;26.94;28.65;1115100.0
2002-12-12;28.6;28.61;25.43;26.14;1125300.0
2002-12-13;26.0;26.0;24.82;25.51;369500.0
2002-12-16;25.51;26.47;25.36;26.1;392200.0
2002-12-17;26.1;27.35;25.77;26.82;964100.0
2002-12-18;26.49;26.7;25.38;25.72;356700.0
2002-12-19;25.5;26.5;24.92;25.47;150500.0
2002-12-20;25.69;25.69;23.42;23.58;1421600.0
2002-12-23;23.65;23.65;21.48;22.65;820700.0
2002-12-24;22.35;22.95;22.26;22.79;276000.0
2002-12-26;22.79;23.6;22.6;23.22;254900.0
2002-12-27;23.2;23.6;22.55;22.67;269000.0
2002-12-30;22.52;23.05;22.28;22.7;269700.0
2002-12-31;22.62;23.57;22.57;23.57;247800.0
2003-01-02;23.55;24.31;23.41;24.09;180600.0
2003-01-03;23.93;24.03;22.85;23.36;199500.0
2003-01-06;23.05;24.44;22.76;22.94;503500.0
2003-01-07;22.7;22.75;22.11;22.75;338800.0
2003-01-08;22.15;23.09;22.12;22.48;248100.0
2003-01-09;23.09;24.39;22.98;24.24;427700.0
2003-01-10;24.24;24.25;23.34;23.82;159000.0
2003-01-13;22.58;23.09;22.0;22.02;552400.0
2003-01-14;21.89;22.65;21.46;21.96;382000.0
2003-01-15;21.91;22.44;21.55;21.99;513800.0
2003-01-16;22.05;22.42;21.4;21.46;424500.0
2003-01-17;21.3;21.76;20.82;21.38;330900.0
2003-01-21;21.75;21.75;20.54;21.06;419000.0
2003-01-22;21.0;21.15;20.5;20.72;544900.0
2003-01-23;20.9;21.99;20.43;21.77;387900.0
2003-01-24;21.75;22.0;20.5;20.89;335000.0
2003-01-27;20.9;21.3;20.11;20.34;155900.0
2003-01-28;20.53;20.89;20.1;20.49;214500.0
2003-01-29;20.53;20.89;20.1;20.49;113900.0
2003-01-30;20.61;20.88;20.2;20.4;191000.0
2003-01-31;20.54;20.79;19.95;20.48;186800.0
2003-02-03;20.53;20.98;19.81;19.95;221100.0
2003-02-04;20.0;20.0;19.27;19.5;222700.0
2003-02-05;19.53;20.65;19.43;19.95;418300.0
2003-02-06;20.15;20.65;20.15;20.48;262200.0
2003-02-07;20.5;20.7;19.75;19.92;240300.0
2003-02-10;19.66;19.97;19.22;19.65;192300.0
2003-02-11;19.75;19.9;19.26;19.64;144600.0
2003-02-12;19.54;19.7;19.15;19.29;124000.0
2003-02-13;19.31;19.36;17.78;18.34;329100.0
2003-02-14;18.34;18.85;18.1;18.72;320300.0
2003-02-18;18.62;19.04;18.36;18.82;234100.0
2003-02-19;18.8;19.25;18.1;18.3;259600.0
2003-02-20;18.2;18.26;17.36;17.66;364800.0
2003-02-21;17.5;17.79;16.94;17.73;379500.0
2003-02-24;17.79;17.8;17.11;17.17;110200.0
2003-02-25;17.08;17.14;16.75;17.0;213700.0
2003-02-26;17.81;18.7;17.65;18.6;579100.0
2003-02-27;18.5;19.18;18.2;18.33;291500.0
2003-02-28;18.33;19.04;18.33;18.93;223900.0
2003-03-03;19.1;19.32;18.65;19.07;332200.0
2003-03-04;19.0;19.3;18.6;18.79;378900.0
2003-03-05;18.85;18.98;18.62;18.82;265200.0
2003-03-06;18.8;19.81;18.65;19.38;249400.0
2003-03-07;19.38;20.0;19.27;19.81;316000.0
2003-03-10;19.8;19.81;18.79;18.9;333200.0
2003-03-11;18.78;19.48;18.75;18.84;163700.0
2003-03-12;18.9;19.0;18.15;18.4;476700.0
2003-03-13;19.37;22.4;19.35;22.22;1296500.0
2003-03-14;22.25;23.19;21.37;22.92;716000.0
2003-03-17;22.85;24.18;22.8;24.17;558300.0
2003-03-18;24.19;25.15;24.15;24.92;596600.0
2003-03-19;24.92;25.05;23.66;23.78;648200.0
2003-03-20;23.68;24.84;23.5;24.79;607800.0
2003-03-21;24.96;25.1;24.4;24.86;517600.0
2003-03-24;24.51;24.6;23.93;24.15;332900.0
2003-03-25;24.12;24.33;23.54;24.24;154900.0
2003-03-26;24.24;24.24;22.68;22.86;699900.0
2003-03-27;22.75;23.49;22.71;23.25;390300.0
2003-03-28;23.2;23.29;22.74;22.79;309100.0
2003-03-31;22.69;23.0;22.22;22.51;423800.0
2003-04-01;22.56;23.23;22.25;23.0;380800.0
2003-04-02;23.25;24.23;23.2;24.1;471800.0
2003-04-03;24.08;24.64;24.08;24.4;328100.0
2003-04-04;24.58;24.632;24.0;24.2;288600.0
2003-04-07;24.75;25.39;24.65;24.93;482700.0
2003-04-08;24.75;25.06;24.37;24.85;556200.0
2003-04-09;25.0;25.57;24.75;24.75;367100.0
2003-04-10;24.82;26.4;24.79;26.25;445000.0
2003-04-11;26.5;26.74;25.23;25.41;854100.0
2003-04-14;25.37;25.64;24.53;25.51;607900.0
2003-04-15;25.5;26.0;25.21;25.83;197500.0
2003-04-16;26.0;26.42;25.06;25.17;221300.0
2003-04-17;25.22;25.87;24.88;25.71;158900.0
2003-04-21;25.75;26.35;25.23;25.38;287800.0
2003-04-22;26.49;27.75;26.25;27.45;1010000.0
2003-04-23;27.7;28.17;27.2;27.58;2545800.0
2003-04-24;27.36;28.06;27.01;27.82;724000.0
2003-04-25;27.94;28.49;27.44;28.49;783800.0
2003-04-28;28.51;29.97;28.46;29.75;840600.0
2003-04-29;29.85;30.5;29.1;29.79;731500.0
2003-04-30;29.76;30.35;29.35;29.87;456400.0
2003-05-01;29.8;29.8;28.9;29.5;461900.0
2003-05-02;29.54;29.92;29.12;29.71;257100.0
2003-05-05;29.8;31.59;29.7;31.0;460000.0
2003-05-06;31.0;31.01;30.35;30.7;512500.0
2003-05-07;30.87;32.13;30.5;31.34;834700.0
2003-05-08;31.21;32.45;30.16;30.69;1084600.0
2003-05-09;30.68;31.0;30.01;30.75;294200.0
2003-05-12;30.64;31.75;30.45;31.22;449000.0
2003-05-13;31.06;32.29;30.41;31.8;306800.0
2003-05-14;31.84;32.78;31.72;32.3;611300.0
2003-05-15;33.45;34.13;31.18;33.27;1668100.0
2003-05-16;33.25;33.64;31.95;31.99;1068900.0
2003-05-19;30.93;31.15;29.75;30.09;1152000.0
2003-05-20;30.0;30.9;29.99;30.53;387800.0
2003-05-21;30.55;31.48;30.55;31.34;224700.0
2003-05-22;31.35;32.43;31.01;32.27;172200.0
2003-05-23;32.24;32.24;31.74;31.911;109200.0
2003-05-27;31.9;32.6;31.5;32.301;121000.0
2003-05-28;32.36;33.37;32.32;32.98;260100.0
2003-05-29;33.07;33.2;32.8;33.04;185800.0
2003-05-30;33.03;33.37;32.67;33.32;173700.0
2003-06-02;33.3;33.91;33.26;33.76;471600.0
2003-06-03;33.73;34.65;33.38;33.95;182500.0
2003-06-04;34.05;35.14;33.9;35.09;252600.0
2003-06-05;35.15;37.64;34.96;36.89;470400.0
2003-06-06;36.74;37.7;35.7;36.69;663200.0
2003-06-09;36.62;36.67;34.07;34.5;489700.0
2003-06-10;34.65;35.87;34.34;35.62;303300.0
2003-06-11;35.65;35.85;34.67;35.59;234700.0
2003-06-12;35.6;36.47;35.25;35.98;231100.0
2003-06-13;36.02;36.4;34.26;34.85;309000.0
2003-06-16;35.12;36.53;34.89;35.9;350200.0
2003-06-17;35.88;36.34;35.35;35.95;356100.0
2003-06-18;35.94;36.0;34.8;35.34;423900.0
2003-06-19;35.44;36.06;35.35;36.0;272400.0
2003-06-20;36.01;36.5;35.8;36.4;211500.0
2003-06-23;36.3;36.47;35.51;35.88;231700.0
2003-06-24;35.46;36.86;35.45;36.44;202100.0
2003-06-25;36.45;36.999;36.4;36.98;152600.0
2003-06-26;36.99;37.05;36.31;36.43;218700.0
2003-06-27;36.44;37.2;36.16;36.264;334900.0
2003-06-30;36.21;36.54;35.6;35.9;417200.0
2003-07-01;35.9;36.24;34.55;36.15;325800.0
2003-07-02;36.11;37.39;36.09;37.24;245900.0
2003-07-03;36.9;38.03;36.8;36.95;132800.0
2003-07-07;37.33;38.7;37.15;38.4;237800.0
2003-07-08;38.57;40.59;38.4;40.29;641300.0
2003-07-09;40.09;40.79;38.84;39.0;364700.0
2003-07-10;38.99;39.31;38.23;38.24;278700.0
2003-07-11;38.27;38.43;37.38;38.0;193600.0
2003-07-14;37.95;38.69;37.85;38.38;207700.0
2003-07-15;38.73;39.25;37.33;38.15;248900.0
2003-07-16;38.15;38.88;37.5;37.93;204900.0
2003-07-17;37.88;37.89;36.44;36.97;326400.0
2003-07-18;37.01;38.19;37.0;38.1;264300.0
2003-07-21;38.28;38.415;37.3;37.75;69200.0
2003-07-22;37.42;39.14;37.3;38.69;221000.0
2003-07-23;38.93;39.12;37.55;38.81;233600.0
2003-07-24;38.98;40.48;38.979;39.69;320600.0
2003-07-25;39.91;39.91;38.766;39.5;110000.0
2003-07-28;39.38;40.7;39.38;40.08;184500.0
2003-07-29;40.33;40.69;39.18;39.27;116300.0
2003-07-30;39.27;39.85;38.49;39.64;159200.0
2003-07-31;39.78;40.85;39.72;39.72;267900.0
2003-08-01;39.799;40.65;39.56;40.3;170500.0
2003-08-04;40.89;41.82;39.9;41.7;319000.0
2003-08-05;41.72;41.9;39.98;40.15;258300.0
2003-08-06;40.22;41.14;39.85;40.77;149000.0
2003-08-07;41.3;42.75;40.76;41.27;644000.0
2003-08-08;41.28;43.7;40.34;43.44;1059800.0
2003-08-11;44.45;44.8;43.8;44.46;765400.0
2003-08-12;44.72;45.79;43.9;45.65;332000.0
2003-08-13;45.8;47.15;45.35;46.5;538600.0
2003-08-14;46.08;46.08;44.07;44.84;1062000.0
2003-08-15;44.84;46.38;44.84;46.37;248100.0
2003-08-18;46.5;48.24;46.2;47.381;580500.0
2003-08-19;47.73;48.16;46.63;47.36;376400.0
2003-08-20;47.18;47.63;46.9;47.57;199100.0
2003-08-21;47.7;48.55;47.3;47.475;239900.0
2003-08-22;47.53;47.56;44.77;45.3;418600.0
2003-08-25;45.23;46.24;45.07;46.11;260200.0
2003-08-26;46.25;46.54;45.85;46.44;212000.0
2003-08-27;46.49;47.489;46.4;47.25;127700.0
2003-08-28;47.49;48.1;47.12;47.78;178900.0
2003-08-29;47.98;49.55;47.83;49.199;244900.0
2003-09-02;49.47;50.4;49.21;50.19;330100.0
2003-09-03;50.4;50.79;49.45;49.7;279200.0
2003-09-04;49.89;49.89;47.51;48.5;359500.0
2003-09-05;48.39;48.39;46.09;46.64;422700.0
2003-09-08;46.74;47.1;45.9;47.05;408300.0
2003-09-09;47.0;47.04;45.21;45.25;361500.0
2003-09-10;45.24;45.24;44.44;44.5;335400.0
2003-09-11;44.55;46.12;44.3;45.58;410000.0
2003-09-12;45.51;46.26;44.83;46.07;233300.0
2003-09-15;46.3;47.09;46.2;46.76;222900.0
2003-09-16;46.86;49.5;46.81;49.499;698600.0
2003-09-17;49.56;51.73;49.5;51.23;875100.0
2003-09-18;51.37;51.6;50.65;51.21;303800.0
2003-09-19;51.04;51.3;50.15;50.67;319000.0
2003-09-22;25.18;25.19;24.68;24.86;175650.0
2003-09-23;24.79;25.68;24.6;25.43;473800.0
2003-09-24;25.5;25.53;24.7;25.09;536100.0
2003-09-25;25.44;26.93;25.38;26.25;1140200.0
2003-09-26;26.2;26.49;25.75;25.85;783300.0
2003-09-29;26.09;26.7;25.15;26.45;989000.0
2003-09-30;26.74;27.15;25.56;26.06;756800.0
2003-10-01;26.59;27.75;26.25;27.52;762400.0
2003-10-02;27.64;28.04;27.22;27.35;456200.0
2003-10-03;27.87;28.87;27.79;28.56;601200.0
2003-10-06;29.0;30.05;28.6;30.03;687400.0
2003-10-07;29.95;30.1;29.08;29.47;951600.0
2003-10-08;29.45;29.55;28.65;29.06;507000.0
2003-10-09;29.78;30.97;29.32;30.0;751000.0
2003-10-10;31.75;32.22;31.0;31.32;1092000.0
2003-10-13;31.35;32.9;31.17;32.43;707400.0
2003-10-14;32.95;33.71;32.5;33.23;802400.0
2003-10-15;33.5;33.75;31.653;32.36;884400.0
2003-10-16;32.55;32.99;32.1;32.381;502100.0
2003-10-17;32.36;32.96;31.75;32.5;536900.0
2003-10-20;32.41;34.16;32.41;33.11;844900.0
2003-10-21;33.41;33.41;32.4;32.8;505700.0
2003-10-22;32.75;32.76;30.85;31.06;952600.0
2003-10-23;30.25;30.75;29.17;30.68;1097800.0
2003-10-24;30.49;31.35;29.91;30.35;568300.0
2003-10-27;30.25;32.17;30.25;31.81;667000.0
2003-10-28;32.02;33.2;31.9;33.14;668000.0
2003-10-29;33.34;33.53;32.43;33.04;382800.0
2003-10-30;33.5;33.75;32.76;32.91;406800.0
2003-10-31;33.35;33.84;32.9;33.3;361800.0
2003-11-03;33.99;35.98;33.86;35.13;921700.0
2003-11-04;33.5;34.5;32.63;34.13;1059500.0
2003-11-05;34.26;34.29;32.63;33.19;989500.0
2003-11-06;33.95;35.5;33.05;34.99;1526800.0
2003-11-07;35.35;35.9;34.3;35.07;693800.0
2003-11-10;35.23;35.23;34.06;34.35;483100.0
2003-11-11;34.0;36.089;33.94;36.02;732900.0
2003-11-12;36.0;36.61;35.37;36.0;572600.0
2003-11-13;36.55;37.92;35.09;37.66;1224500.0
2003-11-14;36.85;37.44;36.0;36.04;1356200.0
2003-11-17;35.8;36.03;34.58;35.36;727800.0
2003-11-18;35.73;36.25;35.2;35.32;565900.0
2003-11-19;35.5;35.5;34.75;35.08;598300.0
2003-11-20;35.04;36.4;34.18;35.81;582900.0
2003-11-21;35.98;36.5;35.53;36.01;421200.0
2003-11-24;36.41;37.6;36.17;37.49;523500.0
2003-11-25;37.68;38.88;37.62;38.68;766200.0
2003-11-26;39.05;39.41;37.6;38.4;712300.0
2003-11-28;38.72;39.32;38.4;39.04;239500.0
2003-12-01;39.53;40.64;38.08;40.35;1058500.0
2003-12-02;40.4;41.29;39.27;39.56;871300.0
2003-12-03;39.71;39.76;38.15;38.21;644400.0
2003-12-04;38.25;38.25;34.59;35.69;1657600.0
2003-12-05;35.08;36.6;34.83;36.02;917600.0
2003-12-08;36.16;36.87;34.75;36.61;963900.0
2003-12-09;36.68;37.32;36.429;36.49;601000.0
2003-12-10;36.58;36.74;34.97;35.22;562200.0
2003-12-11;35.05;36.45;34.21;36.08;955200.0
2003-12-12;36.43;37.1;36.17;36.39;537500.0
2003-12-15;37.45;37.5;35.25;35.48;665500.0
2003-12-16;35.31;35.38;32.57;34.93;1342300.0
2003-12-17;35.09;36.75;34.49;36.51;1009300.0
2003-12-18;36.87;37.69;36.5;37.5;468800.0
2003-12-19;37.72;37.78;36.67;37.24;456400.0
2003-12-22;37.25;37.68;36.69;36.93;481000.0
2003-12-23;36.92;37.43;36.38;36.95;613700.0
2003-12-24;36.8;37.0;36.33;36.63;128700.0
2003-12-26;36.73;37.18;36.51;36.99;245300.0
2003-12-29;37.17;37.89;37.04;37.8;431600.0
2003-12-30;37.92;38.45;37.53;37.94;386000.0
2003-12-31;38.3;38.43;37.05;37.05;532400.0
2004-01-02;37.76;37.9;36.66;36.72;375900.0
2004-01-05;37.02;37.8;36.9;37.52;423900.0
2004-01-06;38.14;40.32;38.0;39.58;1132600.0
2004-01-07;39.71;40.2;39.0;40.0;410600.0
2004-01-08;41.78;42.1;39.45;40.02;1277100.0
2004-01-09;39.86;41.03;39.02;40.23;532000.0
2004-01-12;40.39;40.88;40.1;40.57;521600.0
2004-01-13;39.12;39.73;37.82;38.09;1508300.0
2004-01-14;38.31;39.3;38.1;39.27;786700.0
2004-01-15;39.33;39.91;38.28;39.4;442300.0
2004-01-16;39.75;40.6;39.27;40.08;518300.0
2004-01-20;40.5;40.71;38.66;38.75;693900.0
2004-01-21;39.15;40.19;38.8;39.69;409300.0
2004-01-22;39.81;40.44;39.27;39.45;364600.0
2004-01-23;39.86;40.67;39.45;40.45;518600.0
2004-01-26;40.24;40.71;39.81;40.7;373000.0
2004-01-27;40.79;42.0;40.75;40.77;645600.0
2004-01-28;41.07;41.89;39.64;39.84;396800.0
2004-01-29;39.67;40.74;39.26;40.13;280100.0
2004-01-30;39.81;40.6;39.45;40.49;380600.0
2004-02-02;40.71;41.24;39.81;40.3;399700.0
2004-02-03;40.01;40.95;39.7;40.94;577600.0
2004-02-04;41.08;41.85;40.55;40.6;742300.0
2004-02-05;41.5;42.97;40.02;41.71;1520500.0
2004-02-06;41.4;42.99;41.39;42.5;713600.0
2004-02-09;42.6;43.41;42.06;43.01;448800.0
2004-02-10;42.8;43.65;42.73;43.43;499100.0
2004-02-11;43.66;44.74;43.26;44.69;645500.0
2004-02-12;44.65;45.47;43.95;44.17;588100.0
2004-02-13;44.2;44.6;42.59;42.59;839900.0
2004-02-17;42.78;44.2;42.78;43.79;585300.0
2004-02-18;44.29;44.29;43.18;43.4;285100.0
2004-02-19;43.52;44.08;41.81;41.81;339700.0
2004-02-20;41.81;42.3;39.86;41.9;601800.0
2004-02-23;42.12;42.52;41.25;41.38;535600.0
2004-02-24;41.38;43.64;40.75;43.4;939500.0
2004-02-25;43.75;43.76;42.76;43.48;748600.0
2004-02-26;43.68;44.25;43.26;43.72;1005300.0
2004-02-27;43.85;44.23;43.19;43.61;542200.0
2004-03-01;43.77;44.159;43.29;43.76;468200.0
2004-03-02;44.19;44.97;43.43;43.55;443300.0
2004-03-03;43.6;43.73;42.38;43.47;354700.0
2004-03-04;43.62;44.69;42.69;44.0;390300.0
2004-03-05;43.941;44.48;43.66;44.1;390200.0
2004-03-08;44.36;44.65;43.35;43.55;344500.0
2004-03-09;43.63;44.47;43.33;43.34;600800.0
2004-03-10;43.67;43.86;41.6;42.54;850800.0
2004-03-11;42.21;44.34;41.91;43.46;1009100.0
2004-03-12;43.88;45.87;43.68;45.8;963400.0
2004-03-15;46.15;46.63;44.01;44.29;957200.0
2004-03-16;44.51;45.48;43.92;44.92;499800.0
2004-03-17;45.12;45.6;44.29;44.5;402500.0
2004-03-18;44.69;44.7;42.7;43.85;892000.0
2004-03-19;44.25;44.41;43.35;43.72;252000.0
2004-03-22;43.79;43.88;41.9;42.68;491400.0
2004-03-23;43.01;44.39;43.01;44.0;517500.0
2004-03-24;44.25;44.38;43.3;44.11;445800.0
2004-03-25;44.25;45.5;44.18;45.47;440000.0
2004-03-26;45.14;45.37;44.3;44.47;629900.0
2004-03-29;45.04;46.82;44.94;46.38;885600.0
2004-03-30;46.45;48.45;46.25;48.29;762700.0
2004-03-31;48.27;48.5;47.49;48.06;462500.0
2004-04-01;48.5;48.5;46.86;47.23;625400.0
2004-04-02;48.25;48.85;47.06;47.3;920600.0
2004-04-05;47.3;49.1;46.85;49.1;696700.0
2004-04-06;48.71;50.15;48.7;49.56;529500.0
2004-04-07;49.57;50.2;48.5;49.94;271900.0
2004-04-08;50.3;50.69;47.38;47.65;889400.0
2004-04-12;47.75;48.79;47.39;48.61;476900.0
2004-04-13;49.07;49.29;46.4;46.81;870900.0
2004-04-14;46.5;47.35;45.44;46.14;1033500.0
2004-04-15;46.0;46.27;45.27;45.54;611400.0
2004-04-16;45.92;48.37;45.27;47.81;962900.0
2004-04-19;47.7;47.94;46.42;46.89;562200.0
2004-04-20;47.0;47.75;46.18;46.25;405200.0
2004-04-21;46.49;47.16;46.03;47.13;367500.0
2004-04-22;47.2;48.2;46.73;48.1;416400.0
2004-04-23;48.29;48.3;46.89;48.17;469900.0
2004-04-26;50.16;50.45;48.22;49.55;1135100.0
2004-04-27;49.77;50.35;48.92;49.3;691200.0
2004-04-28;49.3;49.42;47.5;47.79;499400.0
2004-04-29;47.32;47.9;46.06;46.6;785800.0
2004-04-30;46.56;47.45;45.85;46.17;580400.0
2004-05-03;46.03;46.86;45.85;46.35;761700.0
2004-05-04;47.24;48.78;47.0;47.93;819000.0
2004-05-05;48.22;48.95;48.1;48.62;446300.0
2004-05-06;48.98;49.0;46.7;47.64;1228800.0
2004-05-07;47.39;48.42;46.25;46.31;635100.0
2004-05-10;45.38;46.2;44.24;45.7;1273900.0
2004-05-11;46.6;47.43;46.14;46.26;965400.0
2004-05-12;46.27;46.28;44.42;45.99;956000.0
2004-05-13;46.43;47.18;45.01;46.04;1189300.0
2004-05-14;46.99;47.59;46.3;46.57;889200.0
2004-05-17;46.15;46.26;44.66;45.46;651400.0
2004-05-18;46.08;46.68;45.23;45.84;781000.0
2004-05-19;46.01;47.82;45.83;46.76;881400.0
2004-05-20;47.1;47.56;45.89;46.03;474100.0
2004-05-21;46.15;47.44;46.05;47.31;474600.0
2004-05-24;47.75;48.5;47.39;47.78;528400.0
2004-05-25;47.99;49.43;47.4;49.4;713100.0
2004-05-26;49.53;49.6;48.98;49.51;586200.0
2004-05-27;49.7;52.92;49.51;52.69;2074300.0
2004-05-28;52.54;54.98;52.33;54.91;1580700.0
2004-06-01;54.76;55.2;53.71;54.54;1126600.0
2004-06-02;55.49;55.82;53.9;55.09;1049900.0
2004-06-03;55.0;56.06;54.15;55.03;966500.0
2004-06-04;55.55;55.92;54.45;55.54;536000.0
2004-06-07;56.02;56.3;55.4;56.15;504500.0
2004-06-08;55.94;56.15;55.36;56.03;641300.0
2004-06-09;56.04;56.64;55.54;56.29;711400.0
2004-06-10;56.91;57.85;56.83;57.72;949800.0
2004-06-14;57.93;58.44;57.2;57.77;944100.0
2004-06-15;58.37;59.04;57.75;58.51;603400.0
2004-06-16;58.64;58.76;56.65;57.04;1888900.0
2004-06-17;56.99;57.659;56.53;57.5;642100.0
2004-06-18;56.98;57.88;56.66;57.16;641700.0
2004-06-21;57.4;57.69;57.13;57.65;590100.0
2004-06-22;57.74;58.49;57.14;58.43;608200.0
2004-06-23;58.55;58.95;58.2;58.52;464500.0
2004-06-24;58.51;60.19;58.05;59.91;741700.0
2004-06-25;60.09;61.71;59.94;60.8;1557200.0
2004-06-28;61.29;62.84;60.98;62.2;983200.0
2004-06-29;62.5;62.89;60.11;60.55;1218800.0
2004-06-30;60.74;61.21;59.69;60.91;1448800.0
2004-07-01;60.84;63.24;59.76;62.2;1550500.0
2004-07-02;61.5;62.25;61.19;61.64;744700.0
2004-07-06;61.59;62.14;60.0;60.73;1153100.0
2004-07-07;60.75;61.71;60.16;60.75;678400.0
2004-07-08;60.3;60.3;57.38;57.94;1171600.0
2004-07-09;57.81;59.39;57.58;58.01;780800.0
2004-07-12;28.94;29.18;28.16;29.08;546900.0
2004-07-13;29.1;29.73;28.5;29.42;1536000.0
2004-07-14;29.0;29.48;28.56;28.62;1575100.0
2004-07-15;28.61;28.87;27.61;27.72;1676500.0
2004-07-16;27.75;28.23;26.25;26.79;2588200.0
2004-07-19;25.86;27.1;25.78;26.9;2302400.0
2004-07-20;27.16;28.09;26.99;27.84;1662200.0
2004-07-21;28.1;28.24;27.32;27.37;1036000.0
2004-07-22;27.25;27.96;26.74;27.85;1379100.0
2004-07-23;27.8;28.79;27.55;27.58;1478100.0
2004-07-26;27.77;28.44;27.27;27.57;1095200.0
2004-07-27;27.74;29.25;27.66;29.2;1363900.0
2004-07-28;29.2;29.44;28.23;29.21;1320300.0
2004-07-29;29.61;30.31;29.41;29.97;1025000.0
2004-07-30;30.12;30.27;29.42;29.74;1009000.0
2004-08-02;29.52;30.07;29.2;29.75;1061600.0
2004-08-03;30.05;30.2;29.23;29.38;593200.0
2004-08-04;29.4;29.4;27.68;28.64;1987200.0
2004-08-05;29.58;30.24;27.15;27.67;2358000.0
2004-08-06;26.37;27.9;25.88;27.57;1715000.0
2004-08-09;27.62;28.47;27.36;28.29;1154900.0
2004-08-10;28.59;28.98;28.06;28.5;683100.0
2004-08-11;28.04;28.77;27.25;28.1;1578600.0
2004-08-12;27.54;28.39;26.8;27.6;2194500.0
2004-08-13;27.46;28.06;27.22;27.43;760500.0
2004-08-16;27.39;28.8;27.22;28.73;960500.0
2004-08-17;28.94;29.85;28.87;29.19;1310700.0
2004-08-18;29.11;29.29;28.5;29.25;1107500.0
2004-08-19;29.49;29.67;28.76;29.42;618900.0
2004-08-20;29.54;29.82;29.06;29.7;407400.0
2004-08-23;29.8;29.83;28.77;29.09;728500.0
2004-08-24;29.25;29.61;28.75;29.18;589800.0
2004-08-25;29.03;29.33;28.6;29.24;643600.0
2004-08-26;29.24;30.1;29.06;30.06;734700.0
2004-08-27;31.02;31.46;30.65;30.9;1428900.0
2004-08-30;30.96;31.25;30.12;30.12;1138200.0
2004-08-31;30.11;30.67;30.02;30.26;6241400.0
2004-09-01;30.5;30.75;30.17;30.49;1221500.0
2004-09-02;30.58;32.26;30.35;31.49;1534800.0
2004-09-03;31.61;31.9;31.31;31.6;879300.0
2004-09-07;32.0;32.65;31.78;32.4;831200.0
2004-09-08;32.81;32.85;31.77;31.97;656900.0
2004-09-09;32.01;32.15;30.34;30.63;1939700.0
2004-09-10;31.04;33.64;31.01;33.6;3426400.0
2004-09-13;33.86;35.29;33.55;34.63;2422500.0
2004-09-14;34.52;34.95;34.15;34.86;1624300.0
2004-09-15;34.68;35.11;34.21;35.07;1451700.0
2004-09-16;35.29;35.81;35.0;35.23;1219100.0
2004-09-17;35.16;35.48;34.52;34.53;714500.0
2004-09-20;34.5;35.28;33.68;33.78;1177500.0
2004-09-21;34.01;34.21;33.63;33.78;1280000.0
2004-09-22;33.75;33.93;32.91;33.32;1217400.0
2004-09-23;33.35;33.69;32.65;32.91;1010900.0
2004-09-24;33.07;34.1;32.8;33.64;742000.0
2004-09-27;33.62;33.64;32.9;32.96;764500.0
2004-09-28;33.22;34.42;32.97;34.18;1474800.0
2004-09-29;34.47;34.58;34.05;34.43;934300.0
2004-09-30;34.49;34.49;33.68;34.4;727800.0
2004-10-01;34.4;35.03;34.01;34.61;1014700.0
2004-10-04;35.13;36.28;34.8;35.51;1527500.0
2004-10-05;35.78;36.04;34.57;35.1;1206100.0
2004-10-06;35.03;35.52;34.77;35.52;790300.0
2004-10-07;35.87;36.45;35.52;35.53;989300.0
2004-10-08;35.68;35.86;34.9;35.21;687700.0
2004-10-11;35.37;35.82;35.11;35.72;585000.0
2004-10-12;35.81;36.13;35.0;35.69;991400.0
2004-10-13;36.2;36.22;35.04;35.2;530000.0
2004-10-14;35.51;35.54;35.1;35.2;339700.0
2004-10-15;35.4;36.45;35.01;35.85;810300.0
2004-10-18;36.18;36.95;35.85;36.95;911300.0
2004-10-19;37.3;38.1;37.26;37.84;1198900.0
2004-10-20;38.14;38.14;37.0;37.55;766100.0
2004-10-21;37.75;38.44;37.59;38.37;652800.0
2004-10-22;38.6;38.85;37.64;37.92;653500.0
2004-10-25;38.12;38.35;37.07;38.315;719200.0
2004-10-26;38.6;39.1;38.22;38.85;770800.0
2004-10-27;39.3;40.22;38.77;40.01;821400.0
2004-10-28;40.41;41.47;40.1;41.1;1481500.0
2004-10-29;41.36;41.36;40.75;41.0;762000.0
2004-11-01;41.24;41.74;40.6;41.65;795300.0
2004-11-02;41.81;41.82;40.6;41.37;664700.0
2004-11-03;42.28;42.73;40.9;41.33;1053500.0
2004-11-04;41.89;43.63;40.75;43.54;1285100.0
2004-11-05;43.95;44.25;43.0;43.65;1313400.0
2004-11-08;43.98;45.1;43.71;44.81;1297600.0
2004-11-09;45.0;45.24;44.02;44.34;1001600.0
2004-11-10;44.4;45.34;44.06;45.21;1320800.0
2004-11-11;45.03;45.06;42.78;44.5;3445400.0
2004-11-12;44.8;47.19;44.53;47.09;2074400.0
2004-11-15;47.09;48.47;46.56;47.03;2529000.0
2004-11-16;46.2;46.31;45.24;45.77;1864900.0
2004-11-17;46.24;46.48;43.62;44.02;2340800.0
2004-11-18;43.75;46.05;43.26;45.66;2089300.0
2004-11-19;44.8;45.09;42.9;43.45;2430800.0
2004-11-22;43.785;43.83;42.19;43.13;1564000.0
2004-11-23;42.94;44.8;42.35;44.32;1832100.0
2004-11-24;44.59;45.43;44.17;44.58;781800.0
2004-11-26;44.8;44.91;44.38;44.61;232800.0
2004-11-29;44.9;44.9;43.25;43.5;1097600.0
2004-11-30;43.5;43.5;41.6;42.5;1968000.0
2004-12-01;43.03;44.19;42.83;43.87;1342500.0
2004-12-02;43.19;43.95;42.14;42.48;1846300.0
2004-12-03;42.02;42.49;41.25;41.9;2228900.0
2004-12-06;41.45;42.3;41.26;42.04;1593800.0
2004-12-07;42.5;43.06;41.81;42.39;1299100.0
2004-12-08;42.59;43.2;42.0;42.84;2142200.0
2004-12-09;42.85;43.4;42.1;43.22;1637700.0
2004-12-10;43.6;43.65;42.54;42.88;739200.0
2004-12-13;43.75;44.15;42.35;43.06;1245600.0
2004-12-14;43.89;44.15;42.88;44.14;1610700.0
2004-12-15;44.53;44.75;43.85;44.1;829700.0
2004-12-16;43.69;44.1;43.28;43.33;654700.0
2004-12-17;43.25;43.73;42.76;43.28;1071400.0
2004-12-20;43.29;43.72;41.8;42.0;1326100.0
2004-12-21;42.2;42.93;41.8;42.9;965600.0
2004-12-22;42.97;43.94;42.57;43.64;809700.0
2004-12-23;43.94;44.38;43.06;43.46;713500.0
2004-12-27;43.84;44.4;43.49;43.63;464200.0
2004-12-28;44.47;44.99;43.94;44.98;830900.0
2004-12-29;44.9;45.33;44.7;44.84;670400.0
2004-12-30;45.0;45.3;44.7;45.18;552700.0
2004-12-31;45.3;45.3;44.4;44.4;676000.0
2005-01-03;45.16;45.7;43.75;43.85;1305100.0
2005-01-04;44.59;44.77;43.02;43.31;1160500.0
2005-01-05;43.09;43.76;42.28;42.78;1510700.0
2005-01-06;41.4;42.23;38.49;41.61;5004800.0
2005-01-07;41.88;42.08;40.3;41.02;1418600.0
2005-01-10;40.48;41.2;40.25;40.8;1059300.0
2005-01-11;39.8;40.94;39.57;40.32;1082700.0
2005-01-12;40.43;40.85;39.78;40.18;916000.0
2005-01-13;40.24;40.48;39.75;40.02;870800.0
2005-01-14;40.4;41.91;40.23;41.8;1566200.0
2005-01-18;41.85;41.9;40.42;41.51;1490000.0
2005-01-19;42.01;42.11;41.27;41.45;813200.0
2005-01-20;41.69;41.75;40.27;40.4;1245400.0
2005-01-21;40.48;40.75;39.31;39.37;1713100.0
2005-01-24;39.5;39.65;37.86;38.65;2513400.0
2005-01-25;38.91;40.21;38.65;39.87;1247300.0
2005-01-26;40.29;40.45;39.53;39.93;665200.0
2005-01-27;40.18;41.14;39.69;40.74;940800.0
2005-01-28;41.0;41.0;39.8;40.19;961000.0
2005-01-31;40.8;42.09;40.62;42.07;1002100.0
2005-02-01;42.25;42.39;41.1;41.39;902700.0
2005-02-02;41.66;41.66;40.81;41.42;753300.0
2005-02-03;40.9;42.84;40.64;41.9;1234000.0
2005-02-04;42.09;43.57;41.7;43.34;1147400.0
2005-02-07;43.73;44.87;43.12;44.58;1330600.0
2005-02-08;44.84;44.92;43.8;44.22;850800.0
2005-02-09;44.08;44.25;43.01;43.3;666000.0
2005-02-10;43.63;43.67;42.35;43.07;540900.0
2005-02-11;43.33;43.77;42.6;43.38;504500.0
2005-02-14;43.6;43.85;43.16;43.43;578100.0
2005-02-15;43.65;43.72;42.78;43.23;507700.0
2005-02-16;43.3;43.67;42.86;43.62;417800.0
2005-02-17;43.4;44.15;43.22;43.68;507800.0
2005-02-18;43.9;44.0;42.69;42.93;490600.0
2005-02-22;42.93;42.93;40.75;41.1;966900.0
2005-02-23;42.26;42.65;41.83;42.44;1242900.0
2005-02-24;42.47;42.49;41.46;42.35;699800.0
2005-02-25;42.59;42.7;41.5;41.85;1003900.0
2005-02-28;41.57;42.3;41.23;41.59;705700.0
2005-03-01;41.93;44.1;41.65;43.83;2104400.0
2005-03-02;44.25;46.1;44.1;45.54;2448300.0
2005-03-03;45.6;46.44;44.65;44.87;1356500.0
2005-03-04;45.59;45.8;44.9;45.17;608900.0
2005-03-07;45.74;48.06;45.14;47.8;2580500.0
2005-03-08;47.54;48.27;47.27;47.915;1575200.0
2005-03-09;47.76;48.12;47.05;47.52;1126200.0
2005-03-10;46.92;47.48;45.5;47.24;3420900.0
2005-03-11;47.27;48.03;46.6;48.03;1142500.0
2005-03-14;48.28;49.25;46.83;47.46;1130600.0
2005-03-15;47.78;49.25;47.59;48.9;1569200.0
2005-03-16;48.32;49.19;47.85;48.36;1000300.0
2005-03-17;48.79;48.9;47.03;48.12;1549100.0
2005-03-18;47.92;48.34;46.7;47.91;2014800.0
2005-03-21;47.59;48.01;45.73;46.78;1474400.0
2005-03-22;46.63;47.45;46.5;46.64;590800.0
2005-03-23;46.47;46.89;45.75;45.96;702200.0
2005-03-24;45.86;46.7;45.26;45.44;1065300.0
2005-03-28;45.85;47.65;45.6;47.5;1177500.0
2005-03-29;47.25;47.9;46.0;46.29;890100.0
2005-03-30;46.11;47.7;45.39;47.68;1017000.0
2005-03-31;47.85;48.16;47.13;47.97;1173600.0
2005-04-01;48.29;48.6;46.11;47.0;916600.0
2005-04-04;46.74;47.9;46.27;47.2;1226100.0
2005-04-05;47.15;49.08;47.15;48.81;1508400.0
2005-04-06;49.03;49.44;48.19;48.89;1341200.0
2005-04-07;48.9;48.9;47.6;48.2;1505900.0
2005-04-08;47.95;48.49;46.74;47.0;803400.0
2005-04-11;46.92;47.35;46.36;46.56;431900.0
2005-04-12;46.2;47.38;45.63;47.12;819500.0
2005-04-13;46.85;47.46;45.82;46.08;669800.0
2005-04-14;45.94;46.37;45.09;45.53;796300.0
2005-04-15;45.25;45.31;43.3;43.54;1844300.0
2005-04-18;43.02;45.1;42.64;44.07;1136400.0
2005-04-19;44.36;46.6;44.21;46.33;1756100.0
2005-04-20;46.55;46.87;44.6;44.98;1344200.0
2005-04-21;45.25;46.41;45.07;46.41;710600.0
2005-04-22;46.0;46.49;44.77;45.15;1069400.0
2005-04-25;45.47;46.2;45.13;45.97;531200.0
2005-04-26;45.46;46.9;45.35;45.65;636600.0
2005-04-27;44.99;46.04;44.84;45.53;795000.0
2005-04-28;45.2;45.65;44.41;44.7;1038100.0
2005-04-29;44.92;45.63;43.12;44.42;2310700.0
2005-05-02;44.27;45.23;44.14;45.0;1000300.0
2005-05-03;44.81;45.52;44.34;44.77;1021400.0
2005-05-04;44.78;45.31;44.17;45.15;985000.0
2005-05-05;44.54;46.96;43.88;46.14;2878300.0
2005-05-06;46.6;46.74;45.59;46.11;814300.0
2005-05-09;46.3;47.87;45.5;47.71;1265700.0
2005-05-10;47.49;48.63;47.25;48.04;2665500.0
2005-05-11;48.08;48.2;47.06;47.78;1401200.0
2005-05-12;47.72;50.29;47.48;49.74;3971100.0
2005-05-13;50.1;51.2;49.36;50.71;2286100.0
2005-05-16;50.64;51.77;50.55;51.58;1297100.0
2005-05-17;51.23;52.18;51.18;52.11;1555700.0
2005-05-18;52.58;52.92;51.44;51.87;1293300.0
2005-05-19;52.0;53.48;51.65;53.32;1230800.0
2005-05-20;52.37;53.18;52.06;52.93;1236200.0
2005-05-23;52.94;54.24;52.85;53.95;1172500.0
2005-05-24;53.82;53.94;53.37;53.89;765000.0
2005-05-25;53.72;53.81;52.43;53.11;742100.0
2005-05-26;52.8;53.5;52.32;52.65;890300.0
2005-05-27;52.58;54.25;52.47;54.16;946000.0
2005-05-31;54.31;54.37;53.23;53.34;887300.0
2005-06-01;53.31;54.25;53.14;53.69;1308900.0
2005-06-02;54.02;56.52;53.84;56.4;1815300.0
2005-06-03;56.2;56.72;54.93;54.99;1028000.0
2005-06-06;54.81;56.27;54.0;56.04;972900.0
2005-06-07;56.14;57.2;55.8;56.35;1303800.0
2005-06-08;56.41;56.68;54.68;54.87;902100.0
2005-06-09;54.68;55.75;54.5;55.38;945100.0
2005-06-10;54.99;56.77;53.62;54.57;2284500.0
2005-06-13;54.71;55.33;54.48;55.2;898800.0
2005-06-14;55.0;58.6;54.77;58.49;2965200.0
2005-06-15;58.68;58.8;57.81;58.79;1320400.0
2005-06-16;58.79;59.85;58.6;59.45;1424800.0
2005-06-17;59.61;60.05;58.38;58.92;1160800.0
2005-06-20;58.3;59.29;57.53;59.05;905200.0
2005-06-21;59.25;59.8;58.75;59.09;846500.0
2005-06-22;59.05;59.63;58.16;58.83;697100.0
2005-06-23;58.72;59.3;57.19;57.19;802400.0
2005-06-24;57.19;57.65;56.21;56.75;852400.0
2005-06-27;56.41;57.39;55.49;56.0;1131800.0
2005-06-28;56.07;58.6;56.0;58.58;1092800.0
2005-06-29;58.61;59.24;57.79;58.35;753500.0
2005-06-30;58.35;58.71;56.62;56.69;1000000.0
2005-07-01;56.91;57.53;55.73;57.5;573500.0
2005-07-05;57.24;59.0;57.18;58.2;608300.0
2005-07-06;58.42;59.0;57.3;57.77;620400.0
2005-07-07;57.0;58.08;56.5;57.91;989400.0
2005-07-08;57.99;58.34;57.2;58.29;1059400.0
2005-07-11;58.5;60.7;58.36;60.43;1126100.0
2005-07-12;60.72;60.82;59.6;60.51;1147600.0
2005-07-13;60.0;60.25;58.31;58.7;1247300.0
2005-07-14;58.01;59.37;56.41;57.44;2235700.0
2005-07-15;57.44;59.05;57.44;58.57;851300.0
2005-07-18;58.5;59.72;58.41;59.62;1081300.0
2005-07-19;59.95;62.3;59.7;61.8;1667700.0
2005-07-20;61.5;61.9;60.87;61.54;606600.0
2005-07-21;61.65;61.659;60.1;60.59;919900.0
2005-07-22;60.7;62.96;60.5522;62.6;1253800.0
2005-07-25;62.34;62.71;60.87;61.0;933800.0
2005-07-26;61.1;61.35;58.53;59.52;2034600.0
2005-07-27;59.9;60.15;58.77;60.12;814700.0
2005-07-28;60.0;61.62;59.18;61.46;922300.0
2005-07-29;61.48;61.9;59.86;60.71;648000.0
2005-08-01;60.71;61.7;60.3;61.3501;686600.0
2005-08-02;61.5;61.68;60.66;61.07;935600.0
2005-08-03;60.83;61.2;59.91;60.82;744800.0
2005-08-04;59.14;59.25;58.09;58.63;1616800.0
2005-08-05;57.97;58.45;55.69;56.2;1816200.0
2005-08-08;56.11;57.5;55.82;56.04;1110000.0
2005-08-09;56.01;57.25;56.01;57.03;798800.0
2005-08-10;57.28;59.63;57.09;57.09;1336700.0
2005-08-11;55.31;57.83;54.5;57.795;4378600.0
2005-08-12;57.72;58.7;57.48;58.7;1264900.0
2005-08-15;58.38;59.15;58.13;58.6;1370300.0
2005-08-16;58.1;58.24;56.08;56.75;1686600.0
2005-08-17;56.21;57.68;56.03;57.6;1545200.0
2005-08-18;57.0;57.58;56.73;57.22;1301100.0
2005-08-19;57.63;57.72;56.65;56.73;826900.0
2005-08-22;56.76;57.06;56.19;56.68;1075500.0
2005-08-23;56.45;56.749;56.0;56.51;797300.0
2005-08-24;56.14;57.9;56.09;56.53;670900.0
2005-08-25;56.53;58.11;56.4;57.5;1120600.0
2005-08-26;57.35;57.68;56.26;56.62;1246600.0
2005-08-29;56.38;56.5;55.8;56.21;1576600.0
2005-08-30;55.93;56.18;54.326;55.05;1961700.0
2005-08-31;54.74;55.8;54.08;55.66;1946700.0
2005-09-01;55.1;55.11;51.21;52.6;2942000.0
2005-09-02;52.49;54.06;52.27;54.0;1907800.0
2005-09-06;54.0;55.65;53.9;55.56;1194400.0
2005-09-07;55.51;56.69;55.007;56.53;934700.0
2005-09-08;56.4;57.34;55.99;57.18;1552300.0
2005-09-09;57.13;57.53;56.43;56.92;1141700.0
2005-09-12;56.8;56.97;55.87;56.51;790600.0
2005-09-13;56.21;56.21;54.56;54.74;1454400.0
2005-09-14;54.7;55.48;54.61;55.06;891700.0
2005-09-15;55.4;55.99;54.7;55.55;1511300.0
2005-09-16;55.7;55.94;54.44;54.79;1833700.0
2005-09-19;54.46;54.68;53.0;54.01;1792500.0
2005-09-20;54.33;55.3528;51.15;51.3;2543400.0
2005-09-21;51.31;52.9;49.8;52.47;3437100.0
2005-09-22;52.35;53.93;51.65;53.85;2888700.0
2005-09-23;53.64;55.47;53.39;54.85;1508900.0
2005-09-26;27.91;29.24;27.6;28.57;2001950.0
2005-09-27;28.57;28.75;28.12;28.55;1678900.0
2005-09-28;28.74;28.74;28.0;28.25;2692800.0
2005-09-29;28.4;28.89;27.91;28.73;2173000.0
2005-09-30;28.57;29.87;28.57;29.4;2765600.0
2005-10-03;29.25;29.775;29.1;29.39;1779400.0
2005-10-04;29.26;29.99;29.15;29.48;1516300.0
2005-10-05;30.33;30.55;29.53;30.0;3705400.0
2005-10-06;29.82;31.47;29.82;30.63;4470600.0
2005-10-07;30.67;31.1;30.14;30.95;1723100.0
2005-10-10;30.86;31.12;30.02;30.28;2040600.0
2005-10-11;30.41;30.61;29.66;29.83;1177500.0
2005-10-12;29.65;29.67;28.46;28.6;2152600.0
2005-10-13;28.46;29.29;28.46;29.04;1252400.0
2005-10-14;29.37;29.76;29.01;29.52;1153200.0
2005-10-17;29.4;29.95;29.13;29.82;711600.0
2005-10-18;29.99;29.99;29.18;29.38;711900.0
2005-10-19;29.38;29.72;28.86;29.67;1398200.0
2005-10-20;29.52;30.66;29.49;30.31;2109700.0
2005-10-21;30.37;31.77;30.37;31.44;2287700.0
2005-10-24;31.46;31.59;29.93;30.03;3611000.0
2005-10-25;30.0;30.0;28.21;28.54;3655500.0
2005-10-26;28.31;28.94;27.99;28.03;2165500.0
2005-10-27;27.98;28.11;26.2;26.71;3054100.0
2005-10-28;26.97;27.94;26.72;27.52;2544600.0
2005-10-31;27.6;28.8;27.6;28.33;2061600.0
2005-11-01;28.5;28.55;27.86;28.42;1218800.0
2005-11-02;28.42;29.6;28.35;29.46;1937600.0
2005-11-03;31.7;33.3;30.4;30.78;5523500.0
2005-11-04;30.71;31.86;30.65;31.37;2236400.0
2005-11-07;31.58;31.58;30.22;30.7;2055400.0
2005-11-08;30.44;30.96;29.8;30.59;1257700.0
2005-11-09;30.85;30.95;29.91;30.15;1829500.0
2005-11-10;28.39;31.95;28.03;31.48;9116900.0
2005-11-11;31.97;32.5;31.18;31.43;3481400.0
2005-11-14;31.57;31.82;30.75;31.31;1637100.0
2005-11-15;30.9;31.0;29.71;29.81;3068800.0
2005-11-16;29.98;30.75;29.76;30.64;2152400.0
2005-11-17;30.62;31.37;30.55;31.37;1664900.0
2005-11-18;31.5;31.6799;30.54;30.8;1698000.0
2005-11-21;30.74;31.43;30.51;31.42;1469100.0
2005-11-22;31.65;32.99;31.47;32.83;2499300.0
2005-11-23;32.9;33.77;32.77;33.43;2135200.0
2005-11-25;33.51;33.61;32.47;32.79;1204400.0
2005-11-28;32.77;32.87;31.41;31.75;2591300.0
2005-11-29;31.84;31.99;31.03;31.29;2464500.0
2005-11-30;31.23;31.66;30.76;30.91;1526600.0
2005-12-01;30.89;31.46;30.52;31.07;1903200.0
2005-12-02;31.14;31.93;31.1;31.56;1345700.0
2005-12-05;31.34;31.76;30.355;31.46;2791500.0
2005-12-06;31.59;31.79;30.56;30.58;1681800.0
2005-12-07;30.53;30.69;29.92;30.28;2125700.0
2005-12-08;30.44;31.21;30.24;30.79;1471600.0
2005-12-09;30.77;30.85;29.15;30.28;5064100.0
2005-12-12;30.31;31.2;28.82;29.54;4428500.0
2005-12-13;28.07;29.25;27.74;28.5;5128700.0
2005-12-14;28.43;28.8;27.91;28.15;3165500.0
2005-12-15;28.05;28.13;26.24;26.51;8803800.0
2005-12-16;26.62;26.62;25.6;26.27;1.49256E7
2005-12-19;26.3;27.27;26.01;26.54;6904100.0
2005-12-20;26.53;26.97;25.9;26.56;3910200.0
2005-12-21;26.59;26.71;25.96;26.15;2503300.0
2005-12-22;26.05;26.34;25.44;25.57;4989400.0
2005-12-23;25.74;26.18;25.43;26.04;1876700.0
2005-12-27;25.99;26.25;25.55;25.87;2971800.0
2005-12-28;25.75;26.35;25.66;25.89;2333700.0
2005-12-29;25.9;26.07;25.49;25.62;1144000.0
2005-12-30;25.45;26.22;25.19;25.31;1780800.0
2006-01-03;25.3;27.03;24.102;24.96;5915800.0
2006-01-04;24.83;24.97;23.87;24.48;6631200.0
2006-01-05;25.67;26.06;25.05;25.27;8240000.0
2006-01-06;25.5;25.59;24.53;25.35;5110200.0
2006-01-09;26.85;29.49;26.76;29.07;1.23132E7
2006-01-10;29.0;29.02;27.96;28.45;4539500.0
2006-01-11;28.51;29.89;28.29;29.0;4152300.0
2006-01-12;29.08;29.18;28.36;28.44;2777100.0
2006-01-13;28.65;28.86;28.05;28.68;2313900.0
2006-01-17;28.45;28.69;27.44;27.94;3000100.0
2006-01-18;27.39;28.2;26.75;27.73;3646600.0
2006-01-19;27.55;28.01;27.0;27.11;2672000.0
2006-01-20;26.88;27.17;26.13;26.58;4369900.0
2006-01-23;26.585;27.35;26.08;26.11;4014500.0
2006-01-24;26.3;26.66;25.52;26.31;3948600.0
2006-01-25;26.46;26.95;26.231;26.71;2612300.0
2006-01-26;26.7;27.12;26.28;26.72;3132400.0
2006-01-27;26.99;28.19;26.75;28.1;4463300.0
2006-01-30;28.32;28.56;27.4;27.52;5682100.0
2006-01-31;27.38;27.59;26.95;27.31;2182700.0
2006-02-01;27.39;27.56;26.88;27.45;2981200.0
2006-02-02;27.51;27.8;25.85;26.4;3186100.0
2006-02-03;26.13;26.58;25.58;25.94;2156900.0
2006-02-06;25.5;26.0;25.11;25.8;3409500.0
2006-02-07;25.8;27.9;25.67;26.81;7024800.0
2006-02-08;26.95;27.14;26.39;26.7;2712200.0
2006-02-09;26.65;27.5;26.65;26.88;1572200.0
2006-02-10;26.75;26.85;26.05;26.51;1826300.0
2006-02-13;26.29;26.54;26.01;26.51;1920500.0
2006-02-14;26.51;27.15;26.31;26.81;1612200.0
2006-02-15;26.7;27.45;26.41;26.95;2773800.0
2006-02-16;26.96;27.5;26.86;27.5;2566500.0
2006-02-17;27.5;27.63;26.93;27.01;1486100.0
2006-02-21;27.02;27.31;26.34;26.8;1376100.0
2006-02-22;26.71;27.72;26.62;27.57;2262300.0
2006-02-23;27.47;29.15;27.21;28.51;5011400.0
2006-02-24;28.45;28.45;27.6;27.74;2630500.0
2006-02-27;27.88;29.08;27.75;28.92;4330300.0
2006-02-28;28.87;28.9;27.98;28.1;2720800.0
2006-03-01;28.05;28.47;27.99;28.26;1659900.0
2006-03-02;27.86;27.89;27.1;27.64;2424800.0
2006-03-03;27.36;27.67;27.09;27.1;1167500.0
2006-03-06;26.55;26.6;25.86;26.03;3842400.0
2006-03-07;25.55;25.96;24.54;24.79;5345200.0
2006-03-08;25.69;26.36;25.05;25.41;8867500.0
2006-03-09;24.65;26.15;24.158;24.85;1.20377E7
2006-03-10;24.5;26.23;24.26;25.15;5705100.0
2006-03-13;24.9097;25.67;24.48;24.66;4751200.0
2006-03-14;24.58;25.0;24.39;24.66;3267600.0
2006-03-15;24.67;24.94;24.47;24.65;2494600.0
2006-03-16;24.64;24.84;23.65;23.74;4988800.0
2006-03-17;23.74;24.09;23.6;23.8;2376500.0
2006-03-20;24.2;24.2;23.43;23.68;2248700.0
2006-03-21;23.59;23.84;23.1;23.27;3115000.0
2006-03-22;23.04;24.08;22.99;23.99;4651800.0
2006-03-23;23.92;24.72;23.89;24.19;3626900.0
2006-03-24;24.15;24.76;24.13;24.64;2500800.0
2006-03-27;24.61;24.78;23.97;23.99;2830800.0
2006-03-28;24.07;24.68;24.0;24.23;3042000.0
2006-03-29;24.24;24.43;24.09;24.15;2139100.0
2006-03-30;24.15;24.66;24.09;24.6;1733600.0
2006-03-31;24.52;24.92;24.33;24.54;2703700.0
2006-04-03;24.56;24.58;23.36;23.65;6772400.0
2006-04-04;23.67;23.75;22.74;23.02;6580000.0
2006-04-05;22.95;23.36;22.55;23.09;3382500.0
2006-04-06;23.0;23.82;22.96;23.43;2775300.0
2006-04-07;23.56;23.85;22.95;23.3;1971300.0
2006-04-10;23.22;23.74;22.53;22.78;2470500.0
2006-04-11;22.76;22.89;21.75;22.0;5921900.0
2006-04-12;22.0;22.65;21.88;22.5;4382300.0
2006-04-13;22.08;22.3;21.79;22.17;4230300.0
2006-04-17;22.05;22.8;21.98;22.58;4343500.0
2006-04-18;22.6;23.87;22.57;23.8;6366600.0
2006-04-19;23.7;23.84;23.27;23.62;4885500.0
2006-04-20;23.54;23.82;23.26;23.4;2650800.0
2006-04-21;23.54;23.55;22.59;23.24;2099000.0
2006-04-24;23.1;23.36;22.88;23.26;2647100.0
2006-04-25;23.37;23.6;22.93;23.14;2068100.0
2006-04-26;23.22;23.49;22.95;23.17;2541900.0
2006-04-27;23.05;23.71;22.84;23.16;1646800.0
2006-04-28;23.24;23.47;23.02;23.2;1281000.0
2006-05-01;23.21;23.6;22.62;22.88;2891200.0
2006-05-02;22.88;23.0;22.31;22.45;2743500.0
2006-05-03;22.38;22.47;21.97;22.18;5394600.0
2006-05-04;21.97;23.19;21.93;22.93;3612200.0
2006-05-05;23.02;23.02;22.4;22.62;2402300.0
2006-05-08;22.45;22.84;22.41;22.54;2084900.0
2006-05-09;22.45;22.49;21.62;21.65;3366900.0
2006-05-10;21.56;21.76;21.24;21.44;2841300.0
2006-05-11;21.46;22.69;20.75;22.13;1.11618E7
2006-05-12;21.99;22.04;20.99;21.28;3631900.0
2006-05-15;21.03;21.26;20.66;20.82;1689200.0
2006-05-16;20.75;20.751;20.1;20.46;3121600.0
2006-05-17;20.15;20.44;20.082;20.2;3113400.0
2006-05-18;20.52;20.61;19.74;19.81;2237800.0
2006-05-19;19.77;20.77;19.74;19.96;2343900.0
2006-05-22;19.69;19.96;18.99;19.56;2646400.0
2006-05-23;19.65;20.15;19.38;19.42;2911600.0
2006-05-24;19.01;19.7;18.63;19.34;3619600.0
2006-05-25;19.46;19.46;18.55;19.15;2985600.0
2006-05-26;19.27;19.27;18.73;18.94;1061200.0
2006-05-30;18.8;18.99;18.42;18.43;1121800.0
2006-05-31;18.41;18.96;18.39;18.57;1739200.0
2006-06-01;18.63;19.29;18.5;18.84;2724700.0
2006-06-02;18.72;19.16;18.71;18.96;1312900.0
2006-06-05;19.03;19.03;18.02;18.06;2153400.0
2006-06-06;18.1;18.54;17.85;18.37;4605000.0
2006-06-07;18.41;18.93;18.22;18.5;2443400.0
2006-06-08;18.59;18.65;17.52;18.11;3452500.0
2006-06-09;18.15;18.32;18.0;18.14;1726600.0
2006-06-12;17.98;18.14;17.39;17.43;2366900.0
2006-06-13;17.4;17.77;17.38;17.43;2637400.0
2006-06-14;17.4;17.7;17.32;17.67;2163300.0
2006-06-15;17.75;18.16;17.53;18.02;2389200.0
2006-06-16;17.95;18.12;17.46;17.54;2290100.0
2006-06-19;17.5;17.62;16.94;17.05;4027400.0
2006-06-20;16.5;17.09;16.45;16.87;4003800.0
2006-06-21;16.79;17.05;16.49;16.84;3217400.0
2006-06-22;16.69;16.77;16.29;16.52;1339600.0
2006-06-23;16.45;16.72;16.3;16.56;1363500.0
2006-06-26;16.58;16.7;16.39;16.51;2313700.0
2006-06-27;16.45;16.51;16.13;16.36;2997400.0
2006-06-28;16.41;16.47;15.95;16.18;4277900.0
2006-06-29;16.25;16.73;16.25;16.71;3468300.0
2006-06-30;16.73;17.64;16.73;17.49;3841100.0
2006-07-03;17.45;17.58;17.32;17.58;1357100.0
2006-07-05;17.46;17.5;16.81;17.03;2726300.0
2006-07-06;16.96;17.25;16.71;17.08;1611000.0
2006-07-07;17.04;17.055;16.27;16.34;2790300.0
2006-07-10;16.37;16.8;16.33;16.53;1946600.0
2006-07-11;16.52;16.71;15.85;16.08;4408000.0
2006-07-12;16.08;16.33;15.22;15.27;3959000.0
2006-07-13;15.25;15.73;14.99;15.55;4025000.0
2006-07-14;15.5;15.57;15.07;15.3;3353900.0
2006-07-17;15.31;15.53;15.0;15.31;2730100.0
2006-07-18;15.38;15.66;14.82;15.2;2900900.0
2006-07-19;15.2;15.82;15.12;15.63;2023300.0
2006-07-20;15.359;15.646;15.09;15.09;3243300.0
2006-07-21;15.0;15.1;14.89;14.98;2813900.0
2006-07-24;15.0;15.42;15.0;15.22;2457000.0
2006-07-25;15.28;15.38;14.58;15.21;2775000.0
2006-07-26;15.12;15.17;14.6185;14.83;2871700.0
2006-07-27;14.81;15.01;14.34;14.42;5396200.0
2006-07-28;14.53;14.8;14.5;14.7;2861700.0
2006-07-31;14.71;14.78;14.44;14.62;3621800.0
2006-08-01;14.5;14.62;13.98;14.14;2506000.0
2006-08-02;14.15;14.51;14.05;14.3;2212400.0
2006-08-03;14.2;14.75;14.0;14.56;2733600.0
2006-08-04;14.795;15.26;14.52;14.69;2194800.0
2006-08-07;14.69;14.78;14.28;14.61;3296400.0
2006-08-08;14.45;14.91;13.95;14.01;6229700.0
2006-08-09;14.16;14.25;13.65;14.02;3984400.0
2006-08-10;14.35;16.47;14.28;16.01;1.41536E7
2006-08-11;15.91;16.0;15.65;15.71;3401100.0
2006-08-14;15.98;16.11;15.5;15.91;2921700.0
2006-08-15;16.21;16.73;15.95;16.64;3269800.0
2006-08-16;16.895;17.24;16.7;17.07;3203100.0
2006-08-17;17.09;17.18;16.77;17.08;3374700.0
2006-08-18;17.12;17.17;16.67;17.11;2363100.0
2006-08-21;17.0;17.03;16.17;16.54;4768600.0
2006-08-22;16.45;16.84;16.13;16.54;4056600.0
2006-08-23;16.62;16.64;15.89;16.05;2177700.0
2006-08-24;15.9;16.0;15.0;15.11;5004000.0
2006-08-25;15.08;15.28;14.9427;15.15;1940500.0
2006-08-28;15.04;15.4799;14.95;15.25;1675100.0
2006-08-29;15.24;15.28;14.91;15.19;2532500.0
2006-08-30;15.15;15.88;15.0;15.74;2673800.0
2006-08-31;15.71;16.01;15.49;15.69;2032100.0
2006-09-01;15.55;15.6;15.15;15.44;3050700.0
2006-09-05;15.41;15.65;15.25;15.58;2266100.0
2006-09-06;15.42;15.51;14.63;14.75;5967600.0
2006-09-07;14.71;14.89;14.41;14.47;4607200.0
2006-09-08;14.45;14.96;14.4;14.65;3673500.0
2006-09-11;14.5;15.0;14.34;14.79;3959700.0
2006-09-12;14.76;16.28;14.75;16.07;5657800.0
2006-09-13;16.269;17.2;16.24;16.76;9703500.0
2006-09-14;16.9;17.55;16.84;16.97;8481100.0
2006-09-15;17.055;17.4;16.85;17.27;4619000.0
2006-09-18;17.29;17.44;17.04;17.19;1989400.0
2006-09-19;17.2;17.69;17.07;17.59;2241900.0
2006-09-20;17.74;18.72;17.71;18.43;4598200.0
2006-09-21;18.54;18.88;18.21;18.43;4412700.0
2006-09-22;18.39;18.43;17.65;18.01;2467000.0
2006-09-25;18.309;18.6;17.74;18.36;2462500.0
2006-09-26;18.439;18.439;17.45;17.85;5217900.0
2006-09-27;17.65;17.98;17.4;17.67;3266200.0
2006-09-28;17.71;17.87;17.13;17.87;3405600.0
2006-09-29;17.88;17.95;17.5;17.72;7010400.0
2006-10-02;17.64;18.0;17.2;17.36;4936400.0
2006-10-03;17.31;17.46;17.0;17.33;4996300.0
2006-10-04;17.37;18.38;17.27;18.38;5635300.0
2006-10-05;18.38;19.1;18.22;18.78;5630900.0
2006-10-06;18.8;19.76;18.59;19.24;6172100.0
2006-10-09;19.29;19.7;18.83;19.41;2742200.0
2006-10-10;19.47;19.63;18.95;19.12;2703300.0
2006-10-11;18.86;19.15;18.68;18.91;3180400.0
2006-10-12;18.89;19.35;18.81;19.32;2024800.0
2006-10-13;19.26;19.64;19.1;19.55;2709900.0
2006-10-16;19.62;19.7;19.18;19.64;2109600.0
2006-10-17;19.52;19.52;18.56;18.94;3879700.0
2006-10-18;18.92;19.29;18.75;18.84;2127200.0
2006-10-19;18.759;19.04;18.66;19.04;1767600.0
2006-10-20;19.099;19.1;18.25;18.34;3442700.0
2006-10-23;18.2;18.65;18.03;18.49;3615300.0
2006-10-24;18.61;18.9;18.15;18.74;3339700.0
2006-10-25;18.63;18.92;18.25;18.38;4593900.0
2006-10-26;18.59;18.66;18.04;18.45;2925400.0
2006-10-27;18.45;18.46;17.75;17.83;3929900.0
2006-10-30;17.72;18.21;17.65;18.04;2772900.0
2006-10-31;18.0;18.05;17.27;17.5;3960100.0
2006-11-01;17.74;17.76;17.29;17.33;2733400.0
2006-11-02;17.245;17.51;17.0;17.22;2945000.0
2006-11-03;17.2;17.5;17.05;17.19;2533100.0
2006-11-06;17.2;18.2;17.19;17.87;4398500.0
2006-11-07;18.69;18.91;18.15;18.36;9285800.0
2006-11-08;18.64;19.61;18.45;19.0;9041700.0
2006-11-09;20.91;22.22;20.55;21.53;1.21448E7
2006-11-10;21.55;22.27;21.34;22.16;3631900.0
2006-11-13;21.946;22.27;21.32;21.7;3009600.0
2006-11-14;21.63;22.48;21.35;22.48;1934300.0
2006-11-15;22.35;23.08;22.13;22.92;3705000.0
2006-11-16;23.29;23.29;22.6;23.0;3699000.0
2006-11-17;22.83;23.01;22.08;22.39;3221600.0
2006-11-20;22.39;22.9;22.13;22.67;3311600.0
2006-11-21;22.59;22.9;22.24;22.4;2661900.0
2006-11-22;22.48;22.51;22.0;22.42;2137000.0
2006-11-24;22.21;22.44;21.93;22.22;729600.0
2006-11-27;22.05;22.8078;21.41;21.63;2810000.0
2006-11-28;21.44;22.4;21.3;22.3;3925400.0
2006-11-29;22.3;22.55;21.91;22.4;3598200.0
2006-11-30;22.49;22.57;21.79;22.28;2202900.0
2006-12-01;22.34;22.69;21.89;22.24;2885000.0
2006-12-04;22.31;22.85;22.1;22.66;2477900.0
2006-12-05;22.68;24.56;22.68;24.31;6426000.0
2006-12-06;24.4;24.41;23.95;24.26;2899600.0
2006-12-07;24.39;24.79;24.1;24.36;3334900.0
2006-12-08;24.34;24.35;23.39;23.46;5997300.0
2006-12-11;23.27;23.53;22.79;23.44;3484900.0
2006-12-12;23.4;23.81;23.04;23.38;3675900.0
2006-12-13;23.63;23.99;23.43;23.69;1970600.0
2006-12-14;23.69;24.17;23.3;23.98;3848000.0
2006-12-15;24.235;24.46;23.73;24.0;7510800.0
2006-12-18;24.03;24.17;23.35;23.38;2262400.0
2006-12-19;23.25;23.81;22.68;23.47;2809100.0
2006-12-20;23.38;23.98;23.37;23.69;1185100.0
2006-12-21;23.65;23.66;22.92;22.99;1387300.0
2006-12-22;23.05;23.55;22.97;23.35;1276300.0
2006-12-26;23.25;23.43;22.74;23.38;1648000.0
2006-12-27;23.32;23.62;23.1;23.34;1209500.0
2006-12-28;23.3;23.5;23.09;23.4;1686300.0
2006-12-29;23.43;23.49;22.94;23.03;1121600.0
2007-01-03;23.6;24.2;23.38;23.72;3475000.0
2007-01-04;23.65;24.48;23.419;23.78;2716700.0
2007-01-05;23.9;24.04;23.48;23.53;2133100.0
2007-01-08;23.47;23.65;22.92;23.44;2813000.0
2007-01-09;23.37;25.08;23.37;24.72;6236000.0
2007-01-10;24.66;26.63;24.41;25.47;5773200.0
2007-01-11;25.5;25.81;24.93;25.65;2392600.0
2007-01-12;25.66;26.0;25.43;25.89;1964000.0
2007-01-16;25.89;26.3;25.31;25.39;2148700.0
2007-01-17;25.35;25.55;24.46;24.86;3694900.0
2007-01-18;24.99;25.49;24.7;25.12;2075200.0
2007-01-19;25.06;25.12;24.2;24.72;4515900.0
2007-01-22;25.48;25.48;24.28;24.79;2961900.0
2007-01-23;25.21;25.21;24.28;24.42;3329300.0
2007-01-24;24.44;24.57;24.22;24.44;1609400.0
2007-01-25;24.42;24.495;23.73;23.88;2812700.0
2007-01-26;23.9;24.48;23.53;24.37;1997900.0
2007-01-29;24.23;24.43;23.78;23.93;2685600.0
2007-01-30;24.04;24.28;23.77;23.89;2093800.0
2007-01-31;23.95;24.56;23.861;24.4;2933800.0
2007-02-01;24.441;24.68;24.0;24.53;2432900.0
2007-02-02;24.69;25.42;24.581;25.16;3440200.0
2007-02-05;25.43;25.46;24.82;25.03;1918000.0
2007-02-06;24.57;25.47;24.47;25.38;3963800.0
2007-02-07;25.34;25.41;24.84;25.13;1681900.0
2007-02-08;25.14;25.68;24.97;25.58;1605900.0
2007-02-09;25.66;25.66;24.85;24.9;1499900.0
2007-02-12;24.94;25.41;24.64;25.35;2306100.0
2007-02-13;25.35;26.11;25.2007;26.0;2715300.0
2007-02-14;26.01;26.74;25.94;26.23;3159200.0
2007-02-15;26.35;26.57;25.94;26.27;2354800.0
2007-02-16;26.25;26.41;26.04;26.16;1494800.0
2007-02-20;26.01;26.89;25.94;26.73;1666500.0
2007-02-21;26.67;27.0;26.46;26.94;1186600.0
2007-02-22;26.9;27.16;26.18;26.29;2121300.0
2007-02-23;26.35;26.43;25.75;26.14;2564000.0
2007-02-26;26.38;26.84;25.75;25.81;2034600.0
2007-02-27;25.629;25.65;24.23;24.68;3726700.0
2007-02-28;24.77;25.04;24.24;24.82;2715400.0
2007-03-01;24.43;25.22;23.97;24.95;2805700.0
2007-03-02;24.92;25.4;24.75;24.75;2263900.0
2007-03-05;24.5;25.28;24.4001;24.5;2708000.0
2007-03-06;24.89;25.57;24.76;24.99;2072500.0
2007-03-07;25.26;25.66;24.66;25.49;2553500.0
2007-03-08;25.8;26.65;24.0;24.64;7789400.0
2007-03-09;25.0;26.12;24.8;25.63;5162700.0
2007-03-12;25.5;26.08;25.09;25.8;3943200.0
2007-03-13;25.6;25.78;24.25;24.4;4011000.0
2007-03-14;24.45;24.85;23.37;24.07;5433300.0
2007-03-15;24.03;24.98;23.94;24.25;2962900.0
2007-03-16;24.27;24.47;23.88;24.04;2696200.0
2007-03-19;24.34;24.6;24.12;24.42;1863300.0
2007-03-20;24.43;25.68;24.21;25.44;4567400.0
2007-03-21;25.37;25.5;25.04;25.29;5412400.0
2007-03-22;25.35;25.35;24.84;25.03;3884600.0
2007-03-23;26.15;26.5;25.5;26.33;8868300.0
2007-03-26;26.18;26.35;25.38;25.67;4253300.0
2007-03-27;25.96;26.75;25.9;26.52;6365800.0
2007-03-28;26.14;26.42;25.791;26.27;3148800.0
2007-03-29;26.55;26.6;25.5;25.95;2246800.0
2007-03-30;26.05;26.76;25.64;26.51;3832100.0
2007-04-02;26.61;27.25;26.16;26.85;5028900.0
2007-04-03;26.9;27.75;26.9;27.57;3187200.0
2007-04-04;27.55;27.65;27.06;27.23;2528700.0
2007-04-05;27.15;27.7;27.06;27.3;2079500.0
2007-04-09;27.39;27.7;27.06;27.52;1542900.0
2007-04-10;27.51;27.52;27.1;27.47;3004000.0
2007-04-11;27.49;27.61;26.59;26.7;2461100.0
2007-04-12;26.71;26.94;26.07;26.74;2389900.0
2007-04-13;26.6;26.73;25.93;26.2;1998400.0
2007-04-16;26.15;26.63;25.8;26.0;3059800.0
2007-04-17;26.13;26.13;25.01;25.61;9628300.0
2007-04-18;25.52;25.6;24.93;25.24;4065000.0
2007-04-19;25.17;25.55;24.96;25.24;2382300.0
2007-04-20;25.48;26.02;25.4;25.91;2910900.0
2007-04-23;25.85;25.97;24.78;25.11;4205400.0
2007-04-24;25.0;25.21;24.37;24.93;4386800.0
2007-04-25;25.06;25.31;24.69;25.14;2634700.0
2007-04-26;25.41;26.35;24.9;26.28;6179500.0
2007-04-27;26.21;26.35;25.5;26.21;6051100.0
2007-04-30;26.21;26.43;25.66;25.76;3434800.0
2007-05-01;25.8;25.8;24.83;24.95;3311100.0
2007-05-02;24.81;25.99;24.67;25.6;4384800.0
2007-05-03;25.65;26.1;25.15;25.76;3794300.0
2007-05-04;25.71;25.85;25.18;25.43;2473300.0
2007-05-07;25.32;26.12;25.32;25.73;2468000.0
2007-05-08;25.78;26.2;25.55;25.9;2541200.0
2007-05-09;25.76;26.53;25.73;26.29;1872100.0
2007-05-10;25.11;26.7;24.83;25.67;6284300.0
2007-05-11;25.47;26.6;24.88;25.12;2530500.0
2007-05-14;25.05;25.16;24.12;24.37;3796900.0
2007-05-15;24.4;24.8;24.07;24.17;2465600.0
2007-05-16;24.25;24.25;23.87;24.23;2568200.0
2007-05-17;24.22;25.33;24.04;25.24;5008600.0
2007-05-18;25.27;25.42;24.86;25.31;3341200.0
2007-05-21;25.19;25.55;24.94;25.37;2041400.0
2007-05-22;25.55;25.9;25.29;25.44;2639200.0
2007-05-23;25.51;25.97;25.26;25.32;1323400.0
2007-05-24;25.22;25.53;24.64;24.77;1800900.0
2007-05-25;24.83;25.33;24.83;25.22;916100.0
2007-05-29;25.31;25.52;25.06;25.34;1326700.0
2007-05-30;25.36;26.72;25.21;26.43;3346900.0
2007-05-31;26.57;26.84;26.3;26.58;2451100.0
2007-06-01;26.79;27.2;26.48;27.11;2129500.0
2007-06-04;27.0;27.0;26.42;26.55;2138900.0
2007-06-05;26.4;26.48;26.03;26.3;1402100.0
2007-06-06;26.14;26.21;25.18;26.05;5660100.0
2007-06-07;26.0;26.08;24.74;24.89;2652600.0
2007-06-08;24.91;25.73;24.7;25.36;1782100.0
2007-06-11;25.29;25.91;24.94;25.78;2685600.0
2007-06-12;25.59;25.62;24.88;24.93;2408000.0
2007-06-13;25.14;25.59;24.9165;25.56;1618300.0
2007-06-14;25.62;25.88;25.36;25.56;1775700.0
2007-06-15;25.7;25.87;25.14;25.36;2603200.0
2007-06-18;25.36;25.56;25.17;25.35;1455800.0
2007-06-19;25.25;25.34;24.92;25.08;1422600.0
2007-06-20;25.07;25.14;24.28;24.3;3586000.0
2007-06-21;24.25;24.26;23.62;23.84;4638300.0
2007-06-22;23.64;23.82;23.1;23.26;4433100.0
2007-06-25;23.17;23.71;23.1;23.25;2754800.0
2007-06-26;23.44;23.82;23.12;23.63;3826100.0
2007-06-27;23.36;23.99;23.16;23.9;2511200.0
2007-06-28;23.86;24.82;23.59;24.39;3203500.0
2007-06-29;24.53;24.53;23.94;24.03;3782600.0
2007-07-02;24.12;24.41;23.8;23.96;1554200.0
2007-07-03;24.07;24.07;23.31;23.45;1574900.0
2007-07-05;23.52;23.9;23.23;23.35;2861500.0
2007-07-06;23.3;23.83;23.28;23.78;2843000.0
2007-07-09;23.78;23.78;22.91;23.15;4341600.0
2007-07-10;22.58;22.65;21.66;21.81;6447400.0
2007-07-11;21.81;22.29;21.44;21.97;4870800.0
2007-07-12;23.21;23.39;22.03;22.27;4944400.0
2007-07-13;22.1;22.24;21.59;21.68;4025800.0
2007-07-16;21.65;22.41;21.41;22.3;4967400.0
2007-07-17;22.5;23.25;22.07;22.14;4098700.0
2007-07-18;21.97;22.274;21.27;21.45;4019900.0
2007-07-19;21.75;22.2625;21.61;22.11;3837700.0
2007-07-20;22.05;22.05;21.41;21.62;2545500.0
2007-07-23;21.53;21.72;20.61;20.73;4744200.0
2007-07-24;20.53;20.63;19.92;20.01;4684800.0
2007-07-25;20.24;21.06;20.1;20.26;3068100.0
2007-07-26;20.02;20.2;19.31;19.57;3421000.0
2007-07-27;19.58;19.92;19.24;19.41;3753000.0
2007-07-30;19.32;20.4;19.2;20.13;3135600.0
2007-07-31;20.37;21.23;20.02;20.06;4945200.0
2007-08-01;20.01;20.57;19.72;20.27;4018500.0
2007-08-02;20.23;21.41;20.14;21.39;3249900.0
2007-08-03;21.3;21.31;20.11;20.2;2980100.0
2007-08-06;20.25;21.36;20.0;21.2;4236000.0
2007-08-07;22.47;23.68;22.17;23.23;8330800.0
2007-08-08;23.52;24.7;23.1;24.12;7349800.0
2007-08-09;23.35;24.22;22.48;23.0;5590600.0
2007-08-10;22.65;23.26;21.36;21.72;4016000.0
2007-08-13;22.01;22.25;20.79;21.36;2481200.0
2007-08-14;21.3;21.65;20.5;20.76;2849800.0
2007-08-15;20.44;21.55;20.43;21.0;2799100.0
2007-08-16;20.73;21.21;20.22;21.18;4538400.0
2007-08-17;21.88;22.41;21.16;22.1;2185500.0
2007-08-20;22.11;22.84;21.61;22.67;3636600.0
2007-08-21;22.75;22.8;21.52;21.9;2736200.0
2007-08-22;22.16;23.24;21.95;23.08;2650900.0
2007-08-23;23.36;23.36;21.75;22.01;2802000.0
2007-08-24;22.05;22.91;22.001;22.79;2110400.0
2007-08-27;22.77;23.18;22.49;22.73;1944300.0
2007-08-28;22.8;22.82;21.23;21.41;2997400.0
2007-08-29;21.51;22.2;21.38;21.9;2873600.0
2007-08-30;21.55;22.08;21.2;22.03;4546300.0
2007-08-31;22.35;23.07;22.03;22.9;3348400.0
2007-09-04;23.57;23.75;22.76;22.8;4637900.0
2007-09-05;22.58;23.13;21.92;22.71;3567900.0
2007-09-06;22.91;22.91;21.67;22.44;2593200.0
2007-09-07;21.65;22.0;21.0;21.24;2962800.0
2007-09-10;21.44;21.65;20.75;21.48;2467400.0
2007-09-11;21.6;22.53;21.13;22.41;3195200.0
2007-09-12;22.26;22.77;22.24;22.33;1659400.0
2007-09-13;22.52;22.98;22.15;22.79;1327500.0
2007-09-14;22.52;22.9;22.02;22.62;1449000.0
2007-09-17;22.51;22.94;22.27;22.59;1566300.0
2007-09-18;22.44;23.49;21.62;22.94;4870200.0
2007-09-19;23.13;23.44;22.36;22.57;2531900.0
2007-09-20;22.5;22.99;22.4;22.79;2699800.0
2007-09-21;22.85;23.06;22.2;22.3;2035000.0
2007-09-24;22.2;22.41;21.83;22.07;2237200.0
2007-09-25;21.59;21.67;21.09;21.28;2360400.0
2007-09-26;21.14;22.08;21.14;21.48;1810800.0
2007-09-27;21.64;22.35;21.6;22.15;2176200.0
2007-09-28;22.12;22.35;21.65;21.8;1128900.0
2007-10-01;21.86;22.32;21.74;22.28;1313300.0
2007-10-02;22.28;22.68;22.08;22.62;931100.0
2007-10-03;22.49;23.4;22.37;23.16;1569200.0
2007-10-04;23.29;23.7;23.06;23.14;1717200.0
2007-10-05;23.42;24.57;23.27;24.3;2226300.0
2007-10-08;24.22;24.36;23.54;23.75;1260800.0
2007-10-09;23.95;24.17;23.63;24.14;1536700.0
2007-10-10;24.19;24.27;23.44;24.1;1976100.0
2007-10-11;24.2;25.05;23.99;24.43;1857400.0
2007-10-12;24.41;24.42;23.5;23.62;1851100.0
2007-10-15;23.58;23.68;23.01;23.3;1297600.0
2007-10-16;23.25;23.39;22.72;23.0;1044700.0
2007-10-17;23.21;23.93;22.86;23.67;2093100.0
2007-10-18;23.49;23.49;22.41;22.88;2152700.0
2007-10-19;22.87;23.12;21.82;21.91;1991800.0
2007-10-22;21.86;22.58;21.6;22.41;1583000.0
2007-10-23;22.55;22.58;21.65;22.13;1648300.0
2007-10-24;21.96;22.24;21.25;22.08;1580500.0
2007-10-25;22.1;22.96;21.86;22.75;2423200.0
2007-10-26;23.11;23.75;22.89;23.13;2219900.0
2007-10-29;23.47;24.5;23.41;24.3;2789300.0
2007-10-30;24.28;25.13;23.85;24.89;2787600.0
2007-10-31;25.0;25.57;24.76;25.27;3407200.0
2007-11-01;24.97;25.28;23.96;24.24;2971800.0
2007-11-02;24.5;24.91;23.78;24.09;2992700.0
2007-11-05;23.57;24.31;23.39;23.92;3006100.0
2007-11-06;25.21;25.43;23.67;25.32;7674500.0
2007-11-07;25.17;25.62;24.54;24.81;2908800.0
2007-11-08;26.01;26.5;24.87;25.5301;7540500.0
2007-11-09;25.65;26.05;25.04;25.77;4392300.0
2007-11-12;25.8;26.17;25.47;25.49;4175900.0
2007-11-13;25.46;26.93;25.46;26.54;2947600.0
2007-11-14;26.73;26.9;25.43;25.55;3165400.0
2007-11-15;25.4;25.5;24.46;24.85;3432500.0
2007-11-16;24.98;25.17;23.8201;24.92;4038400.0
2007-11-19;24.69;24.97;23.59;24.27;3692900.0
2007-11-20;24.25;25.02;23.38;24.11;3622700.0
2007-11-21;23.8;24.58;23.61;24.11;2740400.0
2007-11-23;24.5;25.03;24.47;24.75;1096400.0
2007-11-26;24.89;25.06;23.7;23.95;2188000.0
2007-11-27;23.95;24.9;23.67;24.13;2281600.0
2007-11-28;24.35;26.32;24.35;25.82;4272700.0
2007-11-29;25.66;25.66;24.82;25.18;1821800.0
2007-11-30;25.69;26.46;25.69;26.2;1909700.0
2007-12-03;26.05;26.31;25.71;25.96;1756000.0
2007-12-04;25.96;27.08;25.2;26.7;2248800.0
2007-12-05;27.18;27.98;26.87;27.0;4534400.0
2007-12-06;26.9;28.77;26.89;28.63;5024900.0
2007-12-07;28.87;29.4;28.07;28.21;4140200.0
2007-12-10;28.25;28.59;27.93;28.56;1848100.0
2007-12-11;28.86;29.02;27.06;27.44;4041800.0
2007-12-12;28.08;29.11;27.83;28.33;3136500.0
2007-12-13;28.05;28.51;27.8;28.24;1670800.0
2007-12-14;28.13;28.27;27.24;27.46;2312000.0
2007-12-17;27.35;27.5299;26.45;26.57;2596800.0
2007-12-18;26.91;27.21;25.94;26.73;2305000.0
2007-12-19;26.73;26.89;26.11;26.5;1356800.0
2007-12-20;26.59;26.83;25.91;26.37;2322200.0
2007-12-21;27.08;27.1025;26.47;27.1;3205400.0
2007-12-24;27.1;27.47;26.74;27.34;840500.0
2007-12-26;27.28;27.73;26.92;27.66;1514400.0
2007-12-27;27.37;27.73;26.72;26.87;1558700.0
2007-12-28;27.08;27.49;26.78;26.99;950400.0
2007-12-31;26.97;27.4;26.46;27.26;1820300.0
2008-01-02;27.21;27.94;26.54;27.39;4012400.0
2008-01-03;28.06;28.2;26.58;27.84;6894500.0
2008-01-04;27.74;27.77;26.48;27.1;6302100.0
2008-01-07;27.1;27.35;25.25;26.45;3875200.0
2008-01-08;26.49;26.975;24.97;25.11;4806100.0
2008-01-09;25.0;25.85;24.5;25.74;3841300.0
2008-01-10;25.5;27.06;25.4;26.64;3155000.0
2008-01-11;26.8;26.94;24.95;25.25;3635600.0
2008-01-14;25.28;25.49;24.62;25.37;3524300.0
2008-01-15;24.9;25.41;24.444;24.71;3360000.0
2008-01-16;24.6;25.0;23.82;23.99;4982900.0
2008-01-17;24.6;25.47;24.46;24.66;8217400.0
2008-01-18;25.13;25.5;23.5;24.25;5794700.0
2008-01-22;22.22;25.28;22.04;24.49;6538500.0
2008-01-23;24.1;26.23;23.81;26.15;4637200.0
2008-01-24;26.37;27.55;26.12;27.16;7362100.0
2008-01-25;27.8575;28.9;26.4;27.04;5429800.0
2008-01-28;27.06;28.56;26.42;28.52;4920500.0
2008-01-29;28.6;28.71;27.79;28.36;4112700.0
2008-01-30;28.47;28.92;27.45;28.24;4229600.0
2008-01-31;27.64;29.75;27.27;29.0;5298600.0
2008-02-01;29.0;29.72;28.46;29.0;4416700.0
2008-02-04;28.95;29.0;27.53;27.73;2707400.0
2008-02-05;27.11;28.05;26.57;26.67;4834700.0
2008-02-06;26.86;28.21;26.59;26.68;6158200.0
2008-02-07;27.35;29.17;27.14;28.95;7220600.0
2008-02-08;29.5;30.61;29.1;30.31;8632100.0
2008-02-11;30.31;30.84;29.68;30.5;4644400.0
2008-02-12;30.84;30.87;29.45;29.78;4918100.0
2008-02-13;29.91;29.96;28.78;29.85;4032300.0
2008-02-14;29.91;30.21;29.25;29.47;3514500.0
2008-02-15;29.34;29.42;28.15;28.58;3937900.0
2008-02-19;28.96;29.09;28.18;28.41;2158600.0
2008-02-20;28.18;29.66;27.8;29.38;3828100.0
2008-02-21;29.63;30.21;29.09;29.26;2933700.0
2008-02-22;29.29;29.7;28.57;29.66;2052100.0
2008-02-25;29.58;29.76;28.86;29.6;3061700.0
2008-02-26;29.7;31.32;29.5;30.98;6147800.0
2008-02-27;31.0;31.14;30.6;30.78;4598400.0
2008-02-28;30.6;30.76;29.43;29.53;3653600.0
2008-02-29;29.38;30.0;28.63;28.78;3752100.0
2008-03-03;28.8;29.48;28.27;29.15;2765000.0
2008-03-04;28.97;29.7;28.39;29.41;4122200.0
2008-03-05;29.43;30.69;29.0;29.34;3970400.0
2008-03-06;30.01;30.45;28.47;28.49;1.01739E7
2008-03-07;28.42;29.26;27.69;28.97;4855200.0
2008-03-10;29.26;29.7;28.54;28.87;4256000.0
2008-03-11;29.7;30.16;28.79;30.0;5373100.0
2008-03-12;30.06;31.16;29.42;30.04;7133600.0
2008-03-13;29.58;30.9;29.23;30.5;4756200.0
2008-03-14;30.4;30.99;29.24;30.22;6066500.0
2008-03-17;29.52;30.03;28.54;29.57;4240400.0
2008-03-18;30.27;30.78;29.26;30.19;5969600.0
2008-03-19;30.28;31.0;29.22;29.26;4120600.0
2008-03-20;29.29;31.0;29.1;30.73;6352200.0
2008-03-24;31.08;33.36;31.0;32.51;6940800.0
2008-03-25;33.09;33.13;31.84;32.76;6088700.0
2008-03-26;32.49;32.49;31.09;31.29;4216000.0
2008-03-27;31.42;31.98;30.54;30.54;3756500.0
2008-03-28;30.59;30.66;29.16;30.27;5002100.0
2008-03-31;30.35;31.51;30.12;31.35;3347100.0
2008-04-01;32.0;33.12;32.0;32.99;5367000.0
2008-04-02;33.15;33.96;32.75;33.4;5251200.0
2008-04-03;32.11;32.66;31.96;32.14;3678300.0
2008-04-04;32.29;32.93;31.8;32.54;2510600.0
2008-04-07;32.89;32.95;31.72;31.9;2189800.0
2008-04-08;31.5;32.45;31.4;32.03;1759400.0
2008-04-09;31.03;31.65;30.09;30.41;5319000.0
2008-04-10;30.33;31.96;29.99;31.22;4382900.0
2008-04-11;30.95;31.49;30.27;30.51;2826500.0
2008-04-14;30.57;31.4499;30.57;30.94;2821200.0
2008-04-15;31.1;31.68;30.9;31.33;2241600.0
2008-04-16;31.9;33.02;31.85;32.99;3576200.0
2008-04-17;32.6;32.78;31.77;31.89;4535600.0
2008-04-18;32.7;32.7;31.41;31.73;4411800.0
2008-04-21;31.65;32.51;31.2912;31.9;4630400.0
2008-04-22;31.65;31.9;30.7;31.72;3681200.0
2008-04-23;31.65;33.1;31.45;32.59;3970800.0
2008-04-24;32.68;33.33;31.77;32.94;2897900.0
2008-04-25;32.89;33.69;32.58;33.62;1805400.0
2008-04-28;33.69;33.69;32.39;33.13;3462200.0
2008-04-29;33.23;34.84;33.08;34.64;4455700.0
2008-04-30;34.52;35.35;34.17;34.25;4193700.0
2008-05-01;34.13;35.37;33.31;34.3;2893200.0
2008-05-02;34.51;34.9;33.3;33.63;2695700.0
2008-05-05;33.84;34.13;32.65;32.93;3159800.0
2008-05-06;32.73;33.74;32.42;33.47;1820400.0
2008-05-07;33.48;34.35;32.89;32.9;2514000.0
2008-05-08;33.44;33.5;31.89;32.39;3565400.0
2008-05-09;32.25;33.23;32.11;32.9;1764600.0
2008-05-12;32.99;33.19;32.5;32.9;2730000.0
2008-05-13;32.97;33.55;32.25;33.12;2834100.0
2008-05-14;33.4;34.03;32.99;32.99;2998000.0
2008-05-15;32.86;33.4;32.2;32.89;5690900.0
2008-05-16;32.2;32.27;30.78;30.96;8416500.0
2008-05-19;30.83;31.25;30.03;30.42;5926100.0
2008-05-20;30.24;31.17;29.82;30.38;4723000.0
2008-05-21;30.56;30.93;29.2801;29.59;4937300.0
2008-05-22;29.46;30.61;29.38;30.25;3714400.0
2008-05-23;30.21;30.26;28.84;29.73;4416700.0
2008-05-27;29.86;31.0;29.73;30.87;4279500.0
2008-05-28;31.16;31.88;30.97;31.56;3607000.0
2008-05-29;31.66;33.19;31.56;32.82;4682600.0
2008-05-30;32.44;32.47;31.5;32.19;6085300.0
2008-06-02;32.16;32.39;30.71;31.5;4101000.0
2008-06-03;31.52;31.99;31.02;31.67;4186600.0
2008-06-04;31.78;32.41;31.27;31.35;3632400.0
2008-06-05;31.4;32.23;31.01;31.91;2953300.0
2008-06-06;31.61;31.78;30.92;31.21;3158800.0
2008-06-09;31.31;31.66;30.5;30.95;4644500.0
2008-06-10;30.66;31.81;30.44;31.66;3004500.0
2008-06-11;31.58;32.26;30.59;31.6;5506000.0
2008-06-12;31.83;32.97;31.79;32.1;3360400.0
2008-06-13;32.4;33.71;32.16;33.65;3974800.0
2008-06-16;33.4;33.96;33.01;33.61;2689800.0
2008-06-17;33.93;34.34;33.56;33.79;4504600.0
2008-06-18;33.7;33.7;32.63;32.96;3413300.0
2008-06-19;33.03;34.005;32.715;33.83;4058800.0
2008-06-20;33.69;34.14;33.49;33.87;4578600.0
2008-06-23;34.06;34.14;32.74;33.0;4753000.0
2008-06-24;32.79;32.81;31.67;32.38;4183700.0
2008-06-25;32.43;33.745;32.21;33.06;3973700.0
2008-06-26;32.75;32.76;31.768;31.91;3021000.0
2008-06-27;32.05;32.37;31.31;31.83;3252600.0
2008-06-30;31.75;32.11;30.84;31.19;3964200.0
2008-07-01;30.89;32.58;30.65;32.55;6462800.0
2008-07-02;32.81;32.889;31.68;31.69;3015200.0
2008-07-03;31.8;31.93;30.73;31.03;2491300.0
2008-07-07;31.37;32.27;31.04;31.58;2842700.0
2008-07-08;31.82;32.57;31.44;32.31;4076200.0
2008-07-09;32.25;32.61;31.39;31.62;2301900.0
2008-07-10;31.49;31.63;29.57;29.74;4009200.0
2008-07-11;29.5;29.88;28.41;29.26;3943600.0
2008-07-14;29.5;30.46;29.47;29.55;2916000.0
2008-07-15;29.31;29.43;27.54;28.82;4752000.0
2008-07-16;28.71;31.06;28.57;30.9;5089100.0
2008-07-17;31.01;32.555;30.79;32.16;4649300.0
2008-07-18;32.13;32.19;31.15;32.0;3527700.0
2008-07-21;32.04;32.19;30.77;31.32;2317200.0
2008-07-22;30.96;32.72;30.6;32.6;4604400.0
2008-07-23;32.4;34.17;31.99;32.88;4540800.0
2008-07-24;32.92;32.97;31.03;31.21;2486200.0
2008-07-25;31.26;31.74;30.5;30.71;2189700.0
2008-07-28;30.55;31.34;30.03;30.41;2263100.0
2008-07-29;30.61;32.04;30.6;31.91;2956700.0
2008-07-30;32.25;32.95;31.48;32.392;3692900.0
2008-07-31;32.25;33.75;31.9;33.01;4557500.0
2008-08-01;33.31;33.7;32.33;33.0;3077100.0
2008-08-04;33.295;33.58;31.63;31.82;2784700.0
2008-08-05;32.37;33.87;32.14;33.49;3997000.0
2008-08-06;33.48;33.48;32.44;32.6;2850600.0
2008-08-07;32.57;33.27;31.77;32.74;3703000.0
2008-08-08;32.77;35.82;32.64;35.59;7375700.0
2008-08-11;35.5;37.09;35.0;35.46;8789300.0
2008-08-12;35.17;35.25;33.89;34.15;5012700.0
2008-08-13;33.85;34.59;32.45;34.05;4736700.0
2008-08-14;34.85;36.44;31.3;35.4;9343400.0
2008-08-15;35.72;36.53;35.31;35.64;4867300.0
2008-08-18;35.8;36.08;34.6;34.95;3042200.0
2008-08-19;34.74;34.77;33.43;34.16;2971600.0
2008-08-20;34.16;34.7093;33.77;34.38;2478100.0
2008-08-21;33.99;34.7;33.92;34.43;2105100.0
2008-08-22;34.76;35.7;34.62;35.61;2518600.0
2008-08-25;35.3;35.31;34.02;34.3;2245000.0
2008-08-26;34.11;34.6;33.73;34.45;1658100.0
2008-08-27;34.54;34.97;34.04;34.71;1265000.0
2008-08-28;34.97;35.61;34.55;35.57;2078600.0
2008-08-29;35.25;35.83;35.0;35.62;1782700.0
2008-09-02;36.356;38.36;36.35;37.06;5465000.0
2008-09-03;37.06;37.63;36.03;36.65;3418000.0
2008-09-04;36.12;36.76;35.7588;35.94;2902400.0
2008-09-05;35.49;36.73;34.52;36.56;4097900.0
2008-09-08;37.97;38.4;36.56;37.2;3312000.0
2008-09-09;37.09;37.56;35.73;35.95;3264200.0
2008-09-10;36.05;36.74;35.34;36.45;2565800.0
2008-09-11;35.76;36.88;35.36;36.61;3252300.0
2008-09-12;36.29;36.94;35.8;36.49;2869900.0
2008-09-15;34.78;36.86;34.61;35.23;3442600.0
2008-09-16;34.86;36.34;34.31;35.75;4875800.0
2008-09-17;35.12;36.34;33.84;34.0;4554300.0
2008-09-18;33.78;35.85;32.38;35.41;6016600.0
2008-09-19;37.24;38.11;35.1;35.76;5327700.0
2008-09-22;35.21;35.73;33.2;33.54;3464100.0
2008-09-23;33.46;34.25;33.21;34.02;2630000.0
2008-09-24;34.16;35.39;33.75;34.75;4353500.0
2008-09-25;34.71;35.76;34.0;34.29;2630600.0
2008-09-26;33.89;35.06;33.75;34.94;1841400.0
2008-09-29;33.62;34.05;31.42;32.21;7963900.0
2008-09-30;33.02;33.02;30.83;31.87;5373300.0
2008-10-01;31.57;32.23;30.98;31.61;2934500.0
2008-10-02;31.5;31.68;28.68;28.98;7209700.0
2008-10-03;28.77;29.25;26.3;26.55;9372600.0
2008-10-06;25.83;26.15;23.57;25.44;8650100.0
2008-10-07;26.05;26.25;24.28;24.3;7167100.0
2008-10-08;23.98;25.69;23.37;23.83;6007600.0
2008-10-09;23.97;25.18;22.41;22.91;6178500.0
2008-10-10;21.64;24.53;20.77;23.56;7913600.0
2008-10-13;25.7;25.88;24.81;25.82;5879300.0
2008-10-14;26.02;26.6;23.79;23.89;6166000.0
2008-10-15;23.76;23.96;21.16;21.23;5229100.0
2008-10-16;21.205;22.35;20.06;21.83;7524000.0
2008-10-17;21.33;23.45;21.3;22.5;3454900.0
2008-10-20;23.49;23.61;22.75;23.39;4184400.0
2008-10-21;23.87;24.46;23.1401;23.54;4677900.0
2008-10-22;23.15;23.22;21.04;21.82;4563000.0
2008-10-23;22.01;22.58;18.46;20.12;6269600.0
2008-10-24;18.15;19.71;18.05;19.21;5647100.0
2008-10-27;18.83;20.23;18.49;18.61;3239400.0
2008-10-28;19.13;21.39;18.55;21.24;5375300.0
2008-10-29;21.23;22.85;20.63;21.63;3430800.0
2008-10-30;22.24;22.79;20.12;20.39;4952100.0
2008-10-31;20.6;21.83;20.2;21.74;3844400.0
2008-11-03;22.68;22.68;20.7;20.91;3003500.0
2008-11-04;21.2;22.38;20.695;22.31;3200500.0
2008-11-05;22.07;22.26;20.1;20.13;4980500.0
2008-11-06;19.76;19.85;18.16;18.25;7065800.0
2008-11-07;18.51;18.83;16.61;17.5;7381900.0
2008-11-10;17.14;18.0;15.67;15.98;9717000.0
2008-11-11;15.83;17.88;14.93;16.92;1.13675E7
2008-11-12;16.84;16.84;15.02;15.21;6568500.0
2008-11-13;15.93;16.76;14.37;16.66;1.37589E7
2008-11-14;16.42;17.77;15.91;16.04;8097100.0
2008-11-17;16.04;16.14;15.48;15.71;5687500.0
2008-11-18;15.65;16.05;14.1;14.94;7288700.0
2008-11-19;14.66;14.97;13.3;13.3;4805800.0
2008-11-20;13.26;14.33;12.33;12.82;6236300.0
2008-11-21;13.14;14.82;12.95;14.79;7203900.0
2008-11-24;15.0;16.36;14.37;16.04;5086200.0
2008-11-25;16.19;18.12;16.04;17.89;7802200.0
2008-11-26;17.52;19.29;17.03;19.07;4972000.0
2008-11-28;18.86;18.86;17.55;18.17;2090000.0
2008-12-01;17.66;17.66;16.22;16.23;2976400.0
2008-12-02;16.91;17.15;16.05;16.97;3139000.0
2008-12-03;16.63;18.58;16.46;18.5;5274100.0
2008-12-04;18.15;19.89;17.76;18.67;3964000.0
2008-12-05;18.27;20.61;17.91;20.55;4008600.0
2008-12-08;20.65;21.52;19.9;20.68;5614000.0
2008-12-09;20.47;20.88;18.21;18.28;5722800.0
2008-12-10;18.43;18.95;17.71;18.86;5130500.0
2008-12-11;15.0;15.88;14.68;14.98;1.76049E7
2008-12-12;14.54;15.48;14.54;15.33;5206600.0
2008-12-15;15.34;15.84;14.56;14.82;4463400.0
2008-12-16;15.08;15.49;14.79;15.45;5409900.0
2008-12-17;15.0;16.57;14.93;16.31;4645300.0
2008-12-18;16.53;16.53;15.72;16.1;3176600.0
2008-12-19;15.8905;16.4;14.88;15.13;8367900.0
2008-12-22;15.15;15.23;14.01;14.29;4488300.0
2008-12-23;14.48;14.67;14.2504;14.45;4887600.0
2008-12-24;14.3;14.72;14.3;14.6;1082100.0
2008-12-26;14.56;14.8;14.31;14.65;1290900.0
2008-12-29;14.59;14.59;13.87;14.16;2132100.0
2008-12-30;14.23;14.61;13.94;14.6;2745000.0
2008-12-31;14.56;15.15;14.4;14.98;4126400.0
2009-01-02;14.98;15.92;14.88;15.81;4703000.0
2009-01-05;15.7;15.9;15.0;15.19;5958400.0
2009-01-06;15.18;15.26;14.59;14.8;5144200.0
2009-01-07;14.94;15.12;13.84;14.0;6267300.0
2009-01-08;15.31;15.61;14.4;15.46;1.16245E7
2009-01-09;15.22;15.44;14.61;15.06;5370500.0
2009-01-12;15.0;15.12;14.2;14.42;4553400.0
2009-01-13;14.36;14.99;14.25;14.47;5327700.0
2009-01-14;14.2;15.24;13.9;15.0;8088700.0
2009-01-15;14.96;16.58;14.72;15.87;8647000.0
2009-01-16;16.15;16.505;15.28;16.14;6608900.0
2009-01-20;16.07;16.07;14.89;15.02;5572100.0
2009-01-21;15.0;15.96;14.76;15.93;4804900.0
2009-01-22;15.45;16.29;14.81;15.76;5134100.0
2009-01-23;15.45;16.12;15.23;15.94;4369100.0
2009-01-26;15.94;16.68;15.85;16.41;4139500.0
2009-01-27;16.23;16.78;16.02;16.42;3384100.0
2009-01-28;16.77;17.29;16.51;16.94;4444000.0
2009-01-29;16.95;16.95;16.04;16.21;3605300.0
2009-01-30;16.05;16.53;15.42;15.58;4039100.0
2009-02-02;15.45;16.16;15.23;15.68;4215400.0
2009-02-03;15.7;16.15;15.28;15.96;2972200.0
2009-02-04;15.96;16.29;15.43;15.76;4299300.0
2009-02-05;16.25;17.25;16.09;16.84;8922100.0
2009-02-06;16.86;18.18;16.79;17.85;5762600.0
2009-02-09;17.75;18.3;17.45;17.8;4216200.0
2009-02-10;17.62;17.8;16.25;16.42;6448300.0
2009-02-11;16.54;16.92;16.25;16.54;4048500.0
2009-02-12;16.43;17.09;16.13;17.06;5400800.0
2009-02-13;17.01;17.09;16.39;16.5;3904600.0
2009-02-17;16.08;16.33;15.55;15.98;5023000.0
2009-02-18;15.9;16.24;15.47;15.84;4948100.0
2009-02-19;16.11;16.44;15.51;15.57;4270000.0
2009-02-20;15.43;16.27;15.32;16.07;6264900.0
2009-02-23;16.12;16.46;15.86;16.09;7068700.0
2009-02-24;16.01;17.25;15.93;17.09;5894600.0
2009-02-25;16.94;17.39;16.45;16.93;6070200.0
2009-02-26;17.11;17.5;16.39;16.55;5890900.0
2009-02-27;16.31;17.0;16.02;16.64;4968000.0
2009-03-02;16.8;17.14;16.11;16.24;8913900.0
2009-03-03;16.44;16.55;15.23;15.61;6791800.0
2009-03-04;15.86;16.21;15.47;15.97;6308000.0
2009-03-05;14.41;15.25;13.94;14.81;1.30744E7
2009-03-06;14.63;14.8801;13.74;14.13;7451300.0
2009-03-09;13.98;14.82;13.63;14.54;4925900.0
2009-03-10;14.88;16.13;14.73;16.06;5821500.0
2009-03-11;16.09;16.57;15.75;16.39;4405800.0
2009-03-12;16.39;17.41;16.08;17.26;5542900.0
2009-03-13;17.32;17.46;16.85;17.28;3491000.0
2009-03-16;17.25;17.43;16.76;16.77;5300100.0
2009-03-17;16.87;18.16;16.87;18.16;5393200.0
2009-03-18;18.005;19.04;17.85;18.63;5995200.0
2009-03-19;18.91;19.12;18.54;18.69;5848000.0
2009-03-20;17.99;18.26;17.0675;17.39;7540700.0
2009-03-23;17.01;17.73;16.52;17.72;7258100.0
2009-03-24;17.48;18.0;16.96;16.96;5461500.0
2009-03-25;16.91;17.15;15.42;16.02;1.00906E7
2009-03-26;16.0;16.24;15.57;16.23;1.24696E7
2009-03-27;15.99;17.08;15.91;16.59;8263900.0
2009-03-30;16.37;16.63;15.99;16.51;5631900.0
2009-03-31;16.59;16.75;15.82;16.37;5788300.0
2009-04-01;15.06;15.71;14.91;15.38;1.54556E7
2009-04-02;15.915;16.2;15.15;15.59;7101200.0
2009-04-03;15.59;16.64;15.41;16.62;6022200.0
2009-04-06;16.63;16.63;15.69;16.04;5076100.0
2009-04-07;15.75;15.83;15.13;15.35;3384200.0
2009-04-08;15.44;16.12;15.36;16.12;3883100.0
2009-04-09;16.47;17.34;16.38;17.34;4686300.0
2009-04-13;17.28;17.29;16.98;17.17;3404500.0
2009-04-14;16.94;17.04;16.25;16.32;3629400.0
2009-04-15;16.28;16.57;15.9;16.53;4366800.0
2009-04-16;16.85;17.27;16.37;17.12;2859700.0
2009-04-17;17.12;17.62;16.94;17.52;3299100.0
2009-04-20;16.64;17.06;16.12;16.55;3353600.0
2009-04-21;16.39;17.15;16.16;16.98;3432000.0
2009-04-22;16.75;18.15;16.44;17.49;4583000.0
2009-04-23;17.08;17.61;16.59;16.8;6480700.0
2009-04-24;16.78;17.17;16.54;16.96;4409600.0
2009-04-27;16.4;17.225;16.4;16.58;3451500.0
2009-04-28;16.49;17.49;16.26;17.16;3918500.0
2009-04-29;17.4;18.685;17.36;18.36;9728600.0
2009-04-30;17.77;20.17;17.77;19.49;9012600.0
2009-05-01;18.93;19.76;18.73;19.14;6598900.0
2009-05-04;19.7;20.6592;19.46;20.36;5050000.0
2009-05-05;20.31;21.24;20.08;21.05;5925100.0
2009-05-06;21.23;21.6;19.345;20.11;7489500.0
2009-05-07;20.24;20.95;18.68;19.3;7458500.0
2009-05-08;19.69;19.75;18.28;19.07;4925100.0
2009-05-11;18.65;19.48;18.31;19.06;3834900.0
2009-05-12;19.22;19.48;18.41;19.03;4391800.0
2009-05-13;18.79;19.06;18.27;18.83;4928700.0
2009-05-14;19.0;20.38;18.69;19.04;1.05227E7
2009-05-15;19.06;19.27;18.58;18.76;4193000.0
2009-05-18;18.96;19.59;18.82;19.59;3246300.0
2009-05-19;19.35;19.97;19.0;19.74;3584900.0
2009-05-20;20.05;20.92;19.44;19.57;4540000.0
2009-05-21;19.43;19.93;19.14;19.47;3524900.0
2009-05-22;19.88;19.91;19.16;19.64;2692300.0
2009-05-26;19.11;20.49;18.94;20.36;4286700.0
2009-05-27;20.2;20.86;19.85;20.12;4561800.0
2009-05-28;20.66;20.66;19.53;20.05;3544600.0
2009-05-29;20.485;20.74;19.81;20.42;4081600.0
2009-06-01;20.87;22.26;20.55;21.85;5190600.0
2009-06-02;21.63;22.88;21.56;22.59;5691700.0
2009-06-03;22.2;22.33;21.7;22.15;5396800.0
2009-06-04;22.03;22.03;21.08;21.7;3771000.0
2009-06-05;21.86;22.11;20.98;21.26;5614700.0
2009-06-08;21.05;21.26;20.49;21.06;5907300.0
2009-06-09;21.27;22.22;21.18;22.01;7112300.0
2009-06-10;22.3;22.4825;21.51;21.98;5986800.0
2009-06-11;21.84;22.16;20.9;21.11;4303600.0
2009-06-12;21.14;21.66;20.76;21.58;4113300.0
2009-06-15;21.1;21.205;20.49;21.11;5374900.0
2009-06-16;21.31;21.33;20.01;20.27;7199600.0
2009-06-17;20.35;21.25;20.12;21.02;7145400.0
2009-06-18;20.88;21.095;20.45;20.82;2869400.0
2009-06-19;21.08;21.64;20.7;21.55;5838600.0
2009-06-22;21.18;21.18;20.4;20.47;4586600.0
2009-06-23;20.67;20.99;19.92;20.12;6096300.0
2009-06-24;20.19;20.94;19.95;20.52;4218200.0
2009-06-25;20.45;21.46;20.31;21.23;3178200.0
2009-06-26;21.14;21.39;20.9;21.15;3633400.0
2009-06-29;21.1;21.3;20.63;21.04;2396000.0
2009-06-30;21.0;21.29;20.5;20.89;4528600.0
2009-07-01;21.04;21.53;20.67;20.69;4015100.0
2009-07-02;20.38;20.69;19.615;19.85;4375000.0
2009-07-06;19.61;19.94;19.07;19.63;3905000.0
2009-07-07;19.61;19.7;18.88;18.93;4474700.0
2009-07-08;19.07;19.8301;19.07;19.77;4961800.0
2009-07-09;19.7;19.95;19.07;19.33;3488300.0
2009-07-10;19.25;19.7;19.08;19.35;2946100.0
2009-07-13;19.5;20.38;18.85;20.36;4800200.0
2009-07-14;20.31;21.09;20.14;21.06;5421500.0
2009-07-15;21.38;22.02;21.25;21.98;5031100.0
2009-07-16;21.91;21.91;21.25;21.63;3834800.0
2009-07-17;21.69;21.69;21.25;21.53;3017300.0
2009-07-20;21.44;21.94;21.32;21.81;4004900.0
2009-07-21;21.93;21.97;21.07;21.5;4013600.0
2009-07-22;21.42;22.37;21.28;21.98;3339800.0
2009-07-23;21.87;22.84;21.56;22.45;3650900.0
2009-07-24;22.18;22.58;21.85;22.47;2277300.0
2009-07-27;22.35;22.42;21.62;22.22;1938600.0
2009-07-28;22.47;22.66;21.89;22.56;3546800.0
2009-07-29;22.45;23.18;22.2;22.78;3001800.0
2009-07-30;23.08;24.01;23.01;23.52;3524000.0
2009-07-31;23.61;24.31;23.33;24.04;3702800.0
2009-08-03;24.22;24.83;23.8;24.81;4105600.0
2009-08-04;24.57;24.81;24.31;24.43;3250900.0
2009-08-05;24.57;24.72;23.85;24.56;2897600.0
2009-08-06;24.59;26.97;24.29;26.28;6870900.0
2009-08-07;26.98;28.59;26.95;28.06;7107800.0
2009-08-10;27.71;27.71;26.63;26.84;4702200.0
2009-08-11;26.89;27.74;26.45;27.46;4760900.0
2009-08-12;27.4;28.48;27.34;28.22;4473600.0
2009-08-13;30.2;30.5;28.34;29.06;9627700.0
2009-08-14;28.78;28.95;27.88;27.99;4238700.0
2009-08-17;27.45;27.76;27.05;27.23;4251600.0
2009-08-18;28.06;28.23;27.5;28.12;4700300.0
2009-08-19;27.86;28.19;27.53;27.96;3396300.0
2009-08-20;28.1;28.3;27.9;28.14;2622400.0
2009-08-21;28.47;28.9;28.18;28.8;2764700.0
2009-08-24;28.71;28.9045;28.14;28.22;2848400.0
2009-08-25;28.4;29.71;28.3;28.95;3670000.0
2009-08-26;28.91;29.22;28.51;28.88;2650700.0
2009-08-27;28.74;29.03;28.12;28.46;1582600.0
2009-08-28;28.7;28.91;27.98;28.68;3009900.0
2009-08-31;28.4;28.54;27.82;28.43;2109000.0
2009-09-01;28.12;29.12;27.54;27.68;4557600.0
2009-09-02;27.5;27.8;27.21;27.42;2999800.0
2009-09-03;28.5;28.725;27.93;28.63;4010200.0
2009-09-04;28.82;29.19;28.27;29.1;2119300.0
2009-09-08;29.2;29.43;28.68;28.92;3722800.0
2009-09-09;29.1;31.0;29.05;30.6;7628100.0
2009-09-10;30.71;30.75;29.75;30.02;4041300.0
2009-09-11;30.01;30.32;29.65;29.79;3190900.0
2009-09-14;29.68;30.74;29.49;30.69;4849100.0
2009-09-15;30.65;31.0;30.31;30.78;3163800.0
2009-09-16;30.78;31.25;30.55;31.1;4223700.0
2009-09-17;31.03;31.15;30.36;30.83;2666000.0
2009-09-18;31.07;31.44;30.74;31.29;4255000.0
2009-09-21;31.05;31.55;30.73;31.15;2207300.0
2009-09-22;31.31;31.96;30.85;31.68;3579200.0
2009-09-23;31.8;31.91;30.82;30.9;2856000.0
2009-09-24;30.97;31.12;30.105;30.22;2941300.0
2009-09-25;30.15;30.23;29.59;29.74;2942800.0
2009-09-28;29.99;30.53;29.9;30.52;2480800.0
2009-09-29;30.4;30.99;30.33;30.68;1801900.0
2009-09-30;30.88;30.88;30.0;30.17;2807200.0
2009-10-01;30.11;30.15;29.09;29.31;4652300.0
2009-10-02;28.8;29.58;28.7;28.91;3388500.0
2009-10-05;29.15;30.1;28.93;30.0;2556200.0
2009-10-06;30.62;31.2;30.28;31.2;3356000.0
2009-10-07;30.95;31.43;30.62;30.87;1868300.0
2009-10-08;31.23;31.91;31.02;31.7;2094200.0
2009-10-09;31.42;31.59;30.75;31.17;2548700.0
2009-10-12;31.4;31.85;31.09;31.37;1415200.0
2009-10-13;31.32;31.54;30.89;30.95;1972500.0
2009-10-14;31.45;32.54;31.4;32.37;4293300.0
2009-10-15;32.06;32.53;31.75;32.17;2345800.0
2009-10-16;32.08;32.93;31.6;32.72;3493000.0
2009-10-19;32.62;33.49;32.54;33.33;2251500.0
2009-10-20;33.15;33.2;32.49;32.68;2121900.0
2009-10-21;32.7;33.99;32.23;32.33;4003600.0
2009-10-22;32.3;33.94;32.3;33.86;3624500.0
2009-10-23;33.63;33.98;32.67;32.8;3308500.0
2009-10-26;32.95;33.92;32.74;32.97;2813500.0
2009-10-27;33.12;33.29;31.54;31.9;2815700.0
2009-10-28;32.04;32.11;30.64;30.74;3592400.0
2009-10-29;31.8;32.74;31.34;32.53;4080000.0
2009-10-30;32.28;32.69;31.25;31.38;3504800.0
2009-11-02;31.55;32.31;30.99;32.2;2943300.0
2009-11-03;32.1;32.82;31.77;32.55;2915900.0
2009-11-04;32.72;33.26;32.28;32.32;3109800.0
2009-11-05;32.36;32.4;30.79;32.01;4377300.0
2009-11-06;32.05;32.78;31.77;32.43;2871700.0
2009-11-09;32.85;33.22;32.63;32.69;3724500.0
2009-11-10;32.63;33.03;32.44;32.77;2613000.0
2009-11-11;33.2;33.22;31.91;32.27;3859600.0
2009-11-12;32.24;33.24;31.57;32.8;5202600.0
2009-11-13;33.3;34.4;33.17;33.95;4806500.0
2009-11-16;34.35;34.67;34.13;34.56;2118700.0
2009-11-17;34.37;34.51;33.39;33.72;2578000.0
2009-11-18;33.57;33.8;33.0;33.08;3226500.0
2009-11-19;32.89;33.01;31.97;32.26;3480600.0
2009-11-20;32.22;32.76;32.01;32.18;2358100.0
2009-11-23;32.47;32.71;31.34;31.481;3271900.0
2009-11-24;31.58;31.66;31.0719;31.63;2807100.0
2009-11-25;31.96;32.71;31.84;32.63;3125700.0
2009-11-27;31.84;32.6;31.67;31.82;1453300.0
2009-11-30;31.57;31.85;30.78;31.64;3375100.0
2009-12-01;32.08;33.05;32.08;32.85;4058600.0
2009-12-02;32.72;33.04;32.25;32.41;3598700.0
2009-12-03;32.47;33.29;32.2;32.48;4176900.0
2009-12-04;33.15;33.64;32.73;33.1;4290400.0
2009-12-07;33.27;33.27;32.485;32.57;2616900.0
2009-12-08;32.41;32.98;31.93;32.39;2478400.0
2009-12-09;32.24;32.31;31.57;32.25;2942900.0
2009-12-10;32.37;33.17;32.27;32.92;3500400.0
2009-12-11;33.21;33.66;33.04;33.64;2654000.0
2009-12-14;33.77;34.39;33.44;34.37;1984000.0
2009-12-15;34.08;34.28;33.37;33.39;1681900.0
2009-12-16;33.5;33.75;33.32;33.42;2148700.0
2009-12-17;33.16;33.49;32.78;33.33;1911200.0
2009-12-18;33.57;33.57;32.32;33.21;2687200.0
2009-12-21;33.35;33.94;33.24;33.88;1260100.0
2009-12-22;34.05;34.25;33.69;33.88;988600.0
2009-12-23;34.09;34.56;33.78;34.47;1090000.0
2009-12-24;34.41;34.88;34.31;34.6;512900.0
2009-12-28;34.73;35.47;34.41;35.43;2003700.0
2009-12-29;35.4;35.84;35.27;35.64;2033900.0
2009-12-30;35.58;35.8;35.2996;35.51;1232900.0
2009-12-31;35.67;35.68;34.97;34.99;1434000.0
2010-01-04;35.61;35.84;34.65;34.91;3433800.0
2010-01-05;34.99;36.23;34.82;35.56;3958600.0
2010-01-06;35.27;35.56;34.77;35.28;3294600.0
2010-01-07;34.97;34.99;33.8;34.08;5854700.0
2010-01-08;34.02;34.39;33.73;34.01;2945300.0
2010-01-11;33.95;34.11;33.54;33.82;2340100.0
2010-01-12;33.64;33.75;33.06;33.59;2906400.0
2010-01-13;33.71;34.27;33.65;34.16;1550900.0
2010-01-14;33.91;34.27;33.29;33.78;2544800.0
2010-01-15;33.51;34.1;32.38;32.45;3982400.0
2010-01-19;32.62;32.91;32.47;32.72;2651300.0
2010-01-20;32.35;32.5;31.27;31.62;3220900.0
2010-01-21;31.72;32.12;31.21;31.45;3242600.0
2010-01-22;31.79;31.82;30.97;31.05;4389800.0
2010-01-25;31.08;31.415;30.85;31.12;3841500.0
2010-01-26;31.01;31.6;31.0;31.38;2998800.0
2010-01-27;31.22;31.7;31.01;31.54;1912100.0
2010-01-28;31.54;31.65;30.11;30.52;3705400.0
2010-01-29;31.54;32.84;31.12;31.57;5132100.0
2010-02-01;32.39;32.54;32.05;32.49;3528800.0
2010-02-02;32.47;32.91;32.28;32.67;2744900.0
2010-02-03;32.4;32.58;31.78;31.99;3381300.0
2010-02-04;31.02;31.18;30.48;30.85;4919400.0
2010-02-05;31.14;31.285;30.63;30.83;3.45303E7
2010-02-08;30.94;31.3625;30.52;30.91;5235000.0
2010-02-09;31.37;31.97;31.06;31.85;4497400.0
2010-02-10;31.73;31.85;31.11;31.39;2570800.0
2010-02-11;31.2;31.49;30.79;31.14;3283800.0
2010-02-12;30.81;31.0;30.55;30.84;3346300.0
2010-02-16;30.96;31.26;30.77;31.2;2569200.0
2010-02-17;31.33;31.57;31.2712;31.56;2128600.0
2010-02-18;31.68;32.13;31.36;32.1;2647700.0
2010-02-19;32.02;32.46;31.95;31.96;2468800.0
2010-02-22;32.14;32.36;31.63;32.04;2012100.0
2010-02-23;31.99;32.15;31.5;31.66;1568500.0
2010-02-24;31.83;31.97;31.48;31.79;1529900.0
2010-02-25;31.22;31.91;31.07;31.88;3039300.0
2010-02-26;31.9;32.23;31.72;32.2;2376100.0
2010-03-01;32.48;33.19;32.2627;33.18;2757600.0
2010-03-02;33.4;33.65;32.99;33.11;2797000.0
2010-03-03;33.32;33.95;33.12;33.4;3029500.0
2010-03-04;34.44;34.75;33.95;34.34;4534700.0
2010-03-05;34.28;35.08;34.27;34.98;2782200.0
2010-03-08;35.0;35.42;34.88;35.32;4101500.0
2010-03-09;35.26;36.01;35.14;35.84;3690500.0
2010-03-10;35.95;36.57;35.78;36.31;3872700.0
2010-03-11;36.09;36.61;35.97;36.46;2183400.0
2010-03-12;36.64;36.64;36.16;36.49;2006200.0
2010-03-15;36.51;36.75;35.99;36.75;2165500.0
2010-03-16;36.56;36.91;36.09;36.42;2248000.0
2010-03-17;36.32;36.65;35.84;36.04;3087100.0
2010-03-18;35.98;36.41;35.85;36.14;2166600.0
2010-03-19;36.18;36.26;35.36;35.6;3344100.0
2010-03-22;35.66;36.75;35.59;36.44;2908400.0
2010-03-23;36.52;36.63;36.02;36.39;2634300.0
2010-03-24;36.2;36.39;35.98;36.29;2089300.0
2010-03-25;36.41;37.32;36.35;36.85;2998900.0
2010-03-26;37.75;38.74;37.5;37.98;4934900.0
2010-03-29;38.14;38.29;37.35;37.51;1728100.0
2010-03-30;37.37;38.29;37.29;38.13;2862400.0
2010-03-31;37.86;38.39;37.67;38.07;3623400.0
2010-04-01;38.53;38.835;37.515;37.84;4275000.0
2010-04-05;37.85;39.0;37.78;38.91;3044300.0
2010-04-06;38.71;39.21;38.33;39.15;3053700.0
2010-04-07;39.19;39.29;38.255;38.29;3763600.0
2010-04-08;38.24;38.52;37.54;38.29;3726700.0
2010-04-09;38.51;38.6;37.82;38.56;2270500.0
2010-04-12;38.62;38.7045;37.92;38.05;2292500.0
2010-04-13;38.07;38.39;37.73;38.32;2806700.0
2010-04-14;38.32;39.205;38.22;39.18;2924900.0
2010-04-15;39.0;39.44;39.0;39.4;2077800.0
2010-04-16;39.42;39.47;38.24;38.41;2665900.0
2010-04-19;38.22;38.56;37.05;37.97;2695100.0
2010-04-20;38.18;38.64;37.7;38.2;2506600.0
2010-04-21;38.05;38.62;37.89;38.42;1772100.0
2010-04-22;38.32;40.485;38.03;40.3;3659200.0
2010-04-23;40.48;40.58;39.6;39.87;2764400.0
2010-04-26;40.44;40.77;39.84;40.56;3143600.0
2010-04-27;40.25;40.84;39.06;39.16;3176700.0
2010-04-28;39.26;39.6;38.05;38.12;3247200.0
2010-04-29;38.25;38.56;37.671;38.15;3163900.0
2010-04-30;38.01;38.14;36.97;37.56;4073300.0
2010-05-03;37.82;38.805;37.63;38.48;3283300.0
2010-05-04;37.95;38.17;37.16;37.54;3026500.0
2010-05-05;37.49;38.5;37.235;38.05;3674500.0
2010-05-06;37.2;37.74;33.75;35.92;5150200.0
2010-05-07;35.71;36.66;34.21;34.89;6409800.0
2010-05-10;37.37;38.62;36.65;38.55;6629000.0
2010-05-11;38.4;39.12;37.86;38.78;5369200.0
2010-05-12;39.1;39.41;38.385;39.41;3893400.0
2010-05-13;38.17;38.59;36.451;36.78;7067000.0
2010-05-14;36.48;36.76;35.56;35.88;3807500.0
2010-05-17;35.92;36.13;34.9;36.0;3794600.0
2010-05-18;36.18;36.68;34.95;35.06;2454800.0
2010-05-19;34.91;35.97;34.54;35.35;3182600.0
2010-05-20;34.54;35.461;34.03;34.41;2951700.0
2010-05-21;34.08;35.87;33.28;35.55;3980400.0
2010-05-24;35.36;36.14;34.97;35.74;3465500.0
2010-05-25;35.12;36.5;34.49;36.5;3690600.0
2010-05-26;36.55;37.14;35.08;35.33;4859200.0
2010-05-27;36.13;36.58;35.69;36.49;2261800.0
2010-05-28;36.15;36.74;35.78;36.3;1809100.0
2010-06-01;36.15;37.25;36.03;36.35;2587700.0
2010-06-02;35.79;37.81;35.79;37.79;3658000.0
2010-06-03;37.94;39.18;37.49;39.15;3607400.0
2010-06-04;38.58;38.83;36.78;36.88;3662800.0
2010-06-07;37.27;37.27;36.01;36.08;2376800.0
2010-06-08;36.12;36.32;34.87;36.0;4565800.0
2010-06-09;36.12;37.1;35.7305;36.02;2722300.0
2010-06-10;36.69;37.31;36.54;37.29;2275600.0
2010-06-11;36.7;37.625;36.535;37.12;2398500.0
2010-06-14;37.61;37.91;37.11;37.575;2178600.0
2010-06-15;37.85;38.1;37.17;38.06;1630000.0
2010-06-16;37.75;37.75;36.85;36.93;2368800.0
2010-06-17;37.09;37.09;36.06;36.54;1886000.0
2010-06-18;36.59;37.35;36.404;36.53;2010500.0
2010-06-21;36.86;37.34;35.65;35.77;2193600.0
2010-06-22;35.88;35.99;34.59;34.7;2613100.0
2010-06-23;34.66;35.28;34.2;35.07;2260100.0
2010-06-24;34.99;35.15;33.96;34.66;4284900.0
2010-06-25;34.89;36.565;34.6;36.06;5907100.0
2010-06-28;35.97;36.37;35.59;35.8;2532700.0
2010-06-29;35.21;35.21;34.03;34.62;3954500.0
2010-06-30;34.49;35.63;34.35;34.39;3023700.0
2010-07-01;34.66;35.42;33.99;35.25;5379200.0
2010-07-02;35.33;35.767;34.51;34.69;2020300.0
2010-07-06;34.79;35.6;33.55;33.68;4894800.0
2010-07-07;33.7;34.72;33.7;34.43;3536800.0
2010-07-08;34.5;34.79;33.47;33.97;4205200.0
2010-07-09;34.08;34.52;33.72;34.12;1986000.0
2010-07-12;34.16;34.24;33.36;33.66;2466000.0
2010-07-13;32.82;34.03;32.71;33.91;5763900.0
2010-07-14;34.0;34.0;33.06;33.26;3096200.0
2010-07-15;33.27;33.46;32.86;33.32;3431600.0
2010-07-16;33.33;33.54;31.89;31.96;4693400.0
2010-07-19;32.07;32.62;32.03;32.21;2934300.0
2010-07-20;31.64;33.74;31.64;33.64;4237200.0
2010-07-21;33.76;33.82;32.8;32.94;2483800.0
2010-07-22;33.33;34.1;33.23;33.87;2678200.0
2010-07-23;33.87;34.25;33.32;34.19;2661700.0
2010-07-26;34.05;34.64;33.9;34.62;1985600.0
2010-07-27;34.6;34.88;32.84;32.97;3810900.0
2010-07-28;32.98;33.29;32.37;32.56;2548100.0
2010-07-29;32.73;32.91;31.5;32.02;3768700.0
2010-07-30;31.6;32.28;31.52;32.16;2853900.0
2010-08-02;32.71;32.79;31.83;32.39;3369400.0
2010-08-03;32.19;32.21;30.76;31.56;5496100.0
2010-08-04;31.81;32.24;31.51;32.21;3919500.0
2010-08-05;32.15;33.28;31.45;33.22;4731300.0
2010-08-06;32.6;33.43;32.49;33.11;4229200.0
2010-08-09;33.42;33.86;33.28;33.58;2070000.0
2010-08-10;33.32;33.47;32.68;32.89;2052600.0
2010-08-11;32.08;32.305;31.76;31.88;2397800.0
2010-08-12;31.19;31.77;30.79;31.61;2739000.0
2010-08-13;31.5;31.61;30.88;30.9;2713000.0
2010-08-16;30.75;31.78;30.68;31.36;4090900.0
2010-08-17;32.71;33.9;31.87;32.95;9932800.0
2010-08-18;32.47;33.5;32.47;33.43;2913900.0
2010-08-19;33.15;33.67;32.96;33.16;3050200.0
2010-08-20;33.08;33.29;32.51;32.95;2904400.0
2010-08-23;33.05;33.37;32.36;32.65;2561100.0
2010-08-24;32.23;32.69;31.74;31.75;3836200.0
2010-08-25;31.39;32.49;31.02;32.34;4383000.0
2010-08-26;32.37;32.67;31.36;31.52;2838600.0
2010-08-27;31.5;31.59;30.77;31.05;6581600.0
2010-08-30;30.9;31.1;30.68;30.7;2303300.0
2010-08-31;30.64;31.26;30.19;30.32;4229000.0
2010-09-01;30.93;31.79;30.68;31.19;2930400.0
2010-09-02;31.57;32.74;31.31;32.58;4641100.0
2010-09-03;33.16;33.71;32.75;33.1;2772400.0
2010-09-07;32.85;32.92;32.26;32.29;2412200.0
2010-09-08;32.29;33.49;32.11;33.34;4425200.0
2010-09-09;33.78;34.33;33.08;33.32;4293300.0
2010-09-10;33.51;33.57;32.96;33.18;2560900.0
2010-09-13;33.44;33.76;33.275;33.71;3409000.0
2010-09-14;33.63;34.95;33.63;34.76;3298500.0
2010-09-15;34.43;34.99;34.26;34.97;2233400.0
2010-09-16;34.77;34.93;34.12;34.82;3071900.0
2010-09-17;34.95;34.99;34.01;34.11;3939200.0
2010-09-20;34.25;34.545;33.96;34.13;3000500.0
2010-09-21;34.24;34.48;33.34;33.61;3565400.0
2010-09-22;33.8;33.8;32.91;33.4;2536400.0
2010-09-23;33.01;33.9;32.93;33.43;1784000.0
2010-09-24;33.99;34.68;33.77;34.67;2120000.0
2010-09-27;34.4;34.68;34.07;34.37;1759300.0
2010-09-28;34.6;35.11;34.08;34.87;2813300.0
2010-09-29;34.64;34.7;31.76;31.96;1.89917E7
2010-09-30;32.57;32.84;31.4;31.44;7608200.0
2010-10-01;31.44;31.94;31.16;31.47;5463800.0
2010-10-04;31.34;32.0;31.29;31.49;5940900.0
2010-10-05;31.9;32.21;31.18;32.15;5183900.0
2010-10-06;31.64;32.06;31.06;32.06;5198400.0
2010-10-07;32.39;32.55;31.19;31.46;5159200.0
2010-10-08;31.49;31.88;31.06;31.28;4032300.0
2010-10-11;31.26;31.46;30.54;30.82;4998900.0
2010-10-12;30.5;31.32;30.08;31.21;7108700.0
2010-10-13;31.6;32.41;31.321;31.79;5717100.0
2010-10-14;31.89;32.03;31.15;31.27;2830100.0
2010-10-15;31.09;31.44;30.755;31.0;4744800.0
2010-10-18;31.09;31.31;30.58;31.18;3573400.0
2010-10-19;30.8;30.8;29.08;29.28;1.21536E7
2010-10-20;29.41;30.2;29.14;29.4;7455400.0
2010-10-21;29.62;30.15;29.03;29.36;7107700.0
2010-10-22;29.36;30.38;29.09;30.28;5428900.0
2010-10-25;30.5;31.16;30.28;31.16;7347800.0
2010-10-26;31.05;31.91;30.885;31.81;6290200.0
2010-10-27;31.54;31.57;30.59;31.05;4544600.0
2010-10-28;31.24;31.3;30.25;30.34;4781800.0
2010-10-29;30.34;30.87;30.21;30.79;2743900.0
2010-11-01;30.74;31.0;30.18;30.31;3908000.0
2010-11-02;30.49;30.65;30.1975;30.31;3668500.0
2010-11-03;30.29;31.54;30.25;31.54;4800500.0
2010-11-04;32.0;32.31;31.28;31.72;4855800.0
2010-11-05;31.9;32.5;31.7307;32.44;2247600.0
2010-11-08;32.35;33.6;32.08;33.33;3824300.0
2010-11-09;33.36;33.5;33.1;33.27;4073400.0
2010-11-10;33.22;33.5;32.72;33.43;3071800.0
2010-11-11;32.9;33.24;32.5;33.1;4070500.0
2010-11-12;33.01;33.31;32.67;32.9;3432200.0
2010-11-15;33.17;33.34;32.7;32.735;4125700.0
2010-11-16;34.55;36.66;34.16;36.635;1.94093E7
2010-11-17;36.57;37.57;36.08;37.28;8905400.0
2010-11-18;37.55;37.55;36.41;36.66;5468300.0
2010-11-19;36.59;37.46;36.18;37.26;3955100.0
2010-11-22;37.4;37.92;36.96;37.35;3373900.0
2010-11-23;37.72;38.19;37.43;37.74;5953100.0
2010-11-24;37.99;38.6;37.91;38.4;3819900.0
2010-11-26;38.35;38.73;38.29;38.46;1434900.0
2010-11-29;38.25;38.49;37.7;38.23;4141400.0
2010-11-30;37.93;38.35;37.71;37.79;3936000.0
2010-12-01;38.25;38.49;37.83;38.12;3624600.0
2010-12-02;38.42;38.95;38.215;38.32;3602500.0
2010-12-03;38.2;38.32;37.55;38.26;3815000.0
2010-12-06;38.26;38.53;37.71;37.88;2184800.0
2010-12-07;38.22;38.39;37.37;38.1;3336600.0
2010-12-08;38.1;38.36;37.72;38.32;2343100.0
2010-12-09;38.4;38.47;37.54;37.63;2723100.0
2010-12-10;37.35;37.39;36.44;37.2;4245700.0
2010-12-13;37.39;37.5;36.1;36.15;3690100.0
2010-12-14;36.36;36.83;35.93;36.34;2604900.0
2010-12-15;36.23;36.99;36.14;36.62;2821800.0
2010-12-16;36.64;37.15;36.49;36.67;1961200.0
2010-12-17;36.72;36.95;36.3582;36.36;2958200.0
2010-12-20;36.55;36.91;36.41;36.79;1670800.0
2010-12-21;35.94;36.97;35.72;36.79;3232600.0
2010-12-22;36.98;36.98;35.83;36.06;2587200.0
2010-12-23;36.07;36.15;35.38;35.87;1709000.0
2010-12-27;35.79;35.92;35.51;35.72;818200.0
2010-12-28;35.76;36.16;35.685;36.07;1366100.0
2010-12-29;36.21;36.57;35.99;36.2;1331100.0
2010-12-30;36.08;36.45;35.96;36.39;1051000.0
2010-12-31;36.3;36.38;35.63;35.81;1242000.0
2011-01-03;35.46;35.79;35.105;35.45;4225800.0
2011-01-04;35.52;36.43;35.52;35.89;6098000.0
2011-01-05;35.7;36.23;35.48;35.75;5034100.0
2011-01-06;35.56;36.14;35.0;36.07;3588000.0
2011-01-07;36.15;36.19;35.29;36.01;3211300.0
2011-01-10;35.81;36.22;35.58;36.09;2143800.0
2011-01-11;36.22;36.25;35.44;35.89;2296800.0
2011-01-12;36.12;36.6;35.97;36.21;1593700.0
2011-01-13;36.23;36.67;36.08;36.31;2084500.0
2011-01-14;36.29;36.45;35.89;35.94;1580400.0
2011-01-18;35.95;36.23;35.16;35.63;2748300.0
2011-01-19;35.47;35.54;34.58;35.04;3008400.0
2011-01-20;34.89;35.31;34.75;35.0;2346600.0
2011-01-21;35.1;35.17;34.8001;35.03;2037900.0
2011-01-24;34.9;35.03;34.17;34.23;2692200.0
2011-01-25;34.14;34.475;33.92;34.14;3011600.0
2011-01-26;34.12;34.46;33.62;34.27;2652400.0
2011-01-27;34.27;34.59;34.18;34.41;1710200.0
2011-01-28;34.38;34.41;33.615;33.82;2977400.0
2011-01-31;33.81;34.16;33.67;33.82;1847700.0
2011-02-01;33.98;34.36;33.66;34.01;1588800.0
2011-02-02;33.92;34.24;33.45;33.5975;2814400.0
2011-02-03;33.66;35.11;33.66;33.86;2940700.0
2011-02-04;33.95;35.13;33.69;34.76;2052700.0
2011-02-07;34.62;35.4;34.58;35.11;2916000.0
2011-02-08;35.78;37.11;35.54;37.06;3922600.0
2011-02-09;37.0;37.97;36.87;37.31;4432300.0
2011-02-10;37.2;37.56;37.03;37.32;2168000.0
2011-02-11;37.36;37.62;36.95;37.61;1065800.0
2011-02-14;37.63;37.99;37.49;37.78;1003400.0
2011-02-15;37.63;37.96;37.05;37.72;2503700.0
2011-02-16;38.0;38.04;37.35;37.68;1825700.0
2011-02-17;37.68;38.09;37.42;37.86;1345900.0
2011-02-18;37.51;37.99;37.25;37.78;1667000.0
2011-02-22;37.35;38.2;37.28;37.55;2502600.0
2011-02-23;37.54;37.55;36.325;36.79;2923000.0
2011-02-24;36.74;37.47;36.43;37.07;1406600.0
2011-02-25;37.13;37.7;37.0;37.49;1195700.0
2011-02-28;37.55;38.41;37.4;38.38;2645200.0
2011-03-01;38.46;39.2;37.65;38.0;3259800.0
2011-03-02;37.9;38.335;37.57;37.93;1939400.0
2011-03-03;38.21;38.56;37.67;38.32;1993800.0
2011-03-04;38.39;38.54;37.91;38.5;2686200.0
2011-03-07;38.83;39.26;37.65;37.99;6256000.0
2011-03-08;32.44;32.84;31.46;31.66;1.74914E7
2011-03-09;31.54;31.9;30.91;31.17;7150000.0
2011-03-10;30.94;31.77;30.8;31.67;5128600.0
2011-03-11;31.44;32.2;31.22;32.12;3348900.0
2011-03-14;31.8;32.25;31.72;31.73;3884700.0
2011-03-15;31.03;31.74;31.0;31.32;2555400.0
2011-03-16;31.34;31.58;31.12;31.19;2865500.0
2011-03-17;31.67;31.67;31.01;31.15;1485000.0
2011-03-18;31.19;31.32;30.91;31.25;3165900.0
2011-03-21;31.5;31.82;31.29;31.79;1984300.0
2011-03-22;31.55;31.76;30.39;30.4;5289800.0
2011-03-23;30.18;30.49;29.76;30.4;1.05455E7
2011-03-24;30.56;30.7;30.06;30.19;3691700.0
2011-03-25;29.88;30.14;29.56;30.06;5874200.0
2011-03-28;30.06;30.2081;29.62;29.62;2347600.0
2011-03-29;29.7;29.96;29.47;29.9;4352900.0
2011-03-30;29.92;30.69;29.87;30.55;2628000.0
2011-03-31;30.38;30.43;29.7;29.83;4205900.0
2011-04-01;29.82;30.44;29.5;30.35;5670100.0
2011-04-04;30.36;30.48;30.06;30.19;2031600.0
2011-04-05;30.29;31.13;30.24;30.68;2969300.0
2011-04-06;31.55;31.6;30.98;31.28;4250700.0
2011-04-07;31.19;31.66;30.9;31.0;1925800.0
2011-04-08;31.24;31.25;30.59;30.91;2224800.0
2011-04-11;31.05;31.45;30.99;31.3;2137800.0
2011-04-12;31.29;31.79;31.14;31.56;2135400.0
2011-04-13;31.56;32.18;31.33;31.69;2660900.0
2011-04-14;31.44;31.6;31.22;31.31;1470600.0
2011-04-15;30.51;30.8;30.02;30.64;4835700.0
2011-04-18;30.43;30.52;29.92;30.4;5278800.0
2011-04-19;30.53;31.48;30.37;31.43;4050500.0
2011-04-20;31.63;32.0;31.15;31.2;2521000.0
2011-04-21;31.23;31.76;31.2;31.76;2443600.0
2011-04-25;31.79;31.97;31.6;31.9;2128500.0
2011-04-26;32.0;32.6695;31.97;32.65;4300000.0
2011-04-27;32.65;33.67;32.64;33.1;6468900.0
2011-04-28;31.78;32.5;31.09;31.83;6900000.0
2011-04-29;31.89;32.0;31.42;31.47;3645600.0
2011-05-02;31.72;32.01;31.55;31.85;1966600.0
2011-05-03;31.95;32.26;31.72;32.19;2200000.0
2011-05-04;32.07;32.625;31.85;32.12;2115000.0
2011-05-05;31.89;32.16;31.45;31.55;2600000.0
2011-05-06;31.85;31.97;31.18;31.38;1973300.0
2011-05-09;31.43;31.5;30.97;31.43;2075800.0
2011-05-10;31.53;32.98;31.466;32.9;4025700.0
2011-05-11;32.89;33.09;32.72;32.87;3900000.0
2011-05-12;32.72;33.3;32.12;32.99;3400000.0
2011-05-13;33.06;33.2;32.59;32.62;3321500.0
2011-05-16;32.56;32.89;31.98;32.29;4236200.0
2011-05-17;32.39;33.48;32.11;33.06;5297300.0
2011-05-18;32.95;32.9585;32.17;32.43;2577000.0
2011-05-19;32.52;32.73;32.17;32.54;1634600.0
2011-05-20;32.22;32.22;30.915;31.51;4499000.0
2011-05-23;31.2;31.75;31.095;31.36;2800000.0
2011-05-24;31.48;31.68;30.9;30.97;2464600.0
2011-05-25;30.83;30.92;29.85;30.18;5547700.0
2011-05-26;30.23;30.36;29.87;30.24;4372200.0
2011-05-27;30.24;30.52;30.17;30.46;1620900.0
2011-05-31;30.65;30.72;30.11;30.46;2510200.0
2011-06-01;30.45;30.51;30.0;30.02;2107600.0
2011-06-02;29.98;30.32;29.75;29.8;3391300.0
2011-06-03;29.43;29.65;29.16;29.19;2730400.0
2011-06-06;29.215;29.43;28.89;28.9;3997600.0
2011-06-07;28.94;29.39;28.94;29.28;3330000.0
2011-06-08;29.05;29.05;28.215;28.49;6761400.0
2011-06-09;28.1;29.26;28.1;29.19;5434200.0
2011-06-10;28.98;29.33;28.81;29.03;4394300.0
2011-06-13;29.03;29.15;28.8;28.96;2909800.0
2011-06-14;29.12;29.58;29.06;29.15;1941300.0
2011-06-15;28.92;29.205;28.7;28.71;2366700.0
2011-06-16;28.83;29.0;28.13;28.27;3832400.0
2011-06-17;28.56;28.915;28.41;28.81;3190400.0
2011-06-20;28.71;29.16;28.5;28.97;1364400.0
2011-06-21;29.18;29.37;28.95;29.28;2329000.0
2011-06-22;29.24;29.28;28.57;28.63;2404000.0
2011-06-23;28.29;29.32;28.1009;29.26;3806500.0
2011-06-24;29.28;29.29;28.39;28.43;2933500.0
2011-06-27;28.41;28.61;28.18;28.45;1599600.0
2011-06-28;28.63;28.81;28.38;28.68;2310200.0
2011-06-29;28.74;28.82;28.27;28.34;2316000.0
2011-06-30;28.41;28.54;27.96;28.15;3542500.0
2011-07-01;28.18;29.07;28.07;28.92;3349200.0
2011-07-05;28.96;29.185;28.51;29.11;2475100.0
2011-07-06;29.12;31.44;29.01;30.75;8239300.0
2011-07-07;32.01;33.56;31.95;32.58;1.01353E7
2011-07-08;32.16;32.43;31.85;32.03;3258700.0
2011-07-11;31.7;32.1;31.14;31.3;2620100.0
2011-07-12;31.5;31.93;31.35;31.7;2649900.0
2011-07-13;31.86;32.46;31.74;31.85;1768400.0
2011-07-14;31.85;31.93;30.96;31.3;3030700.0
2011-07-15;31.37;31.6;31.03;31.41;2744000.0
2011-07-18;31.42;31.68;30.89;31.02;2242000.0
2011-07-19;31.31;31.83;31.23;31.59;1445500.0
2011-07-20;31.6;32.01;31.2;31.5;1649700.0
2011-07-21;31.6;32.62;31.6;32.17;2579200.0
2011-07-22;32.19;32.77;31.6;32.56;2481200.0
2011-07-25;32.26;32.77;32.2;32.49;1746800.0
2011-07-26;32.38;33.59;32.37;33.59;3765600.0
2011-07-27;33.27;33.9;32.09;32.16;3699500.0
2011-07-28;32.33;33.03;32.11;32.58;2275700.0
2011-07-29;32.34;32.97;31.95;32.54;2361600.0
2011-08-01;32.79;32.9;31.6623;32.21;2326100.0
2011-08-02;31.9;32.0;30.58;30.76;4021100.0
2011-08-03;30.78;31.63;30.18;31.32;3376400.0
2011-08-04;30.87;31.05;29.195;29.2;5370100.0
2011-08-05;29.68;29.99;28.21;29.39;5049700.0
2011-08-08;28.58;28.96;26.46;27.41;6104100.0
2011-08-09;27.49;28.37;26.47;28.365;5015300.0
2011-08-10;27.65;28.28;26.79;27.38;4328100.0
2011-08-11;27.35;28.71;27.35;28.24;3455500.0
2011-08-12;28.46;30.39;28.15;29.68;4374900.0
2011-08-15;29.76;30.21;29.12;29.69;4588300.0
2011-08-16;26.18;28.05;25.735;27.835;1.43995E7
2011-08-17;27.83;28.04;26.34;27.0;6044700.0
2011-08-18;26.12;26.71;25.27;26.02;5907200.0
2011-08-19;25.7;26.88;25.6275;25.95;4334700.0
2011-08-22;26.49;27.26;26.49;27.03;4997100.0
2011-08-23;27.0;27.27;26.19;26.41;7422400.0
2011-08-24;26.45;26.45;25.3601;25.64;8174400.0
2011-08-25;25.78;25.78;23.89;24.21;9604900.0
2011-08-26;24.24;25.0;24.02;24.77;4547400.0
2011-08-29;24.98;25.6;24.92;25.46;2543500.0
2011-08-30;25.24;26.05;25.04;25.73;3549900.0
2011-08-31;25.88;26.61;25.81;26.175;4629000.0
2011-09-01;26.23;26.52;25.67;26.0;4973300.0
2011-09-02;25.5;26.21;25.29;25.96;4847000.0
2011-09-06;25.22;26.02;25.121;25.78;4950500.0
2011-09-07;23.98;25.37;23.5;25.26;1.30049E7
2011-09-08;24.98;25.64;24.81;24.96;4719700.0
2011-09-09;24.76;24.97;24.4;24.56;4862400.0
2011-09-12;24.39;25.015;24.19;24.85;3821700.0
2011-09-13;24.79;25.2;24.38;24.66;4334600.0
2011-09-14;24.72;25.62;24.52;25.13;4378400.0
2011-09-15;25.56;25.56;25.0;25.35;3429800.0
2011-09-16;25.39;25.6;24.3;24.83;6103200.0
2011-09-19;24.46;24.84;24.2;24.58;3348700.0
2011-09-20;24.82;24.93;24.32;24.34;2550900.0
2011-09-21;24.56;24.63;23.78;23.7925;3854700.0
2011-09-22;22.85;23.3;22.52;22.87;8458600.0
2011-09-23;22.67;23.501;22.61;23.41;5855300.0
2011-09-26;23.54;24.25;23.28;24.2;3496900.0
2011-09-27;24.68;24.68;23.69;23.84;3090300.0
2011-09-28;24.02;24.18;23.06;23.11;3243900.0
2011-09-29;23.47;23.87;22.69;23.31;5480500.0
2011-09-30;23.18;23.21;22.31;22.31;4535900.0
2011-10-03;22.2;22.62;21.89;21.9;6719300.0
2011-10-04;21.72;22.7;21.47;22.49;4475100.0
2011-10-05;22.53;24.03;22.17;23.49;4317000.0
2011-10-06;23.47;24.13;23.3;24.06;3323700.0
2011-10-07;24.15;24.31;23.22;23.29;3489200.0
2011-10-10;23.63;24.01;23.3;23.66;2224800.0
2011-10-11;23.6;23.69;23.335;23.54;1973600.0
2011-10-12;23.85;24.89;23.6;24.15;3626300.0
2011-10-13;24.11;24.23;23.58;23.89;1655400.0
2011-10-14;24.15;24.26;23.49;23.84;2285900.0
2011-10-17;23.75;23.99;22.95;23.12;1915000.0
2011-10-18;23.22;23.7;22.27;23.59;3067900.0
2011-10-19;23.57;23.72;23.25;23.48;1829600.0
2011-10-20;23.42;23.785;23.12;23.67;1863900.0
2011-10-21;23.98;25.16;23.83;25.07;4219400.0
2011-10-24;25.19;26.775;25.19;26.37;3744200.0
2011-10-25;26.04;26.59;26.02;26.19;2969500.0
2011-10-26;26.39;26.5;25.54;26.23;3017300.0
2011-10-27;28.33;29.73;27.74;27.89;5061800.0
2011-10-28;27.75;28.2;27.2;28.1;3598000.0
2011-10-31;28.05;28.05;27.22;27.25;2962900.0
2011-11-01;26.67;27.17;26.2;26.54;4057800.0
2011-11-02;26.96;27.28;26.155;26.62;3377200.0
2011-11-03;26.77;26.9;25.73;26.76;4613200.0
2011-11-04;26.55;26.96;26.0;26.72;1798000.0
2011-11-07;26.75;27.28;26.59;27.21;2503700.0
2011-11-08;26.8799;27.56;25.54;26.34;9047400.0
2011-11-09;25.86;26.43;25.4;26.05;4156700.0
2011-11-10;26.3;26.76;26.0;26.17;3026900.0
2011-11-11;26.34;26.91;26.2;26.82;2588600.0
2011-11-14;26.67;26.99;26.38;26.83;3963100.0
2011-11-15;25.82;27.37;25.62;26.85;1.01432E7
2011-11-16;26.56;27.2601;26.55;26.7;4169900.0
2011-11-17;26.7;26.83;25.85;26.18;3695000.0
2011-11-18;26.18;26.38;25.79;25.96;2937100.0
2011-11-21;25.51;26.23;25.38;26.12;3452500.0
2011-11-22;25.94;26.26;25.48;25.68;2103000.0
2011-11-23;25.42;25.58;25.02;25.26;3178800.0
2011-11-25;25.13;25.5;25.04;25.19;1697700.0
2011-11-28;25.85;26.595;25.75;26.04;2120900.0
2011-11-29;26.0;26.34;25.87;26.1;2077600.0
2011-11-30;26.76;27.06;26.725;26.98;3435900.0
2011-12-01;27.04;27.7;26.87;27.4;2388400.0
2011-12-02;27.66;27.755;27.08;27.09;2225400.0
2011-12-05;27.56;27.72;27.18;27.7;3303200.0
2011-12-06;27.61;27.74;27.05;27.16;2541800.0
2011-12-07;27.18;27.34;26.66;26.91;2544800.0
2011-12-08;26.74;26.79;25.79;26.03;3582600.0
2011-12-09;26.07;26.6;25.935;26.34;2012800.0
2011-12-12;26.19;26.53;25.66;26.46;3588100.0
2011-12-13;29.06;29.54;27.65;27.87;1.24431E7
2011-12-14;27.78;27.81;27.09;27.11;4019400.0
2011-12-15;27.29;27.43;26.72;26.86;2455900.0
2011-12-16;27.03;27.28;26.51;26.58;7324800.0
2011-12-19;26.68;26.9605;26.1;26.14;2168600.0
2011-12-20;26.66;27.14;26.514;27.08;2186800.0
2011-12-21;27.06;27.24;26.75;27.06;1508600.0
2011-12-22;27.1;27.39;26.9;27.2;2042900.0
2011-12-23;27.12;27.56;27.12;27.55;1131500.0
2011-12-27;27.39;27.73;27.29;27.68;1226000.0
2011-12-28;27.66;27.75;27.05;27.22;1225600.0
2011-12-29;27.3;27.65;27.04;27.49;1226700.0
2011-12-30;27.63;27.79;27.43;27.56;1138800.0
2012-01-03;28.02;28.65;27.69;27.75;2721700.0
2012-01-04;27.73;28.67;27.58;28.41;2862500.0
2012-01-05;27.84;28.12;27.5;27.98;2419900.0
2012-01-06;28.03;28.09;27.6;27.67;1913100.0
2012-01-09;27.72;28.93;27.71;28.78;4325900.0
2012-01-10;29.23;30.25;29.07;29.41;6294700.0
2012-01-11;24.5;24.66;23.42;23.93;3.19294E7
2012-01-12;24.27;24.65;23.97;24.55;9344200.0
2012-01-13;24.3999;25.24;24.22;25.13;6670100.0
2012-01-17;25.34;25.43;24.77;24.81;3546100.0
2012-01-18;24.93;25.18;24.68;25.1;3482000.0
2012-01-19;25.24;26.4;25.17;25.91;5108200.0
2012-01-20;25.94;26.03;25.25;25.4;2952900.0
2012-01-23;25.47;25.82;25.245;25.71;2998300.0
2012-01-24;25.6;26.62;25.57;26.615;3337400.0
2012-01-25;26.66;27.7;26.44;27.54;5811200.0
2012-01-26;27.29;27.51;26.635;26.83;3199700.0
2012-01-27;26.88;27.24;26.67;26.99;2187100.0
2012-01-30;26.76;26.85;26.385;26.51;1900300.0
2012-01-31;26.75;26.87;26.075;26.5;2721700.0
2012-02-01;26.62;26.89;26.34;26.39;2703400.0
2012-02-02;26.33;26.74;26.23;26.44;1773200.0
2012-02-03;27.68;28.28;27.62;27.685;7557500.0
2012-02-06;27.45;27.785;27.03;27.48;1646400.0
2012-02-07;26.57;27.2;26.57;26.9;2964800.0
2012-02-08;27.0;27.35;26.8;27.14;3476900.0
2012-02-09;27.94;27.9993;26.77;27.405;7320200.0
2012-02-10;27.04;27.35;26.57;27.0;2128700.0
2012-02-13;27.21;27.3091;26.79;27.02;1201800.0
2012-02-14;26.94;27.25;26.795;27.175;1164400.0
2012-02-15;27.16;27.56;27.05;27.28;1245900.0
2012-02-16;27.38;27.6;27.015;27.47;1260200.0
2012-02-17;27.59;29.15;27.54;28.48;5120600.0
2012-02-21;28.64;29.12;28.39;28.49;1939500.0
2012-02-22;29.23;30.0;29.05;29.33;3973800.0
2012-02-23;29.26;29.46;28.9;29.14;2219500.0
2012-02-24;29.11;29.82;29.045;29.62;1969400.0
2012-02-27;29.54;29.805;29.22;29.66;1305100.0
2012-02-28;29.69;29.75;28.86;29.19;2822800.0
2012-02-29;29.21;29.23;28.36;28.39;3399900.0
2012-03-01;28.6;28.96;28.29;28.4;3468700.0
2012-03-02;28.48;28.79;28.08;28.11;3220000.0
2012-03-05;28.21;28.7975;28.1;28.52;2417600.0
2012-03-06;28.2;28.34;27.9;27.93;2246600.0
2012-03-07;28.15;28.29;27.87;28.24;1895700.0
2012-03-08;28.34;28.96;28.322;28.68;2471400.0
2012-03-09;28.82;29.68;28.5;29.5;2980200.0
2012-03-12;29.5;30.1;29.28;29.51;4975900.0
2012-03-13;28.11;28.65;27.52;27.95;1.59732E7
2012-03-14;27.96;28.53;27.75;28.21;4804200.0
2012-03-15;28.22;28.45;27.8;27.98;5827300.0
2012-03-16;27.99;28.3;27.59;27.98;3765200.0
2012-03-19;27.87;28.09;27.52;27.81;2823800.0
2012-03-20;27.72;28.65;27.68;28.51;3469300.0
2012-03-21;28.42;28.69;28.31;28.51;2018900.0
2012-03-22;28.05;29.15;27.98;29.05;6391700.0
2012-03-23;29.08;29.43;28.39;29.37;3827000.0
2012-03-26;29.64;29.89;29.37;29.49;3774600.0
2012-03-27;29.74;30.005;29.5;29.72;3106800.0
2012-03-28;29.77;29.88;28.92;29.23;3409600.0
2012-03-29;29.07;29.2;28.605;29.19;2315800.0
2012-03-30;29.47;29.74;28.98;29.11;2981500.0
2012-04-02;29.25;29.78;29.065;29.54;4679500.0
2012-04-03;30.86;31.36;29.96;30.22;9571300.0
2012-04-04;30.05;30.34;29.74;30.16;3934000.0
2012-04-05;30.02;30.27;29.94;30.03;3185900.0
2012-04-09;29.68;29.68;29.11;29.48;2900300.0
2012-04-10;29.33;29.4;28.39;28.51;3193800.0
2012-04-11;28.7;29.0;28.6;28.8;1418600.0
2012-04-12;28.75;29.15;28.59;29.0;2194100.0
2012-04-13;29.07;29.13;28.61;28.67;2240500.0
2012-04-16;28.9;29.15;28.37;28.48;2257600.0
2012-04-17;28.67;29.06;28.6;28.94;1731300.0
2012-04-18;28.88;29.17;28.72;29.17;1910800.0
2012-04-19;29.17;29.63;28.85;29.06;1574500.0
2012-04-20;29.11;29.38;28.88;28.94;2126400.0
2012-04-23;28.58;28.6;27.99;28.14;2277000.0
2012-04-24;28.2;28.4;27.75;27.87;2659300.0
2012-04-25;27.94;28.525;27.94;28.34;1784900.0
2012-04-26;28.37;29.0;28.22;28.92;1320800.0
2012-04-27;29.04;29.39;28.54;29.21;2114400.0
2012-04-30;29.27;29.36;28.64;28.96;1333700.0
2012-05-01;28.95;29.32;28.66;28.83;2884800.0
2012-05-02;28.84;30.13;28.61;30.1;3830400.0
2012-05-03;30.08;30.08;28.78;28.97;3283900.0
2012-05-04;28.87;29.21;28.28;28.31;2054600.0
2012-05-07;28.17;28.67;28.1;28.2;2829600.0
2012-05-08;27.96;28.08;26.98;27.65;3110700.0
2012-05-09;27.46;28.1;27.0801;27.84;2630200.0
2012-05-10;28.01;28.19;27.58;27.69;1584600.0
2012-05-11;27.51;27.87;27.36;27.45;2352100.0
2012-05-14;27.32;27.69;26.925;27.02;3537300.0
2012-05-15;27.06;27.6;26.615;26.74;2651000.0
2012-05-16;26.76;27.0101;26.28;26.33;3671100.0
2012-05-17;26.35;26.58;25.475;25.56;4444000.0
2012-05-18;25.61;26.03;25.43;25.62;3564500.0
2012-05-21;25.7;26.52;25.57;26.16;6080000.0
2012-05-22;26.17;28.38;26.02;28.1;1.13066E7
2012-05-23;27.91;28.27;27.43;28.18;3434800.0
2012-05-24;28.18;28.2;27.6;28.03;2190000.0
2012-05-25;28.11;28.53;27.98;28.42;1997300.0
2012-05-29;28.55;28.885;28.19;28.72;2254100.0
2012-05-30;28.49;28.68;28.02;28.19;2074900.0
2012-05-31;28.3;28.3;27.6;27.97;2869900.0
2012-06-01;27.53;27.63;26.59;26.69;2830200.0
2012-06-04;27.0;27.18;26.26;26.64;1697100.0
2012-06-05;26.54;26.88;26.33;26.7;2268800.0
2012-06-06;26.92;27.67;26.83;27.59;3099000.0
2012-06-07;27.93;28.05;26.92;27.33;3888500.0
2012-06-08;27.32;27.78;27.14;27.64;2380100.0
2012-06-11;27.89;28.04;27.07;27.13;2138200.0
2012-06-12;27.37;28.0;27.3;27.75;4647400.0
2012-06-13;27.55;27.57;26.28;26.4;3512500.0
2012-06-14;26.54;26.69;26.13;26.62;3239700.0
2012-06-15;26.76;27.575;26.63;27.51;2617800.0
2012-06-18;27.46;27.76;26.97;27.63;1929200.0
2012-06-19;27.76;28.52;27.69;28.27;1504800.0
2012-06-20;28.37;28.68;27.95;28.46;1634600.0
2012-06-21;28.48;28.54;27.53;27.685;2801900.0
2012-06-22;27.8;27.88;27.2899;27.55;2606000.0
2012-06-25;27.25;27.3;26.81;26.895;1908200.0
2012-06-26;26.97;27.46;26.74;27.11;2260400.0
2012-06-27;27.2;27.3;26.54;26.75;1694600.0
2012-06-28;26.52;26.74;26.04;26.39;1929300.0
2012-06-29;26.9;27.76;26.7;27.59;2404300.0
2012-07-02;27.79;28.0;27.1699;27.56;1153300.0
2012-07-03;27.34;27.95;27.015;27.63;1273900.0
2012-07-05;27.6;28.145;27.55;28.03;1084900.0
2012-07-06;27.84;27.91;27.21;27.41;1507300.0
2012-07-09;27.45;27.68;27.2099;27.52;1664200.0
2012-07-10;27.62;28.22;27.41;27.93;2439400.0
2012-07-11;27.89;28.2;27.32;27.86;2620600.0
2012-07-12;27.57;28.56;27.325;28.39;3314200.0
2012-07-13;28.34;29.32;28.34;29.18;1950400.0
2012-07-16;29.21;29.65;28.96;29.49;2334400.0
2012-07-17;29.82;30.65;29.63;30.59;5496500.0
2012-07-18;30.54;31.29;30.44;31.07;2996400.0
2012-07-19;31.11;31.81;30.91;31.56;2629800.0
2012-07-20;31.33;31.49;30.67;31.01;2244800.0
2012-07-23;30.36;30.808;29.91;30.3;3440200.0
2012-07-24;30.46;30.59;29.83;29.96;2408100.0
2012-07-25;30.21;30.42;29.85;30.09;2177100.0
2012-07-26;30.74;31.23;30.17;30.495;1682600.0
2012-07-27;30.67;31.39;30.6;30.97;2221500.0
2012-07-30;31.05;31.335;30.74;30.95;1257100.0
2012-07-31;30.82;31.14;30.51;30.55;2480000.0
2012-08-01;30.6;30.93;30.38;30.42;1756000.0
2012-08-02;30.08;30.3;29.36;29.69;3909800.0
2012-08-03;30.27;30.43;29.9;30.16;1910600.0
2012-08-06;30.43;30.79;30.18;30.4;1986600.0
2012-08-07;30.68;31.34;30.45;30.96;1732100.0
2012-08-08;30.71;31.09;30.65;30.91;944000.0
2012-08-09;30.9;31.2;30.84;30.87;1480400.0
2012-08-10;30.75;30.81;30.4;30.66;961300.0
2012-08-13;30.47;30.62;30.0;30.49;1461300.0
2012-08-14;30.62;30.79;30.16;30.32;1561600.0
2012-08-15;30.41;31.3;30.37;31.24;2133300.0
2012-08-16;31.21;31.42;30.96;30.98;2053400.0
2012-08-17;31.04;31.6;30.78;31.4;3397400.0
2012-08-20;31.5;31.8;30.91;31.28;5347900.0
2012-08-21;36.91;37.65;35.91;36.98;2.16938E7
2012-08-22;36.89;37.68;36.68;37.19;4377900.0
2012-08-23;37.17;37.47;36.68;36.834;2545300.0
2012-08-24;36.83;37.0;36.62;36.94;1961600.0
2012-08-27;36.99;37.19;36.7835;36.92;2215000.0
2012-08-28;36.88;37.25;36.755;37.02;2233200.0
2012-08-29;37.08;37.83;36.82;37.77;3084400.0
2012-08-30;37.37;38.3;37.32;37.85;2854900.0
2012-08-31;37.91;38.13;37.41;37.54;2033500.0
2012-09-04;37.57;38.16;37.29;38.1;2540700.0
2012-09-05;37.95;38.43;37.74;38.25;2082100.0
2012-09-06;38.56;39.07;38.38;39.03;2594200.0
2012-09-07;39.0;39.08;38.64;38.73;1674400.0
2012-09-10;38.98;40.19;38.77;39.48;4588600.0
2012-09-11;40.25;40.65;38.59;38.9;5473700.0
2012-09-12;39.0;39.58;38.92;39.24;2198700.0
2012-09-13;39.12;39.85;38.97;39.5;2708200.0
2012-09-14;39.25;40.02;39.25;39.71;2754900.0
2012-09-17;39.56;39.95;39.2;39.82;1909300.0
2012-09-18;39.72;39.755;39.03;39.35;2241800.0
2012-09-19;39.49;39.615;39.05;39.09;3950600.0
2012-09-20;39.2;39.45;38.54;38.87;3065200.0
2012-09-21;39.14;39.3;38.71;38.75;2424000.0
2012-09-24;38.79;39.0;37.99;38.43;3919500.0
2012-09-25;38.77;38.82;37.89;37.94;2101500.0
2012-09-26;38.02;38.42;37.33;37.51;2845800.0
2012-09-27;37.71;37.89;37.05;37.455;2900400.0
2012-09-28;37.91;37.91;36.87;37.56;2684100.0
2012-10-01;37.642;38.25;37.32;37.33;1422600.0
2012-10-02;37.59;37.59;36.65;36.86;2813200.0
2012-10-03;36.86;37.25;36.805;37.0;2573900.0
2012-10-04;37.15;37.73;37.0;37.57;1542300.0
2012-10-05;37.57;38.205;37.55;37.73;1463700.0
2012-10-08;37.56;37.94;37.29;37.3;1443300.0
2012-10-09;37.29;37.44;36.64;36.7;1376100.0
2012-10-10;36.76;36.95;36.53;36.85;1468300.0
2012-10-11;37.1;37.57;36.9;36.97;1909500.0
2012-10-12;37.02;37.19;36.5;36.61;987500.0
2012-10-15;36.73;37.81;36.7;37.48;1871100.0
2012-10-16;37.74;38.31;37.6301;38.24;1698100.0
2012-10-17;38.17;38.37;37.68;37.99;1582800.0
2012-10-18;37.94;38.13;37.521;37.9085;1086300.0
2012-10-19;37.72;37.81;36.8;37.09;1199800.0
2012-10-22;36.85;37.26;36.1;36.39;1937800.0
2012-10-23;36.33;36.37;35.42;35.94;2055900.0
2012-10-24;35.87;36.16;35.73;36.06;2006900.0
2012-10-25;36.42;36.458;35.45;35.8;1752000.0
2012-10-26;35.86;36.38;35.62;35.74;1651200.0
2012-10-31;35.78;35.99;35.28;35.75;2004000.0
2012-11-01;35.8;36.86;35.47;36.69;2420800.0
2012-11-02;36.77;37.06;36.35;36.56;1513100.0
2012-11-05;36.61;37.12;36.33;37.08;1090400.0
2012-11-06;37.09;37.26;36.71;36.95;1375500.0
2012-11-07;36.74;37.03;36.09;36.21;1193900.0
2012-11-08;36.28;36.36;34.97;35.25;1512200.0
2012-11-09;35.26;35.63;34.48;35.31;1889600.0
2012-11-12;35.31;35.48;34.98;35.38;871100.0
2012-11-13;35.33;36.69;35.2225;35.95;2072100.0
2012-11-14;36.39;36.91;36.06;36.21;3041000.0
2012-11-15;36.08;36.27;34.675;34.82;2978100.0
2012-11-16;34.86;35.14;34.385;35.05;2207100.0
2012-11-19;35.59;37.25;35.55;37.07;5386600.0
2012-11-20;37.09;37.9;35.8;36.81;7257300.0
2012-11-21;37.0;37.77;37.0;37.35;1891900.0
2012-11-23;37.52;37.95;37.38;37.86;737800.0
2012-11-26;37.87;38.44;37.75;38.34;2772600.0
2012-11-27;38.16;38.74;37.55;37.65;2222900.0
2012-11-28;37.57;38.33;37.18;38.16;2715100.0
2012-11-29;38.11;38.3;37.47;37.82;1339000.0
2012-11-30;37.63;38.11;37.35;37.7;1221400.0
2012-12-03;37.79;37.81;37.01;37.37;1492800.0
2012-12-04;37.32;37.37;36.145;36.54;3273300.0
2012-12-05;36.78;36.93;35.82;36.35;2562900.0
2012-12-06;36.39;37.34;36.36;36.97;1950100.0
2012-12-07;36.99;37.48;36.9;37.37;1589800.0
2012-12-10;37.35;37.575;36.94;37.0;2505800.0
2012-12-11;39.3;40.0;38.65;38.65;9442500.0
2012-12-12;38.94;38.98;38.04;38.18;3046700.0
2012-12-13;37.96;38.62;37.87;38.23;3876100.0
2012-12-14;38.33;39.01;38.12;38.6;2350200.0
2012-12-17;38.67;39.7;38.62;39.58;2270700.0
2012-12-18;39.73;40.13;39.56;39.69;2126800.0
2012-12-19;39.92;40.655;39.7525;40.18;2317000.0
2012-12-20;40.09;40.4487;39.66;40.42;2147400.0
2012-12-21;40.04;40.18;39.35;39.425;2517600.0
2012-12-24;39.49;39.51;39.1901;39.3;555500.0
2012-12-26;39.3;39.36;37.84;38.24;1899600.0
2012-12-27;38.37;38.74;37.73;38.61;1537900.0
2012-12-28;38.23;39.09;38.01;38.22;1507100.0
2012-12-31;38.42;39.46;38.4;39.36;1380100.0
2013-01-02;40.24;41.0;39.902;40.98;4579900.0
2013-01-03;41.215;41.56;40.59;40.74;2076300.0
2013-01-04;41.49;41.72;40.89;41.39;2216300.0
2013-01-07;41.13;41.4;40.27;40.84;1602100.0
2013-01-08;40.81;41.26;40.23;41.1768;2245600.0
2013-01-09;41.48;41.69;40.62;40.75;2978000.0
2013-01-10;41.39;43.27;41.35;42.64;6044700.0
2013-01-11;42.85;42.98;42.27;42.75;4404300.0
2013-01-14;42.53;42.92;42.0;42.25;3623700.0
2013-01-15;41.92;42.72;41.52;42.1;4074100.0
2013-01-16;41.99;42.1;41.72;41.9;3655300.0
2013-01-17;42.12;43.18;41.83;43.18;3531000.0
2013-01-18;43.02;43.46;42.49;43.39;2069700.0
2013-01-22;42.62;43.22;42.17;42.82;2327500.0
2013-01-23;42.8;42.85;42.25;42.5;1409300.0
2013-01-24;42.62;43.11;42.43;42.72;1565500.0
2013-01-25;42.81;43.81;42.64;43.62;2131900.0
2013-01-28;43.25;43.4905;42.87;43.13;1660700.0
2013-01-29;43.07;43.12;42.69;42.93;1463000.0
2013-01-30;43.13;43.34;42.66;42.8;1498100.0
2013-01-31;42.75;43.06;42.49;42.8;2734500.0
2013-02-01;43.24;43.5;42.58;43.35;2235700.0
2013-02-04;43.23;43.41;42.52;42.57;1979200.0
2013-02-05;42.65;43.23;42.65;42.72;2451800.0
2013-02-06;42.75;43.47;42.6;43.15;1768900.0
2013-02-07;43.74;44.15;42.93;43.17;4256000.0
2013-02-08;43.16;43.28;42.46;42.58;1967300.0
2013-02-11;42.5;43.03;42.25;42.37;1488500.0
2013-02-12;42.68;42.97;42.13;42.25;1702400.0
2013-02-13;42.34;42.53;41.26;41.53;2242400.0
2013-02-14;41.49;41.93;41.26;41.43;1811300.0
2013-02-15;40.88;41.99;40.65;41.29;2802500.0
2013-02-19;41.5;41.98;41.06;41.69;3449200.0
2013-02-20;41.69;41.9399;41.115;41.26;2741400.0
2013-02-21;41.06;41.12;39.61;40.26;3769000.0
2013-02-22;40.35;40.5;39.52;39.54;3159300.0
2013-02-25;39.82;40.16;39.0;39.06;2061700.0
2013-02-26;39.27;39.75;38.91;39.56;2518700.0
2013-02-27;39.5;40.38;39.22;40.18;1434600.0
2013-02-28;39.99;40.75;39.84;40.52;1860600.0
2013-03-01;40.34;40.87;40.14;40.81;1389600.0
2013-03-04;40.48;41.65;40.45;41.01;1519000.0
2013-03-05;41.34;41.78;41.34;41.71;1312900.0
2013-03-06;41.5;41.6682;40.66;40.74;1403800.0
2013-03-07;40.93;41.2499;40.32;40.49;2352000.0
2013-03-08;40.89;41.46;40.4;41.31;1609300.0
2013-03-11;41.36;41.73;40.86;41.5;2807900.0
2013-03-12;40.73;42.3;40.25;41.81;3554100.0
2013-03-13;41.7;42.05;41.135;41.51;1959400.0
2013-03-14;41.71;41.72;40.96;41.17;1791300.0
2013-03-15;40.97;41.26;40.5;40.65;1683800.0
2013-03-18;40.31;40.42;39.975;40.08;1696700.0
2013-03-19;40.11;40.28;38.945;39.4;2151500.0
2013-03-20;39.78;40.535;39.5;40.32;2819100.0
2013-03-21;40.0;40.46;39.46;39.52;2059200.0
2013-03-22;39.67;40.1;38.63;38.75;2771000.0
2013-03-25;38.88;39.45;38.46;39.36;3937400.0
2013-03-26;39.39;39.46;38.775;39.41;1800800.0
2013-03-27;39.04;39.28;38.95;39.14;1307500.0
2013-03-28;39.0;39.16;38.55;38.74;2973300.0
2013-04-01;38.88;39.08;38.185;38.41;2088100.0
2013-04-02;40.45;40.98;39.6;39.87;5763400.0
2013-04-03;39.71;39.8;39.0;39.06;2197600.0
2013-04-04;39.11;39.7;39.01;39.52;1920000.0
2013-04-05;38.97;40.06;38.83;39.97;1698300.0
2013-04-08;39.85;40.79;39.8;40.68;1599400.0
2013-04-09;40.56;40.71;40.07;40.47;1295400.0
2013-04-10;40.59;41.0;40.42;40.81;1136800.0
2013-04-11;40.9;42.19;40.77;41.55;1945600.0
2013-04-12;41.33;41.63;41.03;41.38;623800.0
2013-04-15;41.25;41.355;39.97;40.06;1309900.0
2013-04-16;40.27;40.56;39.61;40.54;1665800.0
2013-04-17;40.28;40.29;39.18;39.61;1663100.0
2013-04-18;39.7;39.87;38.83;39.255;1491900.0
2013-04-19;39.5;39.84;39.18;39.455;1131100.0
2013-04-22;39.45;39.72;38.9;39.5;1235900.0
2013-04-23;39.84;40.2;39.03;39.6;1953900.0
2013-04-24;39.74;39.96;39.44;39.73;850300.0
2013-04-25;39.87;41.315;39.69;41.04;1816000.0
2013-04-26;41.02;41.31;40.63;41.16;1413900.0
2013-04-29;41.49;41.93;41.26;41.35;1184200.0
2013-04-30;41.57;41.62;40.95;41.44;1602100.0
2013-05-01;41.43;41.57;40.73;40.9;765300.0
2013-05-02;40.95;41.11;40.5;40.97;1029700.0
2013-05-03;41.44;42.0;41.36;41.54;1081000.0
2013-05-06;41.5;41.8;41.21;41.65;847500.0
2013-05-07;42.36;43.82;42.0;43.66;2795500.0
2013-05-08;43.5;43.65;43.05;43.39;1062000.0
2013-05-09;43.17;43.87;43.0;43.39;1431600.0
2013-05-10;43.51;44.12;43.48;43.83;849000.0
2013-05-13;43.33;44.31;43.26;43.75;1339300.0
2013-05-14;43.72;44.26;43.72;44.11;1613500.0
2013-05-15;44.0;44.82;43.94;44.43;1842200.0
2013-05-16;44.56;44.63;43.4;43.64;2477200.0
2013-05-17;43.77;44.71;43.56;44.54;2234800.0
2013-05-20;44.43;44.96;44.21;44.49;2729800.0
2013-05-21;43.65;44.35;43.1;43.27;5872300.0
2013-05-22;43.4;43.93;42.52;42.81;2314300.0
2013-05-23;42.46;42.7;42.16;42.3;1926700.0
2013-05-24;41.87;42.02;41.32;41.84;1666100.0
2013-05-28;42.44;42.61;41.07;41.1;1918200.0
2013-05-29;40.81;41.04;40.485;40.91;1870200.0
2013-05-30;40.66;42.04;40.66;41.87;1966400.0
2013-05-31;41.77;42.595;41.58;41.93;1776500.0
2013-06-03;41.78;41.88;40.85;41.86;1670200.0
2013-06-04;41.75;42.62;41.73;42.31;1890800.0
2013-06-05;42.21;42.21;41.36;41.57;1475300.0
2013-06-06;41.5;41.77;40.57;41.77;1856200.0
2013-06-07;42.24;42.64;42.02;42.58;999400.0
2013-06-10;42.78;42.815;42.12;42.27;1122000.0
2013-06-11;42.01;42.51;41.88;42.04;1602100.0
2013-06-12;42.54;42.54;40.6;41.18;1878000.0
2013-06-13;41.31;41.55;40.8;41.41;971300.0
2013-06-14;41.36;41.53;40.52;40.88;1178800.0
2013-06-17;41.25;41.39;40.52;40.79;1381900.0
2013-06-18;40.73;41.07;40.55;40.645;1034300.0
2013-06-19;40.7;40.8299;39.78;39.9;2024900.0
2013-06-20;39.66;39.865;38.85;39.16;1918300.0
2013-06-21;39.37;39.97;38.96;39.535;2664100.0
2013-06-24;39.19;39.39;38.11;38.74;3235500.0
2013-06-25;38.85;39.21;38.56;39.04;2444300.0
2013-06-26;39.44;39.82;38.95;39.52;1416000.0
2013-06-27;39.65;40.4925;39.574;40.34;1422400.0
2013-06-28;40.3;40.54;40.14;40.22;2079600.0
2013-07-01;40.38;40.97;40.38;40.41;1425400.0
2013-07-02;40.37;40.85;40.14;40.66;1037500.0
2013-07-03;40.29;40.58;40.025;40.37;376000.0
2013-07-05;40.66;41.2;40.11;41.04;845400.0
2013-07-08;41.27;41.99;41.19;41.77;1447300.0
2013-07-09;41.87;42.215;41.73;41.95;1426500.0
2013-07-10;41.79;42.36;41.79;42.34;1149000.0
2013-07-11;43.1;43.26;42.35;43.17;1834100.0
2013-07-12;43.15;43.45;42.64;42.98;900200.0
2013-07-15;42.95;43.35;42.73;43.09;1237700.0
2013-07-16;43.23;43.33;42.43;42.63;835700.0
2013-07-17;42.83;42.91;42.32;42.5;890900.0
2013-07-18;42.45;43.04;42.4375;42.72;1064600.0
2013-07-19;42.54;42.99;42.45;42.85;1021900.0
2013-07-22;43.19;43.25;42.56;42.76;774800.0
2013-07-23;42.79;42.93;42.25;42.34;849500.0
2013-07-24;42.54;42.67;41.8;42.04;1115700.0
2013-07-25;42.09;42.34;41.96;42.29;543000.0
2013-07-26;41.98;42.075;41.51;41.95;1168700.0
2013-07-29;41.93;42.27;41.7;41.98;1013200.0
2013-07-30;42.22;42.6;41.83;42.5;1211700.0
2013-07-31;42.64;43.04;42.52;42.56;950700.0
2013-08-01;42.44;43.98;42.44;43.79;1439700.0
2013-08-02;43.78;43.945;43.41;43.83;616300.0
2013-08-05;43.88;43.98;43.43;43.67;600500.0
2013-08-06;42.84;43.225;41.32;42.47;2515700.0
2013-08-07;42.2;42.37;41.23;41.27;1919000.0
2013-08-08;41.39;41.83;40.84;41.64;2304600.0
2013-08-09;41.6;41.84;41.06;41.46;1314300.0
2013-08-12;41.29;42.21;41.18;42.1;1741100.0
2013-08-13;42.05;42.34;41.68;41.77;1841000.0
2013-08-14;41.64;41.64;40.72;40.77;1748100.0
2013-08-15;40.5;40.5;40.07;40.28;2546200.0
2013-08-16;40.17;40.37;39.65;39.74;2454200.0
2013-08-19;39.97;40.35;39.77;39.92;4163700.0
2013-08-20;43.91;44.15;42.94;43.19;8315200.0
2013-08-21;43.04;43.14;41.945;42.3;3490200.0
2013-08-22;42.14;42.91;41.71;42.7;1853400.0
2013-08-23;42.83;42.97;42.12;42.8;1287700.0
2013-08-26;42.75;42.96;41.995;42.06;1015200.0
2013-08-27;41.57;41.96;41.24;41.45;1592200.0
2013-08-28;41.61;42.16;41.41;41.95;1933200.0
2013-08-29;42.15;43.06;42.03;42.49;1766600.0
2013-08-30;42.71;42.73;41.78;41.93;1054200.0
2013-09-03;42.55;42.65;41.65;41.76;1874400.0
2013-09-04;41.61;42.016;41.475;41.82;1580100.0
2013-09-05;42.0;42.12;41.47;41.96;1748800.0
2013-09-06;42.2;42.76;41.49;42.56;1850000.0
2013-09-09;42.42;42.79;42.065;42.71;2026200.0
2013-09-10;39.55;39.7;37.83;38.35;1.41605E7
2013-09-11;38.42;38.73;38.085;38.2;5378800.0
2013-09-12;38.1101;38.8;37.89;38.3;3129400.0
2013-09-13;38.72;38.74;38.23;38.38;2029900.0
2013-09-16;38.74;38.8;38.26;38.39;2254300.0
2013-09-17;38.4;38.73;38.06;38.12;3570700.0
2013-09-18;38.19;39.0;37.34;37.97;4174700.0
2013-09-19;38.01;38.275;37.92;38.12;1999100.0
2013-09-20;38.8;38.8;37.91;38.1;2685800.0
2013-09-23;38.0;38.09;37.385;37.43;1652700.0
2013-09-24;37.5;37.66;37.07;37.29;2997100.0
2013-09-25;37.28;37.54;36.835;36.94;1875100.0
2013-09-26;36.9;37.35;36.8;36.98;1345700.0
2013-09-27;36.85;37.26;36.4;37.07;1612300.0
2013-09-30;36.82;37.135;36.58;36.77;1994000.0
2013-10-01;36.76;36.9;36.47;36.51;2449200.0
2013-10-02;36.78;36.92;36.48;36.92;2637500.0
2013-10-03;36.8;37.02;36.55;36.7;1808200.0
2013-10-04;36.83;37.15;36.55;36.96;991500.0
2013-10-07;36.55;36.87;35.66;35.66;2588700.0
2013-10-08;35.58;35.82;35.03;35.06;2356300.0
2013-10-09;35.19;36.02;35.0;35.7;2151200.0
2013-10-10;36.05;36.46;35.71;36.455;2549000.0
2013-10-11;36.07;36.09;35.26;35.895;3201200.0
2013-10-14;35.78;36.1;35.61;36.07;1302500.0
2013-10-15;35.91;36.07;35.41;35.89;1627300.0
2013-10-16;36.27;36.51;36.1;36.46;1331200.0
2013-10-17;36.3;36.46;36.09;36.439;1056800.0
2013-10-18;36.51;37.24;36.4;37.01;1976700.0
2013-10-21;37.03;37.19;36.24;36.5;1348700.0
2013-10-22;36.54;36.73;36.17;36.345;1315100.0
2013-10-23;36.24;36.57;36.065;36.45;1030800.0
2013-10-24;36.89;37.76;36.656;37.59;2325300.0
2013-10-25;37.02;37.89;36.85;37.88;1908800.0
2013-10-28;37.68;38.29;37.57;38.0;1792400.0
2013-10-29;38.33;38.34;37.8;38.24;1056600.0
2013-10-30;38.27;38.8;37.67;38.09;1628000.0
2013-10-31;37.94;37.99;37.46;37.88;1260700.0
2013-11-01;37.99;38.66;37.86;38.59;1988300.0
2013-11-04;38.84;39.55;38.76;39.47;2543000.0
2013-11-05;39.3;39.3;38.84;38.93;1364900.0
2013-11-06;38.92;39.32;38.61;38.76;1165400.0
2013-11-07;38.88;39.29;38.4;38.47;1051500.0
2013-11-08;38.61;39.51;38.46;39.48;1637700.0
2013-11-11;39.45;40.1;39.27;40.02;1878500.0
2013-11-12;40.02;40.14;39.64;39.82;1877700.0
2013-11-13;39.65;40.08;39.56;39.991;1613200.0
2013-11-14;39.87;40.19;39.72;40.0;1532600.0
2013-11-15;40.44;40.45;39.52;40.17;2254600.0
2013-11-18;40.37;40.44;39.38;39.64;3741600.0
2013-11-19;38.54;39.94;37.98;39.31;4687800.0
2013-11-20;39.47;39.5399;38.87;39.02;1929100.0
2013-11-21;39.05;39.14;38.72;38.98;1400800.0
2013-11-22;38.96;39.13;38.235;38.44;2334800.0
2013-11-25;38.7;39.38;38.5;38.91;1832700.0
2013-11-26;38.87;39.185;38.7;38.87;1143500.0
2013-11-27;38.88;39.08;38.67;39.07;911200.0
2013-11-29;39.2;39.22;38.92;39.02;506500.0
2013-12-02;37.51;38.54;37.4001;37.66;3324100.0
2013-12-03;37.56;37.73;37.15;37.24;2106500.0
2013-12-04;36.92;37.08;36.46;36.63;2463600.0
2013-12-05;36.31;36.71;36.04;36.29;3092000.0
2013-12-06;36.42;36.71;35.51;35.99;2325300.0
2013-12-09;35.94;36.19;35.61;36.04;2366700.0
2013-12-10;36.03;36.25;35.625;35.74;1894800.0
2013-12-11;37.15;37.77;36.42;36.84;4119000.0
2013-12-12;36.61;36.81;35.965;36.0;1910000.0
2013-12-13;36.0;36.118;35.75;35.78;1964200.0
2013-12-16;36.83;36.87;36.03;36.03;2641800.0
2013-12-17;36.08;36.13;35.73;35.85;1277300.0
2013-12-18;35.8;36.34;35.26;36.27;2225600.0
2013-12-19;36.1;36.55;35.65;35.72;1603500.0
2013-12-20;35.81;36.87;35.76;36.48;2754900.0
2013-12-23;36.55;36.95;36.14;36.88;1571700.0
2013-12-24;36.96;37.19;36.68;36.76;472700.0
2013-12-26;36.8;37.84;36.8;37.55;2392600.0
2013-12-27;37.52;37.67;36.88;37.06;1180800.0
2013-12-30;37.03;37.39;36.84;37.32;996600.0
2013-12-31;37.3;37.35;36.88;37.1;886800.0
2014-01-02;38.4;38.69;37.76;37.78;2502900.0
2014-01-03;37.75;38.17;37.71;37.99;1692300.0
2014-01-06;38.75;38.75;37.95;37.96;2120000.0
2014-01-07;38.09;38.23;37.88;37.98;2563600.0
2014-01-08;37.98;38.13;37.69;37.87;3184200.0
2014-01-09;38.41;38.52;37.6;38.01;3281700.0
2014-01-10;37.99;38.08;37.1;37.57;2103400.0
2014-01-13;37.38;37.55;36.82;36.89;2575200.0
2014-01-14;36.95;37.66;36.91;37.13;1782900.0
2014-01-15;36.29;37.56;36.29;37.13;1454800.0
2014-01-16;37.01;37.065;36.4;36.78;1864700.0
2014-01-17;36.87;37.59;36.67;37.02;1809100.0
2014-01-21;37.27;37.3;36.73;36.89;1453400.0
2014-01-22;36.82;36.95;36.67;36.88;999100.0
2014-01-23;36.74;36.91;36.42;36.52;1598400.0
2014-01-24;36.32;36.4;35.9;36.0;1285300.0
2014-01-27;36.52;36.74;35.975;36.28;2466000.0
2014-01-28;36.23;36.51;35.75;35.84;1748200.0
2014-01-29;35.76;35.92;35.3;35.41;1726800.0
2014-01-30;35.68;36.24;35.5;35.96;1364200.0
2014-01-31;35.52;36.0316;35.42;35.82;1437300.0
2014-02-03;35.89;35.98;34.195;34.28;3568900.0
2014-02-04;34.39;34.85;33.95;34.77;3482500.0
2014-02-05;34.64;34.835;34.25;34.72;1615400.0
2014-02-06;34.75;35.85;34.6;35.6;1449600.0
2014-02-07;35.01;36.3001;34.91;36.24;2144700.0
2014-02-10;37.13;37.2;36.38;36.64;3128800.0
2014-02-11;35.88;36.29;35.54;35.61;4459100.0
2014-02-12;35.78;35.845;34.99;35.25;2845400.0
2014-02-13;34.99;36.03;34.86;36.03;1713900.0
2014-02-14;35.92;35.99;35.53;35.85;1287000.0
2014-02-18;35.025;36.385;35.025;36.31;2086800.0
2014-02-19;36.36;36.58;36.11;36.32;1734200.0
2014-02-20;36.32;36.46;35.57;35.75;1840500.0
2014-02-21;35.86;36.14;35.7;35.92;1165100.0
2014-02-24;36.0;36.62;35.89;36.22;959200.0
2014-02-25;36.28;37.04;35.75;36.79;2339500.0
2014-02-26;37.05;37.995;37.02;37.9;2254500.0
2014-02-27;38.11;38.5;37.31;37.62;2078700.0
2014-02-28;37.73;37.829;37.105;37.44;1807600.0
2014-03-03;37.18;37.58;37.05;37.52;1319700.0
2014-03-04;37.71;37.83;37.19;37.3;1358300.0
2014-03-05;37.27;37.49;37.05;37.14;1533400.0
2014-03-06;37.3;37.47;36.87;36.99;1560200.0
2014-03-07;37.2;37.78;37.09;37.56;2294400.0
2014-03-10;37.9;37.94;37.11;37.51;2952600.0
2014-03-11;36.18;36.25;35.2;35.91;7566900.0
2014-03-12;35.25;35.46;34.86;35.2932;4377700.0
2014-03-13;35.26;35.34;34.86;34.89;3515300.0
2014-03-14;34.92;35.84;34.75;35.55;3117900.0
2014-03-17;35.81;35.84;35.205;35.34;3190000.0
2014-03-18;35.33;36.02;35.25;35.87;2001700.0
2014-03-19;35.88;36.39;35.73;35.95;2282100.0
2014-03-20;35.72;36.1;35.6047;35.88;1304900.0
2014-03-21;36.17;36.54;36.02;36.38;2109200.0
2014-03-24;36.51;36.57;36.17;36.5;2229200.0
2014-03-25;36.56;36.57;35.66;35.8;3484500.0
2014-03-26;35.92;36.36;35.8;35.96;2299800.0
2014-03-27;35.89;36.08;35.77;35.96;2599200.0
2014-03-28;35.99;36.56;35.89;36.36;1611100.0
2014-03-31;36.35;36.59;36.17;36.47;1916600.0
2014-04-01;36.65;36.74;36.35;36.65;2798400.0
2014-04-02;37.24;38.22;37.01;38.11;4510200.0
2014-04-03;38.19;38.61;37.89;38.28;2364400.0
2014-04-04;38.44;38.842;37.73;38.0;2635800.0
2014-04-07;37.99;37.99;36.7;36.76;4572600.0
2014-04-08;36.66;37.5;36.612;37.28;2500600.0
2014-04-09;37.34;37.99;37.1;37.91;2541400.0
2014-04-10;37.8;38.12;37.0;37.12;3396400.0
2014-04-11;36.78;37.01;35.99;36.01;2024900.0
2014-04-14;36.41;36.7;35.86;36.27;2687800.0
2014-04-15;36.26;36.58;35.5601;36.07;1424500.0
2014-04-16;36.45;36.68;36.1;36.26;2033300.0
2014-04-17;36.17;36.45;35.54;35.62;1930700.0
2014-04-21;35.63;35.79;35.24;35.4;1361600.0
2014-04-22;35.48;35.97;35.31;35.76;2046800.0
2014-04-23;35.79;36.21;35.67;35.83;1722700.0
2014-04-24;35.95;36.135;35.58;35.97;1151200.0
2014-04-25;35.86;36.01;35.58;35.79;1040600.0
2014-04-28;35.88;36.22;35.31;35.93;1519800.0
2014-04-29;36.04;36.2;35.7;36.01;973000.0
2014-04-30;35.88;35.88;35.46;35.655;1548100.0
2014-05-01;35.85;36.36;35.73;35.93;1788500.0
2014-05-02;35.99;36.56;35.51;35.57;1761700.0
2014-05-05;35.48;35.84;35.15;35.78;1516900.0
2014-05-06;35.55;35.75;34.96;35.005;2147200.0
2014-05-07;35.0;35.11;34.47;34.8;1913300.0
2014-05-08;34.84;35.7;34.84;35.38;1734500.0
2014-05-09;35.47;36.39;35.24;36.32;2220200.0
2014-05-12;36.51;37.05;36.51;36.89;1803400.0
2014-05-13;37.0;37.405;36.91;37.19;2445500.0
2014-05-14;37.16;37.24;36.58;36.67;1782900.0
2014-05-15;35.82;36.07;35.17;35.36;2739600.0
2014-05-16;35.6;36.26;35.36;36.21;2394600.0
2014-05-19;36.18;36.4;35.56;36.17;4461400.0
2014-05-20;34.6;34.8;32.83;32.98;1.11867E7
2014-05-21;32.82;33.3;32.47;32.52;3630100.0
2014-05-22;32.5;32.92;32.23;32.53;2685100.0
2014-05-23;32.6;32.92;32.35;32.54;1654500.0
2014-05-27;32.74;32.75;32.4;32.59;2815500.0
2014-05-28;32.88;33.16;32.52;33.05;2938600.0
2014-05-29;33.05;33.31;32.89;33.27;2113800.0
2014-05-30;33.25;33.55;33.155;33.52;3548800.0
2014-06-02;33.44;33.55;32.94;33.49;2969300.0
2014-06-03;33.37;33.69;33.2;33.59;1853300.0
2014-06-04;33.11;34.0;33.11;33.9;3926600.0
2014-06-05;34.06;34.32;33.68;34.19;3534000.0
2014-06-06;34.21;34.54;34.17;34.4;2055300.0
2014-06-09;34.37;34.83;34.26;34.68;2029900.0
2014-06-10;34.47;34.54;33.33;33.39;3914000.0
2014-06-11;33.3;33.86;33.13;33.79;2329900.0
2014-06-12;33.72;33.73;33.22;33.46;2526300.0
2014-06-13;33.85;33.85;33.34;33.52;2589600.0
2014-06-16;34.5;34.5;33.01;33.32;3626600.0
2014-06-17;33.32;34.095;33.32;34.01;2142200.0
2014-06-18;34.04;34.04;33.49;33.92;1558100.0
2014-06-19;33.91;34.21;33.71;33.87;1002300.0
2014-06-20;33.99;34.205;33.77;34.14;3183800.0
2014-06-23;34.17;34.47;33.98;34.01;1535200.0
2014-06-24;34.05;34.48;33.95;34.02;1826900.0
2014-06-25;32.98;34.15;32.98;33.9;1921400.0
2014-06-26;33.84;33.9;33.415;33.83;969900.0
2014-06-27;33.73;33.87;33.575;33.74;1712100.0
2014-06-30;33.62;33.97;33.5;33.86;1559200.0
2014-07-01;32.65;33.78;32.6201;33.42;4410800.0
2014-07-02;33.88;34.23;33.42;34.05;2910200.0
2014-07-03;34.18;34.8;34.17;34.52;1732700.0
2014-07-07;34.45;34.59;34.09;34.29;1422600.0
2014-07-08;34.29;34.37;33.97;34.05;1686400.0
2014-07-09;33.55;34.49;33.55;34.43;1294100.0
2014-07-10;33.94;34.01;33.16;33.78;1918500.0
2014-07-11;33.46;33.73;33.2;33.55;1287200.0
2014-07-14;33.83;33.8937;33.31;33.36;1198400.0
2014-07-15;33.49;33.65;33.19;33.29;1609500.0
2014-07-16;33.37;33.51;32.85;33.25;1212700.0
2014-07-17;33.08;33.69;33.08;33.38;1307400.0
2014-07-18;33.5;34.13;33.38;34.01;1588900.0
2014-07-21;33.92;34.05;33.61;33.82;1628700.0
2014-07-22;34.21;34.21;33.818;33.84;1600600.0
2014-07-23;33.81;34.12;33.79;33.93;1226000.0
2014-07-24;34.13;35.06;33.9;34.91;1555700.0
2014-07-25;34.74;34.92;34.515;34.53;1230700.0
2014-07-28;34.68;35.01;34.59;34.98;1457300.0
2014-07-29;35.03;35.61;35.02;35.4;1840700.0
2014-07-30;35.32;36.215;35.21;36.07;2206100.0
2014-07-31;35.74;35.99;35.52;35.73;2196300.0
2014-08-01;35.69;35.86;35.21;35.6;1550300.0
2014-08-04;35.64;36.09;35.48;36.01;1878100.0
2014-08-05;35.72;36.14;35.49;36.05;3081600.0
2014-08-06;35.99;37.21;35.85;36.93;2716300.0
2014-08-07;36.53;37.09;36.275;36.34;1933500.0
2014-08-08;36.59;37.31;36.45;37.17;2716900.0
2014-08-11;37.18;37.43;36.74;36.78;1812500.0
2014-08-12;36.88;37.14;36.54;36.76;1143700.0
2014-08-13;36.92;36.92;35.98;36.36;2351100.0
2014-08-14;36.48;36.5;36.01;36.345;1397900.0
2014-08-15;36.37;36.42;35.61;36.05;1865900.0
2014-08-18;36.46;37.03;36.11;36.92;3582700.0
2014-08-19;37.8;38.79;37.24;38.59;5476200.0
2014-08-20;38.44;39.2;38.44;39.15;3904800.0
2014-08-21;39.02;39.36;38.94;39.27;1528700.0
2014-08-22;39.11;39.84;39.11;39.8;1911900.0
2014-08-25;39.85;40.32;39.66;40.19;2016500.0
2014-08-26;40.21;40.47;39.77;40.245;1788000.0
2014-08-27;40.5;40.67;40.18;40.26;1794700.0
2014-08-28;39.94;40.19;39.3645;39.77;2287100.0
2014-08-29;39.9;40.05;39.59;39.79;2234500.0
2014-09-02;39.85;40.2;39.42;39.79;1837600.0
2014-09-03;39.9;40.09;39.56;39.62;1380700.0
2014-09-04;39.76;40.31;39.67;40.095;1824000.0
2014-09-05;39.69;39.97;39.13;39.37;2069900.0
2014-09-08;39.25;39.49;38.77;39.07;1555600.0
2014-09-09;39.08;39.19;38.73;38.89;1632100.0
2014-09-10;38.2;38.95;37.99;38.655;3231000.0
2014-09-11;38.6;39.06;38.4;38.82;1710700.0
2014-09-12;38.86;38.86;38.46;38.82;1107100.0
2014-09-15;38.69;38.86;38.38;38.43;876700.0
2014-09-16;38.38;38.93;38.24;38.62;1083200.0
2014-09-17;38.76;38.76;37.925;38.02;2083300.0
2014-09-18;38.09;38.545;37.86;38.46;1335300.0
2014-09-19;38.82;38.9;37.87;38.02;2646700.0
2014-09-22;37.9;37.98;37.18;37.26;1689400.0
2014-09-23;37.05;37.71;36.94;37.31;2087900.0
2014-09-24;37.28;38.22;37.28;38.13;2603526.0
2014-09-25;37.9;38.35;37.21;37.52;1221176.0
2014-09-26;37.66;37.81;37.34;37.46;1126657.0
2014-09-29;37.13;37.31;36.81;36.96;1549404.0
2014-09-30;37.0;37.0;36.49;36.7;1532603.0
2014-10-01;36.61;36.71;35.91;36.135;1471928.0
2014-10-02;36.05;36.32;35.5;36.24;2027723.0
2014-10-03;36.5;36.92;36.19;36.45;2144081.0
2014-10-06;36.58;36.6;35.83;36.075;2177341.0
2014-10-07;35.84;36.11;35.64;35.77;1834198.0
2014-10-08;35.87;36.35;35.7;36.25;2012798.0
2014-10-09;36.02;36.38;35.61;35.71;2391076.0
2014-10-10;35.57;35.88;34.92;34.94;2218431.0
2014-10-13;35.1;35.44;34.6;34.625;2574057.0
2014-10-14;34.74;35.21;34.52;34.66;2182285.0
2014-10-15;34.11;34.87;33.7;34.69;3238761.0
2014-10-16;33.85;34.675;33.76;34.56;3447742.0
2014-10-17;29.82;30.45;29.11;29.62;1.6249582E7
2014-10-20;29.55;30.57;29.55;30.19;4056020.0
2014-10-21;30.23;30.39;30.0;30.24;4816813.0
2014-10-22;30.33;30.96;30.03;30.055;3028664.0
2014-10-23;30.05;30.92;30.04;30.7;1497696.0
2014-10-24;30.55;30.55;30.05;30.29;1553561.0
2014-10-27;30.27;30.53;30.05;30.44;2042370.0
2014-10-28;30.44;30.65;29.91;30.52;1546964.0
2014-10-29;30.49;30.83;30.22;30.35;1433911.0
2014-10-30;30.23;30.6;30.21;30.41;1474317.0
2014-10-31;30.85;30.99;30.24;30.36;1718385.0
2014-11-03;30.3;30.7;30.23;30.41;1908766.0
2014-11-04;30.42;30.42;29.53;29.7;2644126.0
2014-11-05;29.98;30.12;29.77;30.065;1339066.0
2014-11-06;30.07;31.27;30.05;31.16;1698825.0
2014-11-07;31.05;31.7;30.71;31.18;1684838.0
2014-11-10;31.78;31.88;30.36;30.6;2546168.0
2014-11-11;30.56;31.025;30.36;30.81;2016164.0
2014-11-12;30.8;32.07;30.79;32.03;2416868.0
2014-11-13;31.92;32.19;31.28;31.645;2168353.0
2014-11-14;30.92;31.41;30.77;30.85;3321438.0
2014-11-17;31.0;31.46;30.78;30.83;5510174.0
2014-11-18;29.48;29.53;27.89;28.79;1.0332909E7
2014-11-19;28.86;29.56;28.51;29.53;4185032.0
2014-11-20;29.5;31.84;29.46;31.61;7320573.0
2014-11-21;31.74;32.03;30.88;31.48;4062126.0
2014-11-24;31.69;33.5;31.355;33.17;7000075.0
2014-11-25;33.15;33.62;32.68;33.01;4466553.0
2014-11-26;33.07;33.07;32.26;32.48;2691705.0
2014-11-28;32.58;33.12;32.19;32.32;1381555.0
2014-12-01;32.0;32.23;31.15;31.24;3051561.0
2014-12-02;31.27;31.57;30.81;31.09;2121797.0
2014-12-03;31.15;31.911;31.1;31.27;1865730.0
2014-12-04;31.13;31.43;30.79;31.16;1547803.0
2014-12-05;31.03;31.18;30.61;31.16;2540752.0
2014-12-08;31.06;31.71;31.0;31.5;3213436.0
2014-12-09;31.32;31.495;31.02;31.19;2390333.0
2014-12-10;31.13;31.39;29.91;30.01;3074832.0
2014-12-11;31.91;33.52;31.81;32.29;5201590.0
2014-12-12;31.9;32.75;31.839;32.06;2513717.0
2014-12-15;32.27;32.76;32.15;32.47;2241863.0
2014-12-16;32.27;33.09;32.08;32.63;2670605.0
2014-12-17;32.77;33.35;32.42;33.32;1707043.0
2014-12-18;33.75;34.25;33.53;34.17;2794038.0
2014-12-19;34.34;34.54;33.655;34.02;3394244.0
2014-12-22;34.04;34.595;33.93;34.49;1484499.0
2014-12-23;34.47;34.87;34.26;34.68;1621303.0
2014-12-24;34.63;34.63;34.13;34.15;799993.0
2014-12-26;34.19;35.03;34.14;34.855;1958171.0
2014-12-29;34.82;35.57;34.395;35.25;1609499.0
2014-12-30;35.11;35.48;35.0;35.07;1509599.0
2014-12-31;35.2;35.85;35.11;35.13;1427912.0
2015-01-02;35.26;35.53;34.795;35.1;1279379.0
2015-01-05;33.9;35.29;33.75;35.1;2962953.0
2015-01-06;35.25;35.25;34.05;34.48;2311870.0
2015-01-07;34.62;35.54;34.62;35.38;1871100.0
2015-01-08;36.38;36.78;35.98;36.69;4330949.0
2015-01-09;36.98;36.99;36.03;36.44;1555328.0
2015-01-12;36.53;36.585;36.041;36.42;1650699.0
2015-01-13;36.56;36.71;34.4;34.51;3981660.0
2015-01-14;34.24;34.24;33.32;33.85;2993919.0
2015-01-15;33.93;34.2;32.95;32.99;2004008.0
2015-01-16;33.06;33.53;32.58;33.32;2172687.0
2015-01-20;33.51;33.99;33.05;33.57;1496880.0
2015-01-21;33.46;34.06;33.31;33.89;1343884.0
2015-01-22;34.03;34.86;33.99;34.63;1222808.0
2015-01-23;34.56;35.07;34.41;34.8;1024524.0
2015-01-26;34.92;35.509;34.63;35.36;1281470.0
2015-01-27;35.08;35.83;34.91;35.66;1151607.0
2015-01-28;35.75;36.0699;35.34;35.41;1439088.0
2015-01-29;35.55;35.75;35.11;35.39;783484.0
2015-01-30;35.14;35.63;34.58;34.86;1181453.0
2015-02-02;34.92;35.21;34.21;35.14;1220725.0
2015-02-03;35.54;36.13;35.11;36.07;1333472.0
2015-02-04;36.41;36.41;35.385;36.025;1691498.0
2015-02-05;36.0;36.44;35.84;36.35;1185874.0
2015-02-06;36.51;36.87;36.18;36.665;1416523.0
2015-02-09;36.47;36.73;36.04;36.51;2105582.0
2015-02-10;38.92;38.92;36.84;37.25;3354770.0
2015-02-11;37.05;37.83;37.026;37.66;1205684.0
2015-02-12;38.59;38.6;37.7;38.2;1334683.0
2015-02-13;38.08;38.555;37.89;38.465;713339.0
2015-02-17;38.38;38.47;37.82;38.26;887143.0
2015-02-18;38.08;38.2;37.7601;38.05;549237.0
2015-02-19;38.08;38.24;37.77;37.9;571672.0
2015-02-20;37.88;38.41;37.49;38.34;757938.0
2015-02-23;38.4;38.71;38.2;38.54;648804.0
2015-02-24;38.57;38.73;37.97;38.3;942362.0
2015-02-25;38.25;39.02;37.8801;38.83;896078.0
2015-02-26;38.73;38.94;38.202;38.35;974607.0
2015-02-27;39.67;39.74;38.82;38.96;1647695.0
2015-03-02;38.92;39.2;38.761;39.02;843855.0
2015-03-03;38.68;38.89;38.35;38.84;938907.0
2015-03-04;38.78;39.13;38.42;38.835;928133.0
2015-03-05;38.93;39.17;38.54;38.74;1099567.0
2015-03-06;38.48;39.45;38.48;38.89;1417106.0
2015-03-09;39.69;39.82;38.85;39.51;3300318.0
2015-03-10;41.95;44.2;41.92;44.06;1.1104616E7
2015-03-11;43.9;45.18;43.8;44.33;3437580.0
2015-03-12;43.19;44.62;43.13;44.52;3939791.0
2015-03-13;44.41;45.09;44.3601;44.83;1473297.0
2015-03-16;44.97;45.38;44.25;44.52;1841420.0
2015-03-17;44.3;44.87;44.07;44.34;1692461.0
2015-03-18;44.34;45.4;44.182;45.1;1779186.0
2015-03-19;45.23;46.8;45.23;46.7;2133070.0
2015-03-20;46.82;47.25;46.58;47.01;2390349.0
2015-03-23;46.94;47.18;46.83;46.97;2054571.0
2015-03-24;46.85;47.03;45.99;46.18;2269724.0
2015-03-25;46.15;46.49;45.61;45.66;1980564.0
2015-03-26;45.44;45.69;45.2;45.46;1042133.0
2015-03-27;45.6;46.07;45.306;45.47;1297156.0
2015-03-30;45.53;46.34;45.43;45.78;1045569.0
2015-03-31;45.6;46.2;45.56;45.65;1976922.0
2015-04-01;45.52;45.63;44.2;44.75;2932827.0
2015-04-02;45.41;45.6;43.54;43.97;4811201.0
2015-04-06;43.93;44.42;43.93;44.14;2860391.0
2015-04-07;44.08;44.52;43.72;43.81;2505394.0
2015-04-08;43.89;44.24;43.47;43.52;2268222.0
2015-04-09;43.6;43.97;43.24;43.52;1441598.0
2015-04-10;43.72;44.03;43.55;43.85;973069.0
2015-04-13;43.52;44.39;43.51;43.96;1328138.0
2015-04-14;45.81;45.94;43.62;43.87;2405891.0
2015-04-15;43.82;44.23;43.29;43.41;1889987.0
2015-04-16;43.43;43.78;43.08;43.13;1256254.0
2015-04-17;42.95;42.96;41.83;42.0;2747699.0
2015-04-20;42.29;42.59;41.7;42.39;1470315.0
2015-04-21;42.6;42.74;42.09;42.14;1088381.0
2015-04-22;42.24;42.4;41.82;42.17;778435.0
2015-04-23;42.16;42.65;41.7;42.39;856162.0
2015-04-24;42.28;42.47;41.81;41.895;1427677.0
2015-04-27;42.09;42.41;41.52;41.56;1153648.0
2015-04-28;41.48;41.735;41.1;41.17;1325831.0
2015-04-29;41.08;41.6;39.87;40.05;2025195.0
2015-04-30;39.98;40.71;39.75;40.04;2101677.0
2015-05-01;40.16;40.65;40.105;40.4;1675720.0
2015-05-04;40.88;41.19;40.46;40.54;1696267.0
2015-05-05;40.36;40.74;40.03;40.4;1169879.0
2015-05-06;40.43;40.7;39.91;40.66;1143772.0
2015-05-07;40.74;41.145;40.56;40.66;1414297.0
2015-05-08;40.84;41.14;40.57;40.67;1259738.0
2015-05-11;40.57;40.92;40.33;40.58;1404273.0
2015-05-12;40.39;40.4236;39.69;40.14;1489247.0
2015-05-13;40.26;40.53;39.76;40.03;1566533.0
2015-05-14;41.28;41.49;39.29;39.31;2808190.0
2015-05-15;39.44;40.27;39.29;39.59;2754649.0
2015-05-18;40.17;40.88;39.8;40.72;8623874.0
2015-05-19;34.89;35.18;33.33;34.61;2.60793E7
2015-05-20;34.61;34.62;33.77;34.12;5322348.0
2015-05-21;34.0;34.635;33.9;34.53;3293567.0
2015-05-22;34.65;35.09;34.61;34.84;3117775.0
2015-05-26;34.74;35.09;34.71;34.97;4272807.0
2015-05-27;34.91;35.44;34.84;34.975;3817984.0
2015-05-28;35.03;35.32;34.64;34.66;1920320.0
2015-05-29;34.68;34.68;34.05;34.38;2204915.0
2015-06-01;34.62;35.0;34.23;34.96;2824376.0
2015-06-02;34.82;34.97;34.5;34.63;1645843.0
2015-06-03;34.87;36.29;34.66;35.985;5331644.0
2015-06-04;35.91;36.74;35.635;36.37;4936804.0
2015-06-05;36.18;36.93;36.065;36.34;3151465.0
2015-06-08;36.21;36.6;36.11;36.115;1735469.0
2015-06-09;36.03;36.31;35.64;36.08;1796388.0
2015-06-10;36.37;36.37;34.76;35.16;5319007.0
2015-06-11;35.43;35.55;34.97;35.055;2734573.0
2015-06-12;35.48;35.8195;35.18;35.54;1672767.0
2015-06-15;35.37;35.54;34.925;34.99;2067512.0
2015-06-16;35.01;35.28;34.92;35.15;1863473.0
2015-06-17;35.09;35.39;34.87;35.015;1395850.0
2015-06-18;35.19;35.59;35.04;35.2;1512305.0
2015-06-19;35.14;35.45;34.96;35.08;2656443.0
2015-06-22;35.27;35.49;35.139;35.4;1129827.0
2015-06-23;35.32;35.91;35.32;35.775;1054717.0
2015-06-24;35.83;35.96;35.32;35.36;1123270.0
2015-06-25;35.32;35.65;35.18;35.37;1682036.0
2015-06-26;35.55;35.93;35.37;35.665;1899377.0
2015-06-29;35.41;35.47;34.84;34.88;1809172.0
2015-06-30;35.1;35.28;34.75;35.0;1488232.0
2015-07-01;35.06;35.65;35.0;35.5;1794428.0
2015-07-02;35.54;35.86;35.33;35.59;1826363.0
2015-07-06;35.38;35.83;35.03;35.57;2534068.0
2015-07-07;35.72;36.1;35.43;35.97;1909013.0
2015-07-08;35.82;36.08;35.16;35.4;2061869.0
2015-07-09;35.86;35.9;34.95;35.05;1383767.0
2015-07-10;35.27;35.51;34.89;35.36;839228.0
2015-07-13;35.61;35.72;34.94;35.38;1264695.0
2015-07-14;36.51;36.99;36.09;36.26;2758086.0
2015-07-15;36.17;36.17;35.33;35.385;1227568.0
2015-07-16;35.42;36.19;35.32;36.1;1076972.0
2015-07-17;35.91;36.02;35.15;35.18;1443673.0
2015-07-20;35.03;35.74;35.03;35.45;979213.0
2015-07-21;35.39;35.68;34.85;34.88;1541653.0
2015-07-22;34.8;35.075;34.6;34.86;1141602.0
2015-07-23;34.88;35.12;34.175;34.32;1188031.0
2015-07-24;34.31;34.36;33.47;33.715;1895351.0
2015-07-27;33.63;33.63;33.0;33.46;1495805.0
2015-07-28;33.65;33.88;32.92;33.66;1414500.0
2015-07-29;33.44;33.84;33.43;33.68;1197733.0
2015-07-30;33.52;33.69;32.89;33.0;1500761.0
2015-07-31;32.52;32.9;32.12;32.62;3953575.0
2015-08-03;32.56;32.805;32.2;32.42;1415619.0
2015-08-04;32.36;32.63;32.3;32.4;1134900.0
2015-08-05;32.58;33.29;32.49;32.66;1062320.0
2015-08-06;32.85;32.86;32.02;32.37;1670320.0
2015-08-07;32.35;32.735;32.0;32.59;1023572.0
2015-08-10;32.86;33.32;32.73;33.16;756218.0
2015-08-11;32.81;33.1;32.52;32.8;860639.0
2015-08-12;32.27;32.66;31.63;32.57;1766911.0
2015-08-13;32.46;32.74;32.23;32.34;1252860.0
2015-08-14;32.43;32.97;31.97;32.32;2096299.0
2015-08-17;32.34;32.56;31.38;32.23;5124444.0
2015-08-18;31.88;32.82;30.9742;31.55;6630302.0
2015-08-19;31.46;31.56;30.92;30.95;4080347.0
2015-08-20;30.63;30.89;30.23;30.27;2951942.0
2015-08-21;30.21;30.9;29.73;30.15;3282513.0
2015-08-24;28.82;29.73;28.22;28.54;4033846.0
2015-08-25;29.12;29.6;28.75;28.82;3215398.0
2015-08-26;29.46;29.81;29.18;29.77;2152774.0
2015-08-27;30.07;30.865;29.96;30.8;2207197.0
2015-08-28;30.72;31.46;30.53;31.05;2871309.0
2015-08-31;30.95;31.5;30.67;30.86;1654955.0
2015-09-01;30.31;30.86;30.0;30.5;1950731.0
2015-09-02;30.8;31.56;30.39;30.79;1471204.0
2015-09-03;30.63;31.57;30.63;31.23;1848927.0
2015-09-04;31.07;31.45;30.87;31.1;1416494.0
2015-09-08;31.44;31.44;30.61;31.0;1752015.0
2015-09-09;31.34;31.35;30.58;30.67;1366330.0
2015-09-10;30.57;31.16;30.24;30.3;1902707.0
2015-09-11;30.17;30.3328;29.5;30.31;2226963.0
2015-09-14;30.37;30.64;30.05;30.2;1021205.0
2015-09-15;30.3;30.35;29.63;29.69;2025567.0
2015-09-16;29.7;30.36;29.5;30.3;1095479.0
2015-09-17;30.2;30.49;29.76;29.83;1586978.0
2015-09-18;29.52;29.95;29.31;29.46;2173219.0
2015-09-21;29.53;30.47;29.53;29.96;2339454.0
2015-09-22;29.62;29.988;28.89;29.25;1126764.0
2015-09-23;29.33;30.0;29.04;29.29;1156326.0
2015-09-24;29.17;29.685;29.015;29.52;1567805.0
2015-09-25;29.68;30.08;29.17;29.42;2393103.0
2015-09-28;29.28;29.39;28.63;28.64;1341908.0
2015-09-29;28.64;29.26;28.5;29.01;1232832.0
2015-09-30;29.19;29.51;28.49;29.37;2355280.0
2015-10-01;29.47;29.47;28.73;29.17;1668443.0
2015-10-02;28.87;30.155;28.6;30.14;1832781.0
2015-10-05;30.4;31.05;30.4;30.99;2354561.0
2015-10-06;30.8;30.995;30.27;30.58;1281462.0
2015-10-07;30.93;31.01;30.56;30.87;991268.0
2015-10-08;30.85;31.765;30.85;31.45;1879550.0
2015-10-09;31.35;31.39;30.6;31.22;1304117.0
2015-10-12;31.21;31.34;30.67;30.74;1164452.0
2015-10-13;30.57;30.955;30.22;30.27;1104282.0
2015-10-14;30.34;30.49;29.85;30.11;1138483.0
2015-10-15;30.26;30.478;29.07;29.4;2884574.0
2015-10-16;29.36;29.62;28.9;29.33;2545006.0
2015-10-19;28.82;29.1;28.04;28.23;3082705.0
2015-10-20;28.22;28.53;28.065;28.23;1624165.0
2015-10-21;28.39;28.78;28.09;28.12;1565351.0
2015-10-22;28.29;28.37;27.941;28.03;1812038.0
2015-10-23;28.14;28.21;27.23;27.44;1627317.0
2015-10-26;27.38;27.965;27.25;27.78;1398115.0
2015-10-27;27.7;27.78;27.29;27.37;1533543.0
2015-10-28;27.6;28.75;27.56;28.74;4380380.0
2015-10-29;29.0;29.2;28.11;28.4;1335253.0
2015-10-30;28.33;28.83;28.27;28.6;1710289.0
2015-11-02;28.63;28.99;27.77;28.85;1600859.0
2015-11-03;29.25;30.01;29.14;29.39;1939293.0
2015-11-04;29.34;29.498;28.7;28.97;1805004.0
2015-11-05;29.07;29.45;28.72;29.44;1040945.0
2015-11-06;29.31;29.46;29.08;29.39;1445354.0
2015-11-09;29.33;29.36;28.14;28.31;1683236.0
2015-11-10;28.0;28.91;27.75;28.71;2144234.0
2015-11-11;28.54;28.54;26.51;26.59;3493667.0
2015-11-12;26.21;27.15;26.12;26.15;3050492.0
2015-11-13;25.4;25.7992;24.31;24.49;5552408.0
2015-11-16;23.92;23.92;22.04;22.67;1.1462042E7
2015-11-17;19.85;21.95;19.26;21.8;2.3274936E7
2015-11-18;21.8;22.95;21.75;22.48;7801867.0
2015-11-19;22.25;22.97;22.07;22.29;4387909.0
2015-11-20;22.48;23.59;22.42;23.0;4835827.0
2015-11-23;23.11;23.4751;22.88;23.27;4580716.0
2015-11-24;23.13;24.458;22.975;24.04;4807626.0
2015-11-25;24.06;24.555;23.47;24.31;3284151.0
2015-11-27;24.43;24.43;23.5;23.65;1733484.0
2015-11-30;23.75;23.81;22.28;22.4;9586693.0
2015-12-01;22.39;22.53;22.03;22.47;3165776.0
2015-12-02;22.55;22.98;22.38;22.45;2638180.0
2015-12-03;22.52;22.52;20.8;20.98;6196594.0
2015-12-04;21.03;21.5297;20.98;21.36;4859108.0
2015-12-07;21.4;21.49;20.905;21.37;3406650.0
2015-12-08;21.0;21.48;20.78;21.09;3192719.0
2015-12-09;21.45;22.86;21.355;22.29;5348111.0
2015-12-10;22.35;22.795;22.0807;22.6;3048170.0
2015-12-11;22.49;22.94;22.09;22.69;3455874.0
2015-12-14;22.78;23.23;22.37;22.55;2595004.0
2015-12-15;22.65;23.0;22.3864;22.81;3141917.0
2015-12-16;22.91;23.79;22.88;23.76;4075717.0
2015-12-17;23.74;23.915;22.85;23.03;3800435.0
2015-12-18;22.89;23.2;22.66;23.06;4297913.0
2015-12-21;23.19;23.41;22.52;22.68;1961490.0
2015-12-22;22.79;23.725;22.71;23.45;2156505.0
2015-12-23;23.5;23.73;23.03;23.47;1350686.0
2015-12-24;23.46;23.58;23.11;23.19;467815.0
2015-12-28;23.07;23.25;22.75;23.06;1030665.0
2015-12-29;23.19;23.88;23.19;23.42;1319137.0
2015-12-30;23.31;23.49;22.91;23.09;1148514.0
2015-12-31;22.97;23.19;22.74;22.75;807238.0
2016-01-04;22.4;23.12;22.0;22.75;2520846.0
2016-01-05;22.76;23.15;22.16;22.58;3317349.0
2016-01-06;22.29;22.59;21.71;21.92;2234690.0
2016-01-07;21.62;22.95;21.4;22.21;2309695.0
2016-01-08;22.37;22.73;21.83;22.36;4318997.0
2016-01-11;22.34;22.48;21.55;21.84;2703436.0
2016-01-12;22.16;22.71;21.69;22.05;1700118.0
2016-01-13;22.19;22.42;20.81;21.02;2925021.0
2016-01-14;21.07;21.66;20.71;21.26;2528110.0
2016-01-15;20.72;21.27;20.39;21.17;2217586.0
2016-01-19;21.43;21.53;20.38;20.79;1878847.0
2016-01-20;20.49;21.23;20.06;20.95;1868300.0
2016-01-21;21.08;21.84;20.85;21.43;2198501.0
2016-01-22;21.84;22.04;21.41;21.65;1271001.0
2016-01-25;21.59;21.78;21.22;21.38;1628623.0
2016-01-26;21.42;22.2901;21.4;22.16;990701.0
2016-01-27;22.13;22.25;21.49;21.74;1552451.0
2016-01-28;21.93;22.13;21.49;21.91;1837928.0
2016-01-29;22.07;22.92;22.07;22.88;1518564.0
2016-02-01;22.78;23.09;22.34;23.01;1385706.0
2016-02-02;22.84;24.03;22.84;23.7;3404987.0
2016-02-03;23.64;23.95;23.42;23.82;1960091.0
2016-02-04;23.36;23.9;23.24;23.74;2749118.0
2016-02-05;24.95;24.95;22.95;23.4;3268569.0
2016-02-08;23.14;24.0;23.05;23.89;3073947.0
2016-02-09;23.71;24.2;23.215;23.59;2391541.0
2016-02-10;24.2;25.11;23.7;24.34;2982804.0
2016-02-11;23.75;24.28;23.38;23.9;2762155.0
2016-02-12;24.12;24.85;23.9;24.81;2411762.0
2016-02-16;25.22;26.13;24.9;25.99;1746180.0
2016-02-17;26.23;26.88;26.04;26.67;1748356.0
2016-02-18;26.55;27.37;26.18;27.13;1863501.0
2016-02-19;26.68;26.92;25.84;26.82;1663109.0
2016-02-22;27.15;27.57;26.94;27.03;1853537.0
2016-02-23;26.96;27.74;26.68;26.78;2573038.0
2016-02-24;26.57;27.1;25.8421;26.86;2304957.0
2016-02-25;26.87;27.0;26.16;26.5;2462699.0
2016-02-26;26.75;26.99;26.32;26.68;1677255.0
2016-02-29;26.71;27.27;26.48;26.49;1933565.0
2016-03-01;26.7;26.93;26.47;26.92;1490279.0
2016-03-02;26.93;27.08;26.55;26.99;1365922.0
2016-03-03;27.08;27.7;26.67;27.43;2590118.0
2016-03-04;27.39;28.73;27.37;27.66;2823920.0
2016-03-07;27.32;28.48;27.27;28.16;4034840.0
2016-03-08;30.74;33.19;30.5;32.6892;1.1430646E7
2016-03-09;32.84;33.02;32.13;32.79;2912566.0
2016-03-10;33.05;33.43;32.45;32.66;2819690.0
2016-03-11;32.88;33.46;32.51;33.11;2872336.0
2016-03-14;32.88;33.15;32.42;32.63;1980656.0
2016-03-15;32.54;32.75;31.825;32.05;2572307.0
2016-03-16;31.84;31.97;31.34;31.82;2050493.0
2016-03-17;31.7;32.78;31.64;32.73;1988112.0
2016-03-18;32.89;33.83;32.64;33.61;4727700.0
2016-03-21;33.65;33.92;33.05;33.37;1702001.0
2016-03-22;33.18;33.24;32.5;32.83;1383824.0
2016-03-23;32.61;32.69;31.91;32.12;1252867.0
2016-03-24;32.12;32.475;31.72;32.43;1180576.0
2016-03-28;32.45;32.81;32.2;32.28;1066446.0
2016-03-29;32.31;33.15;32.214;33.1;1324538.0
2016-03-30;33.19;33.27;32.67;33.04;1124202.0
2016-03-31;32.99;33.36;32.577;33.09;1314580.0
2016-04-01;33.97;34.58;33.9;34.29;3238644.0
2016-04-04;34.5;34.77;33.48;33.56;1873176.0
2016-04-05;33.32;33.43;31.885;32.11;3636186.0
2016-04-06;32.26;32.78;31.86;32.33;2856239.0
2016-04-07;32.17;32.34;30.59;30.62;3671860.0
2016-04-08;30.59;30.93;29.41;30.44;3406499.0
2016-04-11;30.65;30.6602;29.89;29.93;2967139.0
2016-04-12;29.82;30.265;28.76;30.04;2369140.0
2016-04-13;30.09;31.29;29.985;31.1;3070145.0
2016-04-14;30.87;31.05;30.2;30.41;2331036.0
2016-04-15;30.41;31.65;30.12;31.43;2739101.0
2016-04-18;31.01;31.44;30.94;31.05;1377741.0
2016-04-19;31.06;31.425;30.83;31.18;1210191.0
2016-04-20;31.21;31.59;30.98;31.25;1944878.0
2016-04-21;31.16;31.51;30.76;30.98;1502376.0
2016-04-22;31.0;31.41;30.9125;31.29;975596.0
2016-04-25;31.29;31.32;30.44;30.72;1059585.0
2016-04-26;30.91;31.54;30.53;31.26;1448064.0
2016-04-27;31.05;31.51;30.6;31.48;1229532.0
2016-04-28;31.27;31.51;30.7801;31.1;930026.0
2016-04-29;29.67;31.1098;29.67;30.32;1294276.0
2016-05-02;30.31;30.31;29.77;30.01;2354610.0
2016-05-03;29.72;29.92;29.07;29.42;2009705.0
2016-05-04;29.4;29.9;28.865;29.12;2098997.0
2016-05-05;28.9;29.38;27.6;27.98;2972780.0
2016-05-06;27.94;28.75;27.34;28.61;2890534.0
2016-05-09;28.62;29.15;28.45;28.96;1624138.0
2016-05-10;28.38;28.64;27.56;28.52;2149016.0
2016-05-11;27.63;27.7;26.7;27.03;3167672.0
2016-05-12;27.03;27.15;26.34;26.9;1991026.0
2016-05-13;26.66;26.92;25.84;25.99;2435790.0
2016-05-16;26.0;26.77;25.86;26.08;2363540.0
2016-05-17;26.0;26.43;25.1;25.44;3823575.0
2016-05-18;24.79;25.3;24.29;24.59;7134575.0
2016-05-19;27.09;28.19;26.92;28.01;9424347.0
2016-05-20;28.26;28.78;27.98;28.48;4641104.0
2016-05-23;28.38;29.09;28.24;28.3;2385626.0
2016-05-24;28.23;28.59;27.98;28.47;1684087.0
2016-05-25;28.54;28.855;28.12;28.81;1413091.0
2016-05-26;28.7;29.3;28.59;28.63;1323806.0
2016-05-27;28.64;28.97;28.52;28.92;1587491.0
2016-05-31;28.9;29.16;28.37;28.53;1087508.0
2016-06-01;28.4;29.1201;28.21;28.9;1941320.0
2016-06-02;28.93;29.305;28.735;29.29;1535502.0
2016-06-03;29.3;29.65;28.94;29.17;1544862.0
2016-06-06;29.2;29.2;28.34;28.56;1848522.0
2016-06-07;28.58;28.92;28.28;28.55;2001480.0
2016-06-08;28.62;28.66;28.2;28.31;1754267.0
2016-06-09;28.29;28.35;27.45;27.93;2807171.0
2016-06-10;25.63;26.415;25.61;26.32;6022140.0
2016-06-13;26.03;26.49;25.68;25.96;2273941.0
2016-06-14;26.0;26.13;25.535;25.93;1926323.0
2016-06-15;26.1;26.86;25.695;25.77;2027028.0
2016-06-16;25.54;25.74;25.1899;25.55;1842894.0
2016-06-17;25.57;26.58;25.33;25.98;3022122.0
2016-06-20;26.27;26.62;26.105;26.15;1977708.0
2016-06-21;26.19;26.51;26.06;26.28;1756499.0
2016-06-22;26.4;27.25;26.11;26.97;3177132.0
2016-06-23;27.08;27.325;26.805;26.9;1835717.0
2016-06-24;26.11;26.36;25.81;25.86;3156951.0
2016-06-27;25.69;25.82;25.04;25.72;2896028.0
2016-06-28;25.92;26.53;25.92;26.16;2129039.0
2016-06-29;26.43;27.29;26.37;26.97;1837135.0
2016-06-30;26.94;27.515;26.805;27.5;1511926.0
2016-07-01;27.4;28.11;27.37;27.83;1923487.0
2016-07-05;27.62;27.76;27.24;27.61;1827762.0
2016-07-06;27.38;28.26;27.31;28.17;3337041.0
2016-07-07;28.07;28.47;27.87;28.06;1744396.0
2016-07-08;28.33;29.175;28.26;29.09;1699331.0
2016-07-11;29.28;29.53;29.2;29.48;1464030.0
2016-07-12;29.67;30.24;29.54;29.69;1544018.0
2016-07-13;29.86;30.04;29.25;29.45;1070883.0
2016-07-14;29.67;29.67;29.02;29.16;1528773.0
2016-07-15;29.26;29.5;28.97;29.17;1112386.0
2016-07-18;29.22;29.95;29.15;29.61;2175086.0
2016-07-19;29.64;29.83;29.05;29.21;900083.0
2016-07-20;29.3;29.8;29.2;29.7;1188466.0
2016-07-21;29.6;29.9;29.18;29.32;1098021.0
2016-07-22;29.22;29.49;28.865;29.16;1443767.0
2016-07-25;29.29;30.29;29.29;29.97;2365300.0
2016-07-26;30.01;30.86;30.0;30.46;3022615.0
2016-07-27;30.56;30.81;29.86;30.11;1962788.0
2016-07-28;30.08;30.32;29.13;29.79;1899677.0
2016-07-29;29.66;30.0;29.17;29.9;1700817.0
2016-08-01;30.0;30.145;29.36;29.58;2042093.0
2016-08-02;29.6;29.72;28.56;28.7;1599259.0
2016-08-03;28.35;29.22;27.82;29.14;1565441.0
2016-08-04;29.12;29.62;29.03;29.16;1488186.0
2016-08-05;29.44;30.225;29.29;30.15;1792237.0
2016-08-08;30.22;30.59;29.9001;30.12;1745199.0
2016-08-09;30.01;30.09;29.125;29.33;1630017.0
2016-08-10;29.47;30.09;29.33;29.83;1943139.0
2016-08-11;30.64;31.9;29.91;30.5;3999258.0
2016-08-12;30.5;31.19;30.22;30.65;2035399.0
2016-08-15;31.31;31.31;30.73;31.24;2354924.0
2016-08-16;31.24;31.345;30.57;31.24;4661973.0
2016-08-17;35.37;37.1599;35.3;36.05;1.4062271E7
2016-08-18;36.69;37.05;35.85;36.77;4055973.0
2016-08-19;36.8;37.82;36.75;37.81;3673859.0
2016-08-22;37.05;37.35;36.42;36.85;2854495.0
2016-08-23;37.03;37.21;36.47;36.83;1234846.0
2016-08-24;36.71;37.22;36.43;36.74;2119879.0
2016-08-25;36.9;37.35;36.45;36.78;2929948.0
2016-08-26;36.79;37.46;36.71;37.22;1955908.0
2016-08-29;37.16;37.4789;37.0325;37.17;1667699.0
2016-08-30;36.53;36.89;36.15;36.23;2315342.0
2016-08-31;36.3;36.4;35.66;35.85;2562910.0
2016-09-01;35.79;35.87;35.32;35.78;2321416.0
2016-09-02;35.81;36.17;35.23;36.1;2356049.0
2016-09-06;36.28;36.6;35.01;35.19;3035375.0
2016-09-07;35.85;36.15;35.2;35.85;3992317.0
2016-09-08;35.64;37.0;35.52;36.35;3391973.0
2016-09-09;36.01;36.55;35.8;36.08;2452632.0
2016-09-12;35.71;36.74;35.53;36.67;2500210.0
2016-09-13;36.3;36.43;35.44;35.82;1706686.0
2016-09-14;35.87;36.045;35.44;35.88;1184867.0
2016-09-15;35.74;36.38;35.52;36.36;1480281.0
2016-09-16;36.33;36.4;35.88;35.89;2430047.0
2016-09-19;35.94;36.42;35.7;35.88;1989130.0
2016-09-20;36.03;36.07;35.52;35.62;881825.0
2016-09-21;35.67;35.855;35.19;35.76;1818331.0
2016-09-22;36.08;36.38;35.25;35.73;2161442.0
2016-09-23;35.72;36.12;35.62;35.66;1359119.0
2016-09-26;35.59;35.66;34.91;35.01;2364502.0
2016-09-27;34.64;35.6;34.63;35.13;1886466.0
2016-09-28;35.1;35.27;34.16;34.58;2085256.0
2016-09-29;34.63;35.07;34.4;34.43;1398713.0
2016-09-30;34.52;34.92;34.32;34.52;2784576.0
2016-10-03;34.56;34.95;34.48;34.79;1908412.0
2016-10-04;34.76;35.43;34.63;35.42;2218052.0
2016-10-05;35.44;36.21;35.34;36.05;2721336.0
2016-10-06;36.09;36.11;35.36;35.86;1763028.0
2016-10-07;36.1;37.22;35.81;36.61;2474987.0
2016-10-10;36.86;36.95;36.16;36.3;1100348.0
2016-10-11;36.21;36.38;35.58;35.6;1506135.0
2016-10-12;35.72;36.15;35.59;35.96;1132652.0
2016-10-13;35.71;35.7756;34.9;35.15;1561693.0
2016-10-14;35.46;35.8;35.07;35.54;1706145.0
2016-10-17;35.48;35.48;34.7;34.77;2711444.0
2016-10-18;35.0;35.0;33.2;33.26;2563275.0
2016-10-19;33.44;33.72;33.25;33.59;1706877.0
2016-10-20;33.38;33.68;33.14;33.64;1695550.0
2016-10-21;33.4;33.75;33.34;33.58;1540234.0
2016-10-24;33.88;34.1;33.36;33.74;1434646.0
2016-10-25;33.52;34.13;33.11;34.04;1842082.0
2016-10-26;33.99;34.59;33.88;34.06;1689152.0
2016-10-27;34.11;34.25;33.26;33.5;1670526.0
2016-10-28;33.38;34.085;33.38;33.91;1485219.0
2016-10-31;33.79;33.97;33.11;33.45;1487904.0
2016-11-01;33.45;34.0893;33.25;33.5;1882028.0
2016-11-02;33.72;33.95;32.84;32.86;2939829.0
2016-11-03;33.02;33.1;32.4912;32.59;2682539.0
2016-11-04;32.6;32.915;32.04;32.17;2167481.0
2016-11-07;32.63;32.97;32.4;32.6;1892945.0
2016-11-08;32.51;33.1;32.04;32.96;1702835.0
2016-11-09;32.63;34.59;32.27;34.44;2109362.0
2016-11-10;35.35;37.405;34.92;36.37;4477812.0
2016-11-11;36.14;38.03;35.78;37.87;2779466.0
2016-11-14;37.97;40.8;37.95;39.25;7295214.0
2016-11-15;39.25;39.53;38.47;39.37;3449801.0
2016-11-16;39.34;39.71;38.79;39.12;2237417.0
2016-11-17;38.34;39.08;38.07;38.83;3436637.0
2016-11-18;38.24;38.27;37.12;37.51;3337989.0
2016-11-21;37.76;38.32;37.1;37.17;1941631.0
2016-11-22;37.73;39.29;37.2;39.01;6117954.0
2016-11-23;35.0;36.49;33.515;34.31;1.6756121E7
2016-11-25;34.31;34.52;33.39;33.56;3252662.0
2016-11-28;33.43;33.515;32.35;32.41;5307798.0
2016-11-29;32.5;32.81;31.94;32.42;3456888.0
2016-11-30;32.54;32.58;31.44;31.6;3114405.0
2016-12-01;31.35;32.52;31.3;31.66;2596284.0
2016-12-02;31.55;32.17;31.03;31.67;2601317.0
2016-12-05;31.7;33.26;31.7;33.19;5614596.0
2016-12-06;32.96;33.76;32.34;33.64;4111221.0
2016-12-07;33.62;34.455;33.38;34.39;2759657.0
2016-12-08;34.3;35.55;34.3;35.34;3077369.0
2016-12-09;35.42;35.49;33.78;34.19;3430543.0
2016-12-12;34.2;34.23;33.12;33.28;2501380.0
2016-12-13;33.25;33.25;32.23;32.34;3628108.0
2016-12-14;32.3;32.72;32.12;32.26;2035074.0
2016-12-15;32.27;32.44;31.21;31.22;2639578.0
2016-12-16;31.39;31.45;30.33;30.56;3951513.0
2016-12-19;30.56;30.71;29.97;30.05;2033823.0
2016-12-20;30.19;30.48;30.06;30.4;1223074.0
2016-12-21;30.74;30.74;29.875;29.92;1034260.0
2016-12-22;29.85;30.06;28.47;28.58;1438071.0
2016-12-23;28.63;29.03;28.27;28.42;1314227.0
2016-12-27;28.56;29.08;28.435;28.64;856774.0
2016-12-28;28.46;28.92;28.46;28.73;1414661.0
2016-12-29;28.92;29.15;28.49;28.78;1077354.0
2016-12-30;28.76;29.22;28.3;28.48;959444.0
2017-01-03;28.82;28.99;28.23;28.58;3185456.0
2017-01-04;28.83;29.54;28.62;29.09;2804292.0
2017-01-05;28.34;28.39;27.28;27.56;3988551.0
2017-01-06;27.52;28.47;27.4;27.42;4616223.0
2017-01-09;26.03;27.27;25.85;26.9;4681631.0
2017-01-10;26.84;27.87;26.54;27.59;4204159.0
2017-01-11;27.7;27.7;26.78;27.41;2952276.0
2017-01-12;27.34;27.41;26.89;27.02;1832852.0
2017-01-13;26.97;27.35;26.97;27.05;1210670.0
2017-01-17;26.83;27.84;26.79;26.95;1867774.0
2017-01-18;26.95;27.095;26.49;26.98;2245564.0
2017-01-19;27.08;27.08;26.01;26.19;2260839.0
2017-01-20;26.23;26.52;26.08;26.26;1907819.0
2017-01-23;26.25;26.48;25.76;26.08;1795720.0
2017-01-24;26.18;26.71;26.01;26.64;1583808.0
2017-01-25;26.91;27.12;26.53;27.02;1701340.0
2017-01-26;27.13;27.13;26.38;26.41;1875419.0
2017-01-27;26.42;26.48;25.865;25.93;1759242.0
2017-01-30;25.96;26.98;25.6;26.05;1632106.0
2017-01-31;25.78;26.62;25.64;26.54;1755231.0
2017-02-01;26.67;26.81;26.18;26.23;2198035.0
2017-02-02;25.45;26.68;25.45;26.23;2333938.0
2017-02-03;26.26;26.7;25.96;26.32;1241168.0
2017-02-06;26.28;26.6301;26.0;26.19;1186402.0
2017-02-07;26.34;26.41;25.67;25.99;1106472.0
2017-02-08;25.73;26.83;25.4348;26.66;2228064.0
2017-02-09;26.57;27.21;26.57;26.87;1852077.0
2017-02-10;26.95;27.59;26.76;27.44;2185297.0
2017-02-13;27.55;27.59;27.06;27.09;1420341.0
2017-02-14;26.95;27.7;26.78;27.61;2243458.0
2017-02-15;27.56;27.71;27.15;27.32;2215340.0
2017-02-16;27.29;27.58;26.805;26.92;2447730.0
2017-02-17;26.82;27.61;26.61;27.48;1386763.0
2017-02-21;27.71;27.86;27.47;27.65;1388326.0
2017-02-22;27.68;27.86;27.27;27.73;1874725.0
2017-02-23;27.46;27.645;26.25;26.3;4129746.0
2017-02-24;26.25;27.47;26.25;26.88;3139107.0
2017-02-27;26.22;26.89;26.0;26.79;3328406.0
2017-02-28;26.56;26.7;25.78;26.03;3290235.0
2017-03-01;26.12;26.32;25.01;25.48;4007163.0
2017-03-02;25.55;27.065;25.52;26.93;3634343.0
2017-03-03;26.85;26.97;25.86;26.06;2761535.0
2017-03-06;25.85;26.23;25.47;25.68;3499279.0
2017-03-07;25.59;25.97;25.37;25.41;4707598.0
2017-03-08;23.39;24.85;22.87;24.75;1.4813705E7
2017-03-09;24.79;25.07;24.55;24.72;4480964.0
2017-03-10;24.79;25.26;24.6;25.17;2715525.0
2017-03-13;25.07;25.195;24.15;24.21;4575084.0
2017-03-14;23.96;24.3;23.625;23.86;3755124.0
2017-03-15;23.97;24.16;23.44;24.09;3466861.0
2017-03-16;24.07;24.26;23.71;23.97;2798805.0
2017-03-17;24.12;24.17;23.38;23.61;2.0374386E7
2017-03-20;23.75;23.77;22.9575;23.18;3807195.0
2017-03-21;23.26;23.26;22.1607;22.58;3996165.0
2017-03-22;22.82;22.8545;22.055;22.71;3240114.0
2017-03-23;22.8;23.21;22.7;23.0;2592629.0
2017-03-24;22.97;22.97;22.64;22.94;2438151.0
2017-03-27;22.68;23.45;22.53;23.21;2979069.0
2017-03-28;23.21;23.39;22.68;23.35;2732717.0
2017-03-29;23.41;24.53;23.22;24.41;3514174.0
2017-03-30;24.15;24.65;24.1129;24.46;4427000.0
2017-03-31;24.4;24.56;23.53;23.76;5421852.0
2017-04-03;23.77;23.93;22.87;23.2;5162958.0
2017-04-04;22.04;22.775;21.96;22.49;8262067.0
2017-04-05;22.62;22.98;21.83;22.01;4309932.0
2017-04-06;22.24;22.84;22.16;22.31;2357855.0
2017-04-07;22.22;22.5;22.14;22.33;1906348.0
2017-04-10;22.44;22.92;22.23;22.39;2632345.0
2017-04-11;22.41;22.83;22.25;22.82;2432990.0
2017-04-12;22.79;23.03;22.6;22.85;2281787.0
2017-04-13;22.86;22.99;22.375;22.42;2454002.0
2017-04-17;22.48;22.885;22.4;22.72;2667734.0
2017-04-18;22.66;22.88;22.42;22.79;1735416.0
2017-04-19;22.85;23.45;22.85;23.13;1620525.0
2017-04-20;23.29;23.78;23.28;23.49;2530314.0
2017-04-21;23.56;23.57;22.99;23.24;1908375.0
2017-04-24;23.61;23.62;23.02;23.44;2197396.0
2017-04-25;23.55;23.6;23.03;23.31;1383070.0
2018-03-01;35.17;35.72;34.33;35.16;1788128.0
2018-03-02;34.59;36.69;34.47;36.48;1994449.0
2018-03-05;36.35;36.9;35.74;36.23;6718580.0
2018-03-06;36.62;37.18;35.96;36.98;5279606.0
2018-03-07;37.73;38.28;36.28;37.07;6331825.0
