date;open;high;low;close;volume
2010-10-05;58.0;58.0;50.76;57.95;478400.0
2010-10-06;57.5;58.0;56.75;57.0;261800.0
2010-10-07;57.5;58.5;57.0;57.87;636000.0
2010-10-08;59.0;59.0;57.1;58.3;731500.0
2010-10-11;58.35;58.37;57.5;58.05;92800.0
2010-10-12;58.0;60.25;58.0;60.25;469000.0
2010-10-13;60.0;62.3;59.9;61.95;310500.0
2010-10-14;62.25;64.75;62.25;63.0;316700.0
2010-10-15;63.0;63.5;62.25;63.0;115700.0
2010-10-18;62.0;63.0;61.0;63.0;274100.0
2010-10-19;62.9;63.0;61.1;62.49;4000.0
2010-10-20;62.0;62.5;61.1;62.5;2400.0
2010-10-21;61.0;62.0;60.0;60.0;217300.0
2010-10-22;60.5;61.5;60.04;60.75;86400.0
2010-10-25;60.75;62.4;60.75;62.4;269600.0
2010-10-26;62.75;65.1;62.75;65.0;386500.0
2010-10-27;64.0;66.0;63.0;64.0;186400.0
2010-10-28;64.1;65.6;63.0;64.0;59600.0
2010-10-29;62.75;63.0;61.3;62.9;264000.0
2010-11-01;62.6;63.5;62.6;63.19;118400.0
2010-11-02;63.15;63.15;62.55;62.95;191600.0
2010-11-03;62.7;63.05;62.55;63.0;181200.0
2010-11-04;62.9;65.35;62.9;65.0;389200.0
2010-11-05;64.75;65.25;64.75;64.98;225900.0
2010-11-08;65.0;65.4;64.9;65.25;113100.0
2010-11-09;65.05;66.25;64.3;64.5;174500.0
2010-11-10;64.9;65.75;64.6;65.75;73100.0
2010-11-11;65.25;66.45;65.25;66.35;129200.0
2010-11-12;66.5;66.5;64.51;65.6;44300.0
2010-11-15;65.6;65.8;64.0;65.25;51100.0
2010-11-16;65.0;65.0;63.25;64.45;26500.0
2010-11-17;64.3;64.5;63.5;64.2;20900.0
2010-11-18;64.25;65.1;64.2;65.0;40900.0
2010-11-19;64.9;64.9;64.5;64.78;16100.0
2010-11-22;64.75;65.2;64.26;64.6;23300.0
2010-11-23;64.4;64.4;62.5;63.25;46000.0
2010-11-24;63.25;63.25;62.85;63.1;116900.0
2010-11-26;62.85;63.25;62.85;63.25;3900.0
2010-11-29;63.5;63.75;61.02;61.5;672800.0
2010-11-30;61.5;61.5;60.2;60.55;361700.0
2010-12-01;60.5;62.25;60.5;61.6;436200.0
2010-12-02;61.6;63.1;61.5;63.1;341300.0
2010-12-03;63.01;64.0;63.0;63.8;271300.0
2010-12-06;63.99;64.5;63.99;64.25;105800.0
2010-12-07;64.59;65.25;64.59;65.25;375200.0
2010-12-08;64.95;65.0;64.6;64.75;153900.0
2010-12-09;64.8;65.1;64.74;64.88;172600.0
2010-12-10;65.0;65.0;64.5;64.9;203000.0
2010-12-13;65.0;65.25;64.75;64.95;5300.0
2010-12-14;64.95;65.95;64.85;65.84;103200.0
2010-12-15;65.84;65.9;64.8;64.8;64000.0
2010-12-16;64.76;65.25;64.05;64.95;76900.0
2010-12-17;64.85;67.95;64.75;67.0;223300.0
2010-12-20;67.11;69.15;67.11;68.5;126300.0
2010-12-21;69.0;70.93;69.0;70.75;444300.0
2010-12-22;71.0;73.99;71.0;71.63;295900.0
2010-12-23;72.25;73.75;72.0;73.75;433900.0
2010-12-27;73.55;74.2;73.25;73.75;63300.0
2010-12-28;73.75;74.0;73.2;73.5;96400.0
2010-12-29;73.25;74.25;73.25;74.15;27700.0
2010-12-30;74.0;74.35;73.7;74.15;94400.0
2010-12-31;74.15;74.5;73.75;74.25;253700.0
2011-01-03;73.99;73.99;71.45;71.8;950300.0
2011-01-04;71.75;71.76;71.25;71.3;1361400.0
2011-01-05;71.3;71.35;70.75;71.35;1753000.0
2011-01-06;71.35;72.4;71.28;72.15;1642200.0
2011-01-07;72.45;75.5;72.45;75.5;1991000.0
2011-01-10;75.5;75.5;75.5;75.5;0.0
2011-01-11;75.5;75.5;75.5;75.5;0.0
2011-01-12;75.93;76.25;74.5;74.76;877800.0
2011-01-13;74.37;75.0;73.27;73.83;856900.0
2011-01-14;71.5;73.51;71.5;72.5;1145400.0
2011-01-18;72.5;72.5;72.11;72.2;234900.0
2011-01-19;72.27;73.1;69.58;69.85;434900.0
2011-01-20;69.17;71.32;68.65;71.17;412000.0
2011-01-21;71.55;73.35;71.4;73.35;2270200.0
2011-01-24;73.23;73.35;72.44;72.5;287100.0
2011-01-25;72.43;73.25;71.7;72.03;196100.0
2011-01-26;72.0;72.66;71.82;71.9;322100.0
2011-01-27;72.01;72.54;71.81;72.54;967300.0
2011-01-28;72.3;72.3;69.0;69.68;739300.0
2011-01-31;70.16;70.25;69.38;70.24;302100.0
2011-02-01;70.75;70.75;69.76;70.0;319200.0
2011-02-02;69.87;69.87;67.89;68.7;255000.0
2011-02-03;68.78;70.16;68.2;69.95;310000.0
2011-02-04;70.0;71.74;70.0;71.0;460600.0
2011-02-07;70.73;72.25;70.73;71.84;329700.0
2011-02-08;71.93;72.34;71.71;72.18;247900.0
2011-02-09;72.0;72.35;71.48;71.8;81200.0
2011-02-10;71.62;71.79;70.43;70.8;265000.0
2011-02-11;70.6;71.26;70.19;70.87;303900.0
2011-02-14;71.0;71.51;70.8;71.1;416100.0
2011-02-15;70.95;71.75;70.95;71.6;433100.0
2011-02-16;71.59;71.85;71.2;71.85;321500.0
2011-02-17;71.92;73.38;71.74;73.38;544900.0
2011-02-18;74.97;76.61;74.48;74.73;835000.0
2011-02-22;74.83;74.83;73.65;73.76;326100.0
2011-02-23;73.89;74.21;71.7;72.6;810800.0
2011-02-24;72.59;73.67;71.8;71.97;724000.0
2011-02-25;72.62;73.41;72.6;73.25;469000.0
2011-02-28;73.85;75.05;73.26;73.95;371500.0
2011-03-01;74.5;74.75;73.38;73.67;356500.0
2011-03-02;73.55;74.19;73.48;74.01;515200.0
2011-03-03;74.87;75.15;74.67;75.09;489400.0
2011-03-04;75.03;75.1;74.58;74.99;412300.0
2011-03-07;75.22;75.94;73.75;74.29;525100.0
2011-03-08;74.43;74.83;73.32;73.7;426000.0
2011-03-09;71.99;71.99;64.2;66.89;4326400.0
2011-03-10;65.52;66.07;61.0;61.54;2621700.0
2011-03-11;61.0;65.75;60.31;65.16;1336500.0
2011-03-14;65.29;65.29;63.16;63.54;435100.0
2011-03-15;62.07;64.34;59.56;63.16;2470500.0
2011-03-16;63.37;64.72;62.9;62.9;626900.0
2011-03-17;63.6;64.21;62.91;62.93;398200.0
2011-03-18;63.15;63.96;63.09;63.96;828900.0
2011-03-21;64.89;64.89;63.66;64.22;335600.0
2011-03-22;64.3;64.3;63.29;63.35;276500.0
2011-03-23;63.4;63.55;61.16;62.38;727900.0
2011-03-24;62.68;62.68;61.87;62.01;565300.0
2011-03-25;62.32;63.19;62.0;62.55;821000.0
2011-03-28;62.99;62.99;61.88;62.07;239300.0
2011-03-29;61.75;62.58;61.47;62.57;164300.0
2011-03-30;62.4;62.55;61.59;62.29;160800.0
2011-03-31;62.27;62.77;62.11;62.49;403000.0
2011-04-01;63.15;63.34;62.28;62.53;284400.0
2011-04-04;62.53;64.96;62.38;64.0;357000.0
2011-04-05;63.85;65.81;63.78;65.22;239400.0
2011-04-06;65.35;66.38;65.27;65.41;305300.0
2011-04-07;65.07;65.51;63.67;64.37;123900.0
2011-04-08;64.83;64.93;63.6;64.09;124500.0
2011-04-11;63.72;64.6;62.37;62.87;1027400.0
2011-04-12;62.72;62.89;61.46;62.4;538500.0
2011-04-13;62.58;62.82;61.75;61.91;245300.0
2011-04-14;61.69;62.41;60.75;62.11;431600.0
2011-04-15;62.28;62.91;61.7;62.64;228800.0
2011-04-18;62.45;65.18;62.13;64.5;508600.0
2011-04-19;64.53;66.76;64.53;66.61;444900.0
2011-04-20;67.28;67.73;66.48;66.54;799100.0
2011-04-21;67.18;68.0;66.69;67.23;650500.0
2011-04-25;67.28;67.58;65.51;66.09;194900.0
2011-04-26;66.44;68.0;66.44;67.05;219400.0
2011-04-27;66.94;67.74;66.47;66.96;337400.0
2011-04-28;67.4;67.4;65.68;66.85;224700.0
2011-04-29;66.97;67.99;66.82;67.43;427000.0
2011-05-02;68.22;69.22;67.22;68.74;702100.0
2011-05-03;68.0;69.03;68.0;68.19;315100.0
2011-05-04;68.02;68.58;66.36;66.57;224000.0
2011-05-05;67.5;67.5;66.47;67.01;436100.0
2011-05-06;67.02;67.76;66.53;66.9;408500.0
2011-05-09;66.95;67.54;65.91;67.07;257000.0
2011-05-10;67.33;68.58;66.58;67.09;392700.0
2011-05-11;70.0;71.0;65.97;66.13;323300.0
2011-05-12;65.77;66.0;64.12;64.97;452000.0
2011-05-13;65.1;65.15;63.27;63.42;253600.0
2011-05-16;63.33;63.61;60.84;61.0;1037400.0
2011-05-17;61.35;61.51;58.93;59.43;1267600.0
2011-05-18;59.57;61.18;59.15;60.45;787300.0
2011-05-19;61.56;62.9;60.5;62.43;852800.0
2011-05-20;62.22;62.46;61.69;61.9;427000.0
2011-05-23;61.5;61.88;61.03;61.77;346600.0
2011-05-24;60.95;62.61;60.36;60.43;223800.0
2011-05-25;60.19;61.79;59.61;60.97;463600.0
2011-05-26;60.82;61.59;60.37;61.49;294700.0
2011-05-27;61.5;61.96;60.98;61.6;427300.0
2011-05-31;62.16;62.27;61.11;61.29;379700.0
2011-06-01;61.08;61.45;59.78;60.09;379300.0
2011-06-02;60.28;60.83;59.44;59.49;213800.0
2011-06-03;59.23;61.02;58.91;60.27;279500.0
2011-06-06;60.15;61.77;59.96;60.29;409900.0
2011-06-07;60.65;61.74;60.05;61.04;763200.0
2011-06-08;62.5;62.5;60.38;60.47;437900.0
2011-06-09;60.96;61.16;60.42;60.6;587600.0
2011-06-10;60.56;60.66;58.98;59.23;487000.0
2011-06-13;59.85;60.56;58.46;59.7;653700.0
2011-06-14;60.31;61.05;60.07;60.77;467400.0
2011-06-15;60.56;62.48;60.44;62.06;1045600.0
2011-06-16;62.35;65.44;62.22;64.68;1391300.0
2011-06-17;65.1;65.37;64.42;64.9;439900.0
2011-06-20;64.69;66.29;64.37;66.0;390800.0
2011-06-21;66.34;67.32;65.92;67.0;783900.0
2011-06-22;66.98;67.06;65.97;66.1;1029900.0
2011-06-23;65.63;66.1;64.58;65.29;838600.0
2011-06-24;65.0;66.79;64.78;65.27;4040800.0
2011-06-27;65.48;65.48;63.1;63.42;1083500.0
2011-06-28;63.59;66.23;63.51;64.97;715900.0
2011-06-29;65.11;66.83;64.34;66.08;787300.0
2011-06-30;65.96;68.59;65.69;68.41;870800.0
2011-07-01;68.35;69.56;67.87;69.16;570600.0
2011-07-05;68.87;69.97;68.53;69.65;535800.0
2011-07-06;69.95;70.48;69.03;69.57;723600.0
2011-07-07;69.9;70.3;69.06;69.42;661500.0
2011-07-08;68.77;69.23;67.69;69.09;1353100.0
2011-07-11;68.53;68.96;67.44;67.69;227500.0
2011-07-12;67.38;67.5;65.84;65.9;421800.0
2011-07-13;66.45;68.02;66.33;67.5;284500.0
2011-07-14;67.53;68.29;66.87;67.31;449100.0
2011-07-15;67.53;68.13;67.0;68.01;181900.0
2011-07-18;67.78;67.87;66.1;66.8;360900.0
2011-07-19;66.74;67.38;66.39;66.39;563800.0
2011-07-20;66.52;67.06;66.09;66.36;252200.0
2011-07-21;67.06;67.88;66.46;67.72;521100.0
2011-07-22;67.51;68.25;67.49;68.07;204400.0
2011-07-25;67.17;68.47;66.82;68.23;277500.0
2011-07-26;67.99;68.56;67.02;67.82;266900.0
2011-07-27;67.33;67.43;64.8;65.01;432600.0
2011-07-28;65.18;65.7;64.09;64.26;393100.0
2011-07-29;63.25;63.8;61.14;62.7;2159600.0
2011-08-01;63.57;63.96;61.41;62.12;369000.0
2011-08-02;61.49;61.67;59.5;59.59;563200.0
2011-08-03;59.77;59.77;57.34;58.44;847000.0
2011-08-04;60.77;62.38;53.86;54.0;1261900.0
2011-08-05;54.57;55.79;50.38;53.44;825100.0
2011-08-08;51.33;52.25;48.07;48.38;833500.0
2011-08-09;49.62;51.43;48.23;50.98;823300.0
2011-08-10;49.62;50.13;48.18;48.3;807200.0
2011-08-11;48.64;50.62;47.79;49.89;1093200.0
2011-08-12;50.14;51.79;50.01;51.09;702100.0
2011-08-15;51.22;53.06;51.22;52.27;646400.0
2011-08-16;51.68;52.49;50.95;51.39;303500.0
2011-08-17;51.5;51.95;50.53;50.66;196700.0
2011-08-18;49.3;49.3;46.14;46.51;547100.0
2011-08-19;45.74;46.36;44.12;44.48;740700.0
2011-08-22;45.66;45.79;43.37;44.44;741800.0
2011-08-23;44.6;45.7;44.29;45.27;904200.0
2011-08-24;45.28;46.8;44.83;46.23;871300.0
2011-08-25;46.71;47.08;45.91;46.39;590900.0
2011-08-26;45.96;48.28;45.34;47.88;386100.0
2011-08-29;48.7;50.52;48.37;50.44;225500.0
2011-08-30;50.0;51.41;49.76;51.04;321400.0
2011-08-31;51.17;53.1;50.6;51.08;414700.0
2011-09-01;50.9;51.15;49.96;50.16;289900.0
2011-09-02;49.18;49.18;47.44;48.28;502000.0
2011-09-06;46.65;48.48;46.19;47.82;475400.0
2011-09-07;48.51;50.5;48.51;50.42;325600.0
2011-09-08;50.08;50.58;48.28;49.04;302300.0
2011-09-09;48.06;48.92;45.54;46.32;434300.0
2011-09-12;45.64;46.51;42.58;44.71;879900.0
2011-09-13;44.71;46.32;44.29;45.97;720700.0
2011-09-14;46.32;46.91;44.38;46.41;455100.0
2011-09-15;47.16;48.33;46.68;47.5;502900.0
2011-09-16;47.61;48.12;47.4;47.58;451500.0
2011-09-19;48.1;48.54;47.12;47.71;661300.0
2011-09-20;48.7;49.19;48.22;48.32;716700.0
2011-09-21;48.37;48.67;44.8;44.81;563000.0
2011-09-22;43.43;43.87;41.01;42.29;790900.0
2011-09-23;41.95;43.62;41.5;43.57;397000.0
2011-09-26;44.34;44.36;42.99;43.75;469400.0
2011-09-27;45.05;47.31;44.29;45.46;529700.0
2011-09-28;45.76;46.18;43.31;43.38;212200.0
2011-09-29;44.42;44.69;42.5;44.1;322800.0
2011-09-30;43.17;44.47;42.76;43.0;341500.0
2011-10-03;42.86;43.52;40.59;40.68;655000.0
2011-10-04;40.27;41.81;38.32;41.69;833300.0
2011-10-05;41.65;44.97;41.08;44.55;656700.0
2011-10-06;44.6;47.0;44.5;45.97;396600.0
2011-10-07;46.2;46.93;44.34;44.72;256600.0
2011-10-10;45.67;47.67;45.65;47.56;300900.0
2011-10-11;46.97;48.97;46.91;48.47;286400.0
2011-10-12;48.93;49.85;48.06;48.21;323600.0
2011-10-13;48.1;49.0;47.54;49.0;373800.0
2011-10-14;49.62;50.17;49.1;49.39;368200.0
2011-10-17;49.0;50.15;48.74;48.95;480900.0
2011-10-18;48.66;49.33;46.98;48.81;568700.0
2011-10-19;48.73;49.01;47.6;48.15;453100.0
2011-10-20;48.13;48.47;46.96;47.5;332200.0
2011-10-21;48.33;49.53;48.1;48.9;454700.0
2011-10-24;48.92;51.35;48.92;50.75;310700.0
2011-10-25;50.13;50.58;48.9;49.25;279000.0
2011-10-26;49.7;50.09;47.75;48.82;311000.0
2011-10-27;51.03;51.39;49.95;51.16;623000.0
2011-10-28;50.7;58.14;50.65;57.18;2116500.0
2011-10-31;56.2;56.63;54.76;55.62;500700.0
2011-11-01;52.9;54.47;52.24;52.66;481900.0
2011-11-02;54.0;56.16;54.0;55.38;646100.0
2011-11-03;56.85;58.29;56.26;57.62;889600.0
2011-11-04;57.16;58.48;56.82;58.02;540600.0
2011-11-07;57.67;58.26;56.89;58.16;470500.0
2011-11-08;58.32;58.59;56.01;57.6;668500.0
2011-11-09;56.0;56.5;54.96;56.19;522700.0
2011-11-10;58.29;58.29;55.95;57.04;743800.0
2011-11-11;56.5;58.35;56.32;57.07;501600.0
2011-11-14;56.78;58.46;56.7;57.74;465900.0
2011-11-15;57.44;58.23;56.44;56.47;667100.0
2011-11-16;55.98;58.38;55.76;57.43;885400.0
2011-11-17;56.95;57.26;54.89;55.35;392900.0
2011-11-18;55.35;55.45;53.46;54.36;1066800.0
2011-11-21;53.32;53.38;51.45;52.02;586500.0
2011-11-22;51.89;52.34;51.65;52.0;601200.0
2011-11-23;51.38;51.83;49.57;51.7;639100.0
2011-11-25;51.3;51.68;49.5;50.68;312400.0
2011-11-28;52.38;53.32;52.04;52.36;568000.0
2011-11-29;52.52;52.8;51.94;52.47;373500.0
2011-11-30;54.29;56.85;54.01;55.95;2423700.0
2011-12-01;55.68;57.33;55.14;56.34;556400.0
2011-12-02;57.24;57.5;55.97;56.18;403500.0
2011-12-05;57.21;57.56;56.61;56.97;295700.0
2011-12-06;56.75;56.95;55.79;56.3;241000.0
2011-12-07;55.77;57.06;55.33;56.48;234400.0
2011-12-08;56.26;56.43;54.54;54.75;290400.0
2011-12-09;54.83;56.55;54.83;56.05;216500.0
2011-12-12;55.14;55.31;53.55;54.15;479200.0
2011-12-13;54.67;54.81;51.09;51.38;462600.0
2011-12-14;51.02;51.16;47.59;49.27;1314000.0
2011-12-15;49.8;50.0;48.47;49.59;544600.0
2011-12-16;49.92;50.19;48.91;49.89;497900.0
2011-12-19;50.39;50.44;46.35;46.66;569500.0
2011-12-20;47.65;48.0;46.36;47.47;1002400.0
2011-12-21;47.65;48.0;46.81;47.75;497800.0
2011-12-22;47.97;49.16;47.83;48.75;376700.0
2011-12-23;49.06;49.37;48.42;49.31;306200.0
2011-12-27;49.02;49.82;48.43;49.54;183500.0
2011-12-28;49.29;49.29;47.76;48.36;240300.0
2011-12-29;48.55;49.18;48.41;49.17;219200.0
2011-12-30;49.23;51.0;49.06;49.94;378400.0
2012-01-03;51.06;52.32;50.82;51.01;349800.0
2012-01-04;50.85;51.84;50.21;51.51;159800.0
2012-01-05;51.14;51.72;49.4;51.54;368900.0
2012-01-06;51.17;52.96;51.17;52.51;297800.0
2012-01-09;52.61;52.78;52.04;52.06;285800.0
2012-01-10;52.63;53.87;52.47;53.62;248800.0
2012-01-11;52.9;53.0;49.28;49.89;894400.0
2012-01-12;49.91;50.44;49.21;49.75;560900.0
2012-01-13;49.33;49.66;48.07;49.05;440300.0
2012-01-17;49.89;50.5;49.05;49.7;559000.0
2012-01-18;49.72;49.99;49.09;49.45;338800.0
2012-01-19;49.34;50.27;49.31;49.71;589800.0
2012-01-20;49.54;49.66;48.46;49.06;437300.0
2012-01-23;49.13;49.52;47.57;48.44;584300.0
2012-01-24;48.11;49.02;47.16;48.51;709800.0
2012-01-25;48.35;49.17;48.12;48.85;557300.0
2012-01-26;48.85;49.44;48.01;48.15;386900.0
2012-01-27;47.85;48.51;47.85;48.34;364200.0
2012-01-30;47.76;48.48;47.51;48.24;281100.0
2012-01-31;48.46;48.92;47.78;48.0;316900.0
2012-02-01;48.7;49.5;48.38;49.0;774100.0
2012-02-02;49.27;50.36;49.0;50.08;335600.0
2012-02-03;50.61;52.66;50.5;52.25;330300.0
2012-02-06;51.93;52.69;51.82;52.61;198200.0
2012-02-07;52.22;52.5;51.81;52.1;235600.0
2012-02-08;52.3;52.99;51.36;51.6;290300.0
2012-02-09;51.56;52.35;50.38;52.01;561800.0
2012-02-10;51.27;51.96;50.39;51.44;429700.0
2012-02-13;52.04;52.18;50.78;51.27;154700.0
2012-02-14;50.92;51.77;50.84;51.67;205800.0
2012-02-15;51.87;53.12;51.6;52.25;295400.0
2012-02-16;52.45;54.31;52.33;54.19;510000.0
2012-02-17;54.24;57.0;53.97;55.43;568700.0
2012-02-21;55.54;55.69;53.57;54.0;249400.0
2012-02-22;54.02;54.47;52.48;53.3;312300.0
2012-02-23;53.26;54.43;52.7;54.3;165900.0
2012-02-24;54.2;54.48;53.15;53.56;355300.0
2012-02-27;53.66;53.96;51.65;53.56;467700.0
2012-02-28;53.6;54.03;53.11;53.75;244900.0
2012-02-29;53.22;54.65;53.15;53.72;504800.0
2012-03-01;53.9;55.89;53.6;55.52;624600.0
2012-03-02;55.59;56.78;55.16;55.93;569700.0
2012-03-05;55.84;55.84;53.95;54.49;266500.0
2012-03-06;53.78;53.78;51.54;51.6;416200.0
2012-03-07;52.14;52.77;51.37;51.74;624400.0
2012-03-08;52.33;52.46;51.72;51.73;403600.0
2012-03-09;51.93;53.57;51.73;53.11;172100.0
2012-03-12;53.49;53.98;52.36;52.89;191600.0
2012-03-13;53.03;53.59;52.61;53.55;227000.0
2012-03-14;53.45;54.69;53.26;53.5;177100.0
2012-03-15;53.63;54.5;53.47;54.28;222900.0
2012-03-16;54.45;54.75;53.41;53.75;252700.0
2012-03-19;53.53;54.12;53.14;53.99;218800.0
2012-03-20;53.26;54.16;52.24;53.95;319700.0
2012-03-21;53.98;54.36;53.76;54.0;570100.0
2012-03-22;53.38;54.08;53.23;53.82;327000.0
2012-03-23;53.7;54.38;53.42;54.21;219900.0
2012-03-26;54.87;54.87;54.13;54.6;192500.0
2012-03-27;54.52;54.71;53.68;53.75;242300.0
2012-03-28;53.8;53.8;52.44;52.86;260200.0
2012-03-29;52.57;52.76;51.86;52.58;195700.0
2012-03-30;52.97;53.1;52.14;53.0;245700.0
2012-04-02;52.9;53.46;52.26;53.46;350000.0
2012-04-03;53.2;53.25;52.25;52.53;557500.0
2012-04-04;52.0;52.26;51.01;51.55;608000.0
2012-04-05;51.24;51.87;50.4;50.6;152200.0
2012-04-09;49.37;49.9;48.84;49.16;412400.0
2012-04-10;49.06;49.22;47.3;47.67;356900.0
2012-04-11;48.08;48.38;47.3;47.56;512700.0
2012-04-12;47.71;48.35;47.68;48.17;275400.0
2012-04-13;47.81;47.89;46.02;46.17;752900.0
2012-04-16;46.57;46.75;45.93;46.1;322900.0
2012-04-17;46.57;47.47;46.44;46.92;272400.0
2012-04-18;46.82;47.11;46.34;46.86;395500.0
2012-04-19;46.76;48.31;46.46;46.89;466400.0
2012-04-20;47.18;47.34;46.36;47.12;269300.0
2012-04-23;46.36;46.73;46.07;46.54;300400.0
2012-04-24;46.56;46.77;46.24;46.6;451800.0
2012-04-25;47.25;48.96;47.09;48.96;492100.0
2012-04-26;49.0;50.53;48.82;50.5;450600.0
2012-04-27;50.73;51.66;50.68;51.54;862300.0
2012-04-30;51.2;51.5;49.06;50.17;512400.0
2012-05-01;50.18;50.99;49.62;50.22;634000.0
2012-05-02;47.25;50.16;47.22;48.83;941600.0
2012-05-03;48.4;48.6;46.37;47.61;1100000.0
2012-05-04;47.14;47.24;46.13;46.56;577900.0
2012-05-07;46.6;46.74;46.1;46.49;541000.0
2012-05-08;46.05;46.25;45.3;45.57;697500.0
2012-05-09;44.95;45.38;44.67;45.12;851900.0
2012-05-10;45.79;46.16;45.24;45.32;436300.0
2012-05-11;44.96;45.34;44.61;44.72;496900.0
2012-05-14;44.24;44.58;43.55;43.65;542300.0
2012-05-15;43.8;44.19;42.62;42.79;571400.0
2012-05-16;42.94;43.64;41.51;41.74;535800.0
2012-05-17;41.63;42.03;40.66;40.82;639100.0
2012-05-18;41.07;41.2;39.95;40.39;609200.0
2012-05-21;40.59;41.85;40.4;41.84;454100.0
2012-05-22;41.84;42.32;41.49;41.88;399800.0
2012-05-23;41.55;41.75;40.51;41.3;506000.0
2012-05-24;41.48;42.02;40.84;41.5;555000.0
2012-05-25;41.5;41.84;41.13;41.77;535600.0
2012-05-29;42.2;42.5;41.94;42.34;348400.0
2012-05-30;41.61;41.69;41.0;41.1;514500.0
2012-05-31;41.13;41.13;39.67;40.0;583500.0
2012-06-01;39.0;39.79;38.46;39.63;961400.0
2012-06-04;39.85;39.85;37.36;37.77;682500.0
2012-06-05;37.62;38.45;37.62;38.22;362100.0
2012-06-06;38.69;39.52;38.48;39.25;464300.0
2012-06-07;39.9;40.34;39.45;39.56;390800.0
2012-06-08;39.41;40.96;39.06;40.69;490600.0
2012-06-11;41.24;41.24;38.79;38.98;429900.0
2012-06-12;39.07;39.68;38.86;39.58;526200.0
2012-06-13;39.25;39.91;38.57;38.75;424100.0
2012-06-14;38.78;39.32;38.23;38.56;432400.0
2012-06-15;38.66;39.4;38.57;38.98;318600.0
2012-06-18;38.64;38.92;38.34;38.44;141800.0
2012-06-19;38.54;39.62;38.54;39.35;299300.0
2012-06-20;39.3;39.96;38.8;39.96;457000.0
2012-06-21;40.01;40.01;37.86;38.05;397100.0
2012-06-22;38.32;38.8;38.07;38.64;164800.0
2012-06-25;37.65;37.8;36.01;36.28;410200.0
2012-06-26;36.27;36.38;35.72;36.05;288500.0
2012-06-27;36.27;37.09;36.03;36.6;443300.0
2012-06-28;36.21;36.74;35.91;36.45;299500.0
2012-06-29;37.43;37.58;35.87;37.5;708400.0
2012-07-02;37.37;37.45;35.84;36.42;294100.0
2012-07-03;36.53;37.42;36.27;37.18;183800.0
2012-07-05;37.07;40.47;37.05;37.66;1336600.0
2012-07-06;37.1;37.59;35.62;36.41;553500.0
2012-07-09;36.23;36.28;34.93;35.24;266700.0
2012-07-10;35.64;35.67;33.14;33.85;557100.0
2012-07-11;33.86;34.28;31.92;32.94;680400.0
2012-07-12;32.23;32.38;31.65;32.08;802000.0
2012-07-13;32.08;33.16;32.08;32.4;898000.0
2012-07-16;32.52;32.52;31.56;31.74;852800.0
2012-07-17;31.77;32.14;31.15;31.8;671200.0
2012-07-18;31.44;32.76;31.41;32.48;478700.0
2012-07-19;32.33;32.68;31.66;31.96;449700.0
2012-07-20;31.55;31.68;31.12;31.35;248100.0
2012-07-23;30.7;31.15;30.23;30.53;321200.0
2012-07-24;30.53;30.53;28.71;29.12;496500.0
2012-07-25;29.4;30.57;29.4;30.03;1242900.0
2012-07-26;30.73;31.57;30.69;31.1;434500.0
2012-07-27;30.33;33.12;30.33;33.01;379600.0
2012-07-30;32.97;33.39;32.47;32.74;618900.0
2012-07-31;32.83;32.91;32.2;32.43;407500.0
2012-08-01;32.68;33.29;32.02;32.69;561100.0
2012-08-02;31.97;32.31;27.74;28.61;1688800.0
2012-08-03;30.67;30.67;27.04;28.42;1967900.0
2012-08-06;28.62;30.35;28.23;30.0;501500.0
2012-08-07;30.43;37.18;30.19;35.19;3271600.0
2012-08-08;35.06;39.6;35.06;39.55;2705000.0
2012-08-09;39.48;39.66;37.29;37.84;1318400.0
2012-08-10;37.6;38.88;37.56;38.8;697300.0
2012-08-13;39.77;43.13;39.77;42.01;3444900.0
2012-08-14;41.85;42.45;40.12;40.63;1734500.0
2012-08-15;40.68;40.7;39.95;40.39;810300.0
2012-08-16;40.4;40.62;39.93;40.27;1671200.0
2012-08-17;41.05;41.64;39.97;40.66;1954400.0
2012-08-20;40.56;40.96;39.58;39.86;548100.0
2012-08-21;40.0;40.09;38.72;38.88;482300.0
2012-08-22;38.71;40.08;38.5;39.87;430100.0
2012-08-23;39.4;43.41;39.4;41.83;1606300.0
2012-08-24;41.5;42.05;40.49;41.39;812800.0
2012-08-27;41.34;41.53;40.83;41.41;616400.0
2012-08-28;41.14;42.85;40.96;42.15;704800.0
2012-08-29;42.12;42.77;41.71;42.45;537900.0
2012-08-30;45.75;46.46;45.0;46.16;2711400.0
2012-08-31;46.07;46.2;45.31;46.02;1108900.0
2012-09-04;45.98;46.29;45.16;46.09;691800.0
2012-09-05;46.22;46.22;44.94;45.58;618200.0
2012-09-06;45.98;47.27;45.27;47.1;661300.0
2012-09-07;47.03;48.16;46.8;47.76;939700.0
2012-09-10;48.25;48.4;47.36;47.55;705000.0
2012-09-11;47.69;47.88;46.84;47.22;606700.0
2012-09-12;47.18;47.96;46.97;47.4;386800.0
2012-09-13;47.35;47.4;46.21;47.03;496100.0
2012-09-14;46.91;48.23;46.45;47.62;808700.0
2012-09-17;47.54;47.88;46.06;46.41;625700.0
2012-09-18;46.59;46.68;45.07;45.78;993700.0
2012-09-19;45.8;48.04;45.79;46.98;1754000.0
2012-09-20;46.49;46.75;45.83;45.9;1392800.0
2012-09-21;46.29;46.4;45.56;45.99;1029300.0
2012-09-24;45.52;45.97;45.06;45.5;352600.0
2012-09-25;45.66;45.7;43.51;43.79;601800.0
2012-09-26;43.82;44.15;42.48;43.48;357700.0
2012-09-27;43.8;44.38;43.54;44.03;468000.0
2012-09-28;43.67;44.68;43.29;44.46;450900.0
2012-10-01;44.7;45.82;44.25;45.0;645300.0
2012-10-02;45.13;45.56;44.22;45.38;563800.0
2012-10-03;45.37;45.93;45.24;45.49;629200.0
2012-10-04;45.2;46.06;44.96;45.8;374900.0
2012-10-05;46.08;46.19;45.61;45.93;440700.0
2012-10-08;45.6;45.88;45.24;45.34;352400.0
2012-10-09;45.64;45.87;44.64;45.3;474200.0
2012-10-10;45.2;45.52;44.1;44.16;433300.0
2012-10-11;44.44;45.49;44.28;44.86;179100.0
2012-10-12;44.68;45.07;44.36;44.9;241200.0
2012-10-15;44.89;45.09;44.43;44.96;245200.0
2012-10-16;45.04;45.2;44.95;45.19;290700.0
2012-10-17;45.26;45.5;45.03;45.47;296500.0
2012-10-18;45.39;45.79;44.97;45.43;388900.0
2012-10-19;45.3;45.43;44.63;44.89;401200.0
2012-10-22;44.9;45.2;44.0;44.58;493100.0
2012-10-23;43.98;44.34;43.0;43.13;486200.0
2012-10-24;42.8;43.77;42.48;43.3;328900.0
2012-10-25;43.69;43.89;42.93;43.17;345400.0
2012-10-26;43.2;43.45;42.55;43.1;477900.0
2012-10-31;43.2;44.47;43.04;44.1;935600.0
2012-11-01;45.45;48.75;45.45;48.15;1793400.0
2012-11-02;49.22;49.8;48.32;48.88;728700.0
2012-11-05;49.16;49.98;49.02;49.82;812300.0
2012-11-06;49.77;50.72;49.36;50.44;437400.0
2012-11-07;48.79;50.3;48.6;49.19;799400.0
2012-11-08;49.3;49.69;48.87;49.0;355100.0
2012-11-09;48.98;49.52;48.87;49.0;549400.0
2012-11-12;49.3;50.15;49.12;49.67;352200.0
2012-11-13;49.3;50.1;49.11;49.38;493500.0
2012-11-14;49.51;49.91;49.0;49.09;574700.0
2012-11-15;48.69;49.6;48.5;48.56;897700.0
2012-11-16;48.7;48.7;48.02;48.43;495800.0
2012-11-19;49.46;50.1;49.39;49.6;455600.0
2012-11-20;49.33;49.64;48.92;49.21;688000.0
2012-11-21;49.45;49.93;48.99;49.15;310100.0
2012-11-23;49.63;50.86;49.38;50.25;232800.0
2012-11-26;50.08;51.14;49.95;50.84;251000.0
2012-11-27;50.57;51.04;49.77;49.96;588900.0
2012-11-28;49.64;49.91;49.12;49.91;334000.0
2012-11-29;50.0;50.53;49.62;49.98;381400.0
2012-11-30;50.0;50.3;49.67;50.1;792200.0
2012-12-03;50.4;50.56;49.97;50.37;305100.0
2012-12-04;50.26;50.96;50.13;50.5;173900.0
2012-12-05;50.52;50.8;49.63;50.34;330100.0
2012-12-06;50.37;50.67;49.98;50.24;355200.0
2012-12-07;50.79;51.51;50.36;50.45;446800.0
2012-12-10;50.51;51.04;50.18;50.82;327600.0
2012-12-11;51.0;51.0;50.34;50.7;302100.0
2012-12-12;50.38;51.68;50.38;51.15;409000.0
2012-12-13;51.27;51.46;49.75;50.3;407000.0
2012-12-14;50.16;50.76;50.11;50.7;262900.0
2012-12-17;50.94;51.24;49.88;50.55;382700.0
2012-12-18;50.72;51.29;49.89;50.67;615100.0
2012-12-19;50.94;51.47;50.5;50.61;345900.0
2012-12-20;50.92;51.46;50.77;51.2;359100.0
2012-12-21;50.59;51.42;50.56;51.36;467700.0
2012-12-24;51.3;52.36;50.78;52.2;181400.0
2012-12-26;52.2;52.92;52.19;52.42;209500.0
2012-12-27;52.35;52.6;51.58;51.76;345600.0
2012-12-28;51.87;52.78;51.45;52.31;290900.0
2012-12-31;52.23;54.18;52.22;53.82;475000.0
2013-01-02;54.38;55.47;53.77;53.9;417200.0
2013-01-03;53.01;53.59;50.0;53.37;2407700.0
2013-01-04;53.62;53.93;52.86;53.89;428800.0
2013-01-07;53.55;54.15;52.62;53.66;423400.0
2013-01-08;53.71;54.04;53.37;53.68;590200.0
2013-01-09;53.96;54.23;53.49;53.87;254300.0
2013-01-10;54.16;54.38;53.75;54.17;248200.0
2013-01-11;54.58;56.73;53.13;54.77;1233500.0
2013-01-14;56.68;57.13;54.89;55.92;748500.0
2013-01-15;56.1;58.28;56.1;57.25;1210500.0
2013-01-16;56.91;56.95;55.75;56.19;592100.0
2013-01-17;56.5;57.02;56.08;56.87;425900.0
2013-01-18;56.6;56.81;55.65;56.61;293600.0
2013-01-22;56.57;56.59;55.59;55.99;338500.0
2013-01-23;55.85;56.53;55.6;55.83;230700.0
2013-01-24;56.35;57.4;55.99;56.93;453800.0
2013-01-25;57.18;57.25;56.6;57.14;285900.0
2013-01-28;57.29;57.32;56.68;56.72;195300.0
2013-01-29;56.52;56.69;55.75;55.95;320900.0
2013-01-30;56.03;56.23;55.42;55.84;232800.0
2013-01-31;55.57;57.46;54.81;56.29;671200.0
2013-02-01;56.82;57.42;56.48;57.11;536000.0
2013-02-04;56.74;56.84;55.32;55.48;264000.0
2013-02-05;55.86;56.5;55.86;56.14;476500.0
2013-02-06;55.9;57.37;55.78;56.17;496800.0
2013-02-07;56.19;56.75;55.05;55.49;315600.0
2013-02-08;55.48;56.69;55.27;56.49;147700.0
2013-02-11;56.45;56.75;56.02;56.7;91600.0
2013-02-12;56.59;57.09;56.46;56.96;133000.0
2013-02-13;56.92;57.49;56.24;56.72;422300.0
2013-02-14;56.59;56.97;56.15;56.3;148600.0
2013-02-15;56.28;56.42;55.96;56.42;212800.0
2013-02-19;56.51;56.72;55.99;56.5;189500.0
2013-02-20;58.63;60.29;57.22;57.24;1002000.0
2013-02-21;57.23;57.23;55.52;55.76;290800.0
2013-02-22;56.04;57.18;55.88;57.0;390400.0
2013-02-25;57.1;57.61;55.74;55.8;228900.0
2013-02-26;55.86;56.17;55.6;55.7;358900.0
2013-02-27;55.99;57.89;55.92;57.1;467500.0
2013-02-28;58.31;58.93;55.88;58.28;813100.0
2013-03-01;58.79;59.5;57.51;58.3;362300.0
2013-03-04;58.33;58.48;57.6;58.36;302300.0
2013-03-05;58.56;59.5;58.35;58.57;418400.0
2013-03-06;58.85;59.55;58.72;59.27;511800.0
2013-03-07;59.55;60.52;59.41;59.79;552400.0
2013-03-08;59.98;60.47;59.89;60.04;394700.0
2013-03-11;59.71;61.5;59.71;61.33;508000.0
2013-03-12;61.27;61.38;59.96;60.0;331200.0
2013-03-13;59.99;60.55;59.76;60.05;257300.0
2013-03-14;60.09;60.34;59.54;59.92;369300.0
2013-03-15;59.84;59.84;58.57;58.98;517300.0
2013-03-18;58.45;58.85;57.67;57.73;647000.0
2013-03-19;57.9;58.93;57.04;57.76;556500.0
2013-03-20;58.26;58.99;57.46;57.85;522700.0
2013-03-21;57.55;58.03;57.17;57.49;229700.0
2013-03-22;57.78;58.07;56.84;57.43;280500.0
2013-03-25;57.64;58.07;56.58;57.12;464700.0
2013-03-26;57.2;57.42;56.68;57.15;700500.0
2013-03-27;56.82;57.96;56.63;57.72;741700.0
2013-03-28;57.78;58.1;56.66;57.7;569500.0
2013-04-01;57.7;58.08;57.13;57.38;379900.0
2013-04-02;57.36;57.73;56.48;57.11;602600.0
2013-04-03;57.24;57.24;55.82;56.15;908100.0
2013-04-04;56.26;56.35;55.04;55.83;546200.0
2013-04-05;54.88;55.64;54.4;55.19;467900.0
2013-04-08;55.14;55.37;54.33;55.32;340000.0
2013-04-09;55.36;56.42;55.28;55.95;440200.0
2013-04-10;56.06;57.69;56.04;57.44;665300.0
2013-04-11;57.44;58.08;57.09;57.62;375000.0
2013-04-12;57.34;57.38;56.24;56.77;363500.0
2013-04-15;56.42;56.42;55.14;55.33;559000.0
2013-04-16;55.94;56.11;54.83;54.98;399600.0
2013-04-17;54.6;54.99;53.37;53.85;957300.0
2013-04-18;54.04;54.28;52.26;53.59;977600.0
2013-04-19;53.59;55.06;53.5;54.83;380400.0
2013-04-22;55.15;55.15;53.64;54.6;477800.0
2013-04-23;54.49;55.3;53.81;54.96;621700.0
2013-04-24;55.02;56.37;54.74;56.05;318200.0
2013-04-25;56.31;57.02;55.66;56.94;573500.0
2013-04-26;57.1;57.47;56.08;57.25;349700.0
2013-04-29;57.21;58.03;56.62;57.2;401400.0
2013-04-30;57.09;58.89;56.93;58.79;399500.0
2013-05-01;58.57;58.61;57.61;57.97;344500.0
2013-05-02;58.02;58.94;58.02;58.58;346800.0
2013-05-03;58.99;60.32;58.39;58.53;533200.0
2013-05-06;58.59;59.77;58.54;59.56;355700.0
2013-05-07;59.67;59.94;58.85;59.77;297100.0
2013-05-08;59.84;60.52;59.3;60.24;542200.0
2013-05-09;62.1;63.0;59.37;60.47;890100.0
2013-05-10;60.62;62.05;60.62;61.83;1033100.0
2013-05-13;61.86;63.29;61.86;62.59;1078300.0
2013-05-14;62.49;63.4;61.49;63.26;864600.0
2013-05-15;63.23;63.45;62.63;63.44;445400.0
2013-05-16;63.33;64.79;63.33;64.1;499300.0
2013-05-17;64.38;65.97;64.35;65.77;455200.0
2013-05-20;65.84;66.49;64.96;65.5;626200.0
2013-05-21;65.67;66.25;65.47;65.52;459800.0
2013-05-22;65.56;65.83;63.7;63.77;648700.0
2013-05-23;62.97;63.61;61.81;63.49;510400.0
2013-05-24;63.07;63.44;62.16;62.61;312500.0
2013-05-28;63.35;63.89;63.27;63.86;389900.0
2013-05-29;63.41;63.69;62.67;62.84;218400.0
2013-05-30;62.93;65.09;62.77;64.46;392300.0
2013-05-31;64.13;64.38;63.39;63.47;337300.0
2013-06-03;63.49;64.05;62.32;63.27;359900.0
2013-06-04;63.19;64.48;62.89;64.2;356900.0
2013-06-05;64.23;64.38;63.15;63.23;422900.0
2013-06-06;63.33;63.33;61.97;62.62;534200.0
2013-06-07;62.6;63.94;62.24;63.43;403100.0
2013-06-10;63.45;64.03;63.28;64.01;221000.0
2013-06-11;63.54;63.8;62.91;63.51;303400.0
2013-06-12;63.97;64.21;63.02;63.19;406500.0
2013-06-13;63.18;65.16;62.89;65.11;569900.0
2013-06-14;65.19;65.74;63.96;64.84;339400.0
2013-06-17;65.3;65.52;64.46;64.72;206200.0
2013-06-18;64.8;65.75;64.57;65.26;272800.0
2013-06-19;65.18;65.31;64.32;64.59;247300.0
2013-06-20;63.81;63.81;60.88;61.36;484900.0
2013-06-21;61.53;62.53;61.39;62.12;637300.0
2013-06-24;61.15;61.45;58.02;59.1;840100.0
2013-06-25;59.8;60.79;59.46;60.78;509000.0
2013-06-26;61.31;62.3;60.85;62.04;306800.0
2013-06-27;62.49;63.22;62.17;62.75;275000.0
2013-06-28;62.5;63.15;61.85;63.12;997000.0
2013-07-01;63.56;64.06;63.21;63.46;494600.0
2013-07-02;63.62;64.45;62.76;62.8;683500.0
2013-07-03;62.41;63.09;59.95;62.94;1033800.0
2013-07-05;63.43;64.46;62.98;64.34;248400.0
2013-07-08;64.53;65.38;64.41;65.22;475300.0
2013-07-09;65.68;65.91;64.76;64.94;288800.0
2013-07-10;64.76;65.17;64.59;64.99;342500.0
2013-07-11;65.94;66.16;65.47;65.84;446000.0
2013-07-12;65.94;66.25;65.4;66.21;398000.0
2013-07-15;66.48;66.63;66.15;66.27;322800.0
2013-07-16;66.89;66.89;64.44;64.95;332400.0
2013-07-17;65.01;65.23;64.65;64.98;389900.0
2013-07-18;65.44;66.04;64.98;65.35;267200.0
2013-07-19;65.01;65.78;64.7;65.6;223200.0
2013-07-22;65.64;66.0;65.19;65.21;204000.0
2013-07-23;65.25;65.58;64.86;65.4;339400.0
2013-07-24;65.44;66.24;64.86;65.97;351000.0
2013-07-25;66.03;66.1;64.18;65.49;453500.0
2013-07-26;65.27;66.02;65.17;65.76;424200.0
2013-07-29;65.76;66.14;64.91;65.1;319500.0
2013-07-30;66.01;66.12;65.47;65.56;304100.0
2013-07-31;65.91;66.28;65.6;65.87;542100.0
2013-08-01;66.64;66.86;65.55;66.19;405700.0
2013-08-02;66.0;66.39;65.57;65.92;598400.0
2013-08-05;66.26;67.58;65.97;66.99;545600.0
2013-08-06;67.0;67.13;65.82;66.01;371000.0
2013-08-07;65.55;66.0;64.42;64.87;631900.0
2013-08-08;66.97;67.77;65.6;67.05;1256500.0
2013-08-09;67.21;68.51;67.06;67.42;494700.0
2013-08-12;67.32;69.42;67.12;69.02;608000.0
2013-08-13;72.39;73.92;71.58;73.61;2373300.0
2013-08-14;73.46;73.85;72.52;73.05;805400.0
2013-08-15;72.0;72.08;70.67;71.04;869300.0
2013-08-16;71.1;72.89;70.64;71.92;1634300.0
2013-08-19;71.98;72.09;71.35;71.51;495700.0
2013-08-20;71.52;72.61;70.75;72.18;599500.0
2013-08-21;71.85;72.05;70.77;71.33;479900.0
2013-08-22;71.4;73.35;71.4;72.76;223600.0
2013-08-23;72.88;73.3;71.72;71.84;375400.0
2013-08-26;71.75;72.24;71.12;71.27;252900.0
2013-08-27;70.65;70.77;69.65;69.92;724300.0
2013-08-28;69.79;70.62;69.49;70.45;284400.0
2013-08-29;70.46;72.38;70.42;72.25;446800.0
2013-08-30;72.3;72.44;70.88;71.61;386300.0
2013-09-03;72.45;73.53;71.94;72.43;555700.0
2013-09-04;72.3;73.19;72.01;72.72;486600.0
2013-09-05;72.71;73.87;72.7;73.3;357200.0
2013-09-06;73.37;73.84;72.17;73.06;305600.0
2013-09-09;73.15;74.31;72.98;74.31;402300.0
2013-09-10;74.76;75.15;74.35;74.7;479800.0
2013-09-11;74.96;75.0;74.01;74.33;318600.0
2013-09-12;74.0;74.23;73.1;73.19;558700.0
2013-09-13;73.41;73.53;72.35;73.26;546400.0
2013-09-16;74.93;75.05;73.58;73.77;387900.0
2013-09-17;74.02;74.03;73.18;73.24;583700.0
2013-09-18;73.23;74.06;73.06;73.78;662800.0
2013-09-19;73.82;74.19;73.26;73.44;512700.0
2013-09-20;73.56;74.3;73.27;73.39;598700.0
2013-09-23;73.56;76.19;73.26;75.31;1286300.0
2013-09-24;75.18;75.92;73.73;73.73;844900.0
2013-09-25;73.9;75.6;73.73;74.65;640900.0
2013-09-26;75.46;77.6;75.16;75.86;607900.0
2013-09-27;75.63;75.92;75.0;75.22;370500.0
2013-09-30;74.74;76.25;74.24;75.64;454500.0
2013-10-01;75.77;76.88;75.33;75.82;471000.0
2013-10-02;75.42;76.44;74.69;76.3;373700.0
2013-10-03;76.1;76.44;74.73;75.71;496100.0
2013-10-04;75.78;76.54;75.25;76.17;288800.0
2013-10-07;75.2;75.66;74.49;74.49;322900.0
2013-10-08;74.82;74.98;72.5;72.95;540200.0
2013-10-09;73.23;74.12;72.5;73.56;547500.0
2013-10-10;74.31;75.68;74.31;74.72;308600.0
2013-10-11;74.9;75.3;74.34;75.02;177300.0
2013-10-14;74.73;75.9;74.26;75.29;402000.0
2013-10-15;75.34;76.23;75.06;75.23;421900.0
2013-10-16;75.93;76.68;75.19;75.53;352100.0
2013-10-17;75.1;76.57;75.1;76.51;221700.0
2013-10-18;77.01;77.35;76.44;77.21;290200.0
2013-10-21;77.47;78.0;77.17;77.98;360600.0
2013-10-22;78.59;79.62;77.77;78.27;660100.0
2013-10-23;77.83;78.39;77.13;77.76;327200.0
2013-10-24;77.88;79.1;77.19;78.65;461700.0
2013-10-25;78.96;79.01;77.13;77.82;217000.0
2013-10-28;77.99;77.99;76.76;77.22;444200.0
2013-10-29;77.09;77.51;75.83;76.89;357500.0
2013-10-30;77.25;77.56;76.39;76.95;323400.0
2013-10-31;77.12;77.77;76.8;77.09;431700.0
2013-11-01;77.28;78.09;76.19;76.58;494500.0
2013-11-04;76.78;77.43;76.67;77.05;283500.0
2013-11-05;76.94;77.4;76.31;76.76;344600.0
2013-11-06;76.96;77.3;76.31;76.88;675300.0
2013-11-07;76.95;76.95;72.85;75.26;1363100.0
2013-11-08;74.48;75.99;73.88;75.16;1020800.0
2013-11-11;75.25;76.78;74.8;75.67;384600.0
2013-11-12;75.41;75.68;74.59;74.66;371000.0
2013-11-13;74.5;75.26;74.5;75.12;666000.0
2013-11-14;75.07;75.46;74.38;74.6;745700.0
2013-11-15;75.07;76.83;74.98;76.33;660900.0
2013-11-18;76.33;77.91;76.33;76.63;388800.0
2013-11-19;76.5;77.22;75.91;76.05;555000.0
2013-11-20;76.36;76.36;75.0;75.43;399700.0
2013-11-21;75.48;77.44;75.31;76.88;458300.0
2013-11-22;76.83;77.29;76.35;76.84;314400.0
2013-11-25;76.99;78.09;76.77;77.9;677900.0
2013-11-26;77.95;78.73;77.57;78.28;428600.0
2013-11-27;78.32;79.49;78.05;78.81;928600.0
2013-11-29;79.07;79.38;78.46;78.64;99600.0
2013-12-02;78.89;79.58;78.52;78.82;689400.0
2013-12-03;78.81;79.12;77.93;78.56;551300.0
2013-12-04;78.49;79.55;78.49;79.02;1326100.0
2013-12-05;79.0;79.16;78.26;78.57;550900.0
2013-12-06;78.99;79.51;78.84;78.99;800700.0
2013-12-09;79.09;79.23;78.46;78.82;527200.0
2013-12-10;78.74;79.1;78.42;78.42;375500.0
2013-12-11;78.59;78.59;76.82;76.95;435100.0
2013-12-12;76.9;77.48;76.42;77.14;297400.0
2013-12-13;77.42;78.46;77.32;78.43;434500.0
2013-12-16;78.55;79.13;78.08;78.16;440900.0
2013-12-17;78.43;78.8;78.01;78.6;555200.0
2013-12-18;78.5;79.46;78.09;79.39;1033100.0
2013-12-19;79.39;79.42;78.38;78.5;657500.0
2013-12-20;78.4;79.4;78.4;79.15;716500.0
2013-12-23;79.48;80.24;79.0;79.08;354300.0
2013-12-24;79.11;80.6;79.0;80.59;155800.0
2013-12-26;80.86;81.0;80.26;80.34;182900.0
2013-12-27;80.35;80.35;79.61;79.65;201400.0
2013-12-30;79.71;81.32;79.71;81.02;315100.0
2013-12-31;81.49;82.23;81.26;81.89;338900.0
2014-01-02;81.83;82.51;81.15;81.19;647500.0
2014-01-03;81.18;81.97;80.24;81.24;463400.0
2014-01-06;81.6;81.99;80.5;81.66;594900.0
2014-01-07;82.0;83.16;81.6;82.25;628600.0
2014-01-08;82.08;83.26;81.88;82.05;710000.0
2014-01-09;82.29;82.62;80.96;81.89;715700.0
2014-01-10;82.99;85.03;82.86;85.0;1804900.0
2014-01-13;88.57;88.74;85.0;85.84;1316600.0
2014-01-14;85.91;87.77;85.52;87.61;1094400.0
2014-01-15;87.43;87.55;85.14;85.38;2125700.0
2014-01-16;85.02;85.55;84.4;84.81;784000.0
2014-01-17;84.42;84.75;83.5;83.84;750100.0
2014-01-21;84.29;84.65;83.26;83.59;392100.0
2014-01-22;83.84;84.56;82.74;83.47;546600.0
2014-01-23;83.35;83.35;81.94;82.53;505600.0
2014-01-24;82.05;82.46;80.12;80.5;1173500.0
2014-01-27;80.64;81.26;79.48;79.99;557300.0
2014-01-28;80.11;81.15;79.85;80.4;333400.0
2014-01-29;79.89;80.87;79.66;80.0;436700.0
2014-01-30;80.8;81.53;80.64;81.15;506100.0
2014-01-31;80.33;81.47;80.19;81.01;460000.0
2014-02-03;80.96;81.43;78.08;78.74;1001200.0
2014-02-04;78.91;79.84;78.59;79.4;355200.0
2014-02-05;79.27;79.47;77.72;79.22;504500.0
2014-02-06;79.23;80.34;78.97;80.0;412600.0
2014-02-07;80.25;81.44;80.21;81.09;416200.0
2014-02-10;81.04;81.83;80.61;81.3;327200.0
2014-02-11;81.29;82.01;80.91;81.05;653500.0
2014-02-12;81.37;82.11;81.36;81.93;644600.0
2014-02-13;81.57;83.72;81.24;82.9;662700.0
2014-02-14;83.01;83.99;83.01;83.43;352700.0
2014-02-18;83.9;84.51;82.91;84.12;447200.0
2014-02-19;84.0;84.65;83.79;83.99;529600.0
2014-02-20;83.98;84.73;83.53;83.81;468000.0
2014-02-21;83.82;85.02;83.29;84.7;668500.0
2014-02-24;84.74;85.95;84.37;85.61;856900.0
2014-02-25;86.63;88.0;84.66;84.96;1083000.0
2014-02-26;84.51;85.04;82.32;82.99;1198300.0
2014-02-27;82.86;83.65;82.43;83.5;705400.0
2014-02-28;83.54;83.85;82.86;83.43;839100.0
2014-03-03;82.84;83.75;82.41;83.54;438500.0
2014-03-04;84.29;84.75;83.95;84.29;482800.0
2014-03-05;84.35;84.96;84.09;84.24;340300.0
2014-03-06;84.56;84.94;84.02;84.39;1046700.0
2014-03-07;84.45;85.08;84.16;84.63;325700.0
2014-03-10;84.67;84.94;83.59;84.22;189100.0
2014-03-11;84.33;84.88;83.74;83.84;383400.0
2014-03-12;83.55;83.77;82.83;83.77;268600.0
2014-03-13;84.1;84.52;82.64;83.15;632600.0
2014-03-14;82.92;83.47;82.69;83.24;359000.0
2014-03-17;83.61;84.15;83.02;83.56;401800.0
2014-03-18;83.61;84.72;83.42;84.26;639600.0
2014-03-19;84.07;85.11;84.0;84.74;321300.0
2014-03-20;84.64;85.36;84.15;85.33;337100.0
2014-03-21;85.97;86.67;85.39;85.67;650900.0
2014-03-24;87.3;87.3;83.32;85.87;503000.0
2014-03-25;88.0;88.0;85.43;85.56;1229600.0
2014-03-26;85.87;86.33;84.65;85.27;651900.0
2014-03-27;85.14;85.26;84.08;84.16;359200.0
2014-03-28;84.5;86.31;84.5;86.3;615700.0
2014-03-31;86.93;89.09;86.93;88.44;1683900.0
2014-04-01;88.62;89.51;88.5;89.43;880100.0
2014-04-02;89.55;89.98;89.19;89.79;612400.0
2014-04-03;89.95;90.63;89.67;90.31;741300.0
2014-04-04;90.5;90.55;88.91;89.06;887100.0
2014-04-07;88.75;88.75;85.23;85.99;580800.0
2014-04-08;85.77;86.97;85.33;86.27;686100.0
2014-04-09;86.58;87.29;86.16;87.21;402400.0
2014-04-10;87.97;88.94;86.26;86.57;1386800.0
2014-04-11;86.39;86.39;83.65;84.19;571500.0
2014-04-14;84.62;85.81;84.15;84.89;421000.0
2014-04-15;84.89;85.39;82.79;85.13;546100.0
2014-04-16;85.6;86.76;85.56;86.63;303300.0
2014-04-17;86.85;87.52;86.41;86.6;302600.0
2014-04-21;86.83;88.47;86.55;88.02;435600.0
2014-04-22;88.02;89.17;88.02;88.79;438800.0
2014-04-23;88.6;88.72;87.6;88.17;247200.0
2014-04-24;88.8;89.22;87.64;88.7;378000.0
2014-04-25;88.4;88.4;86.32;87.0;447600.0
2014-04-28;87.0;87.15;84.2;85.2;390000.0
2014-04-29;85.35;86.49;84.85;86.25;479500.0
2014-04-30;86.18;86.84;85.6;86.81;469700.0
2014-05-01;86.9;88.37;86.9;87.45;528500.0
2014-05-02;88.45;89.92;88.1;89.61;846700.0
2014-05-05;89.31;89.31;88.38;89.01;456700.0
2014-05-06;88.71;89.62;88.62;89.59;703800.0
2014-05-07;89.59;89.71;88.44;89.4;788900.0
2014-05-08;88.89;93.51;88.42;91.47;1736700.0
2014-05-09;91.45;91.53;89.76;90.95;600400.0
2014-05-12;91.08;92.2;91.08;92.07;857200.0
2014-05-13;91.62;92.82;91.28;92.36;925000.0
2014-05-14;92.75;92.97;91.65;91.79;505200.0
2014-05-15;91.25;91.58;89.94;90.84;539700.0
2014-05-16;90.92;91.14;90.08;90.51;642400.0
2014-05-19;90.01;90.94;89.8;90.49;555800.0
2014-05-20;90.5;90.71;89.45;90.17;421700.0
2014-05-21;90.56;92.13;90.05;92.11;540500.0
2014-05-22;92.13;92.82;90.8;90.88;562900.0
2014-05-23;90.95;92.33;90.85;92.24;489900.0
2014-05-27;92.55;93.65;92.38;92.7;774000.0
2014-05-28;92.74;92.81;91.79;91.88;797200.0
2014-05-29;92.13;92.39;91.49;91.89;279000.0
2014-05-30;91.86;91.86;91.0;91.14;324500.0
2014-06-02;91.3;91.43;90.23;91.23;447200.0
2014-06-03;90.95;91.98;90.95;91.55;490500.0
2014-06-04;91.84;93.27;91.61;92.91;430000.0
2014-06-05;92.75;93.78;92.61;93.2;420500.0
2014-06-06;93.43;94.23;93.24;94.22;245100.0
2014-06-09;94.16;95.0;93.54;93.76;386800.0
2014-06-10;93.45;94.15;93.16;93.85;184600.0
2014-06-11;93.74;94.37;93.32;94.04;266500.0
2014-06-12;93.68;94.4;91.99;92.35;348000.0
2014-06-13;92.51;93.0;92.2;92.95;207900.0
2014-06-16;92.73;93.26;92.42;92.98;310400.0
2014-06-17;92.74;94.0;92.74;93.42;672400.0
2014-06-18;94.19;95.12;93.1;94.93;463300.0
2014-06-19;95.15;95.15;94.22;94.34;300700.0
2014-06-20;93.98;96.0;93.98;95.87;513800.0
2014-06-23;95.86;96.74;95.16;96.09;626700.0
2014-06-24;95.49;95.74;94.69;94.77;365700.0
2014-06-25;94.3;95.77;94.14;95.64;246100.0
2014-06-26;95.59;95.64;94.73;95.25;378800.0
2014-06-27;95.08;96.41;94.69;96.3;1026400.0
2014-06-30;96.03;97.15;95.6;97.01;337700.0
2014-07-01;97.14;98.39;97.14;98.3;437400.0
2014-07-02;97.49;99.27;97.49;98.91;415000.0
2014-07-03;99.08;99.85;98.87;99.68;162000.0
2014-07-07;99.68;100.79;99.44;100.41;566500.0
2014-07-08;100.49;100.69;98.49;99.27;592700.0
2014-07-09;99.53;99.93;98.99;99.59;317200.0
2014-07-10;97.1;99.41;97.1;98.77;515300.0
2014-07-11;98.78;99.28;98.5;98.97;254900.0
2014-07-14;98.93;99.41;98.06;98.61;467100.0
2014-07-15;98.06;98.38;97.12;97.7;428500.0
2014-07-16;98.14;98.44;97.3;97.43;358400.0
2014-07-17;97.41;98.2;96.37;96.51;385600.0
2014-07-18;96.62;97.45;96.48;97.43;189700.0
2014-07-21;96.87;97.43;95.96;96.21;246700.0
2014-07-22;96.5;97.4;96.5;96.75;312100.0
2014-07-23;97.08;97.08;95.83;96.43;278500.0
2014-07-24;96.73;97.0;96.37;96.75;379900.0
2014-07-25;96.89;98.01;96.34;97.5;504500.0
2014-07-28;97.7;98.04;97.16;97.92;325300.0
2014-07-29;97.9;98.49;96.85;96.89;471600.0
2014-07-30;96.97;97.48;95.85;96.22;696500.0
2014-07-31;95.23;95.65;94.23;95.5;380000.0
2014-08-01;95.05;95.87;94.75;95.6;473900.0
2014-08-04;96.38;99.28;95.95;98.81;768400.0
2014-08-05;98.06;98.76;96.71;97.24;676000.0
2014-08-06;96.5;99.82;95.75;99.61;1179400.0
2014-08-07;99.6;99.61;97.01;97.72;804400.0
2014-08-08;97.68;97.7;96.16;96.76;890900.0
2014-08-11;97.29;97.32;96.49;96.77;611900.0
2014-08-12;96.74;96.96;96.15;96.56;558800.0
2014-08-13;96.95;98.35;96.6;97.52;476500.0
2014-08-14;97.48;97.94;96.57;97.77;386400.0
2014-08-15;98.0;98.29;97.44;97.99;292100.0
2014-08-18;98.51;99.54;98.51;98.97;373800.0
2014-08-19;99.05;99.86;98.82;99.35;205900.0
2014-08-20;99.23;99.68;98.69;99.51;288100.0
2014-08-21;99.77;100.98;98.85;100.51;469400.0
2014-08-22;100.5;100.77;99.48;100.35;272900.0
2014-08-25;100.94;101.35;100.57;101.17;238300.0
2014-08-26;101.31;102.04;100.8;100.91;231600.0
2014-08-27;100.76;101.21;100.43;101.05;195200.0
2014-08-28;100.93;100.93;100.06;100.55;239200.0
2014-08-29;100.64;101.21;100.02;101.19;431000.0
2014-09-02;101.0;101.99;101.0;101.67;476900.0
2014-09-03;102.07;102.49;101.77;102.3;329800.0
2014-09-04;102.5;103.82;102.45;103.0;350900.0
2014-09-05;103.22;104.13;102.61;104.04;834500.0
2014-09-08;103.63;104.68;103.07;103.52;342400.0
2014-09-09;103.66;104.04;102.85;103.06;336400.0
2014-09-10;103.16;109.41;102.13;107.49;2228100.0
2014-09-11;107.68;109.13;107.16;108.29;1303800.0
2014-09-12;107.86;108.16;105.54;106.38;772200.0
2014-09-15;107.5;107.57;105.6;105.82;520100.0
2014-09-16;105.54;106.76;105.26;106.47;493000.0
2014-09-17;106.72;107.52;105.45;106.19;396400.0
2014-09-18;106.64;107.09;106.21;106.26;270300.0
2014-09-19;106.87;106.92;104.74;104.79;897200.0
2014-09-22;104.99;105.195;103.24;103.4;444294.0
2014-09-23;102.96;103.15;102.23;102.74;643616.0
2014-09-24;102.53;103.28;101.45;103.08;400999.0
2014-09-25;103.12;103.31;101.585;102.07;490894.0
2014-09-26;102.48;102.58;100.64;101.11;563011.0
2014-09-29;100.09;100.218;98.99;99.03;807116.0
2014-09-30;99.15;99.18;96.83;97.25;712219.0
2014-10-01;97.03;97.55;95.43;96.58;846278.0
2014-10-02;96.77;97.54;95.63;97.43;572278.0
2014-10-03;98.16;98.82;97.61;98.16;460670.0
2014-10-06;98.29;98.89;97.71;97.83;510520.0
2014-10-07;97.03;97.695;95.6;95.63;529266.0
2014-10-08;95.63;97.39;94.365;97.1;822419.0
2014-10-09;96.74;97.06;93.83;94.26;774331.0
2014-10-10;93.86;93.86;88.54;88.67;1722986.0
2014-10-13;89.23;90.16;86.4;86.6;1393716.0
2014-10-14;87.17;88.5;85.44;86.83;1213954.0
2014-10-15;85.69;86.22;82.8;84.55;1644543.0
2014-10-16;82.62;87.45;82.57;86.98;1294266.0
2014-10-17;88.025;90.96;87.86;88.76;1098110.0
2014-10-20;88.94;89.76;88.54;89.66;559003.0
2014-10-21;90.84;93.37;90.2748;92.71;850649.0
2014-10-22;92.95;93.34;91.32;91.98;627308.0
2014-10-23;93.08;94.62;92.68;93.14;623317.0
2014-10-24;93.73;93.825;91.62;93.22;416592.0
2014-10-27;92.53;92.53;90.944;91.36;604060.0
2014-10-28;92.23;93.84;91.92;93.79;611087.0
2014-10-29;93.98;94.32;92.235;93.55;450180.0
2014-10-30;92.81;93.78;91.76;92.18;438586.0
2014-10-31;93.4;94.01;92.86;93.9;485468.0
2014-11-03;94.15;95.81;93.67;94.53;484718.0
2014-11-04;94.5;95.02;93.01;93.46;388981.0
2014-11-05;93.18;94.295;93.18;93.51;823862.0
2014-11-06;93.44;99.23;92.46;99.11;1469320.0
2014-11-07;99.01;99.32;95.51;96.79;727968.0
2014-11-10;96.68;96.95;95.74;96.4;553342.0
2014-11-11;96.33;96.54;94.95;95.26;465333.0
2014-11-12;94.55;95.47;94.22;95.16;411287.0
2014-11-13;95.13;95.45;94.13;94.99;527974.0
2014-11-14;95.17;96.51;94.64;96.43;730203.0
2014-11-17;95.95;96.985;94.99;95.27;611240.0
2014-11-18;95.0;97.28;94.82;97.06;470202.0
2014-11-19;97.08;97.39;96.0401;97.19;227761.0
2014-11-20;96.37;98.24;96.34;97.59;272970.0
2014-11-21;98.78;98.89;96.97;97.12;318277.0
2014-11-24;100.97;103.38;99.28;99.47;2165269.0
2014-11-25;100.02;100.238;98.29;98.36;943064.0
2014-11-26;98.36;99.38;97.34;98.48;539380.0
2014-11-28;98.37;99.17;97.42;98.0;189473.0
2014-12-01;97.99;98.13;96.25;96.26;596329.0
2014-12-02;96.16;97.4;95.64;96.88;610934.0
2014-12-03;97.33;99.06;97.25;98.77;444119.0
2014-12-04;99.38;100.0;98.5;99.71;598433.0
2014-12-05;99.71;100.27;99.23;99.49;317150.0
2014-12-08;99.49;99.64;97.4;98.0;296503.0
2014-12-09;96.7;97.845;96.07;97.75;331661.0
2014-12-10;97.8;97.8;95.49;95.7;538731.0
2014-12-11;95.75;95.99;94.2;94.37;474178.0
2014-12-12;93.0;95.37;92.56;93.5;597371.0
2014-12-15;95.55;97.75;95.36;96.48;927581.0
2014-12-16;96.21;97.41;95.23;95.66;825827.0
2014-12-17;103.5;104.38;100.0;100.56;2488312.0
2014-12-18;101.24;102.99;101.02;102.96;1015089.0
2014-12-19;103.22;106.18;103.0;106.04;1261359.0
2014-12-22;106.05;106.55;104.72;105.85;532943.0
2014-12-23;105.95;107.15;105.52;105.54;561488.0
2014-12-24;105.64;106.35;104.9213;106.06;160859.0
2014-12-26;106.22;106.67;105.18;106.26;234708.0
2014-12-29;106.15;106.85;106.15;106.49;307541.0
2014-12-30;106.21;106.7;105.54;106.57;301406.0
2014-12-31;106.65;107.58;106.19;106.86;659781.0
2015-01-02;106.73;107.45;104.17;105.8;696934.0
2015-01-05;105.3;105.79;104.1;104.87;569135.0
2015-01-06;104.86;105.09;102.13;102.28;1161874.0
2015-01-07;104.25;104.77;102.9;104.27;571161.0
2015-01-08;105.41;105.79;104.76;105.56;740089.0
2015-01-09;105.74;105.8474;103.94;104.69;377486.0
2015-01-12;105.53;105.53;103.25;104.5;556795.0
2015-01-13;106.44;106.99;100.34;101.67;2227057.0
2015-01-14;99.95;101.41;99.05;100.29;902941.0
2015-01-15;100.9;101.15;98.27;98.48;579868.0
2015-01-16;97.63;98.94;97.4101;98.81;678280.0
2015-01-20;98.68;98.97;97.01;98.24;652476.0
2015-01-21;98.24;99.28;97.84;98.79;502125.0
2015-01-22;99.49;100.97;98.71;100.67;584239.0
2015-01-23;100.02;101.04;99.79;100.37;311824.0
2015-01-26;99.83;100.28;99.27;99.99;552170.0
2015-01-27;98.75;99.31;98.02;98.49;587472.0
2015-01-28;99.16;99.44;97.08;97.36;487728.0
2015-01-29;97.8;98.31;97.52;97.92;1145657.0
2015-01-30;97.32;97.85;95.96;96.95;1203413.0
2015-02-02;97.09;97.775;95.99;97.67;705112.0
2015-02-03;98.37;100.31;98.29;99.31;774091.0
2015-02-04;99.14;100.0;98.2;98.55;460408.0
2015-02-05;99.15;99.77;98.5;98.99;405788.0
2015-02-06;99.07;100.31;98.995;99.4;315680.0
2015-02-09;98.72;99.73;98.43;98.53;253070.0
2015-02-10;99.36;99.65;98.21;99.32;775065.0
2015-02-11;99.16;100.32;98.88;100.01;350606.0
2015-02-12;100.7;101.55;99.88;101.0;807518.0
2015-02-13;101.2;101.56;100.79;100.92;723046.0
2015-02-17;100.95;102.05;100.21;100.42;614983.0
2015-02-18;100.21;101.34;99.82;101.13;583347.0
2015-02-19;101.0;101.67;100.41;100.59;423821.0
2015-02-20;100.61;101.69;99.57;101.0;683033.0
2015-02-23;100.75;101.53;100.43;101.41;483092.0
2015-02-24;101.48;101.728;100.52;101.44;690978.0
2015-02-25;101.5;103.2;100.84;102.61;812541.0
2015-02-26;102.51;103.51;100.23;101.11;1196230.0
2015-02-27;101.8;102.18;99.59;100.53;836730.0
2015-03-02;100.82;103.16;100.58;101.98;1078553.0
2015-03-03;101.56;103.28;101.46;102.37;886929.0
2015-03-04;102.37;102.83;101.04;102.09;875211.0
2015-03-05;102.4;102.47;100.69;101.39;393966.0
2015-03-06;100.84;101.1199;99.58;100.17;376433.0
2015-03-09;100.09;100.14;99.29;99.45;689250.0
2015-03-10;98.18;98.925;97.955;97.98;611835.0
2015-03-11;97.77;98.64;97.52;98.09;541982.0
2015-03-12;98.59;99.67;98.26;99.04;539684.0
2015-03-13;98.06;98.66;97.12;98.53;576219.0
2015-03-16;98.55;98.98;97.33;97.7;655367.0
2015-03-17;96.75;97.43;95.97;96.32;928449.0
2015-03-18;95.89;98.2;95.64;97.68;840324.0
2015-03-19;97.67;97.908;97.031;97.17;409684.0
2015-03-20;97.91;98.83;97.5;98.73;492994.0
2015-03-23;98.86;99.29;98.2;98.22;289710.0
2015-03-24;97.98;98.7;97.0;97.73;465672.0
2015-03-25;97.61;97.9;95.18;95.87;835841.0
2015-03-26;95.62;96.2;95.15;95.51;526966.0
2015-03-27;95.73;96.86;95.37;95.9;636248.0
2015-03-30;97.01;97.29;96.71;96.84;1452478.0
2015-03-31;96.22;97.69;96.17;96.4;737851.0
2015-04-01;96.19;98.25;95.96;97.9;969724.0
2015-04-02;98.13;98.35;96.97;97.88;504272.0
2015-04-06;97.86;99.04;97.59;98.41;928181.0
2015-04-07;98.13;98.79;97.85;98.16;309382.0
2015-04-08;100.92;102.64;100.27;102.4;1265103.0
2015-04-09;102.37;103.1874;101.57;101.99;1117790.0
2015-04-10;102.1;102.71;101.56;102.5;700612.0
2015-04-13;102.45;103.2;101.84;101.91;893154.0
2015-04-14;102.22;102.87;101.24;102.21;451955.0
2015-04-15;102.51;102.91;101.98;102.53;488038.0
2015-04-16;102.12;103.01;101.6;101.92;698860.0
2015-04-17;101.55;102.57;100.725;102.32;598675.0
2015-04-20;102.92;102.92;101.41;102.14;730459.0
2015-04-21;102.36;103.21;102.0;103.11;368142.0
2015-04-22;103.24;103.37;102.35;103.01;324491.0
2015-04-23;102.86;103.41;102.045;102.83;287414.0
2015-04-24;103.43;103.49;102.61;103.06;263033.0
2015-04-27;102.76;104.04;102.53;102.64;324284.0
2015-04-28;102.4;103.14;101.91;102.92;352067.0
2015-04-29;102.5;103.11;102.12;102.48;272798.0
2015-04-30;101.66;102.425;101.26;101.4;422345.0
2015-05-01;102.03;102.6;101.13;102.26;414504.0
2015-05-04;102.46;102.84;101.77;102.51;485785.0
2015-05-05;102.38;103.26;102.22;102.31;615882.0
2015-05-06;102.72;102.78;101.33;101.98;694670.0
2015-05-07;105.24;106.93;104.36;105.86;1216460.0
2015-05-08;106.42;107.47;105.49;105.85;823193.0
2015-05-11;106.18;106.46;105.15;105.63;1273819.0
2015-05-12;105.6;106.9;105.12;106.7;576558.0
2015-05-13;107.25;107.81;106.1;106.4;1126866.0
2015-05-14;107.0;107.31;106.15;106.64;901566.0
2015-05-15;106.64;108.34;106.25;108.14;961508.0
2015-05-18;108.04;109.3;107.8;109.03;578054.0
2015-05-19;108.88;109.23;108.07;108.7;589288.0
2015-05-20;109.01;109.41;108.555;109.27;433424.0
2015-05-21;109.18;109.92;108.82;109.67;573199.0
2015-05-22;109.37;110.41;109.06;109.57;588576.0
2015-05-26;109.29;109.31;108.41;108.68;299068.0
2015-05-27;109.09;110.245;108.72;109.95;431944.0
2015-05-28;110.11;110.41;109.32;110.13;487827.0
2015-05-29;110.48;110.48;109.09;109.52;470328.0
2015-06-01;109.95;109.95;108.24;108.43;625913.0
2015-06-02;107.99;108.57;105.12;105.45;2030510.0
2015-06-03;106.25;107.94;106.05;107.02;1418296.0
2015-06-04;106.9;107.37;105.75;106.35;986286.0
2015-06-05;106.45;106.77;105.44;105.64;783071.0
2015-06-08;105.48;107.08;105.35;105.96;675958.0
2015-06-09;108.21;110.08;107.84;109.97;2222280.0
2015-06-10;109.0;110.24;108.3;108.44;1356113.0
2015-06-11;108.53;108.99;107.91;108.56;718426.0
2015-06-12;107.88;109.07;107.74;108.85;760367.0
2015-06-15;107.79;108.28;107.47;107.75;851575.0
2015-06-16;107.55;108.43;107.52;108.29;370653.0
2015-06-17;108.5;109.54;108.27;108.51;601862.0
2015-06-18;108.6;109.16;108.15;108.65;424828.0
2015-06-19;108.63;108.85;108.1449;108.2;356191.0
2015-06-22;108.66;108.86;108.24;108.45;687295.0
2015-06-23;108.58;109.41;108.07;108.11;381333.0
2015-06-24;107.84;107.91;106.55;107.56;594845.0
2015-06-25;107.8;107.975;105.89;106.73;461511.0
2015-06-26;106.96;107.22;106.29;106.34;1323858.0
2015-06-29;105.63;105.81;103.69;104.02;679198.0
2015-06-30;104.59;105.29;103.82;104.98;561845.0
2015-07-01;105.42;106.18;104.86;105.49;456780.0
2015-07-02;106.2;106.71;105.56;106.53;591429.0
2015-07-06;105.48;106.59;104.78;105.49;779411.0
2015-07-07;105.51;105.74;103.33;105.62;680078.0
2015-07-08;104.7;105.446;100.36;100.59;1153783.0
2015-07-09;101.6;102.58;99.63;99.84;1113405.0
2015-07-10;100.24;101.68;100.24;100.65;601801.0
2015-07-13;101.62;102.4;101.18;101.38;565928.0
2015-07-14;101.22;101.395;100.24;100.65;649466.0
2015-07-15;100.45;100.535;98.96;99.93;990957.0
2015-07-16;100.13;100.13;97.05;97.84;1249717.0
2015-07-17;98.09;98.5;96.93;98.3;859371.0
2015-07-20;98.19;98.54;97.6;97.89;494535.0
2015-07-21;97.89;98.0;96.72;97.44;785179.0
2015-07-22;97.02;97.67;96.43;96.75;910659.0
2015-07-23;97.27;97.9952;96.5;96.84;476523.0
2015-07-24;97.64;97.64;95.52;96.01;508891.0
2015-07-27;95.46;96.41;95.12;95.47;586168.0
2015-07-28;95.56;98.0399;95.56;97.6;520070.0
2015-07-29;97.46;99.0;97.41;98.68;669152.0
2015-07-30;98.0;99.61;97.47;99.27;632107.0
2015-07-31;99.66;99.66;98.24;99.53;358804.0
2015-08-03;99.98;99.98;98.17;98.97;600436.0
2015-08-04;99.17;99.99;98.16;98.42;755002.0
2015-08-05;100.0;102.0;99.71;101.01;1187304.0
2015-08-06;101.46;101.46;98.96;101.11;968529.0
2015-08-07;101.24;102.47;100.62;101.31;473246.0
2015-08-10;102.03;103.14;101.42;102.5;1142191.0
2015-08-11;101.55;102.67;100.11;102.43;970663.0
2015-08-12;102.28;102.525;100.91;102.19;698526.0
2015-08-13;102.23;103.02;102.23;102.43;360235.0
2015-08-14;102.92;103.12;102.09;102.68;565999.0
2015-08-17;102.26;103.87;102.26;103.59;360437.0
2015-08-18;103.56;104.14;103.13;103.34;312206.0
2015-08-19;103.08;103.91;101.96;102.78;384865.0
2015-08-20;101.7;102.54;100.51;100.95;693886.0
2015-08-21;99.96;101.25;98.63;99.25;854299.0
2015-08-24;98.89;99.08;95.11;96.56;1283543.0
2015-08-25;98.55;99.24;96.32;96.43;679891.0
2015-08-26;98.45;99.52;96.57;99.02;1011122.0
2015-08-27;99.93;101.46;98.64;100.01;745163.0
2015-08-28;99.75;101.31;99.68;100.49;423383.0
2015-08-31;100.27;101.065;99.31;99.66;622788.0
2015-09-01;98.31;100.31;97.79;99.02;871909.0
2015-09-02;100.04;100.72;98.42;99.36;600172.0
2015-09-03;99.74;101.375;99.47;100.3;509384.0
2015-09-04;99.85;101.41;99.45;100.68;433974.0
2015-09-08;102.19;103.07;101.38;102.15;631615.0
2015-09-09;103.01;103.52;101.51;101.69;458728.0
2015-09-10;101.41;102.96;101.2;102.0;453188.0
2015-09-11;101.66;102.55;101.3;102.39;445250.0
2015-09-14;102.37;102.67;101.36;101.65;321184.0
2015-09-15;101.9;102.35;101.382;101.7;718832.0
2015-09-16;101.5;104.03;101.5;103.51;786361.0
2015-09-17;102.42;104.5;101.56;103.75;627394.0
2015-09-18;102.33;104.04;102.24;102.51;1057068.0
2015-09-21;102.84;104.47;102.26;103.24;312181.0
2015-09-22;101.19;102.19;100.74;101.87;562299.0
2015-09-23;102.22;102.72;100.37;101.46;509993.0
2015-09-24;100.46;102.21;98.89;101.64;668808.0
2015-09-25;102.52;102.54;100.61;100.76;332196.0
2015-09-28;100.07;100.55;98.895;99.46;686136.0
2015-09-29;99.65;100.33;98.44;99.42;645436.0
2015-09-30;100.21;102.83;99.9;101.24;812060.0
2015-10-01;101.7;102.3;100.845;102.2;799008.0
2015-10-02;101.33;102.99;101.25;102.64;583358.0
2015-10-05;103.02;104.18;102.61;103.85;688797.0
2015-10-06;103.63;104.39;103.06;103.65;469461.0
2015-10-07;104.08;105.32;103.24;104.43;740536.0
2015-10-08;104.33;107.15;104.33;106.18;726979.0
2015-10-09;106.48;107.9;106.18;106.48;432037.0
2015-10-12;106.88;107.5;106.35;106.93;367837.0
2015-10-13;106.64;107.31;106.37;106.54;396960.0
2015-10-14;106.3;107.67;105.5801;106.68;675215.0
2015-10-15;107.15;107.87;106.65;107.35;569496.0
2015-10-16;107.29;107.99;106.5;107.5;480639.0
2015-10-19;107.2;107.7;106.87;107.5;358997.0
2015-10-20;107.65;108.88;107.09;107.7;528549.0
2015-10-21;108.37;108.62;107.19;107.35;729245.0
2015-10-22;107.72;108.38;106.51;107.35;717072.0
2015-10-23;108.54;109.25;107.8;108.29;489999.0
2015-10-26;108.16;109.25;107.58;108.91;597931.0
2015-10-27;108.42;108.612;107.02;107.71;342484.0
2015-10-28;107.71;108.755;107.12;108.51;399741.0
2015-10-29;107.74;108.31;106.34;107.55;535346.0
2015-10-30;107.83;109.49;107.55;109.07;556124.0
2015-11-02;109.0;109.98;108.13;109.86;371483.0
2015-11-03;109.71;110.65;108.9;109.86;439893.0
2015-11-04;110.0;110.095;108.6935;109.25;567866.0
2015-11-05;112.34;115.24;110.595;113.84;1651997.0
2015-11-06;113.97;116.04;112.66;115.85;586147.0
2015-11-09;115.85;117.39;115.29;116.95;933867.0
2015-11-10;116.88;117.74;115.83;115.95;637105.0
2015-11-11;116.79;117.57;116.025;116.73;564745.0
2015-11-12;116.25;117.94;115.91;117.1;825317.0
2015-11-13;117.23;117.65;114.98;115.12;520761.0
2015-11-16;115.26;116.3099;114.58;116.01;672455.0
2015-11-17;116.22;116.59;115.55;115.9;650301.0
2015-11-18;116.0;118.98;116.0;118.95;468734.0
2015-11-19;118.87;121.04;118.52;120.39;643596.0
2015-11-20;120.99;121.65;118.01;118.66;737106.0
2015-11-23;118.4;121.08;118.1;119.27;446536.0
2015-11-24;118.61;119.99;118.23;118.93;604905.0
2015-11-25;119.04;119.92;118.78;119.16;333917.0
2015-11-27;118.95;119.79;118.59;119.43;115701.0
2015-11-30;119.77;120.42;119.06;119.91;441861.0
2015-12-01;120.55;121.537;119.99;120.59;297227.0
2015-12-02;120.62;121.42;119.875;120.43;421780.0
2015-12-03;120.53;120.77;118.6;119.83;306510.0
2015-12-04;119.8;121.54;119.01;120.72;324498.0
2015-12-07;120.34;120.34;118.96;119.7;453681.0
2015-12-08;118.61;120.2;117.78;119.15;389763.0
2015-12-09;118.67;120.88;118.56;118.82;496308.0
2015-12-10;120.86;121.61;118.15;118.45;438275.0
2015-12-11;117.06;118.14;115.56;116.42;677687.0
2015-12-14;117.36;117.36;115.25;116.12;652636.0
2015-12-15;116.8;117.87;116.03;116.22;481998.0
2015-12-16;116.95;117.55;115.87;116.54;579371.0
2015-12-17;116.72;116.98;115.1;115.15;483431.0
2015-12-18;114.56;115.27;114.15;115.0;719900.0
2015-12-21;115.61;116.095;111.93;113.74;645537.0
2015-12-22;114.25;115.07;113.76;113.94;546648.0
2015-12-23;114.4;115.53;113.89;115.48;531787.0
2015-12-24;115.28;115.9456;114.9;115.12;128197.0
2015-12-28;114.78;115.29;113.62;114.78;317040.0
2015-12-29;115.21;116.55;114.875;116.4;298836.0
2015-12-30;115.82;116.9;115.3;116.2;362875.0
2015-12-31;115.4;116.48;114.38;114.5;446749.0
2016-01-04;112.94;114.7;111.56;114.08;519451.0
2016-01-05;114.1;114.375;112.04;112.54;510440.0
2016-01-06;111.21;112.02;110.75;111.69;674072.0
2016-01-07;110.0;111.09;107.73;108.04;529322.0
2016-01-08;109.39;109.61;104.71;104.75;1047288.0
2016-01-11;105.09;106.05;103.0;104.86;1025245.0
2016-01-12;108.0;109.38;105.53;106.57;955117.0
2016-01-13;107.22;107.45;100.27;100.93;1387252.0
2016-01-14;100.0;103.25;98.11;103.17;1122165.0
2016-01-15;101.13;101.99;99.41;101.15;855446.0
2016-01-19;102.17;103.12;100.54;102.7;784587.0
2016-01-20;101.68;103.32;98.71;102.43;1045369.0
2016-01-21;102.52;103.99;100.79;102.64;845608.0
2016-01-22;104.23;104.5;100.86;103.15;1265747.0
2016-01-25;59.74;62.55;58.8301;62.12;1927034.0
2016-01-26;62.69;65.88;62.52;65.88;2339385.0
2016-01-27;65.54;67.03;64.98;65.6;1551999.0
2016-01-28;66.66;67.0;65.1;65.67;1848409.0
2016-01-29;65.76;66.88;64.87;66.88;1556186.0
2016-02-01;66.82;69.77;65.76;69.3;1509787.0
2016-02-02;68.95;69.69;67.31;67.88;1172116.0
2016-02-03;68.21;68.56;65.29;65.49;1317533.0
2016-02-04;65.39;65.7;63.88;64.57;1349196.0
2016-02-05;64.62;64.925;62.01;62.15;1138157.0
2016-02-08;61.45;61.73;59.6;60.5;1351379.0
2016-02-09;59.9;61.45;59.3;60.45;1042800.0
2016-02-10;61.1;62.58;60.46;61.49;621471.0
2016-02-11;60.62;62.16;60.43;60.84;670076.0
2016-02-12;61.33;63.21;60.74;62.9;652098.0
2016-02-16;63.48;64.78;62.92;64.64;691145.0
2016-02-17;65.36;67.4699;65.17;67.46;803427.0
2016-02-18;67.99;68.095;66.35;67.26;761866.0
2016-02-19;66.91;67.53;65.91;66.3;603814.0
2016-02-22;67.19;68.465;67.18;68.27;705938.0
2016-02-23;67.89;69.15;67.78;68.25;697547.0
2016-02-24;67.42;69.22;66.6;69.01;1000605.0
2016-02-25;71.3;72.85;65.77;70.57;1430661.0
2016-02-26;71.16;71.71;70.005;71.63;850065.0
2016-02-29;71.48;72.319;69.91;69.92;700030.0
2016-03-01;71.19;72.33;69.77;72.3;785519.0
2016-03-02;72.02;72.87;70.91;71.46;1210508.0
2016-03-03;71.68;72.93;71.01;72.84;802051.0
2016-03-04;72.62;73.67;72.29;72.9;657936.0
2016-03-07;72.34;72.9;71.47;72.24;707636.0
2016-03-08;72.06;72.4;70.62;70.81;751801.0
2016-03-09;71.21;74.73;71.05;74.32;1465042.0
2016-03-10;74.62;75.41;72.94;74.55;986607.0
2016-03-11;75.56;76.82;74.835;76.64;761683.0
2016-03-14;76.17;76.59;75.01;75.76;506797.0
2016-03-15;75.2;76.98;74.96;76.45;649391.0
2016-03-16;76.21;78.535;76.21;78.12;784716.0
2016-03-17;77.82;78.63;77.39;78.17;538632.0
2016-03-18;77.92;78.9;77.76;78.47;681080.0
2016-03-21;78.26;79.11;78.0;78.6;582454.0
2016-03-22;78.05;79.34;78.05;79.06;820768.0
2016-03-23;78.58;80.18;78.5;79.36;688518.0
2016-03-24;78.6;80.01;77.91;79.79;675609.0
2016-03-28;79.74;80.01;78.55;78.75;806952.0
2016-03-29;78.25;80.76;78.25;80.19;800480.0
2016-03-30;80.76;80.85;79.85;80.45;669019.0
2016-03-31;80.48;80.6;79.29;79.59;948746.0
2016-04-01;79.0;79.11;77.37;77.63;1182492.0
2016-04-04;77.46;78.025;75.62;75.96;1298193.0
2016-04-05;75.1;77.11;75.01;76.51;1444496.0
2016-04-06;76.79;77.04;76.16;76.98;1215024.0
2016-04-07;76.7;77.59;75.85;76.13;850415.0
2016-04-08;76.59;77.38;75.81;76.54;615318.0
2016-04-11;76.86;77.72;76.83;76.86;1028508.0
2016-04-12;77.24;78.1975;76.81;77.01;566433.0
2016-04-13;77.72;79.29;77.63;79.2;499732.0
2016-04-14;79.52;80.34;78.955;79.23;537346.0
2016-04-15;79.34;79.59;78.1;78.8;603658.0
2016-04-18;78.68;79.48;78.4;79.04;565146.0
2016-04-19;79.64;80.0;79.29;79.44;557045.0
2016-04-20;79.25;80.78;79.1;80.55;584627.0
2016-04-21;80.92;81.04;79.27;79.51;308424.0
2016-04-22;79.23;80.22;79.23;79.86;695441.0
2016-04-25;79.64;79.85;79.12;79.67;683011.0
2016-04-26;80.13;80.76;79.66;80.76;548709.0
2016-04-27;80.71;80.92;79.745;79.95;781677.0
2016-04-28;79.15;80.38;76.67;79.55;1314211.0
2016-04-29;79.8;80.61;79.0301;79.67;879406.0
2016-05-02;79.77;80.665;79.57;80.5;671895.0
2016-05-03;78.97;79.06;75.38;76.73;1898431.0
2016-05-04;76.03;76.645;74.695;75.42;1187863.0
2016-05-05;75.88;76.0;74.35;74.41;789127.0
2016-05-06;74.35;74.67;73.62;74.58;656652.0
2016-05-09;75.0;75.9;74.1;74.13;588005.0
2016-05-10;74.83;75.08;74.46;74.64;542000.0
2016-05-11;74.1;75.55;73.955;74.06;741952.0
2016-05-12;74.18;74.69;73.73;74.11;1042688.0
2016-05-13;73.77;74.79;72.9;73.23;601569.0
2016-05-16;73.16;74.42;73.16;73.7;675103.0
2016-05-17;73.36;73.7399;72.06;72.42;683318.0
2016-05-18;72.3;72.79;71.505;72.17;638238.0
2016-05-19;71.48;71.94;70.37;70.82;602921.0
2016-05-20;71.0;71.68;70.81;71.59;640703.0
2016-05-23;71.57;71.91;71.35;71.59;582037.0
2016-05-24;72.65;73.74;72.65;72.95;652410.0
2016-05-25;73.37;74.13;72.92;73.69;578241.0
2016-05-26;73.98;74.06;73.24;73.54;443257.0
2016-05-27;73.72;74.22;73.72;74.17;274774.0
2016-05-31;74.17;75.18;74.0;74.98;604264.0
2016-06-01;74.6;74.725;73.37;74.04;657464.0
2016-06-02;73.82;75.34;73.57;74.54;326140.0
2016-06-03;74.22;74.46;73.44;73.47;363819.0
2016-06-06;73.58;74.07;73.28;73.89;360322.0
2016-06-07;73.86;74.74;73.7;74.48;308077.0
2016-06-08;74.69;75.61;74.25;75.06;510850.0
2016-06-09;74.55;74.87;73.93;74.53;292454.0
2016-06-10;74.06;74.0664;73.21;73.62;376319.0
2016-06-13;73.15;73.29;72.3;72.49;511714.0
2016-06-14;72.3;72.94;71.96;72.28;444275.0
2016-06-15;72.22;73.12;72.11;72.39;455237.0
2016-06-16;71.92;72.67;71.105;72.48;408704.0
2016-06-17;72.36;73.64;72.36;73.37;908294.0
2016-06-20;74.59;74.99;73.16;73.39;830695.0
2016-06-21;73.57;73.59;72.33;72.79;580337.0
2016-06-22;72.73;73.61;72.35;72.63;318413.0
2016-06-23;72.71;73.34;72.11;72.92;453025.0
2016-06-24;70.0;70.4;67.96;68.39;1515585.0
2016-06-27;67.36;67.42;64.1142;64.55;755542.0
2016-06-28;64.83;66.34;64.83;66.26;852193.0
2016-06-29;66.75;67.39;66.5;66.65;593918.0
2016-06-30;66.22;66.9;65.59;65.81;818376.0
2016-07-01;66.0;67.25;65.55;66.11;555393.0
2016-07-05;65.42;65.42;63.34;63.76;1068845.0
2016-07-06;63.52;64.15;63.04;63.63;611143.0
2016-07-07;63.86;65.26;63.69;64.64;605292.0
2016-07-08;65.25;66.75;65.25;65.84;499891.0
2016-07-11;66.21;67.31;66.18;66.23;214827.0
2016-07-12;66.95;67.48;66.8;67.06;494217.0
2016-07-13;67.18;67.34;66.6;66.98;365005.0
2016-07-14;67.53;68.53;67.34;67.41;385960.0
2016-07-15;67.75;68.22;67.34;67.34;474665.0
2016-07-18;67.31;67.885;67.1622;67.7;677435.0
2016-07-19;67.18;68.07;67.08;67.62;721270.0
2016-07-20;68.17;68.49;67.42;68.14;457626.0
2016-07-21;68.46;69.21;67.67;67.95;521104.0
2016-07-22;67.74;68.35;67.46;67.99;627250.0
2016-07-25;68.0;69.015;68.0;68.08;563284.0
2016-07-26;68.21;70.31;67.965;70.18;478270.0
2016-07-27;70.29;70.75;69.0;69.12;603710.0
2016-07-28;68.2;69.61;65.57;69.31;1493380.0
2016-07-29;69.7;70.92;69.29;70.09;872721.0
2016-08-01;70.14;70.49;69.41;69.59;511931.0
2016-08-02;69.37;69.57;66.71;68.15;1395706.0
2016-08-03;68.24;69.78;67.77;69.76;537830.0
2016-08-04;69.72;70.99;69.66;70.6;862178.0
2016-08-05;71.0;71.95;70.79;70.95;652681.0
2016-08-08;71.13;71.35;70.4;70.72;326904.0
2016-08-09;70.8;71.44;70.29;70.39;427806.0
2016-08-10;70.62;70.91;70.1601;70.75;493194.0
2016-08-11;71.06;71.41;70.87;71.09;442154.0
2016-08-12;70.92;70.92;70.21;70.58;242893.0
2016-08-15;70.67;71.33;70.67;71.0;212490.0
2016-08-16;70.8;70.89;70.11;70.61;287757.0
2016-08-17;70.52;70.72;70.05;70.69;307441.0
2016-08-18;70.7;70.9374;70.37;70.47;285686.0
2016-08-19;70.13;70.87;70.13;70.58;367476.0
2016-08-22;70.38;70.8;70.09;70.55;247759.0
2016-08-23;70.92;71.69;70.56;71.63;299653.0
2016-08-24;71.6;71.71;71.28;71.39;205325.0
2016-08-25;71.15;71.26;70.1;71.12;187005.0
2016-08-26;71.32;72.09;70.73;71.06;253857.0
2016-08-29;71.13;71.58;70.9;71.33;159468.0
2016-08-30;71.33;71.69;70.275;70.78;253062.0
2016-08-31;70.67;71.24;70.26;70.7;241144.0
2016-09-01;70.94;71.57;70.25;71.28;267080.0
2016-09-02;71.54;72.15;70.79;72.06;247254.0
2016-09-06;72.29;72.67;71.67;72.1;212844.0
2016-09-07;71.8;72.59;71.8;72.26;185472.0
2016-09-08;72.03;72.85;71.75;72.55;316549.0
2016-09-09;71.84;72.245;70.31;70.41;243958.0
2016-09-12;69.86;71.51;69.31;71.34;271620.0
2016-09-13;70.59;71.29;70.19;70.52;247024.0
2016-09-14;70.41;71.47;69.97;70.64;272583.0
2016-09-15;70.78;72.58;70.7;72.52;562398.0
2016-09-16;72.07;72.46;71.59;71.8;324403.0
2016-09-19;72.25;73.07;72.0;72.4;291790.0
2016-09-20;72.86;72.86;71.4;71.46;146458.0
2016-09-21;71.87;72.53;71.42;71.76;293208.0
2016-09-22;72.23;73.13;72.23;72.61;201394.0
2016-09-23;72.37;72.59;71.58;72.2;279386.0
2016-09-26;71.75;71.89;71.04;71.38;181246.0
2016-09-27;71.14;71.8;71.14;71.44;222203.0
2016-09-28;71.8;72.05;71.17;71.69;429829.0
2016-09-29;71.65;71.98;70.7;70.81;273898.0
2016-09-30;71.07;72.03;70.7;71.66;267047.0
2016-10-03;71.54;72.24;71.38;71.45;228528.0
2016-10-04;71.5;71.72;70.12;70.44;465184.0
2016-10-05;70.58;71.38;70.55;71.14;619244.0
2016-10-06;71.12;71.12;69.26;70.22;588610.0
2016-10-07;70.26;70.56;69.75;70.42;404595.0
2016-10-10;70.65;71.67;70.49;70.72;250875.0
2016-10-11;70.5;70.58;68.95;69.37;377852.0
2016-10-12;69.34;69.77;69.05;69.5;234790.0
2016-10-13;68.87;68.87;67.65;68.45;341880.0
2016-10-14;68.73;69.4895;68.43;69.05;311597.0
2016-10-17;68.97;69.96;68.79;68.84;267627.0
2016-10-18;69.34;69.34;64.95;65.73;868844.0
2016-10-19;66.15;66.92;65.7;66.85;422554.0
2016-10-20;66.88;67.67;66.72;67.52;414164.0
2016-10-21;67.23;67.95;66.91;67.78;255053.0
2016-10-24;68.22;69.41;68.04;69.07;202276.0
2016-10-25;68.99;69.2;66.71;67.0;391776.0
2016-10-26;66.86;68.14;66.4;68.03;548568.0
2016-10-27;68.17;71.02;67.47;68.95;722294.0
2016-10-28;69.49;70.41;68.95;69.8;557691.0
2016-10-31;70.02;70.79;69.83;70.61;433549.0
2016-11-01;70.66;70.98;69.425;69.8;458209.0
2016-11-02;69.63;70.03;68.78;69.08;251422.0
2016-11-03;69.57;69.91;68.24;68.37;230169.0
2016-11-04;68.37;69.54;68.03;68.74;210582.0
2016-11-07;69.63;70.71;69.095;70.56;214548.0
2016-11-08;70.23;70.62;69.82;70.3;280167.0
2016-11-09;69.0;69.0;67.36;68.42;536990.0
2016-11-10;68.66;69.78;67.5;69.19;392667.0
2016-11-11;69.08;70.24;68.82;69.64;411749.0
2016-11-14;71.72;77.17;70.91;76.36;902152.0
2016-11-15;75.81;77.11;74.655;77.01;682635.0
2016-11-16;76.76;79.03;76.5;78.6;791040.0
2016-11-17;78.75;82.26;77.82;80.74;843377.0
2016-11-18;80.72;80.89;79.08;79.45;531834.0
2016-11-21;79.84;80.43;78.71;79.47;293638.0
2016-11-22;79.65;79.65;78.75;79.04;450609.0
2016-11-23;79.25;79.81;78.49;79.07;369036.0
2016-11-25;79.05;79.25;78.73;79.12;101498.0
2016-11-28;78.88;79.05;77.29;78.02;270058.0
2016-11-29;77.97;78.52;76.95;78.28;262057.0
2016-11-30;78.59;79.15;78.06;78.67;278422.0
2016-12-01;79.0;79.7065;78.73;79.55;315402.0
2016-12-02;79.65;79.84;79.03;79.81;442080.0
2016-12-05;80.58;81.17;79.825;79.86;301268.0
2016-12-06;79.9;80.02;78.92;79.96;383238.0
2016-12-07;79.97;84.12;79.92;84.08;764159.0
2016-12-08;83.84;84.48;83.23;84.21;257851.0
2016-12-09;84.21;84.21;83.62;83.9;214650.0
2016-12-12;83.89;84.06;83.11;83.95;209248.0
2016-12-13;83.58;84.45;83.205;83.75;295934.0
2016-12-14;83.16;83.5;82.17;82.3;304709.0
2016-12-15;82.39;83.23;82.14;82.45;253074.0
2016-12-16;82.83;83.155;82.01;82.19;276611.0
2016-12-19;81.86;82.82;81.1;81.79;340807.0
2016-12-20;82.23;83.13;81.87;82.88;197563.0
2016-12-21;82.42;82.92;82.12;82.14;188552.0
2016-12-22;81.9;81.9;79.8;79.89;187437.0
2016-12-23;79.9;80.99;79.84;80.86;137005.0
2016-12-27;80.99;81.9698;80.66;80.81;98595.0
2016-12-28;81.09;81.1547;79.96;80.33;120931.0
2016-12-29;80.4;81.14;79.54;80.1;95316.0
2016-12-30;80.36;80.56;79.69;80.34;162176.0
2017-01-03;81.27;81.94;80.24;80.94;296148.0
2017-01-04;82.02;84.19;82.02;84.07;453690.0
2017-01-05;83.7;84.48;83.7;83.91;339754.0
2017-01-06;83.96;84.29;83.25;83.4;232935.0
2017-01-09;83.49;83.49;81.46;81.68;201220.0
2017-01-10;85.0;87.78;83.78;86.53;615008.0
2017-01-11;89.0;90.12;87.44;89.06;509106.0
2017-01-12;88.53;88.7;86.47;87.19;199671.0
2017-01-13;87.08;88.65;86.87;87.69;345996.0
2017-01-17;87.71;87.71;86.52;87.67;341171.0
2017-01-18;88.57;88.57;87.33;88.27;267690.0
2017-01-19;88.79;90.14;88.79;90.11;305746.0
2017-01-20;90.46;91.89;90.43;91.89;541007.0
2017-01-23;91.63;92.28;89.73;90.64;429479.0
2017-01-24;91.19;92.4;91.19;91.42;382511.0
2017-01-25;92.47;93.37;91.38;91.95;414948.0
2017-01-26;91.95;92.45;90.47;90.61;181550.0
2017-01-27;90.6;90.6;88.74;88.75;419069.0
2017-01-30;87.97;88.3503;86.1;88.2;646230.0
2017-01-31;87.84;89.79;87.25;89.57;289726.0
2017-02-01;90.03;91.19;89.72;90.86;290789.0
2017-02-02;91.4;91.63;90.3;90.91;207155.0
2017-02-03;91.7;91.7;89.48;89.69;336023.0
2017-02-06;89.6;89.79;88.74;89.49;184069.0
2017-02-07;89.46;89.46;88.29;89.12;294033.0
2017-02-08;88.88;90.78;88.61;90.47;236277.0
2017-02-09;90.43;91.84;90.14;91.54;275842.0
2017-02-10;91.57;91.96;91.15;91.24;231854.0
2017-02-13;91.61;92.43;90.75;91.55;152496.0
2017-02-14;91.19;92.31;90.25;91.88;345614.0
2017-02-15;91.83;92.03;91.03;91.25;199540.0
2017-02-16;91.43;91.71;90.3;91.07;208983.0
2017-02-17;90.36;91.8;89.6;91.49;190889.0
2017-02-21;91.37;93.82;91.24;93.63;289669.0
2017-02-22;93.53;94.55;92.62;94.48;380019.0
2017-02-23;97.9;98.79;92.78;92.93;645400.0
2017-02-24;92.75;94.8;91.98;94.16;477880.0
2017-02-27;93.17;95.165;93.02;94.74;347310.0
2017-02-28;94.42;94.52;92.58;92.67;492565.0
2017-03-01;93.59;96.61;93.59;95.11;534006.0
2017-03-02;95.07;95.93;94.6025;95.03;372556.0
2017-03-03;94.99;95.56;93.98;94.75;392595.0
2017-03-06;94.26;94.89;93.95;93.98;440922.0
2017-03-07;93.38;94.0;92.29;92.31;498357.0
2017-03-08;92.7;94.7;92.1287;93.84;495252.0
2017-03-09;94.15;94.7;92.66;92.73;491027.0
2017-03-10;93.57;94.49;93.0;93.55;319743.0
2017-03-13;95.0;99.395;94.95;98.26;822655.0
2017-03-14;98.17;99.71;97.37;99.03;366471.0
2017-03-15;99.8;103.2;99.33;101.12;657816.0
2017-03-16;100.92;101.9293;100.16;100.46;378718.0
2017-03-17;100.97;100.97;99.05;99.52;559661.0
2017-03-20;99.46;100.24;99.02;99.8;383168.0
2017-03-21;99.95;100.18;95.62;95.67;530383.0
2017-03-22;95.66;97.18;94.53;95.6;437998.0
2017-03-23;94.99;95.8;94.61;95.29;342383.0
2017-03-24;95.5;96.23;94.84;95.71;447521.0
2017-03-27;95.0;95.94;94.25;95.59;299784.0
2017-03-28;95.5;98.09;95.5;97.4;350908.0
2017-03-29;97.75;98.5771;97.15;97.61;219594.0
2017-03-30;97.49;98.3;97.47;98.14;234947.0
2017-03-31;98.25;98.79;97.42;97.95;423839.0
2017-04-03;99.43;99.48;95.92;96.83;449300.0
2017-04-04;96.39;96.68;94.7;95.12;406120.0
2017-04-05;95.74;96.25;94.66;94.77;486034.0
2017-04-06;94.85;95.18;94.01;95.08;407760.0
2017-04-07;94.91;95.49;94.5;95.03;213197.0
2017-04-10;95.11;96.03;95.11;95.22;210753.0
2017-04-11;94.84;95.985;94.1829;95.68;432353.0
2017-04-12;95.43;95.7;94.4;94.59;256124.0
2017-04-13;94.23;95.18;93.68;94.41;263478.0
2017-04-17;94.85;95.2;94.23;95.13;244970.0
2017-04-18;94.69;95.06;93.9;94.25;363446.0
2017-04-19;94.29;96.04;94.25;95.44;373151.0
2017-04-20;96.18;97.25;95.95;97.11;294795.0
2017-04-21;96.53;97.85;96.53;97.02;313990.0
2017-04-24;97.6;98.24;97.0;97.87;270476.0
2017-04-25;98.57;98.885;97.75;98.14;224599.0
2017-04-26;98.73;99.4;97.99;98.48;311224.0
2017-04-27;100.24;104.7;100.07;102.98;750610.0
2017-04-28;104.16;105.64;101.96;102.95;508240.0
2017-05-01;103.59;103.9799;102.03;102.85;245497.0
2017-05-02;102.62;102.9;98.88;100.41;495957.0
2017-05-03;100.52;102.835;99.61;101.37;344841.0
2017-05-04;101.28;101.74;100.4;101.05;282704.0
2017-05-05;101.52;101.86;99.9;100.97;319637.0
2017-05-08;100.68;101.83;100.43;101.18;280774.0
2017-05-09;100.9;102.54;100.9;102.23;190382.0
2017-05-10;102.17;102.58;101.28;101.75;153221.0
2017-05-11;101.65;102.23;100.6;101.76;131269.0
2017-05-12;103.66;106.95;102.51;103.58;631949.0
2017-05-15;103.61;104.0;102.13;102.81;277422.0
2017-05-16;103.1;103.1;101.58;102.53;263663.0
2017-05-17;101.59;101.71;98.03;98.23;406223.0
2017-05-18;98.04;100.31;97.42;99.9;360714.0
2017-05-19;100.32;100.86;99.43;99.96;250584.0
2017-05-22;100.03;100.77;99.29;100.07;418760.0
2017-05-23;100.31;100.94;98.96;98.99;213772.0
2017-05-24;99.08;100.21;98.54;100.02;174730.0
2017-05-25;100.22;100.95;98.57;99.7;268308.0
2017-05-26;99.96;100.52;99.085;100.26;209804.0
2017-05-30;100.14;100.54;98.84;99.37;207383.0
2017-05-31;99.62;100.66;97.12;100.29;261574.0
2017-06-01;100.2;102.43;100.2;101.45;297160.0
2017-06-02;101.56;102.22;100.27;102.04;197909.0
2017-06-05;102.0;103.185;101.7;101.99;153783.0
2017-06-06;101.52;102.79;100.19;102.3;241168.0
2017-06-07;102.49;103.0;101.74;102.69;174696.0
2017-06-08;101.42;101.86;100.31;100.85;214285.0
2017-06-09;100.56;101.62;100.03;100.94;213208.0
2017-06-12;100.81;101.03;99.285;99.99;303710.0
2017-06-13;100.52;100.52;98.58;99.22;336866.0
2017-06-14;99.34;99.34;97.85;98.25;260754.0
2017-06-15;97.61;97.61;94.78;95.16;853448.0
2017-06-16;95.0;95.44;91.2;92.37;882554.0
2017-06-19;93.02;93.48;92.42;93.26;567457.0
2017-06-20;93.72;93.72;91.75;92.45;355038.0
2017-06-21;92.87;94.47;92.0;94.2;418778.0
2017-06-22;93.67;95.24;93.2;94.86;380469.0
2017-06-23;95.02;96.08;94.28;95.91;585537.0
2017-06-26;96.82;99.0;96.82;98.54;483340.0
2017-06-27;97.55;99.26;96.55;98.92;540551.0
2017-06-28;99.6;102.16;98.84;100.98;571597.0
2017-06-29;101.0;102.16;100.22;101.4;398008.0
2017-06-30;101.88;102.93;101.725;102.06;203901.0
2017-07-03;102.74;103.9499;101.17;101.3;215954.0
2017-07-05;101.46;104.47;101.46;103.97;349206.0
2017-07-06;103.25;104.16;101.17;101.27;363827.0
2017-07-07;101.52;103.44;101.3285;102.89;205469.0
2017-07-10;103.3;104.96;102.37;104.61;379326.0
2017-07-11;104.84;105.77;103.96;104.24;388691.0
2017-07-12;104.85;106.15;104.55;105.2;253525.0
2017-07-13;105.2;106.31;105.08;105.33;281976.0
2017-07-14;105.31;105.87;104.51;105.3;114464.0
2017-07-17;107.06;107.06;106.19;106.3;184936.0
2017-07-18;106.38;107.735;106.115;107.66;318957.0
2017-07-19;108.15;109.74;107.62;109.25;431648.0
2017-07-20;109.91;110.63;109.3;110.55;230594.0
2017-07-21;109.93;109.93;105.4;107.8;575359.0
2017-07-24;107.81;108.85;107.58;108.1;302662.0
2017-07-25;108.83;110.19;107.89;109.59;315621.0
2017-07-26;109.67;110.56;108.88;109.97;389819.0
2017-07-27;110.64;112.11;106.5;111.53;429456.0
2017-07-28;110.77;111.93;110.01;111.44;318480.0
2017-07-31;111.58;111.73;110.21;111.54;276096.0
2017-08-01;111.6;111.75;109.25;111.37;332445.0
2017-08-02;111.35;112.17;109.5;109.52;261887.0
2017-08-03;109.51;110.09;108.497;108.7;285643.0
2017-08-04;109.31;111.48;108.84;111.4;276048.0
2017-08-07;111.44;113.04;110.905;112.89;206466.0
2017-08-08;112.86;116.78;112.3248;115.71;416356.0
2017-08-09;115.0;116.27;114.48;115.12;197858.0
2017-08-10;114.52;114.61;112.79;113.37;158919.0
2017-08-11;112.94;114.34;112.61;113.82;207362.0
2017-08-14;114.82;115.02;113.665;114.41;134814.0
2017-08-15;114.58;114.88;113.93;114.45;114702.0
2017-08-16;114.51;115.2;114.095;114.52;171026.0
2017-08-17;114.38;114.435;112.37;112.65;109256.0
2017-08-18;112.21;113.61;111.246;113.39;118831.0
2017-08-21;113.31;114.0;112.54;113.93;140677.0
2017-08-22;114.36;114.74;113.65;113.84;187893.0
2017-08-23;113.34;114.21;113.25;113.48;216916.0
2017-08-24;113.75;113.87;112.825;113.28;162054.0
2017-08-25;113.69;114.49;112.02;112.1;242472.0
2017-08-28;112.45;112.9;111.86;112.38;223229.0
2017-08-29;111.67;114.16;111.65;113.98;221854.0
2017-08-30;113.91;115.2699;113.5893;114.59;248301.0
2017-08-31;114.62;116.04;114.62;115.44;164789.0
2017-09-01;115.77;116.63;114.96;115.83;275771.0
2017-09-05;115.67;115.77;112.9;113.82;171506.0
2017-09-06;114.47;114.47;112.44;113.6;252867.0
2017-09-07;113.59;114.09;112.58;113.83;283193.0
2017-09-08;113.83;115.12;113.52;114.96;288155.0
2017-09-11;115.72;116.0;114.75;115.93;197037.0
2017-09-12;116.25;119.37;115.86;119.36;234330.0
2017-09-13;119.45;119.46;118.095;119.02;295825.0
2017-09-14;119.01;119.74;118.14;119.1;164314.0
2017-09-15;119.05;120.24;118.575;119.7;290076.0
2017-09-18;120.12;121.31;119.6;121.29;195421.0
2017-09-19;121.12;121.95;120.3;121.43;322656.0
2017-09-20;121.48;122.62;119.89;122.04;307401.0
2017-09-21;122.02;123.68;121.45;123.56;134240.0
2017-09-22;123.74;125.48;123.5;125.46;193395.0
2017-09-25;125.51;125.97;123.46;124.19;163694.0
2017-09-26;123.92;125.63;123.34;124.68;219645.0
2017-09-27;125.35;125.51;123.38;124.0;197559.0
2017-09-28;123.79;124.21;122.77;123.68;160121.0
2017-09-29;123.76;125.23;123.06;123.77;175932.0
2017-10-02;124.57;126.8;123.89;126.73;245965.0
2017-10-03;128.11;128.15;125.6;126.8;191399.0
2017-10-04;126.94;127.89;126.44;127.78;211161.0
2017-10-05;127.9;128.39;126.54;127.2;195338.0
2017-10-06;126.73;127.78;125.63;125.73;192269.0
2017-10-09;125.96;126.39;124.73;125.1;145350.0
2017-10-10;124.91;125.87;123.47;124.29;261656.0
2017-10-11;124.34;125.0;123.26;124.51;306198.0
2017-10-12;123.95;124.55;122.221;123.66;194442.0
2017-10-13;124.07;124.31;122.7;123.89;215408.0
2017-10-16;123.9;124.62;123.04;124.47;188799.0
2017-10-17;124.74;124.74;123.19;123.62;184017.0
2017-10-18;124.07;124.79;123.4901;123.86;221699.0
2017-10-19;123.53;123.65;122.38;123.01;193121.0
2017-10-20;123.58;124.79;123.18;123.88;219844.0
2017-10-23;123.88;124.8799;122.52;122.56;247298.0
2017-10-24;122.44;124.44;122.44;124.03;284266.0
2017-10-25;124.3;124.3;118.96;122.0;364864.0
2017-10-26;121.56;126.9799;120.05;126.57;409650.0
2017-10-27;127.64;127.84;124.195;126.19;268965.0
2017-10-30;126.29;126.46;124.07;124.48;217304.0
2017-10-31;125.56;126.59;124.76;126.04;167706.0
2017-11-01;126.05;126.95;125.52;125.88;183626.0
2017-11-02;125.96;126.8;124.63;126.77;204167.0
2017-11-03;126.8;127.33;125.48;125.62;151051.0
2017-11-06;125.8;126.12;124.7;125.75;209392.0
2017-11-07;125.84;126.53;124.91;125.6;162229.0
2017-11-09;125.33;125.75;123.78;125.6;210228.0
2017-11-10;125.35;127.58;124.26;126.96;196823.0
2017-11-13;125.76;127.91;125.35;127.3;232388.0
2017-11-14;127.21;128.16;126.64;127.23;178495.0
2017-11-15;126.08;127.45;124.88;127.19;200136.0
2017-11-16;127.96;128.19;125.65;128.04;265904.0
2017-11-17;127.91;129.85;127.5;129.17;414381.0
2017-11-20;129.61;132.59;129.59;131.25;209628.0
2017-11-21;131.41;131.6498;129.74;131.25;195691.0
2017-11-22;131.6;131.6;129.83;130.64;142675.0
2017-11-24;130.62;131.22;129.83;130.45;67487.0
2017-11-27;130.56;131.39;130.03;130.1;174529.0
2017-11-28;130.47;132.82;130.1293;132.42;171146.0
2017-11-29;132.56;133.04;129.73;129.83;222141.0
2017-11-30;130.49;132.14;129.86;131.69;207427.0
2017-12-01;130.94;131.77;129.6157;130.88;300280.0
2017-12-04;131.97;132.7;127.72;127.73;314479.0
2017-12-05;127.46;129.58;126.44;128.27;235425.0
2017-12-06;128.23;129.16;126.31;126.69;249913.0
2017-12-07;126.61;128.95;126.23;128.2;237263.0
2017-12-08;128.88;129.745;128.12;128.68;141586.0
2017-12-11;129.08;129.225;127.21;127.98;181485.0
2017-12-12;128.21;128.4255;126.23;127.04;227877.0
2017-12-13;127.61;128.81;125.48;125.53;231314.0
2017-12-14;126.17;126.64;123.285;123.55;294883.0
2017-12-15;124.3;125.99;123.55;124.9;326950.0
2017-12-18;126.27;128.02;125.16;127.29;240256.0
2017-12-19;128.07;130.28;126.76;128.37;178645.0
2017-12-20;128.545;130.36;127.43;129.64;155514.0
2017-12-21;129.125;129.94;127.45;127.61;112999.0
2017-12-22;125.55;127.175;125.15;125.39;152630.0
2017-12-26;124.87;126.45;124.55;125.01;108572.0
2017-12-27;125.23;126.19;124.8;125.84;113956.0
2017-12-28;126.3;128.04;125.79;127.84;178158.0
2017-12-29;128.0;128.0;125.005;125.14;153446.0
2018-01-02;125.0;126.05;124.34;125.56;228643.0
2018-01-03;126.0;128.15;124.775;127.68;177566.0
2018-01-04;129.0;133.92;129.0;133.24;279918.0
2018-01-05;134.29;137.13;133.616;136.74;252186.0
2018-01-08;136.87;137.8468;135.24;135.9;206989.0
2018-01-09;136.12;140.64;136.12;138.7;267541.0
2018-01-10;138.02;138.6382;135.37;136.0;188011.0
2018-01-11;136.76;138.98;135.02;138.08;160842.0
2018-01-12;138.2;139.355;137.52;138.03;146106.0
2018-01-16;137.65;137.65;131.1;131.5;603066.0
2018-01-17;131.19;136.81;130.1;136.12;384878.0
2018-01-18;135.37;136.63;131.93;132.39;253039.0
2018-01-19;132.4;133.63;131.0;131.85;339368.0
2018-01-22;129.0;130.24;126.53;129.4;297757.0
2018-01-23;129.6;129.73;127.125;127.72;429598.0
2018-01-24;128.0;133.58;128.0;132.0;462088.0
2018-01-25;132.96;133.15;129.8;131.23;266067.0
2018-01-26;132.5;135.65;131.0;135.28;315052.0
2018-01-29;135.11;137.84;133.09;133.11;246906.0
2018-01-30;132.1;133.44;131.075;131.34;202810.0
2018-01-31;132.08;134.03;129.63;130.03;241177.0
2018-02-01;128.51;131.97;127.26;127.935;361990.0
2018-02-02;126.61;127.685;123.415;123.93;368205.0
2018-02-05;122.9;123.74;119.6;120.21;391492.0
2018-02-06;118.38;123.015;116.11;121.56;646681.0
2018-02-07;121.27;126.94;121.27;124.75;332845.0
2018-02-08;124.64;124.89;120.0;120.0;373238.0
2018-02-09;119.81;121.73;115.45;118.57;434138.0
2018-02-12;119.98;123.72;119.21;121.59;332476.0
2018-02-13;120.9;120.9;118.77;120.18;195620.0
2018-02-14;119.59;123.979;119.585;123.38;311952.0
2018-02-15;123.84;124.7295;122.36;124.37;304181.0
2018-02-16;124.3;125.35;122.65;123.5;225762.0
2018-02-20;122.56;127.025;122.55;124.56;250766.0
2018-02-21;124.71;126.17;120.6;124.41;273662.0
2018-02-22;122.45;131.25;122.45;127.59;453592.0
2018-02-23;128.29;128.6;125.88;126.64;308204.0
2018-02-26;128.0;128.63;126.38;128.41;296781.0
2018-02-27;128.61;128.99;122.91;124.38;375067.0
2018-02-28;124.39;126.17;122.75;123.84;353009.0
2018-03-01;123.62;127.02;121.65;123.46;552210.0
2018-03-02;122.72;126.4;120.2;121.68;501505.0
2018-03-05;120.85;122.855;120.46;121.41;408228.0
2018-03-06;121.42;124.27;119.0;120.67;584709.0
2018-03-07;119.5;122.53;118.4;121.75;285721.0
2018-03-08;122.31;122.99;120.91;122.15;205215.0
2018-03-09;122.85;124.56;121.45;123.09;425746.0
2018-03-12;123.14;125.14;120.38;122.91;239911.0
2018-03-13;123.54;125.13;121.64;123.52;347751.0
2018-03-14;124.29;124.29;121.39;122.0;271283.0
2018-03-15;122.13;123.475;121.0;121.12;335795.0
2018-03-16;121.57;122.76;121.0;121.95;255989.0
2018-03-19;121.33;121.52;118.465;119.2;313204.0
2018-03-20;119.8;119.83;118.22;118.77;244563.0
2018-03-21;119.03;121.71;119.0;120.77;193061.0
2018-03-22;116.99;119.8;113.19;113.45;467248.0
2018-03-23;113.31;114.69;108.65;108.76;489696.0
2018-03-26;110.24;113.9;109.46;112.9;313273.0
2018-03-27;113.3;116.02;109.93;110.35;251277.0
