date;open;high;low;close;volume
1995-08-18;16.0;26.5;16.0;26.5;25080.0
1995-08-21;24.5;29.0;24.5;25.0;12400.0
1995-08-22;27.5;27.5;22.5;26.0;9600.0
1995-08-23;22.5;22.5;22.5;22.5;800.0
1995-08-24;22.5;26.0;22.5;26.0;2000.0
1995-08-25;22.5;26.0;22.5;26.0;3680.0
1995-08-28;22.5;23.5;22.5;22.5;1880.0
1995-08-29;22.5;23.0;22.5;22.5;2080.0
1995-08-30;25.0;25.0;24.0;24.0;2280.0
1995-08-31;24.0;24.0;24.0;24.0;0.0
1995-09-01;25.0;25.0;25.0;25.0;80.0
1995-09-05;22.0;25.0;22.0;25.0;1600.0
1995-09-06;22.0;25.0;22.0;25.0;280.0
1995-09-07;25.0;25.0;25.0;25.0;2280.0
1995-09-08;22.0;22.0;22.0;22.0;1000.0
1995-09-11;22.0;22.0;22.0;22.0;80.0
1995-09-12;26.0;26.0;26.0;26.0;80.0
1995-09-13;26.0;26.0;26.0;26.0;0.0
1995-09-14;22.0;22.0;22.0;22.0;80.0
1995-09-15;22.0;22.0;22.0;22.0;0.0
1995-09-18;22.0;22.0;22.0;22.0;0.0
1995-09-19;22.0;22.0;22.0;22.0;80.0
1995-09-20;22.0;22.0;22.0;22.0;0.0
1995-09-21;22.0;22.0;22.0;22.0;0.0
1995-09-22;24.12;24.12;24.12;24.12;2000.0
1995-09-25;24.12;24.12;24.12;24.12;0.0
1995-09-26;24.12;24.12;24.12;24.12;0.0
1995-09-27;22.0;22.0;22.0;22.0;1000.0
1995-09-28;22.0;22.0;22.0;22.0;0.0
1995-09-29;22.5;22.5;22.5;22.5;80.0
1995-10-02;22.0;25.0;22.0;25.0;480.0
1995-10-03;22.13;23.0;22.13;23.0;1480.0
1995-10-04;23.0;23.0;23.0;23.0;0.0
1995-10-05;23.0;23.0;23.0;23.0;0.0
1995-10-06;23.0;23.0;23.0;23.0;0.0
1995-10-09;23.0;23.0;23.0;23.0;0.0
1995-10-10;25.0;25.0;22.0;25.0;3680.0
1995-10-11;23.0;23.0;23.0;23.0;200.0
1995-10-12;22.0;22.0;22.0;22.0;1000.0
1995-10-13;22.0;22.0;22.0;22.0;0.0
1995-10-16;22.0;22.0;22.0;22.0;200.0
1995-10-17;22.0;24.0;22.0;24.0;1400.0
1995-10-18;24.0;24.0;24.0;24.0;0.0
1995-10-19;24.0;24.0;24.0;24.0;0.0
1995-10-20;24.0;24.0;24.0;24.0;0.0
1995-10-23;24.0;24.0;24.0;24.0;0.0
1995-10-24;24.0;24.0;24.0;24.0;0.0
1995-10-25;22.63;22.63;22.63;22.63;480.0
1995-10-26;22.63;22.63;22.63;22.63;0.0
1995-10-27;20.13;20.13;20.13;20.13;200.0
1995-10-30;23.5;23.5;23.5;23.5;80.0
1995-10-31;23.5;23.5;23.5;23.5;0.0
1995-11-01;20.0;20.0;20.0;20.0;80.0
1995-11-02;20.0;20.0;20.0;20.0;0.0
1995-11-03;20.0;20.0;20.0;20.0;0.0
1995-11-06;23.5;23.5;23.5;23.5;400.0
1995-11-07;23.5;23.5;23.5;23.5;0.0
1995-11-08;23.5;23.5;23.5;23.5;0.0
1995-11-09;23.5;23.5;23.5;23.5;0.0
1995-11-10;23.5;23.5;23.5;23.5;0.0
1995-11-13;23.5;23.5;23.5;23.5;0.0
1995-11-14;23.5;23.5;23.5;23.5;0.0
1995-11-15;23.5;23.5;23.5;23.5;0.0
1995-11-16;23.5;23.5;20.0;23.5;3080.0
1995-11-17;20.0;20.0;20.0;20.0;200.0
1995-11-20;20.0;20.0;20.0;20.0;600.0
1995-11-21;20.25;20.25;20.25;20.25;1880.0
1995-11-22;19.5;20.31;19.5;20.31;600.0
1995-11-24;23.5;23.5;23.5;23.5;2000.0
1995-11-27;20.0;20.0;20.0;20.0;200.0
1995-11-28;19.5;23.5;19.5;23.5;480.0
1995-11-29;23.5;23.5;23.5;23.5;200.0
1995-11-30;23.5;23.5;23.5;23.5;200.0
1995-12-01;20.0;23.5;20.0;23.5;3000.0
1995-12-04;20.0;23.5;20.0;23.5;280.0
1995-12-05;23.5;23.5;23.5;23.5;480.0
1995-12-06;24.0;24.0;23.5;23.5;1680.0
1995-12-07;25.0;25.0;21.5;21.5;1800.0
1995-12-08;25.5;25.5;25.5;25.5;1400.0
1995-12-11;26.0;26.0;23.0;23.0;1400.0
1995-12-12;23.0;23.0;23.0;23.0;0.0
1995-12-13;23.0;23.0;23.0;23.0;0.0
1995-12-14;23.0;23.0;23.0;23.0;0.0
1995-12-15;26.5;26.5;26.5;26.5;200.0
1995-12-18;26.5;26.5;26.5;26.5;0.0
1995-12-19;26.5;26.5;26.5;26.5;0.0
1995-12-20;26.5;26.5;26.5;26.5;0.0
1995-12-21;27.0;27.0;27.0;27.0;400.0
1995-12-22;27.0;27.0;27.0;27.0;280.0
1995-12-26;27.0;27.0;23.5;23.5;480.0
1995-12-27;27.0;27.0;27.0;27.0;480.0
1995-12-28;26.5;26.5;26.5;26.5;1000.0
1995-12-29;27.0;27.0;27.0;27.0;600.0
1996-01-02;27.0;27.0;26.75;27.0;4000.0
1996-01-03;28.0;28.0;25.0;26.0;2000.0
1996-01-04;25.5;30.0;25.5;25.5;1200.0
1996-01-05;25.5;25.5;25.5;25.5;0.0
1996-01-08;25.5;25.5;25.5;25.5;0.0
1996-01-09;25.5;25.5;25.5;25.5;0.0
1996-01-10;25.0;27.63;25.0;27.63;280.0
1996-01-11;25.0;25.0;25.0;25.0;400.0
1996-01-12;25.0;25.0;25.0;25.0;0.0
1996-01-15;25.0;25.0;25.0;25.0;200.0
1996-01-16;25.0;25.0;25.0;25.0;0.0
1996-01-17;29.5;29.5;29.5;29.5;600.0
1996-01-18;25.5;25.5;25.5;25.5;400.0
1996-01-19;25.5;25.5;25.5;25.5;200.0
1996-01-22;29.5;29.5;25.5;25.5;800.0
1996-01-23;26.5;29.5;26.5;29.5;400.0
1996-01-24;27.5;31.0;26.5;26.5;5600.0
1996-01-25;31.0;31.0;30.0;30.0;680.0
1996-01-26;31.0;31.0;30.0;30.0;1400.0
1996-01-29;32.0;32.0;28.0;28.0;600.0
1996-01-30;28.0;28.0;28.0;28.0;0.0
1996-01-31;28.0;30.0;28.0;30.0;400.0
1996-02-01;30.0;30.0;30.0;30.0;0.0
1996-02-02;32.0;35.0;30.0;33.0;6280.0
1996-02-05;32.5;35.0;31.0;31.0;1480.0
1996-02-06;31.0;31.0;31.0;31.0;0.0
1996-02-07;30.5;30.5;30.5;30.5;280.0
1996-02-08;30.5;30.5;30.5;30.5;0.0
1996-02-09;30.5;30.5;30.5;30.5;0.0
1996-02-12;30.5;30.5;30.5;30.5;200.0
1996-02-13;30.5;30.5;30.5;30.5;0.0
1996-02-14;30.5;30.5;30.5;30.5;0.0
1996-02-15;30.5;30.5;30.5;30.5;0.0
1996-02-16;33.0;33.0;33.0;33.0;80.0
1996-02-20;33.0;33.0;33.0;33.0;0.0
1996-02-21;33.0;33.0;33.0;33.0;0.0
1996-02-22;32.75;33.0;32.75;33.0;200.0
1996-02-23;33.5;33.5;33.5;33.5;480.0
1996-02-26;33.5;33.5;33.5;33.5;0.0
1996-02-27;32.0;32.0;32.0;32.0;3200.0
1996-02-28;30.0;30.0;30.0;30.0;680.0
1996-02-29;27.0;27.0;27.0;27.0;80.0
1996-03-01;27.0;27.0;27.0;27.0;200.0
1996-03-04;30.5;30.5;30.5;30.5;80.0
1996-03-05;30.5;30.5;30.5;30.5;0.0
1996-03-06;30.5;30.5;30.5;30.5;0.0
1996-03-07;30.5;30.5;30.5;30.5;0.0
1996-03-08;30.5;30.5;30.5;30.5;0.0
1996-03-11;30.5;30.5;30.5;30.5;0.0
1996-03-12;30.5;30.5;30.5;30.5;80.0
1996-03-13;30.5;30.5;30.5;30.5;0.0
1996-03-14;30.5;30.5;30.5;30.5;0.0
1996-03-15;30.5;30.5;30.5;30.5;0.0
1996-03-18;30.5;30.5;30.5;30.5;0.0
1996-03-19;30.5;30.5;30.5;30.5;0.0
1996-03-20;26.5;27.0;26.5;27.0;7080.0
1996-03-21;27.0;27.0;27.0;27.0;0.0
1996-03-22;27.0;27.0;26.5;27.0;600.0
1996-03-25;28.5;28.5;28.5;28.5;0.0
1996-03-26;28.5;28.5;28.5;28.5;0.0
1996-03-27;28.5;28.5;28.5;28.5;0.0
1996-03-28;29.0;30.5;29.0;30.5;3200.0
1996-03-29;30.5;30.5;30.5;30.5;0.0
1996-04-01;30.0;30.0;30.0;30.0;80.0
1996-04-02;30.0;30.0;30.0;30.0;250.0
1996-04-03;32.5;32.5;32.5;32.5;350.0
1996-04-04;30.75;32.5;30.75;30.75;500.0
1996-04-08;32.5;32.5;32.5;32.5;200.0
1996-04-09;32.5;32.5;32.5;32.5;0.0
1996-04-10;32.5;32.5;32.5;32.5;200.0
1996-04-11;32.5;32.5;32.5;32.5;600.0
1996-04-12;29.0;29.0;29.0;29.0;2850.0
1996-04-15;32.5;32.5;32.5;32.5;0.0
1996-04-16;34.0;34.5;32.5;34.0;1480.0
1996-04-17;34.0;34.5;32.5;34.0;3000.0
1996-04-18;35.5;36.5;33.0;36.5;4100.0
1996-04-19;37.0;39.0;36.5;39.0;5850.0
1996-04-22;41.0;41.37;39.0;39.0;3800.0
1996-04-23;41.0;41.375;39.0;39.0;4250.0
1996-04-24;41.0;42.0;38.0;40.5;100.0
1996-04-25;42.0;42.0;42.0;42.0;1350.0
1996-04-26;37.5;42.0;37.5;42.0;600.0
1996-04-29;41.0;41.0;41.0;41.0;0.0
1996-04-30;41.0;41.0;41.0;41.0;0.0
1996-05-01;41.0;41.0;41.0;41.0;0.0
1996-05-02;41.0;41.0;41.0;41.0;480.0
1996-05-03;41.0;41.0;41.0;41.0;0.0
1996-05-06;38.0;42.0;38.0;38.0;1600.0
1996-05-07;42.0;42.0;38.0;38.0;1400.0
1996-05-08;41.0;42.0;38.0;38.0;1750.0
1996-05-09;42.0;42.0;41.5;41.5;2100.0
1996-05-10;41.0;41.0;41.0;41.0;1250.0
1996-05-13;40.5;40.5;37.5;37.5;400.0
1996-05-14;40.5;40.5;40.5;40.5;200.0
1996-05-15;40.5;40.5;37.5;37.5;750.0
1996-05-16;40.5;40.5;40.5;40.5;0.0
1996-05-17;40.0;41.5;40.0;41.5;0.0
1996-05-20;39.25;39.25;39.25;39.25;480.0
1996-05-21;39.5;39.5;38.0;39.0;2680.0
1996-05-22;39.25;39.25;39.25;39.25;0.0
1996-05-23;21.0;21.0;21.0;21.0;100.0
1996-05-24;21.0;21.0;21.0;21.0;880.0
1996-05-28;19.0;21.0;19.0;21.0;480.0
1996-05-29;18.5;18.5;18.5;18.5;1280.0
1996-05-30;19.0;21.0;19.0;21.0;1500.0
1996-05-31;18.5;18.5;18.5;18.5;2600.0
1996-06-03;21.0;21.0;19.0;19.0;1360.0
1996-06-04;21.0;21.0;19.0;19.0;1000.0
1996-06-05;21.0;21.0;21.0;21.0;500.0
1996-06-06;20.5;20.5;20.5;20.5;2700.0
1996-06-07;19.0;19.0;19.0;19.0;800.0
1996-06-10;19.0;19.0;19.0;19.0;0.0
1996-06-11;19.0;19.0;19.0;19.0;0.0
1996-06-12;19.0;19.0;19.0;19.0;80.0
1996-06-13;19.0;19.0;19.0;19.0;500.0
1996-06-14;20.25;20.25;20.0;20.0;2500.0
1996-06-17;18.0;18.0;18.0;18.0;160.0
1996-06-18;18.0;18.0;18.0;18.0;4300.0
1996-06-19;18.0;19.0;18.0;19.0;13100.0
1996-06-20;17.125;17.125;17.0;17.0;100.0
1996-06-21;18.5;18.5;18.5;18.5;0.0
1996-06-24;18.5;18.5;18.5;18.5;0.0
1996-06-25;18.5;18.5;18.5;18.5;0.0
1996-06-26;15.0;18.0;15.0;18.0;560.0
1996-06-27;15.0;18.0;15.0;18.0;0.0
1996-06-28;18.0;18.0;18.0;18.0;80.0
1996-07-01;18.0;18.0;18.0;18.0;0.0
1996-07-02;18.0;18.0;18.0;18.0;0.0
1996-07-03;18.0;18.0;18.0;18.0;0.0
1996-07-05;18.0;18.0;18.0;18.0;0.0
1996-07-08;18.0;18.0;18.0;18.0;160.0
1996-07-09;18.0;18.0;18.0;18.0;0.0
1996-07-10;18.0;18.0;18.0;18.0;100.0
1996-07-11;18.0;18.0;18.0;18.0;0.0
1996-07-12;18.0;18.0;18.0;18.0;0.0
1996-07-15;17.88;18.0;14.75;14.75;12480.0
1996-07-16;17.88;17.88;14.75;17.0;18000.0
1996-07-17;17.875;18.0;14.75;14.75;6200.0
1996-07-18;17.875;17.875;14.75;14.75;2100.0
1996-07-19;17.75;17.75;17.75;17.75;4500.0
1996-07-22;18.0;20.5;18.0;20.5;1040.0
1996-07-23;19.0;21.5;17.5;19.0;4880.0
1996-07-24;20.5;20.5;18.0;20.5;1700.0
1996-07-25;19.0;21.5;17.5;19.0;300.0
1996-07-26;19.0;19.0;17.5;19.0;0.0
1996-07-29;17.5;17.5;17.5;17.5;800.0
1996-07-30;19.0;19.0;19.0;19.0;4960.0
1996-07-31;17.5;17.5;17.5;17.5;4600.0
1996-08-01;19.0;19.0;19.0;19.0;100.0
1996-08-02;18.0;18.0;18.0;18.0;400.0
1996-08-05;18.0;18.0;18.0;18.0;0.0
1996-08-06;18.0;18.0;18.0;18.0;0.0
1996-08-07;18.0;18.0;18.0;18.0;0.0
1996-08-08;18.0;18.0;18.0;18.0;0.0
1996-08-09;18.0;18.0;18.0;18.0;0.0
1996-08-12;18.0;18.0;18.0;18.0;0.0
1996-08-13;18.0;18.0;18.0;18.0;0.0
1996-08-14;18.0;18.0;18.0;18.0;0.0
1996-08-15;20.37;20.37;20.37;20.37;960.0
1996-08-16;19.25;19.5;19.25;19.5;9840.0
1996-08-19;18.0;18.0;16.0;16.5;8160.0
1996-08-20;16.5;16.5;16.5;16.5;0.0
1996-08-21;18.0;18.0;16.0;16.5;0.0
1996-08-22;16.5;16.5;16.5;16.5;0.0
1996-08-23;16.5;16.5;16.5;16.5;0.0
1996-08-26;18.0;18.5;18.0;18.5;1280.0
1996-08-27;21.0;21.0;21.0;21.0;160.0
1996-08-28;18.0;18.5;18.0;18.5;0.0
1996-08-29;21.0;21.0;21.0;21.0;0.0
1996-08-30;21.0;21.0;21.0;21.0;0.0
1996-09-03;21.0;21.0;21.0;21.0;0.0
1996-09-04;21.0;21.0;21.0;21.0;0.0
1996-09-05;21.0;21.0;21.0;21.0;0.0
1996-09-06;21.0;21.0;21.0;21.0;0.0
1996-09-09;21.0;21.0;21.0;21.0;0.0
1996-09-10;21.0;21.0;21.0;21.0;0.0
1996-09-11;21.0;21.0;21.0;21.0;0.0
1996-09-12;21.0;21.0;21.0;21.0;0.0
1996-09-13;21.0;21.0;21.0;21.0;0.0
1996-09-16;21.0;21.0;21.0;21.0;0.0
1996-09-17;17.5;17.5;17.5;17.5;240.0
1996-09-18;17.5;17.5;17.5;17.5;1200.0
1996-09-19;19.9844;19.9844;19.9844;19.9844;0.0
1996-09-20;19.98;19.98;19.98;19.98;0.0
1996-09-23;19.98;19.98;19.98;19.98;0.0
1996-09-24;19.98;19.98;19.98;19.98;0.0
1996-09-25;19.98;19.98;19.98;19.98;0.0
1996-09-26;17.5;19.0;17.5;17.5;240.0
1996-09-27;17.5;19.0;17.5;17.5;0.0
1996-09-30;17.5;17.5;17.5;17.5;0.0
1996-10-01;17.5;17.5;17.5;17.5;0.0
1996-10-02;17.5;17.5;17.5;17.5;0.0
1996-10-03;17.5;17.5;17.5;17.5;0.0
1996-10-04;17.5;17.5;17.5;17.5;0.0
1996-10-07;15.75;16.12;15.75;16.12;2400.0
1996-10-08;16.12;16.12;16.12;16.12;0.0
1996-10-09;15.75;16.125;15.75;16.125;0.0
1996-10-10;16.12;16.12;16.12;16.12;0.0
1996-10-11;18.75;18.75;18.75;18.75;80.0
1996-10-14;18.75;18.75;18.75;18.75;0.0
1996-10-15;18.75;18.75;18.75;18.75;0.0
1996-10-16;18.75;18.75;18.75;18.75;0.0
1996-10-17;18.75;18.75;18.75;18.75;0.0
1996-10-18;18.75;18.75;18.37;18.75;800.0
1996-10-21;15.75;16.12;15.75;16.12;1680.0
1996-10-22;16.12;16.12;16.12;16.12;0.0
1996-10-23;16.125;16.125;15.75;16.125;2500.0
1996-10-24;16.0;16.0;16.0;16.0;0.0
1996-10-25;15.75;16.0;15.75;16.0;0.0
1996-10-28;16.0;16.0;16.0;16.0;0.0
1996-10-29;15.75;15.75;15.75;15.75;80.0
1996-10-30;15.75;15.75;15.75;15.75;0.0
1996-10-31;15.75;15.75;15.75;15.75;0.0
1996-11-01;15.75;15.75;15.75;15.75;0.0
1996-11-04;15.75;15.75;15.75;15.75;0.0
1996-11-05;15.75;15.75;15.75;15.75;0.0
1996-11-06;15.75;16.0;15.75;16.0;2000.0
1996-11-07;16.0;16.0;15.75;16.0;0.0
1996-11-08;15.75;15.75;15.75;15.75;80.0
1996-11-11;15.75;15.75;15.75;15.75;0.0
1996-11-12;15.75;15.75;15.75;15.75;0.0
1996-11-13;15.75;15.75;15.75;15.75;0.0
1996-11-14;17.75;17.75;17.37;17.37;880.0
1996-11-15;17.75;17.75;17.375;17.375;20200.0
1996-11-18;16.19;16.19;16.0;16.19;6000.0
1996-11-19;16.1875;16.1875;16.0;16.1875;0.0
1996-11-20;16.19;16.19;16.19;16.19;0.0
1996-11-21;16.19;16.19;16.19;16.19;0.0
1996-11-22;16.19;16.19;16.19;16.19;0.0
1996-11-25;16.19;16.19;16.19;16.19;1440.0
1996-11-26;16.1875;16.1875;16.1875;16.1875;1100.0
1996-11-27;17.5;17.5;16.0;16.0;600.0
1996-11-29;16.0;16.0;16.0;16.0;0.0
1996-12-02;16.0;16.0;16.0;16.0;80.0
1996-12-03;16.0;16.0;16.0;16.0;0.0
1996-12-04;16.5;16.5;16.5;16.5;2960.0
1996-12-05;16.25;16.25;16.25;16.25;400.0
1996-12-06;16.25;16.25;16.25;16.25;0.0
1996-12-09;16.5;16.5;16.5;16.5;560.0
1996-12-10;16.5;16.5;16.5;16.5;0.0
1996-12-11;16.5;16.5;16.5;16.5;0.0
1996-12-12;16.25;16.25;16.25;16.25;160.0
1996-12-13;16.25;16.25;16.25;16.25;0.0
1996-12-16;16.25;16.25;16.25;16.25;1200.0
1996-12-17;16.25;16.25;16.25;16.25;4000.0
1996-12-18;16.25;16.25;16.25;16.25;0.0
1996-12-19;16.25;16.25;16.25;16.25;0.0
1996-12-20;16.25;16.25;16.25;16.25;0.0
1996-12-23;17.0;17.0;17.0;17.0;240.0
1996-12-24;17.0;17.0;17.0;17.0;0.0
1996-12-26;17.0;17.0;17.0;17.0;0.0
1996-12-27;16.0;16.0;16.0;16.0;160.0
1996-12-30;16.0;16.0;16.0;16.0;2080.0
1996-12-31;16.0;16.0;16.0;16.0;1760.0
1997-01-02;16.5;16.5;16.5;16.5;1100.0
1997-01-03;16.5;16.5;16.5;16.5;0.0
1997-01-06;16.5;16.5;16.5;16.5;0.0
1997-01-07;16.0;16.0;15.5;16.0;1200.0
1997-01-08;16.0;16.0;16.0;16.0;0.0
1997-01-09;16.5;16.5;16.5;16.5;0.0
1997-01-10;16.0;16.0;16.0;16.0;0.0
1997-01-13;15.75;15.75;15.75;15.75;500.0
1997-01-14;15.75;15.75;15.75;15.75;0.0
1997-01-15;15.75;15.75;15.75;15.75;0.0
1997-01-16;15.75;15.75;15.75;15.75;100.0
1997-01-17;16.5;17.25;16.5;16.5;300.0
1997-01-20;16.5;16.5;16.5;16.5;0.0
1997-01-21;15.75;15.75;15.75;15.75;1200.0
1997-01-22;15.75;15.75;15.75;15.75;0.0
1997-01-23;15.75;15.75;15.75;15.75;100.0
1997-01-24;16.5;16.5;16.5;16.5;2500.0
1997-01-27;15.75;15.75;15.75;15.75;200.0
1997-01-28;15.75;15.75;15.75;15.75;200.0
1997-01-29;16.0;17.25;16.0;16.0;300.0
1997-01-30;16.0;16.0;16.0;16.0;0.0
1997-01-31;15.5;15.5;15.5;15.5;200.0
1997-02-03;16.38;16.38;16.38;16.38;1200.0
1997-02-04;16.25;16.25;15.5;15.5;300.0
1997-02-05;15.5;15.5;15.5;15.5;0.0
1997-02-06;15.5;15.5;15.5;15.5;0.0
1997-02-07;16.38;16.38;16.38;16.38;500.0
1997-02-10;15.5;15.5;15.5;15.5;1200.0
1997-02-11;15.5;15.5;15.5;15.5;0.0
1997-02-12;15.5;17.25;15.5;17.25;200.0
1997-02-13;15.5;15.5;15.5;15.5;100.0
1997-02-14;15.5;15.5;15.5;15.5;0.0
1997-02-18;15.5;15.5;15.5;15.5;0.0
1997-02-19;15.5;15.5;15.5;15.5;0.0
1997-02-20;15.5;15.5;15.5;15.5;0.0
1997-02-21;15.5;15.5;15.5;15.5;0.0
1997-02-24;15.5;15.5;15.5;15.5;0.0
1997-02-25;15.5;15.5;15.5;15.5;0.0
1997-02-26;15.5;15.5;15.5;15.5;2100.0
1997-02-27;15.25;15.25;15.0;15.0;5000.0
1997-02-28;14.5;14.5;14.5;14.5;1000.0
1997-03-03;14.5;14.5;14.5;14.5;0.0
1997-03-04;14.5;14.5;14.5;14.5;200.0
1997-03-05;14.5;14.5;14.5;14.5;0.0
1997-03-06;14.5;14.5;14.5;14.5;0.0
1997-03-07;14.5;14.5;14.5;14.5;0.0
1997-03-10;14.5;14.5;14.5;14.5;0.0
1997-03-11;14.5;14.5;14.5;14.5;200.0
1997-03-12;14.5;14.5;14.5;14.5;0.0
1997-03-13;15.25;15.25;14.5;15.25;1700.0
1997-03-14;16.5;16.5;16.5;16.5;100.0
1997-03-17;16.5;16.5;16.5;16.5;0.0
1997-03-18;14.5;14.75;14.5;14.75;2500.0
1997-03-19;14.75;14.75;14.75;14.75;0.0
1997-03-20;14.5;14.5;14.5;14.5;600.0
1997-03-21;14.5;14.5;14.5;14.5;0.0
1997-03-24;14.5;14.5;14.5;14.5;0.0
1997-03-25;14.5;14.5;14.5;14.5;200.0
1997-03-26;14.5;14.5;14.5;14.5;500.0
1997-03-27;14.5;14.5;14.5;14.5;0.0
1997-03-31;14.5;14.5;14.5;14.5;500.0
1997-04-01;14.75;14.75;14.5;14.63;14800.0
1997-04-02;13.5;14.5;13.0;14.5;10200.0
1997-04-03;13.0;13.0;13.0;13.0;7000.0
1997-04-04;13.0;13.0;12.0;13.0;2000.0
1997-04-07;12.0;12.25;12.0;12.25;2500.0
1997-04-08;12.25;12.25;12.25;12.25;0.0
1997-04-09;12.25;12.25;12.25;12.25;0.0
1997-04-10;12.25;12.25;12.25;12.25;0.0
1997-04-11;13.0;13.0;13.0;13.0;1200.0
1997-04-14;12.0;13.5;12.0;12.0;1300.0
1997-04-15;12.0;12.0;12.0;12.0;0.0
1997-04-16;12.0;12.0;12.0;12.0;100.0
1997-04-17;12.0;12.0;12.0;12.0;1000.0
1997-04-18;12.0;12.0;12.0;12.0;1200.0
1997-04-21;12.0;12.0;12.0;12.0;1200.0
1997-04-22;12.0;12.0;12.0;12.0;2200.0
1997-04-23;11.0;11.0;11.0;11.0;600.0
1997-04-24;11.0;11.0;10.5;11.0;2700.0
1997-04-25;10.0;10.0;10.0;10.0;200.0
1997-04-28;10.0;10.0;10.0;10.0;0.0
1997-04-29;10.5;10.5;10.5;10.5;1200.0
1997-04-30;10.5;10.5;10.5;10.5;0.0
1997-05-01;10.5;10.5;10.5;10.5;0.0
1997-05-02;10.38;11.5;10.38;11.5;6300.0
1997-05-05;10.25;10.25;10.25;10.25;200.0
1997-05-06;12.0;12.25;10.25;11.0;12300.0
1997-05-07;12.25;12.25;12.0;12.25;700.0
1997-05-08;10.5;12.25;10.5;12.25;1000.0
1997-05-09;10.5;10.5;10.5;10.5;300.0
1997-05-12;10.75;11.0;10.75;11.0;1500.0
1997-05-13;11.0;11.0;11.0;11.0;1200.0
1997-05-14;10.75;10.75;10.75;10.75;300.0
1997-05-15;10.75;10.75;10.75;10.75;800.0
1997-05-16;10.75;10.75;10.75;10.75;300.0
1997-05-19;10.75;11.0;10.75;11.0;500.0
1997-05-20;11.0;11.0;11.0;11.0;0.0
1997-05-21;11.0;11.25;11.0;11.25;1600.0
1997-05-22;11.25;11.25;11.25;11.25;0.0
1997-05-23;11.25;11.25;11.25;11.25;600.0
1997-05-27;11.25;11.25;11.25;11.25;0.0
1997-05-28;11.0;12.75;11.0;12.75;3000.0
1997-05-29;12.0;12.0;12.0;12.0;1200.0
1997-05-30;12.0;12.0;12.0;12.0;0.0
1997-06-02;12.0;12.0;12.0;12.0;0.0
1997-06-03;12.0;12.0;12.0;12.0;0.0
1997-06-04;12.0;12.0;12.0;12.0;0.0
1997-06-05;12.75;12.75;12.0;12.0;2700.0
1997-06-06;11.5;11.5;11.5;11.5;200.0
1997-06-09;11.5;11.5;11.5;11.5;0.0
1997-06-10;11.5;11.5;11.5;11.5;0.0
1997-06-11;11.5;11.5;11.5;11.5;0.0
1997-06-12;11.5;11.5;11.5;11.5;0.0
1997-06-13;11.5;11.5;11.5;11.5;200.0
1997-06-16;11.5;11.5;11.5;11.5;0.0
1997-06-17;12.5;12.5;12.0;12.5;13500.0
1997-06-18;11.5;11.5;11.5;11.5;200.0
1997-06-19;11.5;11.5;11.5;11.5;0.0
1997-06-20;11.5;11.5;11.5;11.5;0.0
1997-06-23;11.5;11.5;11.5;11.5;0.0
1997-06-24;11.5;11.5;11.5;11.5;0.0
1997-06-25;12.0;12.0;12.0;12.0;500.0
1997-06-26;12.0;12.0;12.0;12.0;0.0
1997-06-27;12.0;12.0;12.0;12.0;0.0
1997-06-30;12.0;12.0;12.0;12.0;0.0
1997-07-01;12.0;12.0;12.0;12.0;0.0
1997-07-02;12.0;12.0;12.0;12.0;0.0
1997-07-03;12.0;12.0;12.0;12.0;0.0
1997-07-07;12.0;12.0;12.0;12.0;160.0
1997-07-08;12.0;12.0;12.0;12.0;0.0
1997-07-09;12.0;12.0;12.0;12.0;0.0
1997-07-10;12.12;12.12;12.12;12.12;560.0
1997-07-11;12.25;12.25;12.25;12.25;960.0
1997-07-14;12.25;12.25;12.25;12.25;0.0
1997-07-15;12.0;12.0;12.0;12.0;240.0
1997-07-16;12.0;12.25;12.0;12.25;500.0
1997-07-17;12.25;12.25;12.25;12.25;0.0
1997-07-18;12.25;12.38;12.25;12.38;3700.0
1997-07-21;12.37;12.37;12.37;12.37;0.0
1997-07-22;12.37;12.37;12.37;12.37;0.0
1997-07-23;12.25;12.25;12.25;12.25;0.0
1997-07-24;12.63;12.63;12.25;12.63;3700.0
1997-07-25;12.63;12.63;12.63;12.63;0.0
1997-07-28;12.25;12.5;12.25;12.5;9360.0
1997-07-29;12.63;12.63;12.25;12.5;0.0
1997-07-30;12.25;12.25;12.25;12.25;400.0
1997-07-31;12.25;12.25;12.25;12.25;0.0
1997-08-01;12.25;12.25;12.25;12.25;0.0
1997-08-04;12.25;12.25;12.25;12.25;1000.0
1997-08-05;13.25;13.25;13.25;13.25;200.0
1997-08-06;13.25;13.25;13.25;13.25;0.0
1997-08-07;12.25;12.25;12.25;12.25;200.0
1997-08-08;12.25;12.25;12.25;12.25;0.0
1997-08-11;12.5;12.5;12.5;12.5;1500.0
1997-08-12;12.5;12.5;12.5;12.5;0.0
1997-08-13;12.25;12.38;12.25;12.38;7500.0
1997-08-14;12.37;12.37;12.37;12.37;0.0
1997-08-15;12.37;12.37;12.37;12.37;0.0
1997-08-18;12.75;12.88;12.75;12.88;1600.0
1997-08-19;12.19;12.31;12.13;12.19;28800.0
1997-08-20;12.13;12.13;12.13;12.13;200.0
1997-08-21;12.0;12.0;12.0;12.0;1200.0
1997-08-22;12.13;12.25;12.13;12.25;800.0
1997-08-25;12.13;12.25;12.13;12.25;0.0
1997-08-26;13.0;13.0;13.0;13.0;2100.0
1997-08-27;13.0;13.0;13.0;13.0;0.0
1997-08-28;13.0;13.0;13.0;13.0;0.0
1997-08-29;13.38;13.38;12.25;12.25;800.0
1997-09-02;12.25;12.25;12.25;12.25;0.0
1997-09-03;12.25;12.25;12.25;12.25;0.0
1997-09-04;12.5;13.38;12.25;12.5;1700.0
1997-09-05;12.5;12.5;12.5;12.5;0.0
1997-09-08;13.25;13.25;13.25;13.25;1000.0
1997-09-09;13.25;13.25;12.5;13.25;1000.0
1997-09-10;13.25;13.25;13.25;13.25;0.0
1997-09-11;13.25;13.25;13.25;13.25;0.0
1997-09-12;13.25;13.25;13.25;13.25;100.0
1997-09-15;13.25;13.25;13.25;13.25;100.0
1997-09-16;13.25;13.25;13.25;13.25;0.0
1997-09-17;12.75;12.75;12.75;12.75;500.0
1997-09-18;12.75;12.75;12.75;12.75;0.0
1997-09-19;12.75;12.75;12.75;12.75;0.0
1997-09-22;12.75;12.75;12.75;12.75;0.0
1997-09-23;12.75;13.0;12.5;12.5;1300.0
1997-09-24;12.5;12.5;12.5;12.5;200.0
1997-09-25;12.5;12.5;12.5;12.5;0.0
1997-09-26;12.25;12.25;12.25;12.25;100.0
1997-09-29;12.25;12.25;12.25;12.25;0.0
1997-09-30;12.25;12.25;12.25;12.25;0.0
1997-10-01;12.25;12.25;12.25;12.25;0.0
1997-10-02;12.25;12.25;12.25;12.25;0.0
1997-10-03;12.25;12.25;12.25;12.25;0.0
1997-10-06;12.25;12.25;12.25;12.25;0.0
1997-10-07;12.25;12.25;12.25;12.25;1000.0
1997-10-08;12.25;12.25;12.25;12.25;2000.0
1997-10-09;12.25;12.25;12.25;12.25;8800.0
1997-10-10;12.25;12.25;12.25;12.25;0.0
1997-10-13;12.25;12.25;12.25;12.25;0.0
1997-10-14;12.25;12.25;12.25;12.25;0.0
1997-10-15;12.25;12.25;12.25;12.25;0.0
1997-10-16;12.25;12.25;12.25;12.25;0.0
1997-10-17;12.25;12.25;12.25;12.25;3200.0
1997-10-20;12.13;12.13;12.13;12.13;100.0
1997-10-21;12.13;12.13;12.13;12.13;200.0
1997-10-22;12.13;12.13;12.13;12.13;13000.0
1997-10-23;12.12;12.12;12.12;12.12;0.0
1997-10-24;12.75;12.75;12.13;12.75;4800.0
1997-10-27;11.75;11.75;11.75;11.75;1200.0
1997-10-28;11.75;11.75;11.75;11.75;0.0
1997-10-29;11.75;11.75;11.75;11.75;0.0
1997-10-30;11.75;11.75;11.75;11.75;0.0
1997-10-31;12.13;12.13;12.13;12.13;1500.0
1997-11-03;12.12;12.12;12.12;12.12;0.0
1997-11-04;11.63;12.5;11.63;11.63;1300.0
1997-11-05;11.63;11.63;11.63;11.63;0.0
1997-11-06;11.63;11.63;11.63;11.63;0.0
1997-11-07;11.63;11.63;11.63;11.63;0.0
1997-11-10;11.63;11.63;11.63;11.63;0.0
1997-11-11;11.63;11.63;11.63;11.63;0.0
1997-11-12;11.63;11.63;11.63;11.63;0.0
1997-11-13;11.63;11.63;11.63;11.63;0.0
1997-11-14;11.75;11.75;11.75;11.75;1100.0
1997-11-17;11.75;11.75;11.75;11.75;0.0
1997-11-18;11.75;11.75;11.75;11.75;0.0
1997-11-19;11.75;11.75;11.75;11.75;0.0
1997-11-20;11.75;11.75;11.75;11.75;0.0
1997-11-21;11.75;11.75;11.75;11.75;0.0
1997-11-24;12.25;12.25;12.25;12.25;300.0
1997-11-25;12.25;12.25;12.25;12.25;0.0
1997-11-26;12.0;12.0;12.0;12.0;1200.0
1997-11-28;12.0;12.0;12.0;12.0;0.0
1997-12-01;12.25;12.25;12.25;12.25;500.0
1997-12-02;12.25;12.25;12.25;12.25;0.0
1997-12-03;12.25;12.25;12.25;12.25;0.0
1997-12-04;12.0;12.0;12.0;12.0;300.0
1997-12-05;11.75;11.75;11.75;11.75;200.0
1997-12-08;11.75;11.75;11.75;11.75;0.0
1997-12-09;11.75;11.75;11.75;11.75;100.0
1997-12-10;11.75;11.75;11.75;11.75;0.0
1997-12-11;12.13;12.13;11.75;11.75;2700.0
1997-12-12;11.75;11.75;11.75;11.75;0.0
1997-12-15;11.75;11.75;11.75;11.75;0.0
1997-12-16;11.75;11.75;11.75;11.75;0.0
1997-12-17;11.75;11.75;11.75;11.75;0.0
1997-12-18;11.75;11.75;11.75;11.75;0.0
1997-12-19;11.75;11.75;11.75;11.75;0.0
1997-12-22;11.75;11.75;11.75;11.75;0.0
1997-12-23;11.75;11.75;11.75;11.75;0.0
1997-12-24;11.75;11.75;11.75;11.75;0.0
1997-12-26;11.75;11.75;11.75;11.75;0.0
1997-12-29;11.25;11.25;11.25;11.25;600.0
1997-12-30;12.13;12.13;12.13;12.13;300.0
1997-12-31;12.12;12.12;12.12;12.12;0.0
1998-01-02;11.25;12.13;11.25;12.13;600.0
1998-01-05;11.25;11.25;10.75;10.75;2500.0
1998-01-06;11.5;11.5;11.5;11.5;300.0
1998-01-07;11.5;11.5;11.5;11.5;0.0
1998-01-08;9.12;9.12;9.12;9.12;0.0
1998-01-09;9.12;9.12;9.12;9.12;0.0
1998-01-12;9.12;9.12;9.12;9.12;0.0
1998-01-13;9.12;9.12;9.12;9.12;0.0
1998-01-14;9.12;9.12;9.12;9.12;0.0
1998-01-15;9.25;9.25;9.25;9.25;100.0
1998-01-16;9.25;9.25;9.25;9.25;0.0
1998-01-20;9.25;9.25;9.25;9.25;0.0
1998-01-21;9.0;9.0;8.125;8.125;400.0
1998-01-22;9.25;9.25;9.25;9.25;200.0
1998-01-23;9.25;9.25;9.25;9.25;0.0
1998-01-26;8.5;8.5;8.5;8.5;200.0
1998-01-27;8.5;8.5;8.5;8.5;0.0
1998-01-28;8.5;8.5;8.5;8.5;0.0
1998-01-29;8.125;8.125;8.125;8.125;300.0
1998-01-30;8.12;8.12;8.12;8.12;0.0
1998-02-02;8.25;8.25;8.25;8.25;600.0
1998-02-03;8.25;8.25;8.25;8.25;0.0
1998-02-04;8.25;8.25;8.25;8.25;0.0
1998-02-05;8.25;8.25;8.25;8.25;0.0
1998-02-06;8.25;8.25;8.25;8.25;0.0
1998-02-09;8.25;8.25;8.25;8.25;0.0
1998-02-10;8.25;8.25;8.25;8.25;0.0
1998-02-11;8.25;8.25;8.25;8.25;0.0
1998-02-12;8.25;8.25;8.25;8.25;0.0
1998-02-13;8.25;8.25;8.25;8.25;0.0
1998-02-17;8.25;8.25;8.25;8.25;0.0
1998-02-18;8.625;8.625;8.625;8.625;2200.0
1998-02-19;8.25;8.25;8.25;8.25;300.0
1998-02-20;8.625;8.625;8.625;8.625;400.0
1998-02-23;8.62;8.62;8.62;8.62;0.0
1998-02-24;8.25;8.25;8.25;8.25;200.0
1998-02-25;8.25;8.25;8.25;8.25;0.0
1998-02-26;8.25;8.25;8.25;8.25;0.0
1998-02-27;8.25;8.25;8.25;8.25;0.0
1998-03-02;8.25;8.25;8.25;8.25;0.0
1998-03-03;8.25;8.25;8.25;8.25;0.0
1998-03-04;8.25;8.25;8.25;8.25;0.0
1998-03-05;8.25;8.25;8.25;8.25;0.0
1998-03-06;8.25;8.25;8.25;8.25;1400.0
1998-03-09;8.25;8.25;8.25;8.25;0.0
1998-03-10;8.5;8.5;8.25;8.25;2100.0
1998-03-11;8.25;8.25;8.25;8.25;0.0
1998-03-12;8.5;8.5;8.5;8.5;1200.0
1998-03-13;8.625;8.625;8.625;8.625;2500.0
1998-03-16;8.62;8.62;8.62;8.62;0.0
1998-03-17;8.5;8.5;8.5;8.5;600.0
1998-03-18;8.5;8.5;8.5;8.5;0.0
1998-03-19;8.25;8.25;8.25;8.25;600.0
1998-03-20;8.25;8.25;8.25;8.25;0.0
1998-03-23;8.25;8.25;8.25;8.25;0.0
1998-03-24;8.25;8.25;8.25;8.25;0.0
1998-03-25;9.375;9.375;9.375;9.375;200.0
1998-03-26;9.38;9.38;9.38;9.38;0.0
1998-03-27;8.5;8.5;8.5;8.5;700.0
1998-03-30;8.5;8.5;8.5;8.5;400.0
1998-03-31;8.5;8.5;8.5;8.5;1800.0
1998-04-01;8.75;8.75;8.75;8.75;5500.0
1998-04-02;8.75;8.75;8.75;8.75;400.0
1998-04-03;8.25;8.25;8.25;8.25;200.0
1998-04-06;8.25;8.25;8.25;8.25;0.0
1998-04-07;8.25;8.25;8.25;8.25;0.0
1998-04-08;8.25;8.25;8.25;8.25;200.0
1998-04-09;8.25;8.25;8.25;8.25;700.0
1998-04-13;8.5;8.5;8.25;8.25;16100.0
1998-04-14;8.25;8.25;8.25;8.25;0.0
1998-04-15;8.25;8.25;8.25;8.25;0.0
1998-04-16;8.25;8.25;8.25;8.25;0.0
1998-04-17;8.0;8.0;8.0;8.0;2700.0
1998-04-20;7.75;8.0;7.75;8.0;700.0
1998-04-21;8.0;8.0;8.0;8.0;0.0
1998-04-22;8.0;8.0;7.5;8.0;4400.0
1998-04-23;8.0;8.0;8.0;8.0;0.0
1998-04-24;8.0;8.0;8.0;8.0;0.0
1998-04-27;8.0;8.0;8.0;8.0;0.0
1998-04-28;8.25;8.75;7.75;8.25;13300.0
1998-04-29;8.0;8.0;8.0;8.0;4500.0
1998-04-30;8.25;8.5;7.875;8.5;16800.0
1998-05-01;8.5;8.5;8.5;8.5;0.0
1998-05-04;8.5;8.5;8.5;8.5;0.0
1998-05-05;8.75;8.75;8.625;8.75;8700.0
1998-05-06;8.75;8.75;8.75;8.75;0.0
1998-05-07;8.5;8.75;8.5;8.5;2100.0
1998-05-08;9.0;9.0;9.0;9.0;3000.0
1998-05-11;9.5;9.5;9.5;9.5;100.0
1998-05-12;9.0;9.0;9.0;9.0;1700.0
1998-05-13;9.75;9.75;9.75;9.75;900.0
1998-05-14;9.0;9.0;9.0;9.0;200.0
1998-05-15;9.0;9.0;9.0;9.0;0.0
1998-05-18;9.25;9.25;9.25;9.25;100.0
1998-05-19;9.25;9.25;9.25;9.25;0.0
1998-05-20;9.25;9.25;9.25;9.25;0.0
1998-05-21;9.625;9.625;9.5;9.5;2600.0
1998-05-22;9.75;9.75;9.25;9.25;2400.0
1998-05-26;9.25;9.25;9.25;9.25;0.0
1998-05-27;9.5;10.25;9.5;10.25;3000.0
1998-05-28;10.25;10.25;10.25;10.25;0.0
1998-05-29;10.25;10.5;10.25;10.5;1400.0
1998-06-01;9.5;9.5;9.5;9.5;1800.0
1998-06-02;9.5;9.5;9.5;9.5;0.0
1998-06-03;10.0;10.0;10.0;10.0;1300.0
1998-06-04;10.0;10.0;10.0;10.0;0.0
1998-06-05;10.0;10.0;10.0;10.0;0.0
1998-06-08;10.0;10.0;10.0;10.0;0.0
1998-06-09;10.0;10.0;10.0;10.0;0.0
1998-06-10;10.0;10.0;10.0;10.0;0.0
1998-06-11;10.0;10.0;10.0;10.0;0.0
1998-06-12;10.0;10.0;10.0;10.0;0.0
1998-06-15;9.5;9.5;9.25;9.313;17000.0
1998-06-16;9.5;9.5;9.25;9.25;6800.0
1998-06-17;9.125;9.125;9.0;9.0;5000.0
1998-06-18;9.0;9.0;9.0;9.0;0.0
1998-06-19;9.375;9.375;9.375;9.375;600.0
1998-06-22;9.38;9.38;9.38;9.38;0.0
1998-06-23;9.38;9.38;9.38;9.38;0.0
1998-06-24;9.063;9.063;9.063;9.063;200.0
1998-06-25;9.5;9.5;9.5;9.5;500.0
1998-06-26;9.5;9.5;9.5;9.5;0.0
1998-06-29;9.5;9.5;9.5;9.5;0.0
1998-06-30;9.25;9.25;9.25;9.25;2000.0
1998-07-01;9.375;9.375;9.25;9.25;1300.0
1998-07-02;9.25;9.25;9.25;9.25;1100.0
1998-07-06;9.25;9.25;9.25;9.25;2400.0
1998-07-07;9.25;9.25;9.25;9.25;0.0
1998-07-08;9.25;9.25;9.25;9.25;0.0
1998-07-09;9.25;9.25;9.25;9.25;0.0
1998-07-10;9.25;9.25;9.25;9.25;0.0
1998-07-13;9.25;9.25;9.25;9.25;300.0
1998-07-14;9.25;9.25;9.25;9.25;1000.0
1998-07-15;9.25;9.25;9.25;9.25;0.0
1998-07-16;9.25;9.25;9.25;9.25;0.0
1998-07-17;9.25;9.25;9.25;9.25;0.0
1998-07-20;9.25;9.25;9.25;9.25;0.0
1998-07-21;9.25;9.375;9.25;9.375;1300.0
1998-07-22;9.38;9.38;9.38;9.38;0.0
1998-07-23;9.5;9.5;9.5;9.5;1300.0
1998-07-24;9.5;9.5;9.5;9.5;0.0
1998-07-27;9.5;9.5;9.5;9.5;0.0
1998-07-28;9.5;9.5;9.5;9.5;0.0
1998-07-29;9.5;9.5;9.5;9.5;0.0
1998-07-30;9.0;9.0;9.0;9.0;100.0
1998-07-31;9.0;9.0;9.0;9.0;100.0
1998-08-03;9.0;9.0;9.0;9.0;0.0
1998-08-04;8.5;8.625;8.5;8.625;2000.0
1998-08-05;8.5;9.0;8.5;9.0;2900.0
1998-08-06;9.0;9.0;9.0;9.0;0.0
1998-08-07;9.0;9.0;9.0;9.0;0.0
1998-08-10;9.0;9.0;9.0;9.0;1100.0
1998-08-11;9.0;9.0;9.0;9.0;0.0
1998-08-12;9.0;9.0;9.0;9.0;0.0
1998-08-13;9.0;9.0;9.0;9.0;0.0
1998-08-14;9.0;9.0;9.0;9.0;0.0
1998-08-17;9.0;9.0;9.0;9.0;0.0
1998-08-18;9.0;9.0;9.0;9.0;0.0
1998-08-19;9.0;9.0;9.0;9.0;0.0
1998-08-20;9.0;9.0;9.0;9.0;0.0
1998-08-21;9.0;9.0;9.0;9.0;0.0
1998-08-24;9.0;9.0;9.0;9.0;0.0
1998-08-25;9.0;9.0;9.0;9.0;0.0
1998-08-26;9.0;9.0;9.0;9.0;0.0
1998-08-27;8.75;8.75;8.75;8.75;200.0
1998-08-28;8.75;8.75;8.75;8.75;0.0
1998-08-31;8.75;8.75;8.75;8.75;0.0
1998-09-01;8.75;8.75;8.75;8.75;200.0
1998-09-02;8.5;8.5;8.5;8.5;1000.0
1998-09-03;8.5;8.5;8.5;8.5;0.0
1998-09-04;8.5;8.5;8.5;8.5;0.0
1998-09-08;8.5;8.5;8.5;8.5;0.0
1998-09-09;8.5;8.5;8.5;8.5;0.0
1998-09-10;8.5;8.5;8.5;8.5;0.0
1998-09-11;8.5;8.5;8.5;8.5;0.0
1998-09-14;8.5;8.5;8.5;8.5;0.0
1998-09-15;8.5;8.5;8.5;8.5;0.0
1998-09-16;8.5;8.5;8.5;8.5;0.0
1998-09-17;8.5;8.5;8.5;8.5;300.0
1998-09-18;8.5;8.5;8.5;8.5;0.0
1998-09-21;8.25;8.25;7.75;7.75;1800.0
1998-09-22;7.75;7.75;7.75;7.75;0.0
1998-09-23;7.75;7.75;7.75;7.75;0.0
1998-09-24;7.75;7.75;7.75;7.75;0.0
1998-09-25;8.0;8.0;8.0;8.0;1200.0
1998-09-28;8.0;8.0;8.0;8.0;0.0
1998-09-29;8.0;8.0;8.0;8.0;1700.0
1998-09-30;8.0;8.0;8.0;8.0;0.0
1998-10-01;7.5;7.5;7.5;7.5;1100.0
1998-10-02;7.5;7.5;7.5;7.5;0.0
1998-10-05;7.5;7.5;7.5;7.5;0.0
1998-10-06;7.0;7.0;5.5;6.25;7000.0
1998-10-07;6.25;6.25;6.25;6.25;0.0
1998-10-08;6.25;6.25;6.25;6.25;0.0
1998-10-09;6.25;6.25;6.25;6.25;0.0
1998-10-12;5.75;5.75;5.75;5.75;300.0
1998-10-13;5.75;5.75;5.75;5.75;0.0
1998-10-14;5.75;5.75;5.75;5.75;0.0
1998-10-15;5.75;5.75;5.75;5.75;0.0
1998-10-16;5.75;6.5;5.75;6.5;1300.0
1998-10-19;6.5;6.5;6.5;6.5;0.0
1998-10-20;6.5;6.5;6.5;6.5;0.0
1998-10-21;5.75;6.25;5.75;6.25;2700.0
1998-10-22;6.25;6.25;6.25;6.25;0.0
1998-10-23;6.25;6.25;6.25;6.25;0.0
1998-10-26;6.25;6.25;6.25;6.25;0.0
1998-10-27;6.25;6.25;6.25;6.25;0.0
1998-10-28;5.75;5.75;5.75;5.75;200.0
1998-10-29;5.75;5.75;5.75;5.75;0.0
1998-10-30;5.75;5.75;5.75;5.75;0.0
1998-11-02;6.5;6.5;5.75;5.75;1400.0
1998-11-03;5.75;5.75;5.75;5.75;0.0
1998-11-04;5.75;11.0;5.75;11.0;39600.0
1998-11-05;8.75;10.0;8.5;9.0;30200.0
1998-11-06;9.0;9.0;8.375;9.0;9300.0
1998-11-09;9.75;9.75;8.625;8.625;1400.0
1998-11-10;8.625;9.25;8.5;8.75;6800.0
1998-11-11;8.5;8.75;8.5;8.75;2600.0
1998-11-12;9.25;9.25;8.75;9.25;2700.0
1998-11-13;8.625;8.75;8.625;8.75;1800.0
1998-11-16;9.25;9.75;9.125;9.75;7800.0
1998-11-17;9.75;9.75;9.125;9.125;6900.0
1998-11-18;9.12;9.12;9.12;9.12;0.0
1998-11-19;9.125;9.125;9.125;9.125;600.0
1998-11-20;9.12;9.12;9.12;9.12;0.0
1998-11-23;8.75;9.25;8.75;8.75;4000.0
1998-11-24;8.75;8.75;8.75;8.75;0.0
1998-11-25;9.25;9.25;9.25;9.25;1200.0
1998-11-27;9.25;9.25;9.25;9.25;0.0
1998-11-30;9.625;9.625;9.625;9.625;1200.0
1998-12-01;9.62;9.62;9.62;9.62;0.0
1998-12-02;9.62;9.62;9.62;9.62;0.0
1998-12-03;8.75;8.75;8.75;8.75;900.0
1998-12-04;9.375;9.875;9.375;9.5;2300.0
1998-12-07;10.0;10.38;9.625;9.625;5300.0
1998-12-08;9.875;11.13;9.875;11.13;3300.0
1998-12-09;11.12;11.12;11.12;11.12;0.0
1998-12-10;11.12;11.12;11.12;11.12;0.0
1998-12-11;11.12;11.12;11.12;11.12;0.0
1998-12-14;10.63;10.63;10.63;10.63;500.0
1998-12-15;11.63;13.0;11.63;13.0;6600.0
1998-12-16;13.0;13.0;11.5;12.0;4700.0
1998-12-17;11.5;11.5;11.5;11.5;2900.0
1998-12-18;11.5;11.5;11.5;11.5;1600.0
1998-12-21;11.5;11.5;11.5;11.5;0.0
1998-12-22;11.0;11.0;11.0;11.0;1000.0
1998-12-23;11.0;11.0;11.0;11.0;0.0
1998-12-24;11.0;11.0;11.0;11.0;0.0
1998-12-28;11.06;11.06;11.06;11.06;1000.0
1998-12-29;11.06;11.06;11.06;11.06;0.0
1998-12-30;11.0;11.5;11.0;11.5;1300.0
1998-12-31;11.5;11.5;11.5;11.5;0.0
1999-01-04;11.0;11.0;11.0;11.0;200.0
1999-01-05;11.0;11.0;11.0;11.0;600.0
1999-01-06;11.0;11.0;11.0;11.0;0.0
1999-01-07;11.75;11.75;11.75;11.75;1300.0
1999-01-08;11.75;11.75;11.75;11.75;300.0
1999-01-11;11.5;12.25;11.13;11.38;6400.0
1999-01-12;11.38;11.5;11.38;11.5;2400.0
1999-01-13;11.13;11.13;11.13;11.13;3500.0
1999-01-14;11.13;11.13;10.5;10.5;3100.0
1999-01-15;11.13;11.13;10.06;10.06;1200.0
1999-01-19;11.0;11.0;10.25;10.25;1200.0
1999-01-20;10.25;10.25;10.25;10.25;3000.0
1999-01-21;10.0;10.75;9.813;10.75;4400.0
1999-01-22;10.0;10.0;10.0;10.0;6000.0
1999-01-25;10.0;10.0;10.0;10.0;0.0
1999-01-26;9.813;10.25;9.5;10.25;13700.0
1999-01-27;9.25;9.25;9.25;9.25;1200.0
1999-01-28;9.25;9.25;9.25;9.25;0.0
1999-01-29;10.25;10.25;10.25;10.25;400.0
1999-02-01;10.25;10.25;10.25;10.25;100.0
1999-02-02;10.25;10.25;10.25;10.25;0.0
1999-02-03;9.375;9.375;9.375;9.375;200.0
1999-02-04;9.38;9.38;9.38;9.38;0.0
1999-02-05;9.38;9.38;9.38;9.38;0.0
1999-02-08;9.375;9.5;9.375;9.5;800.0
1999-02-09;9.563;9.563;9.563;9.563;500.0
1999-02-10;9.5;10.5;9.5;10.5;2100.0
1999-02-11;10.5;10.5;10.5;10.5;0.0
1999-02-12;9.5;9.5;9.5;9.5;100.0
1999-02-16;9.5;9.5;9.5;9.5;300.0
1999-02-17;9.5;9.5;9.5;9.5;0.0
1999-02-18;9.75;9.75;9.25;9.25;6800.0
1999-02-19;9.25;9.25;9.25;9.25;0.0
1999-02-22;9.0;9.0;8.625;8.625;1700.0
1999-02-23;8.5;8.5;8.5;8.5;3900.0
1999-02-24;8.5;8.5;8.5;8.5;0.0
1999-02-25;8.0;8.75;8.0;8.75;5700.0
1999-02-26;8.75;8.75;8.75;8.75;0.0
1999-03-01;8.75;8.75;8.75;8.75;0.0
1999-03-02;8.75;9.438;8.75;9.375;4200.0
1999-03-03;9.38;9.38;9.38;9.38;0.0
1999-03-04;9.38;9.38;9.38;9.38;0.0
1999-03-05;9.38;9.38;9.38;9.38;0.0
1999-03-08;9.063;9.25;8.938;8.938;7300.0
1999-03-09;8.94;8.94;8.94;8.94;0.0
1999-03-10;8.5;8.5;8.5;8.5;1500.0
1999-03-11;8.5;8.5;8.5;8.5;0.0
1999-03-12;8.5;8.5;8.5;8.5;0.0
1999-03-15;8.75;8.75;8.75;8.75;500.0
1999-03-16;8.75;8.75;8.75;8.75;0.0
1999-03-17;8.75;8.75;8.75;8.75;0.0
1999-03-18;8.75;8.75;8.75;8.75;0.0
1999-03-19;8.875;9.0;8.375;8.375;3300.0
1999-03-22;8.75;8.75;8.75;8.75;2000.0
1999-03-23;8.5;8.625;8.25;8.25;1900.0
1999-03-24;8.5;8.5;8.375;8.5;3800.0
1999-03-25;8.75;8.75;8.625;8.625;2100.0
1999-03-26;8.5;8.625;8.5;8.625;1700.0
1999-03-29;8.62;8.62;8.62;8.62;0.0
1999-03-30;8.563;8.563;8.25;8.5;5800.0
1999-03-31;8.563;8.563;8.563;8.563;500.0
1999-04-01;8.56;8.56;8.56;8.56;0.0
1999-04-05;8.25;8.25;8.25;8.25;200.0
1999-04-06;8.25;8.25;8.25;8.25;0.0
1999-04-07;8.25;8.25;7.0;7.875;13100.0
1999-04-08;7.5;7.5;7.0;7.0;4400.0
1999-04-09;7.0;7.5;6.75;6.75;4000.0
1999-04-12;6.75;6.75;6.75;6.75;0.0
1999-04-13;6.75;6.75;6.75;6.75;0.0
1999-04-14;6.75;6.75;6.75;6.75;0.0
1999-04-15;7.0;7.25;7.0;7.25;1600.0
1999-04-16;7.375;7.375;7.375;7.375;1000.0
1999-04-19;7.38;7.38;7.38;7.38;0.0
1999-04-20;7.125;7.125;7.125;7.125;1000.0
1999-04-21;7.375;7.5;7.375;7.375;2000.0
1999-04-22;7.38;7.38;7.38;7.38;0.0
1999-04-23;7.0;8.25;7.0;8.25;8000.0
1999-04-26;8.25;8.25;8.25;8.25;0.0
1999-04-27;8.25;8.25;8.25;8.25;0.0
1999-04-28;7.813;7.813;7.813;7.813;100.0
1999-04-29;8.375;9.5;8.375;9.125;9400.0
1999-04-30;9.12;9.12;9.12;9.12;0.0
1999-05-03;9.12;9.12;9.12;9.12;0.0
1999-05-04;9.5;9.5;9.5;9.5;1000.0
1999-05-05;9.5;9.5;9.5;9.5;0.0
1999-05-06;9.938;10.75;9.938;10.38;4200.0
1999-05-07;10.38;10.38;10.38;10.38;3300.0
1999-05-10;10.38;10.38;10.38;10.38;0.0
1999-05-11;10.75;10.75;10.75;10.75;4200.0
1999-05-12;10.75;10.75;8.75;9.0;21700.0
1999-05-13;10.13;10.44;10.13;10.13;3200.0
1999-05-14;10.22;10.22;10.22;10.22;400.0
1999-05-17;10.38;10.38;10.0;10.0;4100.0
1999-05-18;10.0;10.0;10.0;10.0;0.0
1999-05-19;10.0;10.13;10.0;10.13;7700.0
1999-05-20;10.12;10.12;10.12;10.12;0.0
1999-05-21;10.63;10.63;10.63;10.63;800.0
1999-05-24;10.44;10.5;10.44;10.5;1000.0
1999-05-25;10.0;10.0;10.0;10.0;400.0
1999-05-26;10.25;10.75;10.25;10.75;5200.0
1999-05-27;10.63;11.0;10.38;11.0;5600.0
1999-05-28;11.0;11.38;10.88;10.88;3800.0
1999-06-01;10.88;10.88;10.88;10.88;0.0
1999-06-02;10.75;11.0;10.75;11.0;3100.0
1999-06-03;11.0;11.0;11.0;11.0;0.0
1999-06-04;11.25;11.25;10.63;10.69;2900.0
1999-06-07;10.88;10.94;10.88;10.94;3600.0
1999-06-08;11.0;11.0;11.0;11.0;1000.0
1999-06-09;11.0;11.0;11.0;11.0;0.0
1999-06-10;11.25;11.25;10.88;10.88;1700.0
1999-06-11;11.0;11.0;11.0;11.0;1500.0
1999-06-14;10.88;10.88;10.88;10.88;4100.0
1999-06-15;10.75;10.94;10.5;10.75;7000.0
1999-06-16;10.75;11.0;10.75;11.0;4400.0
1999-06-17;11.0;11.0;11.0;11.0;0.0
1999-06-18;10.94;10.94;10.63;10.63;9100.0
1999-06-21;10.75;10.75;10.75;10.75;2500.0
1999-06-22;10.69;10.69;10.5;10.5;15100.0
1999-06-23;10.25;10.44;10.25;10.44;400.0
1999-06-24;10.38;10.38;10.38;10.38;200.0
1999-06-25;10.63;10.63;10.5;10.5;4000.0
1999-06-28;10.19;10.5;10.19;10.38;10000.0
1999-06-29;10.38;10.38;10.25;10.25;2000.0
1999-06-30;10.25;10.25;10.25;10.25;0.0
1999-07-01;10.13;10.13;10.13;10.13;200.0
1999-07-02;10.5;10.5;10.0;10.25;2500.0
1999-07-06;10.13;10.13;10.13;10.13;1600.0
1999-07-07;10.13;10.13;9.875;9.938;17600.0
1999-07-08;9.5;9.5;9.5;9.5;600.0
1999-07-09;9.5;9.5;9.5;9.5;0.0
1999-07-12;9.063;9.125;9.063;9.125;1500.0
1999-07-13;9.25;9.5;9.25;9.25;4400.0
1999-07-14;9.25;9.25;9.25;9.25;1300.0
1999-07-15;9.875;9.875;9.625;9.625;4600.0
1999-07-16;9.625;9.625;9.625;9.625;200.0
1999-07-19;9.938;9.938;9.75;9.75;2700.0
1999-07-20;9.906;9.938;9.156;9.938;7100.0
1999-07-21;9.938;10.06;9.625;10.06;14200.0
1999-07-22;10.06;10.06;10.06;10.06;0.0
1999-07-23;10.06;10.06;10.06;10.06;0.0
1999-07-26;10.06;10.06;10.06;10.06;0.0
1999-07-27;10.5;10.5;10.5;10.5;100.0
1999-07-28;10.5;10.5;10.5;10.5;0.0
1999-07-29;10.5;10.5;10.5;10.5;0.0
1999-07-30;10.5;10.5;10.5;10.5;0.0
1999-08-02;10.5;10.5;10.0;10.0;5100.0
1999-08-03;10.0;10.0;10.0;10.0;1800.0
1999-08-04;10.0;10.0;9.75;9.75;1500.0
1999-08-05;9.75;9.75;9.75;9.75;0.0
1999-08-06;9.75;9.75;9.75;9.75;0.0
1999-08-09;10.0;10.0;10.0;10.0;1000.0
1999-08-10;9.625;9.625;9.125;9.125;3000.0
1999-08-11;9.12;9.12;9.12;9.12;0.0
1999-08-12;9.625;10.13;9.625;10.13;1200.0
1999-08-13;10.12;10.12;10.12;10.12;0.0
1999-08-16;9.875;9.875;9.875;9.875;400.0
1999-08-17;9.88;9.88;9.88;9.88;0.0
1999-08-18;9.375;9.375;9.375;9.375;600.0
1999-08-19;9.38;9.38;9.38;9.38;0.0
1999-08-20;9.38;9.38;9.38;9.38;0.0
1999-08-23;9.38;9.38;9.38;9.38;0.0
1999-08-24;9.25;9.25;9.125;9.125;600.0
1999-08-25;9.12;9.12;9.12;9.12;0.0
1999-08-26;9.0;9.0;9.0;9.0;1000.0
1999-08-27;9.0;9.0;8.75;8.75;2100.0
1999-08-30;8.125;8.125;8.125;8.125;400.0
1999-08-31;8.12;8.12;8.12;8.12;0.0
1999-09-01;8.12;8.12;8.12;8.12;0.0
1999-09-02;8.12;8.12;8.12;8.12;0.0
1999-09-03;8.12;8.12;8.12;8.12;0.0
1999-09-07;8.12;8.12;8.12;8.12;0.0
1999-09-08;8.5;9.0;8.25;9.0;6400.0
1999-09-09;9.0;9.0;9.0;9.0;0.0
1999-09-10;9.0;9.0;9.0;9.0;0.0
1999-09-13;9.0;9.0;9.0;9.0;0.0
1999-09-14;9.0;10.38;9.0;10.38;4000.0
1999-09-15;10.38;10.38;10.38;10.38;0.0
1999-09-16;8.125;9.375;8.0;9.375;6400.0
1999-09-17;9.75;9.75;9.75;9.75;2500.0
1999-09-20;9.75;9.75;9.75;9.75;0.0
1999-09-21;9.75;9.75;9.75;9.75;0.0
1999-09-22;9.75;9.75;9.75;9.75;0.0
1999-09-23;9.063;9.063;9.063;9.063;800.0
1999-09-24;9.06;9.06;9.06;9.06;0.0
1999-09-27;9.06;9.06;9.06;9.06;0.0
1999-09-28;9.06;9.06;9.06;9.06;0.0
1999-09-29;9.063;9.063;9.063;9.063;3400.0
1999-09-30;9.063;9.25;8.375;9.25;8900.0
1999-10-01;9.25;9.25;9.25;9.25;0.0
1999-10-04;8.125;8.375;8.125;8.375;500.0
1999-10-05;8.125;8.25;8.125;8.25;1100.0
1999-10-06;8.25;8.375;8.25;8.375;2600.0
1999-10-07;8.38;8.38;8.38;8.38;0.0
1999-10-08;8.5;8.625;8.5;8.625;4000.0
1999-10-11;8.62;8.62;8.62;8.62;0.0
1999-10-12;8.62;8.62;8.62;8.62;0.0
1999-10-13;8.62;8.62;8.62;8.62;0.0
1999-10-14;8.62;8.62;8.62;8.62;0.0
1999-10-15;8.62;8.62;8.62;8.62;0.0
1999-10-18;9.0;9.0;8.5;8.5;500.0
1999-10-19;9.25;9.25;9.25;9.25;400.0
1999-10-20;9.25;9.25;9.25;9.25;0.0
1999-10-21;8.688;9.875;8.688;9.875;500.0
1999-10-22;9.88;9.88;9.88;9.88;0.0
1999-10-25;9.88;9.88;9.88;9.88;0.0
1999-10-26;9.88;9.88;9.88;9.88;0.0
1999-10-27;8.625;8.625;8.375;8.5;4700.0
1999-10-28;8.5;8.5;8.5;8.5;0.0
1999-10-29;8.375;8.5;8.375;8.5;3600.0
1999-11-01;8.375;9.0;8.375;9.0;4400.0
1999-11-02;8.375;8.5;8.375;8.5;6200.0
1999-11-03;8.5;8.5;8.5;8.5;0.0
1999-11-04;8.375;9.0;7.875;9.0;6000.0
1999-11-05;8.375;8.5;8.375;8.5;2900.0
1999-11-08;8.375;9.0;8.375;8.5;2300.0
1999-11-09;8.125;8.5;7.875;8.0;5400.0
1999-11-10;7.875;9.0;7.875;9.0;2600.0
1999-11-11;9.0;9.0;9.0;9.0;0.0
1999-11-12;9.0;9.0;9.0;9.0;0.0
1999-11-15;9.0;9.0;9.0;9.0;0.0
1999-11-16;9.0;9.0;9.0;9.0;0.0
1999-11-17;9.0;9.0;9.0;9.0;0.0
1999-11-18;8.813;8.813;8.25;8.375;7700.0
1999-11-19;8.375;8.375;8.375;8.375;5800.0
1999-11-22;8.375;8.5;8.375;8.5;6000.0
1999-11-23;8.625;8.625;8.625;8.625;500.0
1999-11-24;8.62;8.62;8.62;8.62;0.0
1999-11-26;8.5;8.5;8.5;8.5;5500.0
1999-11-29;8.5;8.5;8.5;8.5;0.0
1999-11-30;8.5;8.5;8.5;8.5;0.0
1999-12-01;8.5;8.5;8.5;8.5;0.0
1999-12-02;8.5;8.5;8.5;8.5;0.0
1999-12-03;8.5;8.5;8.5;8.5;0.0
1999-12-06;8.5;8.5;8.5;8.5;0.0
1999-12-07;8.375;8.375;8.375;8.375;2000.0
1999-12-08;8.25;9.0;8.125;9.0;2500.0
1999-12-09;9.0;9.0;9.0;9.0;0.0
1999-12-10;9.0;9.0;9.0;9.0;0.0
1999-12-13;8.0;8.188;8.0;8.188;1800.0
1999-12-14;8.19;8.19;8.19;8.19;0.0
1999-12-15;8.19;8.19;8.19;8.19;0.0
1999-12-16;8.438;8.875;8.438;8.875;800.0
1999-12-17;7.125;7.25;7.125;7.25;500.0
1999-12-20;7.25;7.25;7.25;7.25;0.0
1999-12-21;7.25;7.25;7.25;7.25;0.0
1999-12-22;7.25;7.25;7.25;7.25;0.0
1999-12-23;7.25;7.25;7.25;7.25;0.0
1999-12-27;7.125;7.125;7.125;7.125;100.0
1999-12-28;7.12;7.12;7.12;7.12;0.0
1999-12-29;7.12;7.12;7.12;7.12;0.0
1999-12-30;7.625;7.625;7.625;7.625;100.0
1999-12-31;7.625;7.75;7.625;7.75;2200.0
2000-01-03;7.75;7.75;7.75;7.75;0.0
2000-01-04;7.75;7.75;7.75;7.75;0.0
2000-01-05;7.75;7.75;7.75;7.75;0.0
2000-01-06;7.75;7.75;7.75;7.75;0.0
2000-01-07;7.75;7.75;7.75;7.75;0.0
2000-01-10;7.75;7.75;7.75;7.75;0.0
2000-01-11;7.5;9.0;7.5;8.0;5300.0
2000-01-12;8.0;8.0;8.0;8.0;0.0
2000-01-13;8.0;8.0;8.0;8.0;0.0
2000-01-14;8.0;8.0;8.0;8.0;0.0
2000-01-18;7.5;7.5;7.5;7.5;1800.0
2000-01-19;7.5;7.5;7.5;7.5;0.0
2000-01-20;7.5;7.5;7.5;7.5;0.0
2000-01-21;7.5;7.5;7.5;7.5;0.0
2000-01-24;7.5;7.5;7.5;7.5;700.0
2000-01-25;7.5;7.5;7.5;7.5;1800.0
2000-01-26;7.5;7.5;7.5;7.5;0.0
2000-01-27;7.5;7.5;7.5;7.5;0.0
2000-01-28;7.5;7.5;7.375;7.5;6000.0
2000-01-31;7.375;7.375;7.375;7.375;100.0
2000-02-01;7.5;7.5;7.25;7.25;2400.0
2000-02-02;7.5;7.5;7.25;7.25;0.0
2000-02-03;7.5;7.5;7.5;7.5;2100.0
2000-02-04;7.125;7.125;6.875;7.0;3200.0
2000-02-07;7.0;7.0;7.0;7.0;900.0
2000-02-08;7.0;7.0;7.0;7.0;900.0
2000-02-09;7.0;7.5;7.0;7.5;15600.0
2000-02-10;7.5;7.5;7.5;7.5;0.0
2000-02-11;7.5;7.5;7.5;7.5;600.0
2000-02-14;7.5;7.5;7.5;7.5;0.0
2000-02-15;7.5;7.5;7.5;7.5;0.0
2000-02-16;7.0;7.25;7.0;7.25;5100.0
2000-02-17;7.25;7.5;7.25;7.5;1900.0
2000-02-18;7.5;7.5;7.5;7.5;0.0
2000-02-22;7.25;7.5;7.25;7.5;4900.0
2000-02-23;7.5;7.5;7.5;7.5;0.0
2000-02-24;7.0;7.438;7.0;7.438;200.0
2000-02-25;7.0;7.438;7.0;7.438;11500.0
2000-02-28;6.875;6.875;6.813;6.813;1500.0
2000-02-29;6.813;6.813;6.813;6.813;7000.0
2000-03-01;6.938;6.938;6.75;6.75;5700.0
2000-03-02;6.75;6.75;6.75;6.75;0.0
2000-03-03;6.906;7.0;6.5;6.875;5300.0
2000-03-06;6.5;7.0;6.5;6.875;2800.0
2000-03-07;7.047;7.047;7.0;7.0;1900.0
2000-03-08;6.75;6.75;6.25;6.75;6200.0
2000-03-09;6.75;6.75;6.75;6.75;0.0
2000-03-10;6.75;6.75;6.75;6.75;0.0
2000-03-13;6.75;6.75;6.75;6.75;0.0
2000-03-14;7.0;7.0;7.0;7.0;400.0
2000-03-15;7.125;7.5;6.813;7.25;10200.0
2000-03-16;7.063;7.063;7.063;7.063;800.0
2000-03-17;6.875;6.875;6.875;6.875;1200.0
2000-03-20;7.5;7.5;7.25;7.25;2300.0
2000-03-21;7.25;7.25;7.25;7.25;0.0
2000-03-22;7.25;7.375;6.875;7.375;8500.0
2000-03-23;7.25;7.25;7.25;7.25;900.0
2000-03-24;7.5;7.625;7.5;7.5;4900.0
2000-03-27;7.625;7.75;7.625;7.75;2100.0
2000-03-28;7.5;7.5;7.5;7.5;200.0
2000-03-29;7.875;8.0;7.25;7.25;2000.0
2000-03-30;7.25;7.25;7.25;7.25;0.0
2000-03-31;7.25;7.25;7.25;7.25;0.0
2000-04-03;7.25;7.25;7.25;7.25;0.0
2000-04-04;7.5;7.5;6.0;6.125;2500.0
2000-04-05;6.5;7.984;6.5;7.969;1800.0
2000-04-06;7.375;7.375;6.25;7.375;2500.0
2000-04-07;6.875;6.875;6.875;6.875;800.0
2000-04-10;7.0;7.0;7.0;7.0;2200.0
2000-04-11;6.625;6.75;6.625;6.75;1000.0
2000-04-12;6.625;6.625;5.5;6.25;1500.0
2000-04-13;5.75;6.5;5.75;6.0;3600.0
2000-04-14;6.125;6.25;6.125;6.25;400.0
2000-04-17;6.25;6.5;6.0;6.5;5800.0
2000-04-18;6.5;7.25;6.0;6.25;4000.0
2000-04-19;6.0;6.0;5.875;5.875;3400.0
2000-04-20;7.25;7.25;7.25;7.25;200.0
2000-04-24;6.859;6.859;6.859;6.859;200.0
2000-04-25;6.86;6.86;6.86;6.86;0.0
2000-04-26;5.875;6.0;5.875;6.0;4600.0
2000-04-27;6.0;6.0;6.0;6.0;0.0
2000-04-28;6.156;6.25;6.156;6.25;1200.0
2000-05-01;6.25;6.25;5.875;5.875;400.0
2000-05-02;6.0;6.75;6.0;6.75;4100.0
2000-05-03;6.875;8.125;6.875;8.125;7800.0
2000-05-04;8.0;8.0;7.25;7.75;2100.0
2000-05-05;7.75;7.75;7.75;7.75;0.0
2000-05-08;7.75;7.75;7.75;7.75;0.0
2000-05-09;7.25;7.25;7.25;7.25;600.0
2000-05-10;7.25;7.25;7.25;7.25;0.0
2000-05-11;7.25;7.25;7.25;7.25;900.0
2000-05-12;7.25;7.25;7.25;7.25;0.0
2000-05-15;7.25;7.25;7.25;7.25;0.0
2000-05-16;6.0;6.0;6.0;6.0;1400.0
2000-05-17;6.75;6.75;6.5;6.5;3600.0
2000-05-18;6.734;6.75;6.719;6.734;5700.0
2000-05-19;6.25;6.25;6.25;6.25;2000.0
2000-05-22;7.25;7.25;6.25;6.25;1000.0
2000-05-23;7.25;7.25;7.25;7.25;800.0
2000-05-24;6.25;6.25;6.25;6.25;2000.0
2000-05-25;6.313;6.406;6.313;6.406;900.0
2000-05-26;6.375;6.375;6.375;6.375;10000.0
2000-05-30;6.38;6.38;6.38;6.38;0.0
2000-05-31;6.38;6.38;6.38;6.38;700.0
2000-06-01;6.38;6.38;6.38;6.38;0.0
2000-06-02;6.38;6.38;6.38;6.38;0.0
2000-06-05;6.25;6.438;6.25;6.438;2200.0
2000-06-06;6.938;6.938;6.125;6.125;600.0
2000-06-07;6.12;6.12;6.12;6.12;0.0
2000-06-08;6.12;6.12;6.12;6.12;0.0
2000-06-09;6.12;6.12;6.12;6.12;0.0
2000-06-12;6.125;6.125;6.125;6.125;1400.0
2000-06-13;6.125;6.125;6.125;6.125;1200.0
2000-06-14;6.12;6.12;6.12;6.12;0.0
2000-06-15;6.12;6.12;6.12;6.12;0.0
2000-06-16;7.0;7.0;7.0;7.0;400.0
2000-06-19;6.188;6.188;6.188;6.188;100.0
2000-06-20;6.188;6.188;6.188;6.188;1900.0
2000-06-21;6.19;6.19;6.19;6.19;0.0
2000-06-22;6.125;6.25;6.125;6.25;4100.0
2000-06-23;6.25;6.25;6.25;6.25;0.0
2000-06-26;6.25;6.25;6.25;6.25;1300.0
2000-06-27;6.25;6.25;6.25;6.25;1500.0
2000-06-28;6.25;6.25;6.25;6.25;0.0
2000-06-29;6.25;6.25;6.25;6.25;0.0
2000-06-30;6.375;6.688;6.25;6.688;3600.0
2000-07-03;6.5;6.5;6.375;6.375;1700.0
2000-07-05;6.5;6.5;6.5;6.5;200.0
2000-07-06;6.5;6.5;6.5;6.5;0.0
2000-07-07;6.125;6.125;6.063;6.063;1500.0
2000-07-10;6.5;6.688;6.5;6.688;1100.0
2000-07-11;6.688;6.688;6.063;6.063;1900.0
2000-07-12;6.06;6.06;6.06;6.06;0.0
2000-07-13;6.25;6.25;6.25;6.25;2000.0
2000-07-14;6.063;6.25;6.063;6.25;4100.0
2000-07-17;6.125;6.125;6.125;6.125;200.0
2000-07-18;6.12;6.12;6.12;6.12;0.0
2000-07-19;6.125;6.625;6.125;6.625;1500.0
2000-07-20;6.625;6.75;6.469;6.75;2800.0
2000-07-21;6.75;7.125;6.75;7.125;2000.0
2000-07-24;7.0;7.0;7.0;7.0;100.0
2000-07-25;6.938;6.938;6.938;6.938;200.0
2000-07-26;6.938;6.938;6.938;6.938;100.0
2000-07-27;7.0;7.188;7.0;7.188;2900.0
2000-07-28;7.0;7.0;6.375;6.625;2100.0
2000-07-31;6.688;6.688;6.688;6.688;200.0
2000-08-01;6.125;6.125;6.125;6.125;500.0
2000-08-02;6.06;6.06;6.06;6.06;0.0
2000-08-03;6.06;6.06;6.06;6.06;0.0
2000-08-04;6.06;6.06;6.06;6.06;0.0
2000-08-07;6.06;6.06;6.06;6.06;0.0
2000-08-08;6.125;7.0;6.125;7.0;3000.0
2000-08-09;6.125;7.125;6.125;7.125;1200.0
2000-08-10;7.12;7.12;7.12;7.12;0.0
2000-08-11;7.0;7.0;7.0;7.0;900.0
2000-08-14;7.0;7.0;7.0;7.0;0.0
2000-08-15;6.875;6.875;6.875;6.875;300.0
2000-08-16;6.88;6.88;6.88;6.88;0.0
2000-08-17;6.88;6.88;6.88;6.88;0.0
2000-08-18;6.5;6.5;6.0;6.25;16500.0
2000-08-21;6.25;6.25;6.25;6.25;0.0
2000-08-22;6.25;6.25;6.25;6.25;0.0
2000-08-23;6.25;6.25;6.25;6.25;800.0
2000-08-24;6.25;6.25;6.25;6.25;600.0
2000-08-25;6.25;6.25;6.0;6.0;3100.0
2000-08-28;6.375;6.375;6.375;6.375;1000.0
2000-08-29;6.38;6.38;6.38;6.38;0.0
2000-08-30;6.125;6.25;6.0;6.25;5700.0
2000-08-31;5.75;5.75;5.75;5.75;400.0
2000-09-01;5.75;5.75;5.75;5.75;0.0
2000-09-05;5.75;5.75;5.75;5.75;0.0
2000-09-06;6.25;6.25;6.25;6.25;100.0
2000-09-07;6.25;6.25;6.25;6.25;400.0
2000-09-08;6.0;6.0;6.0;6.0;700.0
2000-09-11;6.25;6.25;6.25;6.25;1000.0
2000-09-12;6.25;6.313;6.25;6.25;4800.0
2000-09-13;6.625;6.75;6.5;6.75;2900.0
2000-09-14;6.75;6.875;6.375;6.375;2300.0
2000-09-15;6.375;6.375;6.375;6.375;400.0
2000-09-18;6.5;6.75;6.063;6.063;1100.0
2000-09-19;6.438;6.438;6.438;6.438;200.0
2000-09-20;6.44;6.44;6.44;6.44;0.0
2000-09-21;6.375;6.375;6.25;6.25;400.0
2000-09-22;6.25;6.313;6.25;6.313;800.0
2000-09-25;6.31;6.31;6.31;6.31;0.0
2000-09-26;6.75;6.75;6.75;6.75;1000.0
2000-09-27;6.75;6.75;6.75;6.75;0.0
2000-09-28;6.75;6.75;6.75;6.75;1300.0
2000-09-29;6.75;6.75;6.75;6.75;0.0
2000-10-02;7.0;7.5;7.0;7.375;8800.0
2000-10-03;7.063;7.063;7.063;7.063;1000.0
2000-10-04;7.06;7.06;7.06;7.06;0.0
2000-10-05;7.06;7.06;7.06;7.06;0.0
2000-10-06;7.313;7.313;7.313;7.313;1000.0
2000-10-09;7.438;7.438;7.0;7.0;1900.0
2000-10-10;6.75;7.063;6.75;6.875;1200.0
2000-10-11;6.88;6.88;6.88;6.88;0.0
2000-10-12;7.0;7.0;7.0;7.0;3600.0
2000-10-13;7.0;7.0;7.0;7.0;0.0
2000-10-16;6.5;6.5;6.063;6.063;2800.0
2000-10-17;6.06;6.06;6.06;6.06;0.0
2000-10-18;7.375;7.375;7.375;7.375;500.0
2000-10-19;7.375;7.375;7.375;7.375;200.0
2000-10-20;6.5;6.5;6.5;6.5;3000.0
2000-10-23;6.5;6.5;6.5;6.5;0.0
2000-10-24;6.5;6.5;6.5;6.5;0.0
2000-10-25;6.5;6.5;6.5;6.5;0.0
2000-10-26;6.5;6.5;6.5;6.5;0.0
2000-10-27;6.5;6.5;6.5;6.5;0.0
2000-10-30;6.5;6.5;6.5;6.5;0.0
2000-10-31;6.125;6.438;6.125;6.438;1800.0
2000-11-01;6.38;6.38;6.38;6.38;0.0
2000-11-02;6.38;6.38;6.38;6.38;0.0
2000-11-03;6.0;6.563;6.0;6.563;1900.0
2000-11-06;6.56;6.56;6.56;6.56;0.0
2000-11-07;6.25;6.25;6.0;6.0;1300.0
2000-11-08;6.0;6.0;6.0;6.0;0.0
2000-11-09;6.0;6.313;6.0;6.313;1800.0
2000-11-10;6.31;6.31;6.31;6.31;0.0
2000-11-13;6.25;6.375;6.25;6.375;1500.0
2000-11-14;6.5;6.5;6.0;6.5;2500.0
2000-11-15;6.0;6.438;5.5;6.438;2300.0
2000-11-16;6.44;6.44;6.44;6.44;0.0
2000-11-17;6.44;6.44;6.44;6.44;0.0
2000-11-20;5.875;5.875;5.875;5.875;100.0
2000-11-21;5.88;5.88;5.88;5.88;0.0
2000-11-22;5.88;5.88;5.88;5.88;0.0
2000-11-24;5.75;5.875;5.75;5.875;2700.0
2000-11-27;5.625;6.0;5.625;5.875;2500.0
2000-11-28;5.0;5.438;5.0;5.375;2400.0
2000-11-29;5.375;6.313;5.375;6.313;8300.0
2000-11-30;6.063;6.063;5.5;5.5;1100.0
2000-12-01;5.938;5.938;5.938;5.938;100.0
2000-12-04;5.625;5.75;5.5;5.75;2400.0
2000-12-05;5.75;5.75;5.75;5.75;0.0
2000-12-06;5.25;5.25;5.25;5.25;4300.0
2000-12-07;5.25;5.25;5.25;5.25;0.0
2000-12-08;5.25;5.25;5.25;5.25;0.0
2000-12-11;5.25;5.25;5.125;5.125;1300.0
2000-12-12;5.12;5.12;5.12;5.12;0.0
2000-12-13;5.12;5.12;5.12;5.12;0.0
2000-12-14;5.75;5.75;5.625;5.75;2700.0
2000-12-15;5.875;5.875;5.875;5.875;200.0
2000-12-18;6.0;6.5;5.625;5.625;3400.0
2000-12-19;5.625;5.625;5.5;5.5;1700.0
2000-12-20;5.75;6.0;5.5;6.0;19500.0
2000-12-21;6.0;8.0;6.0;7.0;8400.0
2000-12-22;6.125;6.125;6.125;6.125;1500.0
2000-12-26;6.12;6.12;6.12;6.12;0.0
2000-12-27;5.625;5.625;5.625;5.625;1300.0
2000-12-28;6.0;6.0;5.5;5.75;2300.0
2000-12-29;5.75;5.75;5.5;5.5;2400.0
2001-01-02;5.5;5.5;5.5;5.5;0.0
2001-01-03;6.0;6.0;6.0;6.0;1000.0
2001-01-04;6.0;6.0;6.0;6.0;0.0
2001-01-05;6.0;6.0;5.875;5.875;1700.0
2001-01-08;5.5;6.0;5.5;6.0;2200.0
2001-01-09;5.875;5.875;5.875;5.875;600.0
2001-01-10;6.0;6.0;6.0;6.0;200.0
2001-01-11;6.0;6.625;6.0;6.625;1600.0
2001-01-12;6.62;6.62;6.62;6.62;0.0
2001-01-16;6.62;6.62;6.62;6.62;0.0
2001-01-17;6.62;6.62;6.62;6.62;0.0
2001-01-18;6.62;6.62;6.62;6.62;0.0
2001-01-19;6.62;6.62;6.62;6.62;0.0
2001-01-22;6.62;6.62;6.62;6.62;0.0
2001-01-23;6.62;6.62;6.62;6.62;0.0
2001-01-24;5.75;5.75;5.625;5.625;3100.0
2001-01-25;5.563;5.938;5.5;5.938;1300.0
2001-01-26;5.94;5.94;5.94;5.94;0.0
2001-01-29;5.94;5.94;5.94;5.94;0.0
2001-01-30;5.5;5.5;5.5;5.5;300.0
2001-01-31;5.44;5.44;5.44;5.44;0.0
2001-02-01;5.44;5.44;5.44;5.44;0.0
2001-02-02;5.563;5.563;5.5;5.5;600.0
2001-02-05;5.625;5.938;5.625;5.938;1600.0
2001-02-06;5.94;5.94;5.94;5.94;0.0
2001-02-07;5.938;5.938;5.938;5.938;500.0
2001-02-08;5.94;5.94;5.94;5.94;0.0
2001-02-09;5.5;5.5;5.5;5.5;1900.0
2001-02-12;6.0;6.375;5.875;6.063;6600.0
2001-02-13;5.625;6.375;5.313;6.125;9600.0
2001-02-14;6.125;6.125;6.125;6.125;500.0
2001-02-15;6.125;6.125;6.125;6.125;1000.0
2001-02-16;6.375;6.375;6.375;6.375;1200.0
2001-02-20;6.375;6.375;6.375;6.375;400.0
2001-02-21;6.38;6.38;6.38;6.38;0.0
2001-02-22;6.375;6.5;6.25;6.5;54600.0
2001-02-23;6.188;6.375;6.125;6.375;3200.0
2001-02-26;6.38;6.38;6.38;6.38;0.0
2001-02-27;6.38;6.38;6.38;6.38;0.0
2001-02-28;6.25;6.375;6.25;6.375;3500.0
2001-03-01;6.25;6.25;6.25;6.25;1000.0
2001-03-02;6.25;6.813;6.125;6.813;2800.0
2001-03-05;6.81;6.81;6.81;6.81;0.0
2001-03-06;6.81;6.81;6.81;6.81;0.0
2001-03-07;6.063;6.063;6.0;6.0;7000.0
2001-03-08;6.125;6.125;6.0;6.125;4900.0
2001-03-09;6.0;6.125;6.0;6.125;2000.0
2001-03-12;6.25;6.625;6.25;6.625;2400.0
2001-03-13;6.125;6.375;6.125;6.375;2500.0
2001-03-14;6.625;6.75;6.625;6.75;1500.0
2001-03-15;6.75;6.875;6.75;6.875;2300.0
2001-03-16;6.88;6.88;6.88;6.88;0.0
2001-03-19;6.19;6.5;6.19;6.5;300.0
2001-03-20;6.5;6.5;6.5;6.5;0.0
2001-03-21;7.5;7.875;6.563;7.25;2100.0
2001-03-22;7.563;7.563;7.5;7.5;300.0
2001-03-23;6.0;7.75;6.0;7.75;600.0
2001-03-26;6.25;7.0;6.25;7.0;2000.0
2001-03-27;6.75;6.75;6.75;6.75;1100.0
2001-03-28;6.875;7.0;6.875;7.0;5200.0
2001-03-29;7.0;7.0;7.0;7.0;0.0
2001-03-30;7.0;7.0;7.0;7.0;0.0
2001-04-02;6.25;6.25;6.25;6.25;200.0
2001-04-03;6.25;6.25;6.25;6.25;500.0
2001-04-04;6.25;6.25;6.25;6.25;0.0
2001-04-05;6.25;6.25;6.25;6.25;0.0
2001-04-06;6.25;6.25;6.25;6.25;0.0
2001-04-09;6.25;6.25;6.25;6.25;0.0
2001-04-10;5.75;5.75;5.75;5.75;2600.0
2001-04-11;5.75;5.75;5.75;5.75;0.0
2001-04-12;5.75;6.5;5.75;6.5;2600.0
2001-04-16;6.5;6.5;6.5;6.5;0.0
2001-04-17;6.5;6.5;6.5;6.5;0.0
2001-04-18;6.5;6.5;6.5;6.5;0.0
2001-04-19;6.5;6.5;6.5;6.5;0.0
2001-04-20;6.0;6.0;5.9;5.9;3900.0
2001-04-23;5.9;5.9;5.9;5.9;0.0
2001-04-24;5.9;5.9;5.9;5.9;0.0
2001-04-25;5.9;5.9;5.9;5.9;0.0
2001-04-26;5.9;5.9;5.9;5.9;0.0
2001-04-27;5.9;5.9;5.9;5.9;0.0
2001-04-30;6.5;6.5;5.9;5.9;1000.0
2001-05-01;6.5;6.6;6.4;6.6;2400.0
2001-05-02;6.5;6.5;6.5;6.5;100.0
2001-05-03;6.8;7.2;6.8;6.9;4100.0
2001-05-04;6.9;6.9;6.9;6.9;4100.0
2001-05-07;6.9;6.9;6.9;6.9;0.0
2001-05-08;6.9;6.9;6.9;6.9;0.0
2001-05-09;6.9;6.9;6.9;6.9;0.0
2001-05-10;6.9;6.9;6.9;6.9;1000.0
2001-05-11;6.9;6.9;6.9;6.9;0.0
2001-05-14;6.8;6.93;6.8;6.93;3900.0
2001-05-15;6.93;6.93;6.93;6.93;0.0
2001-05-16;7.0;7.0;7.0;7.0;1500.0
2001-05-17;6.8;6.8;6.8;6.8;1200.0
2001-05-18;6.9;7.0;6.9;7.0;2500.0
2001-05-21;7.0;7.0;7.0;7.0;0.0
2001-05-22;7.0;7.0;7.0;7.0;0.0
2001-05-23;6.5;7.6;6.5;7.6;300.0
2001-05-24;6.7;7.65;6.7;6.7;2300.0
2001-05-25;6.7;7.55;6.7;7.55;1600.0
2001-05-29;6.9;6.9;6.9;6.9;100.0
2001-05-30;6.9;6.9;6.9;6.9;0.0
2001-05-31;6.5;6.5;6.5;6.5;1000.0
2001-06-01;6.5;6.5;6.5;6.5;0.0
2001-06-04;6.75;7.0;6.5;6.5;800.0
2001-06-05;6.5;6.5;6.5;6.5;0.0
2001-06-06;6.5;6.5;6.5;6.5;0.0
2001-06-07;6.75;6.75;6.5;6.55;2200.0
2001-06-08;6.55;6.55;6.55;6.55;0.0
2001-06-11;7.0;7.0;7.0;7.0;100.0
2001-06-12;7.0;7.0;7.0;7.0;0.0
2001-06-13;7.0;7.0;7.0;7.0;0.0
2001-06-14;6.9;7.35;6.9;7.35;1700.0
2001-06-15;7.0;7.0;7.0;7.0;400.0
2001-06-18;7.0;7.0;7.0;7.0;0.0
2001-06-19;7.0;7.0;7.0;7.0;0.0
2001-06-20;7.0;7.0;7.0;7.0;0.0
2001-06-21;7.0;7.0;7.0;7.0;0.0
2001-06-22;7.0;7.0;7.0;7.0;0.0
2001-06-25;7.0;7.0;7.0;7.0;0.0
2001-06-26;7.0;7.0;7.0;7.0;0.0
2001-06-27;6.92;6.92;6.92;6.92;100.0
2001-06-28;6.92;6.92;6.92;6.92;0.0
2001-06-29;6.92;6.92;6.92;6.92;0.0
2001-07-02;7.2;7.2;7.2;7.2;200.0
2001-07-03;7.2;7.2;7.2;7.2;0.0
2001-07-05;7.2;7.2;7.2;7.2;0.0
2001-07-06;7.0;7.0;7.0;7.0;700.0
2001-07-09;7.0;7.0;7.0;7.0;0.0
2001-07-10;7.2;7.2;7.2;7.2;400.0
2001-07-11;7.0;7.2;7.0;7.2;800.0
2001-07-12;7.2;7.2;7.2;7.2;0.0
2001-07-13;7.2;7.2;7.2;7.2;0.0
2001-07-16;7.0;7.0;7.0;7.0;100.0
2001-07-17;7.06;7.06;7.06;7.06;200.0
2001-07-18;7.06;7.06;7.06;7.06;0.0
2001-07-19;7.06;7.06;7.06;7.06;0.0
2001-07-20;7.06;7.06;7.06;7.06;0.0
2001-07-23;7.06;7.06;7.06;7.06;0.0
2001-07-24;7.0;7.0;7.0;7.0;800.0
2001-07-25;6.9;6.9;6.9;6.9;500.0
2001-07-26;7.0;7.2;7.0;7.2;2300.0
2001-07-27;7.2;7.55;7.2;7.55;3100.0
2001-07-30;7.2;7.2;7.2;7.2;1500.0
2001-07-31;7.0;7.0;7.0;7.0;4000.0
2001-08-01;7.0;7.0;7.0;7.0;500.0
2001-08-02;7.0;7.0;7.0;7.0;0.0
2001-08-03;7.7;7.75;7.7;7.75;1400.0
2001-08-06;7.75;7.75;7.75;7.75;400.0
2001-08-07;7.75;7.75;7.75;7.75;0.0
2001-08-08;7.75;7.75;7.75;7.75;0.0
2001-08-09;7.0;7.0;7.0;7.0;400.0
2001-08-10;7.0;7.0;7.0;7.0;1000.0
2001-08-13;7.0;7.0;7.0;7.0;0.0
2001-08-14;7.0;7.0;6.85;6.85;11500.0
2001-08-15;6.85;6.85;6.85;6.85;0.0
2001-08-16;7.1;7.1;7.1;7.1;100.0
2001-08-17;6.85;6.85;6.85;6.85;2700.0
2001-08-20;6.85;6.85;6.85;6.85;0.0
2001-08-21;6.85;6.85;6.85;6.85;0.0
2001-08-22;7.06;7.5;7.06;7.5;600.0
2001-08-23;7.5;7.5;7.5;7.5;0.0
2001-08-24;7.5;7.5;7.5;7.5;0.0
2001-08-27;7.5;7.5;7.5;7.5;0.0
2001-08-28;6.86;6.86;6.86;6.86;300.0
2001-08-29;6.8;6.8;6.8;6.8;300.0
2001-08-30;6.8;6.8;6.8;6.8;0.0
2001-08-31;6.8;6.8;6.8;6.8;0.0
2001-09-04;6.6;6.6;6.6;6.6;1200.0
2001-09-05;6.6;6.75;6.6;6.75;1100.0
2001-09-06;6.75;6.75;6.75;6.75;0.0
2001-09-07;6.6;6.6;6.6;6.6;600.0
2001-09-10;6.6;6.6;6.6;6.6;0.0
2001-09-17;7.5;7.5;7.5;7.5;1000.0
2001-09-18;7.5;7.5;7.25;7.25;600.0
2001-09-19;6.6;6.6;6.6;6.6;1100.0
2001-09-20;6.5;6.5;5.5;5.5;3300.0
2001-09-21;6.6;6.6;6.6;6.6;500.0
2001-09-24;6.6;6.6;6.6;6.6;100.0
2001-09-25;6.6;6.6;6.6;6.6;0.0
2001-09-26;6.97;6.97;6.97;6.97;400.0
2001-09-27;5.7;5.7;5.7;5.7;100.0
2001-09-28;5.7;5.7;5.7;5.7;1200.0
2001-10-01;5.7;5.7;5.7;5.7;0.0
2001-10-02;5.75;5.75;5.75;5.75;1000.0
2001-10-03;5.75;5.75;5.75;5.75;0.0
2001-10-04;5.75;5.75;5.75;5.75;0.0
2001-10-05;5.75;5.75;5.75;5.75;0.0
2001-10-08;6.96;6.96;5.75;5.75;700.0
2001-10-09;6.96;6.97;6.5;6.5;2400.0
2001-10-10;6.5;6.5;6.5;6.5;400.0
2001-10-11;6.5;6.5;6.5;6.5;0.0
2001-10-12;6.5;6.5;6.5;6.5;400.0
2001-10-15;6.8;7.75;6.5;7.25;41000.0
2001-10-16;6.35;6.5;6.05;6.15;6100.0
2001-10-17;6.1;6.3;6.02;6.3;1600.0
2001-10-18;6.15;7.49;5.95;7.49;1800.0
2001-10-19;6.5;6.71;6.45;6.45;2400.0
2001-10-22;6.45;6.45;6.45;6.45;0.0
2001-10-23;6.35;6.35;6.32;6.32;400.0
2001-10-24;6.32;6.32;6.32;6.32;0.0
2001-10-25;6.32;6.32;6.32;6.32;0.0
2001-10-26;6.5;6.75;6.5;6.75;3600.0
2001-10-29;6.55;7.2;6.55;7.2;1500.0
2001-10-30;6.6;6.6;6.55;6.6;2700.0
2001-10-31;6.6;6.6;6.6;6.6;0.0
2001-11-01;6.66;6.66;6.66;6.66;1000.0
2001-11-02;6.66;6.66;6.66;6.66;0.0
2001-11-05;6.66;6.66;6.66;6.66;0.0
2001-11-06;6.66;6.66;6.66;6.66;0.0
2001-11-07;6.55;6.55;6.52;6.52;1100.0
2001-11-08;6.52;6.52;6.52;6.52;100.0
2001-11-09;6.52;6.52;6.52;6.52;0.0
2001-11-12;6.45;6.45;6.45;6.45;800.0
2001-11-13;6.45;6.45;6.45;6.45;0.0
2001-11-14;6.55;6.55;6.52;6.52;800.0
2001-11-15;6.52;6.52;6.52;6.52;0.0
2001-11-16;6.55;6.55;6.55;6.55;1000.0
2001-11-19;6.55;6.55;6.55;6.55;0.0
2001-11-20;6.5;6.5;6.45;6.5;800.0
2001-11-21;6.5;6.5;6.5;6.5;0.0
2001-11-23;7.05;7.05;6.45;6.45;2200.0
2001-11-26;6.5;6.5;6.5;6.5;1800.0
2001-11-27;6.5;6.5;6.5;6.5;0.0
2001-11-28;6.5;6.5;6.5;6.5;300.0
2001-11-29;6.5;6.5;6.5;6.5;0.0
2001-11-30;6.25;6.55;6.0;6.55;2900.0
2001-12-03;6.55;6.55;6.55;6.55;0.0
2001-12-04;6.55;6.55;6.55;6.55;0.0
2001-12-05;6.35;6.35;6.35;6.35;2400.0
2001-12-06;6.4;6.4;6.35;6.37;1600.0
2001-12-07;6.35;6.35;6.35;6.35;500.0
2001-12-10;6.3;6.3;6.3;6.3;800.0
2001-12-11;6.35;6.59;6.35;6.59;2300.0
2001-12-12;6.59;6.59;6.59;6.59;0.0
2001-12-13;6.59;6.59;6.59;6.59;700.0
2001-12-14;6.59;6.59;6.5;6.59;2800.0
2001-12-17;6.59;6.59;6.41;6.41;2100.0
2001-12-18;6.47;6.8;6.47;6.5;1200.0
2001-12-19;6.95;6.95;6.95;6.95;300.0
2001-12-20;6.75;6.75;6.75;6.75;1500.0
2001-12-21;6.75;6.75;6.75;6.75;0.0
2001-12-24;6.75;6.75;6.75;6.75;0.0
2001-12-26;6.54;6.54;6.54;6.54;200.0
2001-12-27;6.54;6.54;6.54;6.54;0.0
2001-12-28;6.66;6.94;6.66;6.94;700.0
2001-12-31;6.66;7.4;6.66;7.4;2200.0
2002-01-02;7.4;7.4;7.4;7.4;1500.0
2002-01-03;6.701;6.701;6.701;6.701;100.0
2002-01-04;6.7;6.7;6.7;6.7;0.0
2002-01-07;7.2;7.2;7.2;7.2;1000.0
2002-01-08;6.72;7.99;6.72;7.27;18800.0
2002-01-09;6.77;7.25;6.77;7.25;1800.0
2002-01-10;6.75;6.75;6.75;6.75;200.0
2002-01-11;6.75;6.75;6.75;6.75;300.0
2002-01-14;6.75;7.25;6.5;6.95;3300.0
2002-01-15;6.95;6.95;6.95;6.95;0.0
2002-01-16;7.57;7.57;7.0;7.0;600.0
2002-01-17;7.0;7.0;7.0;7.0;0.0
2002-01-18;7.0;7.0;7.0;7.0;0.0
2002-01-22;7.0;7.0;7.0;7.0;0.0
2002-01-23;7.0;7.0;7.0;7.0;1000.0
2002-01-24;7.0;7.0;7.0;7.0;0.0
2002-01-25;7.25;7.49;7.1;7.2;1900.0
2002-01-28;7.2;7.2;7.2;7.2;0.0
2002-01-29;7.2;7.2;7.2;7.2;0.0
2002-01-30;7.49;7.49;7.47;7.47;700.0
2002-01-31;7.49;7.6;7.49;7.6;3800.0
2002-02-01;7.7;7.7;7.31;7.7;8600.0
2002-02-04;7.15;7.75;7.0;7.75;5900.0
2002-02-05;6.81;7.4;6.81;7.4;700.0
2002-02-06;7.4;7.4;7.4;7.4;0.0
2002-02-07;7.75;7.97;7.75;7.9;3800.0
2002-02-08;7.9;7.97;7.9;7.97;1000.0
2002-02-11;7.99;8.0;7.99;7.99;5800.0
2002-02-12;7.51;7.51;7.5;7.5;1700.0
2002-02-13;7.28;7.5;7.26;7.26;2200.0
2002-02-14;7.26;7.26;7.26;7.26;0.0
2002-02-15;7.01;7.01;6.76;6.76;400.0
2002-02-19;7.3;7.3;7.3;7.3;700.0
2002-02-20;7.3;7.3;7.3;7.3;0.0
2002-02-21;7.3;7.3;7.3;7.3;0.0
2002-02-22;7.3;7.3;7.3;7.3;0.0
2002-02-25;7.3;7.3;7.3;7.3;0.0
2002-02-26;7.3;7.3;7.3;7.3;0.0
2002-02-27;6.96;7.2;6.9;7.2;5300.0
2002-02-28;6.7;6.7;6.65;6.7;4200.0
2002-03-01;7.0;7.25;6.7;7.0;4100.0
2002-03-04;6.75;7.1;6.75;7.0;9500.0
2002-03-05;7.1;7.397;6.88;7.0;6500.0
2002-03-06;7.3;7.3;7.3;7.3;200.0
2002-03-07;7.25;7.25;7.25;7.25;1800.0
2002-03-08;7.3;7.48;7.3;7.38;1000.0
2002-03-11;7.475;7.55;7.45;7.55;3100.0
2002-03-12;7.6;7.6;7.59;7.59;1100.0
2002-03-13;7.59;7.59;7.261;7.261;200.0
2002-03-14;7.3;7.3;7.3;7.3;1000.0
2002-03-15;7.281;7.281;7.281;7.281;100.0
2002-03-18;7.28;7.28;7.28;7.28;0.0
2002-03-19;7.5;8.12;7.5;8.12;12700.0
2002-03-20;8.2;8.35;7.9;8.35;11300.0
2002-03-21;8.35;8.35;8.35;8.35;0.0
2002-03-22;8.25;8.25;8.25;8.25;1800.0
2002-03-25;8.25;8.37;8.25;8.37;1400.0
2002-03-26;8.2;8.4;8.2;8.4;1500.0
2002-03-27;8.35;8.97;8.35;8.6;6800.0
2002-03-28;8.6;8.8;8.5;8.8;1200.0
2002-04-01;8.95;8.95;8.8;8.95;1000.0
2002-04-02;8.95;8.95;8.95;8.95;0.0
2002-04-03;8.96;8.96;8.96;8.96;100.0
2002-04-04;8.85;8.85;8.48;8.48;2400.0
2002-04-05;8.48;8.48;8.48;8.48;0.0
2002-04-08;8.48;8.48;8.48;8.48;100.0
2002-04-09;8.48;8.48;8.48;8.48;0.0
2002-04-10;8.28;8.35;8.13;8.35;900.0
2002-04-11;8.35;8.35;8.35;8.35;0.0
2002-04-12;8.1;8.1;7.68;7.68;1000.0
2002-04-15;8.0;8.0;7.85;7.85;2200.0
2002-04-16;7.71;8.0;7.03;7.03;5800.0
2002-04-17;7.03;7.03;7.03;7.03;0.0
2002-04-18;7.498;7.5;7.45;7.5;32600.0
2002-04-19;7.999;7.999;7.5;7.5;900.0
2002-04-22;7.5;7.5;7.5;7.5;0.0
2002-04-23;7.8;7.8;7.8;7.8;800.0
2002-04-24;7.8;7.8;7.8;7.8;0.0
2002-04-25;7.8;7.8;7.8;7.8;0.0
2002-04-26;8.2;8.25;8.2;8.25;1000.0
2002-04-29;8.21;8.21;8.21;8.21;0.0
2002-04-30;7.75;7.75;7.75;7.75;500.0
2002-05-01;7.47;7.47;7.47;7.47;1000.0
2002-05-02;7.6;7.6;7.4;7.4;1200.0
2002-05-03;7.4;7.4;7.4;7.4;0.0
2002-05-06;7.4;7.4;7.4;7.4;0.0
2002-05-07;8.4;8.45;8.0;8.45;2400.0
2002-05-08;8.45;8.45;8.45;8.45;0.0
2002-05-09;8.25;8.49;8.25;8.35;3900.0
2002-05-10;8.35;8.35;8.35;8.35;0.0
2002-05-13;8.35;8.35;8.35;8.35;0.0
2002-05-14;8.35;8.35;8.35;8.35;0.0
2002-05-15;8.32;8.32;8.32;8.32;500.0
2002-05-16;8.32;8.32;8.32;8.32;0.0
2002-05-17;8.32;8.32;8.32;8.32;0.0
2002-05-20;8.25;8.25;8.23;8.23;900.0
2002-05-21;8.25;8.3;8.25;8.3;1000.0
2002-05-22;8.11;8.11;8.1;8.1;400.0
2002-05-23;7.99;7.99;7.6;7.6;1800.0
2002-05-24;7.6;7.6;7.6;7.6;500.0
2002-05-28;8.23;8.23;7.5;7.5;900.0
2002-05-29;7.75;7.75;7.75;7.75;1000.0
2002-05-30;7.75;7.75;7.75;7.75;0.0
2002-05-31;8.0;8.0;8.0;8.0;1500.0
2002-06-03;7.6;7.6;7.5;7.6;1200.0
2002-06-04;7.7;7.82;7.7;7.82;1100.0
2002-06-05;7.82;8.19;7.51;7.51;900.0
2002-06-06;7.51;7.51;7.51;7.51;0.0
2002-06-07;7.56;7.561;7.55;7.55;800.0
2002-06-10;7.5;7.5;7.481;7.481;600.0
2002-06-11;7.48;7.48;7.25;7.25;1000.0
2002-06-12;7.25;7.25;7.25;7.25;0.0
2002-06-13;7.25;7.25;7.25;7.25;0.0
2002-06-14;7.25;7.25;7.25;7.25;0.0
2002-06-17;7.25;7.25;7.25;7.25;0.0
2002-06-18;7.7;8.36;7.7;8.0;6300.0
2002-06-19;8.0;8.0;7.76;7.76;2300.0
2002-06-20;7.64;7.64;7.64;7.64;100.0
2002-06-21;7.52;8.31;7.52;8.001;2700.0
2002-06-24;7.71;8.0;7.71;7.72;1800.0
2002-06-25;8.31;8.31;8.31;8.31;100.0
2002-06-26;8.31;8.31;8.31;8.31;0.0
2002-06-27;7.36;7.36;7.36;7.36;300.0
2002-06-28;7.36;7.36;7.36;7.36;0.0
2002-07-01;7.91;7.91;7.9;7.9;1000.0
2002-07-02;7.99;8.01;7.99;8.0;10900.0
2002-07-03;7.893;8.01;7.88;8.01;3300.0
2002-07-05;8.01;8.01;8.01;8.01;0.0
2002-07-08;8.01;8.01;8.01;8.01;0.0
2002-07-09;8.01;8.01;8.01;8.01;0.0
2002-07-10;8.01;8.01;8.01;8.01;0.0
2002-07-11;7.631;7.631;7.63;7.63;1500.0
2002-07-12;7.63;7.63;7.63;7.63;0.0
2002-07-15;7.5;7.5;7.2;7.2;1600.0
2002-07-16;7.2;7.2;7.2;7.2;0.0
2002-07-17;7.13;7.13;7.13;7.13;100.0
2002-07-18;7.143;7.5;7.0;7.49;8600.0
2002-07-19;7.25;7.27;7.2;7.2;2500.0
2002-07-22;7.2;7.2;7.2;7.2;400.0
2002-07-23;7.2;7.2;6.45;6.45;1100.0
2002-07-24;6.98;6.98;6.264;6.264;3000.0
2002-07-25;6.33;6.33;6.32;6.32;500.0
2002-07-26;6.32;6.32;6.32;6.32;0.0
2002-07-29;6.32;6.32;6.32;6.32;0.0
2002-07-30;6.45;6.55;6.25;6.5;3000.0
2002-07-31;6.5;6.5;6.5;6.5;0.0
2002-08-01;6.5;6.5;6.5;6.5;0.0
2002-08-02;6.25;6.25;6.25;6.25;100.0
2002-08-05;6.0;6.0;5.8;5.8;14200.0
2002-08-06;5.8;5.8;5.8;5.8;0.0
2002-08-07;5.82;6.0;5.82;6.0;2200.0
2002-08-08;5.751;5.9;5.75;5.9;500.0
2002-08-09;5.75;5.75;5.75;5.75;800.0
2002-08-12;5.8;5.8;5.75;5.75;400.0
2002-08-13;5.75;5.75;5.75;5.75;0.0
2002-08-14;5.75;5.75;5.75;5.75;0.0
2002-08-15;5.01;7.95;5.01;7.4;27200.0
2002-08-16;7.29;7.939;7.29;7.92;2600.0
2002-08-19;7.94;8.2;7.61;8.2;5500.0
2002-08-20;8.0;8.0;7.6;7.6;1800.0
2002-08-21;7.65;7.65;7.65;7.65;500.0
2002-08-22;7.9;7.9;7.9;7.9;300.0
2002-08-23;7.99;8.15;7.99;8.15;1900.0
2002-08-26;8.24;8.24;8.0;8.17;1300.0
2002-08-27;8.01;8.01;8.01;8.01;1000.0
2002-08-28;7.76;7.76;7.5;7.5;3200.0
2002-08-29;7.5;7.534;7.5;7.53;3300.0
2002-08-30;7.55;7.7;7.55;7.7;1300.0
2002-09-03;7.52;7.73;7.52;7.73;2100.0
2002-09-04;7.54;7.69;7.54;7.69;1100.0
2002-09-05;7.7;7.7;7.7;7.7;700.0
2002-09-06;7.9;7.9;7.75;7.75;900.0
2002-09-09;7.9;7.9;7.9;7.9;500.0
2002-09-10;7.56;7.6;7.55;7.6;3400.0
2002-09-11;7.65;7.65;7.65;7.65;1500.0
2002-09-12;7.85;8.0;7.85;8.0;400.0
2002-09-13;8.0;8.0;8.0;8.0;600.0
2002-09-16;7.999;8.1;7.999;8.0;1500.0
2002-09-17;7.9;8.08;7.9;8.08;700.0
2002-09-18;8.08;8.08;7.78;7.78;900.0
2002-09-19;7.66;8.01;7.66;8.01;300.0
2002-09-20;8.01;8.02;8.01;8.02;800.0
2002-09-23;7.781;8.0;7.65;8.0;1200.0
2002-09-24;8.0;8.0;8.0;8.0;0.0
2002-09-25;7.54;8.05;7.54;7.9;2500.0
2002-09-26;7.9;7.9;7.9;7.9;0.0
2002-09-27;8.14;8.15;8.14;8.15;300.0
2002-09-30;8.15;8.15;8.15;8.15;0.0
2002-10-01;8.14;8.14;8.14;8.14;200.0
2002-10-02;8.14;8.14;8.14;8.14;0.0
2002-10-03;7.92;7.92;7.92;7.92;1400.0
2002-10-04;7.92;7.92;7.92;7.92;300.0
2002-10-07;7.92;7.92;7.92;7.92;0.0
2002-10-08;7.61;7.61;7.3;7.3;6100.0
2002-10-09;7.25;7.25;6.65;6.65;2700.0
2002-10-10;6.99;7.05;6.99;7.05;2900.0
2002-10-11;7.44;7.44;7.44;7.44;200.0
2002-10-14;7.33;7.33;7.33;7.33;100.0
2002-10-15;7.75;8.0;7.749;8.0;400.0
2002-10-16;8.0;8.0;6.88;7.75;2400.0
2002-10-17;7.75;7.75;7.75;7.75;0.0
2002-10-18;7.75;7.75;7.75;7.75;0.0
2002-10-21;7.75;7.75;7.75;7.75;0.0
2002-10-22;7.75;7.75;7.75;7.75;0.0
2002-10-23;7.06;7.06;7.05;7.06;1400.0
2002-10-24;7.49;7.75;7.12;7.25;13500.0
2002-10-25;7.55;7.55;7.3;7.5;2500.0
2002-10-28;7.25;7.25;7.142;7.142;1700.0
2002-10-29;7.14;7.14;7.14;7.14;0.0
2002-10-30;7.1;7.1;7.1;7.1;0.0
2002-10-31;7.1;7.1;7.1;7.1;0.0
2002-11-01;7.08;7.08;7.07;7.07;1700.0
2002-11-04;7.07;7.07;7.07;7.07;0.0
2002-11-05;7.2;7.202;7.2;7.202;900.0
2002-11-06;7.2;7.2;7.2;7.2;0.0
2002-11-07;7.2;7.2;7.2;7.2;0.0
2002-11-08;7.2;7.2;7.2;7.2;0.0
2002-11-11;7.2;7.2;7.2;7.2;0.0
2002-11-12;7.78;7.78;7.78;7.78;200.0
2002-11-13;7.14;7.14;7.14;7.14;100.0
2002-11-14;7.14;7.14;7.07;7.07;1600.0
2002-11-15;7.07;7.07;7.07;7.07;0.0
2002-11-18;7.31;7.31;7.31;7.31;100.0
2002-11-19;7.31;7.31;7.31;7.31;0.0
2002-11-20;7.19;7.74;7.19;7.74;3500.0
2002-11-21;7.99;7.99;7.99;7.99;100.0
2002-11-22;7.99;8.0;7.8;7.8;1200.0
2002-11-25;8.0;10.35;8.0;10.35;67500.0
2002-11-26;10.07;10.3;9.18;9.84;19900.0
2002-11-27;9.97;11.52;9.97;11.12;22500.0
2002-11-29;11.0;11.19;11.0;11.19;3000.0
2002-12-02;11.19;11.19;11.07;11.07;1500.0
2002-12-03;11.01;11.17;10.91;11.15;5200.0
2002-12-04;10.94;10.99;10.53;10.69;3700.0
2002-12-05;10.89;11.01;10.69;11.01;4700.0
2002-12-06;10.99;11.04;10.68;10.78;1900.0
2002-12-09;10.71;10.87;10.69;10.74;900.0
2002-12-10;10.61;11.12;10.61;11.0;1600.0
2002-12-11;10.86;10.86;10.25;10.25;3600.0
2002-12-12;10.24;10.8;10.24;10.5;4900.0
2002-12-13;10.5;10.5;10.02;10.02;2000.0
2002-12-16;10.35;10.45;10.26;10.44;1500.0
2002-12-17;10.5;10.83;10.27;10.83;2200.0
2002-12-18;10.51;11.09;10.51;10.64;5800.0
2002-12-19;11.05;11.07;11.05;11.07;2600.0
2002-12-20;11.03;11.08;11.03;11.08;2000.0
2002-12-23;11.08;11.08;11.08;11.08;0.0
2002-12-24;11.08;11.08;11.08;11.08;0.0
2002-12-26;10.9;10.9;10.9;10.9;100.0
2002-12-27;10.7;10.7;10.5;10.5;1700.0
2002-12-30;10.5;10.5;10.5;10.5;0.0
2002-12-31;10.39;10.76;10.39;10.76;1800.0
2003-01-02;10.83;10.9;10.8;10.8;700.0
2003-01-03;10.69;10.69;10.19;10.19;2400.0
2003-01-06;10.5;10.78;9.68;9.68;7800.0
2003-01-07;9.83;9.83;9.35;9.5;3200.0
2003-01-08;9.31;10.25;9.31;10.13;7700.0
2003-01-09;10.35;10.72;10.19;10.72;7600.0
2003-01-10;10.79;10.96;10.29;10.51;8000.0
2003-01-13;10.71;10.84;10.16;10.84;5200.0
2003-01-14;10.82;11.0;10.1;10.8;13300.0
2003-01-15;10.8;11.09;10.8;11.09;3800.0
2003-01-16;11.09;11.19;11.09;11.19;11500.0
2003-01-17;11.19;11.19;11.19;11.19;0.0
2003-01-21;11.21;11.3;11.21;11.3;2300.0
2003-01-22;11.12;11.29;10.9;11.2;3000.0
2003-01-23;11.2;11.2;11.2;11.2;0.0
2003-01-24;11.27;11.27;11.01;11.19;1100.0
2003-01-27;11.0;11.15;11.0;11.15;800.0
2003-01-28;11.23;11.23;10.8;11.13;3200.0
2003-01-29;11.23;11.23;10.8;11.13;0.0
2003-01-30;11.26;11.28;10.46;10.92;6300.0
2003-01-31;10.93;11.0;10.93;11.0;1100.0
2003-02-03;11.0;13.5;10.98;13.02;44300.0
2003-02-04;13.4;13.98;12.48;13.55;40100.0
2003-02-05;13.25;13.25;12.5;12.51;11400.0
2003-02-06;13.0;13.0;12.61;12.66;2400.0
2003-02-07;12.6;12.6;12.5;12.55;1000.0
2003-02-10;12.74;13.1;12.61;13.1;3700.0
2003-02-11;12.5;13.33;11.54;12.9;15000.0
2003-02-12;12.51;12.8;11.7;12.04;23300.0
2003-02-13;12.03;12.5;11.75;12.5;9700.0
2003-02-14;12.25;12.65;12.25;12.59;5500.0
2003-02-18;12.57;13.19;12.57;13.12;1800.0
2003-02-19;13.16;13.34;13.1;13.25;1600.0
2003-02-20;13.03;13.03;13.03;13.03;900.0
2003-02-21;12.95;13.2;12.95;13.2;1300.0
2003-02-24;13.05;13.05;12.93;12.93;500.0
2003-02-25;13.04;13.29;11.07;11.7;7900.0
2003-02-26;11.81;11.93;11.36;11.79;3900.0
2003-02-27;11.76;12.1;11.6;11.7;5500.0
2003-02-28;11.86;12.0;11.86;12.0;1500.0
2003-03-03;11.83;12.21;11.5;12.21;3200.0
2003-03-04;12.25;12.26;11.89;11.89;4400.0
2003-03-05;11.82;11.82;10.75;11.51;1800.0
2003-03-06;11.59;11.84;11.5;11.84;5100.0
2003-03-07;11.97;12.01;9.01;9.85;18500.0
2003-03-10;9.5;9.82;9.5;9.55;6200.0
2003-03-11;9.5;9.7;9.5;9.7;1100.0
2003-03-12;9.79;9.95;9.79;9.81;800.0
2003-03-13;9.73;9.73;8.88;9.5;11000.0
2003-03-14;9.59;9.59;9.59;9.59;100.0
2003-03-17;9.62;9.75;9.47;9.75;1600.0
2003-03-18;9.75;10.17;9.75;10.0;1500.0
2003-03-19;9.91;10.0;9.72;9.89;600.0
2003-03-20;9.95;10.14;9.35;9.35;1600.0
2003-03-21;9.44;10.26;9.44;10.26;2300.0
2003-03-24;10.37;10.38;9.85;9.85;1100.0
2003-03-25;10.08;10.1;8.4;9.02;2500.0
2003-03-26;8.35;9.55;8.15;8.8;3500.0
2003-03-27;8.7;9.35;8.7;9.35;3100.0
2003-03-28;9.35;9.35;9.35;9.35;0.0
2003-03-31;9.35;9.35;9.35;9.35;0.0
2003-04-01;9.35;9.35;9.35;9.35;0.0
2003-04-02;9.13;9.13;9.11;9.11;200.0
2003-04-03;9.11;9.11;9.11;9.11;0.0
2003-04-04;9.18;9.19;9.18;9.19;300.0
2003-04-07;8.77;8.77;7.81;8.5;4900.0
2003-04-08;9.0;9.0;8.68;8.7;1300.0
2003-04-09;9.0;9.0;8.65;8.81;1300.0
2003-04-10;8.81;8.81;8.81;8.81;0.0
2003-04-11;8.84;9.0;8.84;9.0;1400.0
2003-04-14;9.0;9.0;9.0;9.0;0.0
2003-04-15;8.85;9.1;8.85;9.1;1200.0
2003-04-16;9.38;9.38;9.38;9.38;400.0
2003-04-17;9.2;9.44;9.1;9.25;1800.0
2003-04-21;9.4;9.5;9.39;9.5;2000.0
2003-04-22;9.5;9.5;9.5;9.5;0.0
2003-04-23;9.5;9.5;9.5;9.5;0.0
2003-04-24;9.5;9.5;9.5;9.5;0.0
2003-04-25;9.47;9.47;9.47;9.47;700.0
2003-04-28;9.35;9.79;9.35;9.79;1800.0
2003-04-29;10.05;11.2;10.05;11.2;4000.0
2003-04-30;11.2;11.2;11.2;11.2;0.0
2003-05-01;11.07;11.6;10.75;11.29;3900.0
2003-05-02;11.21;11.21;11.15;11.15;1000.0
2003-05-05;11.15;11.15;11.15;11.15;0.0
2003-05-06;11.15;11.15;11.15;11.15;0.0
2003-05-07;11.15;11.15;11.15;11.15;0.0
2003-05-08;11.15;11.15;11.15;11.15;0.0
2003-05-09;11.15;11.15;11.15;11.15;0.0
2003-05-12;10.74;10.75;10.72;10.75;4200.0
2003-05-13;10.51;10.51;10.15;10.15;1200.0
2003-05-14;10.3;10.3;9.69;10.05;4900.0
2003-05-15;10.05;10.05;10.05;10.05;0.0
2003-05-16;10.05;10.05;10.05;10.05;0.0
2003-05-19;10.05;10.05;10.05;10.05;0.0
2003-05-20;9.65;9.8;9.55;9.8;1200.0
2003-05-21;9.8;9.8;9.8;9.8;0.0
2003-05-22;10.1;10.1;9.55;9.55;600.0
2003-05-23;10.0;10.0;9.95;9.95;400.0
2003-05-27;9.95;9.95;9.55;9.7;3400.0
2003-05-28;9.9;9.9;9.6;9.6;1000.0
2003-05-29;9.65;9.65;9.65;9.65;500.0
2003-05-30;9.95;10.91;9.92;10.62;40300.0
2003-06-02;10.71;10.81;10.34;10.571;2900.0
2003-06-03;10.9;11.35;10.75;11.04;11000.0
2003-06-04;10.76;10.76;10.05;10.3;4000.0
2003-06-05;10.3;11.0;10.3;10.65;4200.0
2003-06-06;10.65;10.65;10.65;10.65;0.0
2003-06-09;10.99;11.15;10.99;11.15;1600.0
2003-06-10;11.15;11.9;11.1;11.9;3500.0
2003-06-11;11.75;12.1;11.75;12.1;2000.0
2003-06-12;12.15;12.15;12.0;12.149;700.0
2003-06-13;12.0;12.0;12.0;12.0;300.0
2003-06-16;11.85;12.2;11.85;11.96;400.0
2003-06-17;11.96;11.96;11.96;11.96;0.0
2003-06-18;11.96;11.96;11.96;11.96;0.0
2003-06-19;11.85;11.98;11.54;11.98;700.0
2003-06-20;12.0;12.2;12.0;12.2;300.0
2003-06-23;11.5;11.65;11.5;11.52;2800.0
2003-06-24;11.52;11.52;11.52;11.52;0.0
2003-06-25;11.26;12.0;11.26;12.0;1100.0
2003-06-26;11.5;12.79;11.5;12.79;6200.0
2003-06-27;12.45;12.45;12.45;12.45;200.0
2003-06-30;12.45;12.45;12.45;12.45;0.0
2003-07-01;12.45;12.45;12.45;12.45;0.0
2003-07-02;12.45;12.45;12.45;12.45;0.0
2003-07-03;11.6;12.46;11.6;12.46;4300.0
2003-07-07;12.46;12.46;12.46;12.46;0.0
2003-07-08;12.46;12.46;12.46;12.46;0.0
2003-07-09;12.21;12.65;12.21;12.65;1900.0
2003-07-10;12.65;12.65;12.65;12.65;500.0
2003-07-11;12.25;12.94;12.25;12.94;1100.0
2003-07-14;12.94;12.94;12.94;12.94;500.0
2003-07-15;12.95;13.85;12.91;13.4;5900.0
2003-07-16;12.24;12.24;12.14;12.14;500.0
2003-07-17;12.99;12.99;11.761;11.761;1200.0
2003-07-18;12.5;13.0;12.0;12.0;3000.0
2003-07-21;12.0;12.0;12.0;12.0;0.0
2003-07-22;12.0;12.0;12.0;12.0;0.0
2003-07-23;11.76;12.0;10.26;11.01;9700.0
2003-07-24;11.0;12.83;11.0;12.83;6300.0
2003-07-25;12.819;12.85;12.819;12.85;600.0
2003-07-28;12.3;12.3;12.3;12.3;1100.0
2003-07-29;12.2;12.2;12.2;12.2;100.0
2003-07-30;12.0;12.0;12.0;12.0;500.0
2003-07-31;12.48;12.48;12.13;12.13;5200.0
2003-08-01;12.13;12.13;12.13;12.13;100.0
2003-08-04;12.05;12.05;12.0;12.01;3500.0
2003-08-05;11.97;12.18;11.97;12.18;2200.0
2003-08-06;12.05;12.06;11.36;11.56;4100.0
2003-08-07;11.88;12.19;11.88;12.19;200.0
2003-08-08;11.55;11.55;11.55;11.55;100.0
2003-08-11;11.54;12.2;11.54;12.2;1800.0
2003-08-12;11.89;12.49;11.51;12.49;5700.0
2003-08-13;12.4;12.4;11.93;12.03;3500.0
2003-08-14;12.32;12.32;11.98;12.06;1100.0
2003-08-15;12.06;12.06;12.06;12.06;0.0
2003-08-18;12.2;12.3;12.15;12.24;2500.0
2003-08-19;12.24;12.4;11.9;12.19;9700.0
2003-08-20;12.19;12.19;12.19;12.19;0.0
2003-08-21;12.23;12.4;12.23;12.34;8600.0
2003-08-22;12.28;12.44;12.23;12.35;3700.0
2003-08-25;12.35;12.35;12.35;12.35;0.0
2003-08-26;12.4;12.4;12.1;12.31;1800.0
2003-08-27;12.14;12.26;12.14;12.21;1900.0
2003-08-28;12.12;12.12;12.12;12.12;800.0
2003-08-29;12.29;12.29;12.02;12.02;1300.0
2003-09-02;12.3;12.39;12.2;12.39;1200.0
2003-09-03;12.31;12.4;12.1;12.39;1200.0
2003-09-04;12.13;12.13;12.01;12.01;1200.0
2003-09-05;11.64;12.13;11.64;11.93;1000.0
2003-09-08;11.7;12.39;11.5;12.14;3200.0
2003-09-09;12.06;12.39;11.39;11.39;1300.0
2003-09-10;12.39;12.49;12.0;12.49;1900.0
2003-09-11;12.35;12.47;12.24;12.47;3100.0
2003-09-12;12.1;12.42;12.1;12.42;1800.0
2003-09-15;12.05;12.05;11.7;12.0;900.0
2003-09-16;11.72;12.5;11.72;12.5;4700.0
2003-09-17;12.2;12.2;11.59;12.01;2200.0
2003-09-18;12.02;12.02;11.8;11.8;1800.0
2003-09-19;11.78;12.581;11.6;12.13;2500.0
2003-09-22;11.79;12.69;11.79;12.49;3300.0
2003-09-23;12.42;12.42;11.85;12.25;1100.0
2003-09-24;12.41;12.41;12.4;12.41;800.0
2003-09-25;12.39;12.71;12.39;12.44;6300.0
2003-09-26;12.4;12.4;12.15;12.27;1000.0
2003-09-29;12.15;12.15;12.15;12.15;100.0
2003-09-30;12.34;12.34;12.34;12.34;200.0
2003-10-01;12.3;12.5;12.0;12.0;12700.0
2003-10-02;12.27;12.53;12.19;12.2;1800.0
2003-10-03;12.25;12.7;12.25;12.7;2100.0
2003-10-06;12.53;13.0;12.53;13.0;900.0
2003-10-07;12.89;13.48;12.86;13.48;1800.0
2003-10-08;13.48;13.48;13.48;13.48;0.0
2003-10-09;12.49;13.05;12.24;13.05;3600.0
2003-10-10;13.05;13.05;13.05;13.05;0.0
2003-10-13;12.91;12.91;12.9;12.9;400.0
2003-10-14;13.08;13.25;12.871;12.871;500.0
2003-10-15;13.18;13.18;13.18;13.18;500.0
2003-10-16;13.0;13.0;12.61;12.61;3500.0
2003-10-17;12.703;12.703;12.622;12.622;2500.0
2003-10-20;12.58;12.58;12.21;12.21;900.0
2003-10-21;12.5;12.5;12.5;12.5;100.0
2003-10-22;12.73;12.75;12.73;12.75;600.0
2003-10-23;12.68;12.75;12.68;12.75;900.0
2003-10-24;12.52;12.53;10.52;12.25;2800.0
2003-10-27;11.83;12.49;11.73;12.49;800.0
2003-10-28;12.15;13.49;12.15;13.4;10500.0
2003-10-29;12.12;13.34;11.01;12.24;2400.0
2003-10-30;12.74;12.74;12.74;12.74;100.0
2003-10-31;12.54;12.88;11.68;12.73;3100.0
2003-11-03;11.96;11.96;11.91;11.91;900.0
2003-11-04;11.82;12.17;11.82;12.17;1300.0
2003-11-05;12.3;12.5;12.3;12.5;1200.0
2003-11-06;12.5;12.55;12.5;12.55;700.0
2003-11-07;12.0;12.0;11.8;11.93;700.0
2003-11-10;12.0;12.0;12.0;12.0;1700.0
2003-11-11;12.0;12.0;12.0;12.0;0.0
2003-11-12;12.0;12.05;11.72;11.85;7100.0
2003-11-13;11.85;12.11;11.8;11.85;2300.0
2003-11-14;12.11;12.32;12.11;12.32;1000.0
2003-11-17;12.32;12.32;12.32;12.32;0.0
2003-11-18;12.32;12.32;12.32;12.32;0.0
2003-11-19;11.88;12.33;11.88;12.33;1000.0
2003-11-20;11.75;11.951;11.75;11.951;400.0
2003-11-21;11.95;11.95;11.9;11.9;2000.0
2003-11-24;12.0;12.0;11.98;12.0;700.0
2003-11-25;12.2;12.2;12.2;12.2;800.0
2003-11-26;12.25;12.3;12.25;12.3;800.0
2003-11-28;12.3;12.3;12.3;12.3;400.0
2003-12-01;12.3;12.3;11.91;12.16;1200.0
2003-12-02;12.19;12.59;12.19;12.59;400.0
2003-12-03;12.26;12.26;12.25;12.26;1700.0
2003-12-04;12.25;12.25;12.25;12.25;500.0
2003-12-05;12.25;12.25;12.25;12.25;0.0
2003-12-08;12.01;12.4;12.01;12.4;1800.0
2003-12-09;12.75;12.75;12.6;12.6;300.0
2003-12-10;12.75;13.18;12.75;13.18;800.0
2003-12-11;13.25;13.25;13.0;13.25;900.0
2003-12-12;12.68;13.5;12.68;13.5;2700.0
2003-12-15;13.4;13.4;12.32;13.0;1500.0
2003-12-16;13.0;13.0;13.0;13.0;100.0
2003-12-17;13.25;13.25;13.0;13.0;200.0
2003-12-18;13.0;13.0;13.0;13.0;0.0
2003-12-19;12.5;12.5;12.5;12.5;2000.0
2003-12-22;13.0;13.0;12.5;12.5;1500.0
2003-12-23;13.16;13.2;12.9;12.9;1500.0
2003-12-24;12.9;12.9;12.9;12.9;0.0
2003-12-26;13.09;13.09;13.09;13.09;200.0
2003-12-29;13.09;13.09;13.09;13.09;0.0
2003-12-30;13.09;13.09;13.09;13.09;0.0
2003-12-31;12.61;13.25;12.61;13.25;700.0
2004-01-02;13.01;13.16;12.85;12.85;29200.0
2004-01-05;12.86;12.86;12.35;12.35;18600.0
2004-01-06;12.55;12.55;12.55;12.55;1500.0
2004-01-07;13.25;13.78;13.0;13.78;2900.0
2004-01-08;13.78;13.78;13.78;13.78;0.0
2004-01-09;12.55;12.55;12.52;12.52;1100.0
2004-01-12;12.6;12.6;12.58;12.58;1200.0
2004-01-13;12.58;12.58;12.58;12.58;0.0
2004-01-14;12.58;12.58;12.58;12.58;0.0
2004-01-15;12.58;12.58;12.58;12.58;0.0
2004-01-16;12.621;13.0;12.621;13.0;1000.0
2004-01-20;13.0;13.25;13.0;13.25;300.0
2004-01-21;13.25;13.25;13.25;13.25;0.0
2004-01-22;13.25;13.25;13.25;13.25;0.0
2004-01-23;13.25;13.25;13.25;13.25;0.0
2004-01-26;13.25;13.76;13.25;13.751;2600.0
2004-01-27;13.85;13.95;13.85;13.95;2000.0
2004-01-28;13.99;14.0;13.99;14.0;2200.0
2004-01-29;13.27;14.02;13.27;14.02;1800.0
2004-01-30;14.02;14.02;14.02;14.02;0.0
2004-02-02;13.1;13.1;13.1;13.1;3000.0
2004-02-03;13.1;13.1;13.1;13.1;0.0
2004-02-04;13.3;13.3;13.3;13.3;300.0
2004-02-05;13.29;15.62;13.29;15.6;35400.0
2004-02-06;15.65;16.87;14.36;15.25;23000.0
2004-02-09;15.78;16.35;15.32;16.35;8300.0
2004-02-10;14.4;16.49;14.04;16.49;4700.0
2004-02-11;16.25;16.75;16.25;16.75;2400.0
2004-02-12;15.82;16.6;15.82;15.85;1000.0
2004-02-13;16.59;16.59;16.59;16.59;300.0
2004-02-17;16.65;16.65;16.5;16.65;2100.0
2004-02-18;16.7;16.8;16.6;16.8;1100.0
2004-02-19;16.789;16.79;16.5;16.5;1700.0
2004-02-20;16.0;16.65;15.85;16.65;1000.0
2004-02-23;16.0;17.4;15.749;17.0;11000.0
2004-02-24;17.24;18.859;17.15;17.75;38800.0
2004-02-25;18.45;19.1;18.001;18.5;18500.0
2004-02-26;17.5;18.85;16.02;17.1;7000.0
2004-02-27;18.37;18.37;17.05;17.1;1500.0
2004-03-01;17.25;18.25;17.152;17.5;4400.0
2004-03-02;17.73;18.37;17.73;18.35;900.0
2004-03-03;18.47;18.47;17.27;17.75;1400.0
2004-03-04;17.18;17.8;17.18;17.8;3600.0
2004-03-05;17.19;17.5;16.52;17.25;6600.0
2004-03-08;17.0;17.9;15.92;17.76;4300.0
2004-03-09;17.76;17.76;17.76;17.76;0.0
2004-03-10;17.379;17.379;15.01;17.0;4000.0
2004-03-11;16.95;18.25;16.95;17.77;12300.0
2004-03-12;17.74;18.5;17.74;18.1;4100.0
2004-03-15;17.582;17.6;16.98;17.6;1200.0
2004-03-16;17.6;17.6;16.99;17.01;7400.0
2004-03-17;17.45;17.45;17.45;17.45;500.0
2004-03-18;17.0;17.27;17.0;17.27;1100.0
2004-03-19;17.27;17.27;17.27;17.27;0.0
2004-03-22;16.9;18.1;16.75;18.1;4500.0
2004-03-23;17.65;18.25;17.5;18.15;5100.0
2004-03-24;18.15;18.15;18.15;18.15;0.0
2004-03-25;18.25;18.3;17.84;18.3;11500.0
2004-03-26;18.35;18.35;15.45;17.3;6500.0
2004-03-29;17.33;17.99;17.33;17.99;1100.0
2004-03-30;17.99;18.05;17.99;18.05;700.0
2004-03-31;18.05;18.9;18.05;18.9;4600.0
2004-04-01;19.0;19.89;18.06;19.39;21600.0
2004-04-02;19.39;21.3;19.39;21.15;28600.0
2004-04-05;21.39;23.4;21.05;23.13;49200.0
2004-04-06;23.2;23.34;22.1;23.03;33100.0
2004-04-07;23.39;27.0;20.91;24.31;182600.0
2004-04-08;25.33;25.85;22.15;23.01;53600.0
2004-04-12;24.0;26.85;22.25;24.5;35000.0
2004-04-13;25.49;25.49;24.02;24.16;13600.0
2004-04-14;22.77;25.24;22.77;23.5;9600.0
2004-04-15;23.55;24.55;22.77;23.1;7300.0
2004-04-16;23.1;23.1;19.57;20.85;40400.0
2004-04-19;19.5;21.75;19.5;21.01;15600.0
2004-04-20;20.1;20.641;19.86;20.0;8100.0
2004-04-21;19.5;20.098;18.0;19.12;23700.0
2004-04-22;20.0;20.0;18.53;19.55;18500.0
2004-04-23;19.5;19.5;19.1;19.101;6400.0
2004-04-26;18.7;20.0;18.7;19.56;4200.0
2004-04-27;21.0;22.26;19.75;20.11;40700.0
2004-04-28;19.35;20.06;19.35;19.6;7800.0
2004-04-29;19.31;19.379;18.064;18.064;10200.0
2004-04-30;17.81;18.42;15.6;15.792;21900.0
2004-05-03;15.4;16.77;14.82;15.9;21400.0
2004-05-04;15.08;16.0;15.08;15.97;8600.0
2004-05-05;15.36;19.89;15.36;17.03;18100.0
2004-05-06;17.11;17.42;16.07;16.12;1900.0
2004-05-07;15.76;16.2;15.76;16.08;2600.0
2004-05-10;14.81;16.05;14.62;15.51;11300.0
2004-05-11;15.59;15.69;15.59;15.69;1000.0
2004-05-12;15.51;15.571;15.51;15.571;500.0
2004-05-13;15.581;15.581;15.581;15.581;200.0
2004-05-14;15.61;17.83;15.61;17.349;5800.0
2004-05-17;17.89;17.89;16.471;16.55;1900.0
2004-05-18;15.6;16.78;15.6;16.78;500.0
2004-05-19;17.61;17.61;16.4;17.25;3400.0
2004-05-20;16.04;18.2;16.04;18.2;5600.0
2004-05-21;17.97;18.2;17.26;17.96;1700.0
2004-05-24;17.96;17.96;17.96;17.96;0.0
2004-05-25;16.45;17.579;16.45;16.85;1900.0
2004-05-26;16.4;17.01;16.4;17.009;3100.0
2004-05-27;17.43;17.43;16.45;16.95;1500.0
2004-05-28;16.8;17.59;16.8;17.59;600.0
2004-06-01;16.8;17.5;16.8;17.41;3000.0
2004-06-02;17.36;18.439;17.36;17.9;3800.0
2004-06-03;16.31;17.95;16.31;17.26;2900.0
2004-06-04;16.851;17.9;16.55;17.9;2000.0
2004-06-07;17.51;17.51;16.99;17.35;1800.0
2004-06-08;18.69;18.69;17.6;17.74;1200.0
2004-06-09;17.46;17.91;17.46;17.91;600.0
2004-06-10;17.91;17.91;17.91;17.91;0.0
2004-06-14;16.31;18.7;16.31;17.75;3900.0
2004-06-15;18.33;19.9;18.33;19.25;17200.0
2004-06-16;19.49;19.5;19.11;19.5;3100.0
2004-06-17;19.5;19.69;18.8;19.69;4100.0
2004-06-18;19.75;19.75;19.1;19.1;3700.0
2004-06-21;19.2;19.38;18.81;19.37;2500.0
2004-06-22;19.37;19.37;19.37;19.37;0.0
2004-06-23;19.38;19.38;19.32;19.35;1700.0
2004-06-24;18.8;19.22;18.8;18.86;2100.0
2004-06-25;18.85;19.07;18.8;18.8;2300.0
2004-06-28;18.8;19.3;18.55;19.25;3200.0
2004-06-29;19.06;19.06;19.06;19.06;2100.0
2004-06-30;19.3;19.91;19.3;19.91;2000.0
2004-07-01;19.51;19.75;18.3;19.3;1600.0
2004-07-02;19.99;19.99;19.65;19.8;5700.0
2004-07-06;19.97;20.0;19.95;19.95;900.0
2004-07-07;19.95;20.0;19.901;20.0;2900.0
2004-07-08;19.97;19.97;19.8;19.9;3300.0
2004-07-09;19.75;19.75;19.5;19.5;600.0
2004-07-12;19.0;20.0;19.0;19.89;2800.0
2004-07-13;19.89;19.89;19.89;19.89;0.0
2004-07-14;19.89;19.89;19.89;19.89;0.0
2004-07-15;19.88;20.0;19.691;19.691;1500.0
2004-07-16;20.0;20.0;19.391;19.391;1400.0
2004-07-19;19.39;19.39;19.39;19.39;0.0
2004-07-20;20.24;20.24;20.24;20.24;300.0
2004-07-21;19.99;20.2;19.85;19.85;2700.0
2004-07-22;19.999;19.999;19.999;19.999;100.0
2004-07-23;19.8;19.85;19.8;19.85;200.0
2004-07-26;19.99;19.99;19.99;19.99;400.0
2004-07-27;19.99;19.99;19.99;19.99;100.0
2004-07-28;19.85;19.85;19.0;19.0;1100.0
2004-07-29;19.0;19.0;19.0;19.0;0.0
2004-07-30;19.99;20.6;17.02;17.599;47000.0
2004-08-02;14.0;17.99;14.0;17.5;8500.0
2004-08-03;17.48;17.5;17.48;17.5;300.0
2004-08-04;17.5;17.5;17.5;17.5;0.0
2004-08-05;17.59;17.59;17.5;17.5;700.0
2004-08-06;17.0;17.29;17.0;17.02;1700.0
2004-08-09;17.02;17.02;17.02;17.02;0.0
2004-08-10;16.0;17.151;16.0;16.601;2500.0
2004-08-11;16.6;16.6;16.6;16.6;0.0
2004-08-12;16.14;16.729;16.14;16.719;600.0
2004-08-13;16.05;16.679;16.05;16.679;200.0
2004-08-16;16.68;16.68;16.68;16.68;0.0
2004-08-17;16.95;16.95;15.36;16.61;6600.0
2004-08-18;16.251;17.0;16.25;16.261;2400.0
2004-08-19;16.93;17.0;16.25;16.25;3800.0
2004-08-20;16.929;17.0;16.32;17.0;6800.0
2004-08-23;17.47;17.5;17.04;17.49;1900.0
2004-08-24;17.3;17.58;17.16;17.5;1600.0
2004-08-25;17.5;17.5;16.9;16.9;800.0
2004-08-26;16.85;17.47;16.25;17.47;1300.0
2004-08-27;17.47;17.47;17.47;17.47;0.0
2004-08-30;16.52;16.54;16.52;16.54;400.0
2004-08-31;16.54;16.54;16.54;16.54;0.0
2004-09-01;16.54;16.54;16.54;16.54;0.0
2004-09-02;16.54;16.54;16.54;16.54;0.0
2004-09-03;16.54;16.54;16.54;16.54;0.0
2004-09-07;17.399;17.54;17.099;17.39;1400.0
2004-09-08;17.74;18.2;17.14;17.86;11500.0
2004-09-09;17.75;18.5;17.75;18.5;10300.0
2004-09-10;18.2;19.5;18.2;19.5;5900.0
2004-09-13;17.5;20.25;17.5;19.19;2100.0
2004-09-14;19.19;19.19;19.19;19.19;0.0
2004-09-15;19.19;19.19;19.19;19.19;0.0
2004-09-16;19.18;19.2;18.75;19.0;27100.0
2004-09-17;19.15;19.369;18.83;18.83;2000.0
2004-09-20;18.83;18.83;18.83;18.83;0.0
2004-09-21;18.83;18.83;18.83;18.83;0.0
2004-09-22;18.621;18.621;18.621;18.621;100.0
2004-09-23;18.62;18.62;18.27;18.27;500.0
2004-09-24;18.15;18.5;18.03;18.5;2700.0
2004-09-27;24.41;28.6;23.56;26.28;725000.0
2004-09-28;28.29;28.41;25.07;25.94;234000.0
2004-09-29;26.69;33.5;25.69;33.24;956100.0
2004-09-30;33.14;33.91;30.08;30.65;608000.0
2004-10-01;32.63;33.25;30.27;31.88;271400.0
2004-10-04;32.6;33.91;28.11;28.59;511100.0
2004-10-05;28.0;30.29;28.0;29.3;193100.0
2004-10-06;29.3;31.88;27.7;30.56;311800.0
2004-10-07;30.7;30.7;28.54;28.84;111900.0
2004-10-08;28.22;30.35;28.22;28.56;98500.0
2004-10-11;28.0;29.89;27.7;28.56;81500.0
2004-10-12;28.0;28.0;26.671;27.27;103400.0
2004-10-13;27.52;28.0;26.12;26.33;79000.0
2004-10-14;26.12;27.049;25.2;25.54;48400.0
2004-10-15;25.11;30.11;25.11;28.73;387900.0
2004-10-18;28.08;30.45;27.55;28.3;84200.0
2004-10-19;28.32;29.109;26.55;26.84;52500.0
2004-10-20;26.95;27.87;26.25;27.31;52600.0
2004-10-21;27.88;29.35;26.57;28.349;82400.0
2004-10-22;28.0;28.85;26.5;26.74;42400.0
2004-10-25;27.79;27.79;26.07;26.15;29500.0
2004-10-26;26.28;26.97;25.32;26.251;38800.0
2004-10-27;25.24;26.65;25.0;26.02;28800.0
2004-10-28;25.9;26.39;25.501;25.851;17600.0
2004-10-29;30.21;30.25;26.3;26.57;281100.0
2004-11-01;26.6;26.89;25.75;26.121;66800.0
2004-11-02;25.6;26.63;25.35;25.449;51500.0
2004-11-03;26.43;26.43;25.05;25.39;51500.0
2004-11-04;25.31;25.85;25.01;25.22;36700.0
2004-11-05;25.49;25.5;23.7;24.08;116900.0
2004-11-08;23.78;25.98;23.78;25.78;70700.0
2004-11-09;25.25;26.2;24.18;24.579;87200.0
2004-11-10;25.089;27.35;24.71;26.19;197800.0
2004-11-11;26.82;26.85;25.26;25.36;32700.0
2004-11-12;25.25;27.679;24.58;26.5;210800.0
2004-11-15;26.85;27.23;26.5;26.86;60000.0
2004-11-16;26.6;28.35;26.26;27.24;73300.0
2004-11-17;28.0;28.0;26.55;26.95;34100.0
2004-11-18;27.24;28.65;27.0;27.29;69400.0
2004-11-19;27.63;27.63;27.0;27.329;8200.0
2004-11-22;27.4;27.4;26.5;26.75;28300.0
2004-11-23;27.33;27.33;26.36;26.769;5500.0
2004-11-24;26.99;26.99;26.1;26.55;9600.0
2004-11-26;26.6;26.6;25.7;25.99;18400.0
2004-11-29;25.6;26.81;24.7;25.7;39100.0
2004-11-30;26.67;26.67;25.31;25.36;11100.0
2004-12-01;26.35;26.35;25.1;25.61;21800.0
2004-12-02;25.7;25.7;24.32;24.801;27100.0
2004-12-03;24.5;25.0;23.76;24.29;60400.0
2004-12-06;25.49;25.49;24.29;24.84;17300.0
2004-12-07;24.45;25.2;24.45;24.768;20400.0
2004-12-08;25.16;25.16;24.061;24.53;12000.0
2004-12-09;24.53;25.0;24.11;24.25;9100.0
2004-12-10;24.25;24.79;23.64;23.75;22800.0
2004-12-13;23.76;24.45;22.95;23.361;29900.0
2004-12-14;22.9;24.22;22.9;23.58;20100.0
2004-12-15;24.0;24.0;23.117;23.41;8100.0
2004-12-16;23.98;23.98;23.11;23.19;16100.0
2004-12-17;23.16;23.59;22.7;23.19;42100.0
2004-12-20;23.0;23.46;23.0;23.15;5200.0
2004-12-21;23.15;23.35;22.62;22.77;30600.0
2004-12-22;22.56;22.979;22.56;22.85;14000.0
2004-12-23;22.787;22.8;22.67;22.7;9000.0
2004-12-27;22.85;23.55;22.85;23.549;16200.0
2004-12-28;23.88;24.34;23.54;24.15;14300.0
2004-12-29;24.25;24.5;24.1;24.26;15100.0
2004-12-30;24.37;24.719;24.03;24.669;22000.0
2004-12-31;24.9;25.39;24.66;25.17;28100.0
2005-01-03;25.49;25.92;24.95;25.14;22200.0
2005-01-04;25.25;25.39;23.8;23.83;32600.0
2005-01-05;23.81;24.07;22.7;23.04;17800.0
2005-01-06;22.641;22.97;22.641;22.9;4600.0
2005-01-07;22.85;22.89;22.62;22.75;12800.0
2005-01-10;22.76;22.86;22.75;22.75;6100.0
2005-01-11;22.85;22.95;22.65;22.75;18600.0
2005-01-12;22.75;22.9;22.61;22.77;3700.0
2005-01-13;23.0;23.75;22.58;22.65;14700.0
2005-01-14;22.661;22.85;21.82;21.93;10300.0
2005-01-18;22.9;23.362;21.95;22.01;5600.0
2005-01-19;22.3;22.301;21.6;21.91;9800.0
2005-01-20;21.3;21.91;21.15;21.66;4700.0
2005-01-21;21.7;22.0;21.65;21.65;2200.0
2005-01-24;21.54;21.7;21.088;21.22;9900.0
2005-01-25;21.599;21.97;21.2;21.22;2200.0
2005-01-26;21.68;21.87;21.5;21.63;4000.0
2005-01-27;21.9;22.15;21.72;22.07;4400.0
2005-01-28;22.12;23.84;22.05;22.96;14400.0
2005-01-31;23.01;23.38;22.5;23.379;17100.0
2005-02-01;23.98;23.98;23.02;23.11;9200.0
2005-02-02;23.03;23.719;23.0;23.01;11500.0
2005-02-03;23.01;23.84;22.65;23.04;1600.0
2005-02-04;22.999;23.72;22.25;23.72;8000.0
2005-02-07;23.642;24.0;23.642;23.95;5500.0
2005-02-08;23.99;24.22;23.77;24.09;5300.0
2005-02-09;24.09;24.23;23.7;24.23;4100.0
2005-02-10;24.29;24.9;24.29;24.9;4800.0
2005-02-11;24.99;25.0;24.26;24.8;10800.0
2005-02-14;24.5;25.0;24.42;24.85;16000.0
2005-02-15;24.65;24.75;24.52;24.52;2600.0
2005-02-16;24.53;24.59;24.01;24.589;5600.0
2005-02-17;24.58;24.78;24.58;24.59;2300.0
2005-02-18;24.96;24.96;24.39;24.93;3200.0
2005-02-22;25.55;27.49;23.45;23.6;52600.0
2005-02-23;23.63;23.63;22.83;23.05;16900.0
2005-02-24;22.83;22.83;22.32;22.75;14300.0
2005-02-25;22.67;23.87;22.3;23.25;10500.0
2005-02-28;23.01;23.27;22.55;22.78;3100.0
2005-03-01;23.639;23.639;22.78;22.79;6100.0
2005-03-02;22.78;23.27;22.78;22.9;2300.0
2005-03-03;22.9;23.339;22.75;22.76;6900.0
2005-03-04;22.78;23.22;22.75;23.22;3400.0
2005-03-07;23.779;23.78;23.26;23.26;5400.0
2005-03-08;22.3;23.69;22.3;22.94;1400.0
2005-03-09;23.121;23.38;23.12;23.12;1400.0
2005-03-10;23.12;23.12;23.12;23.12;0.0
2005-03-11;23.0;23.11;23.0;23.08;4400.0
2005-03-14;23.02;23.02;22.975;22.975;1100.0
2005-03-15;22.75;23.09;22.72;23.09;1700.0
2005-03-16;22.76;23.0;22.76;22.78;1300.0
2005-03-17;22.5;22.5;22.5;22.5;200.0
2005-03-18;22.74;24.439;22.74;24.15;45300.0
2005-03-21;24.55;24.88;24.0;24.88;21500.0
2005-03-22;24.94;24.94;24.36;24.68;3200.0
2005-03-23;24.31;24.501;24.1;24.501;5000.0
2005-03-24;24.5;25.33;24.5;25.33;10900.0
2005-03-28;25.23;25.99;25.0;25.54;20300.0
2005-03-29;25.69;25.69;25.02;25.209;8300.0
2005-03-30;25.07;25.21;25.051;25.06;1500.0
2005-03-31;25.04;25.96;25.04;25.61;10600.0
2005-04-01;28.0;28.25;26.201;27.285;83300.0
2005-04-04;27.97;27.97;26.37;26.45;4500.0
2005-04-05;26.5;29.05;26.5;28.71;66300.0
2005-04-06;28.79;31.79;28.761;29.99;30000.0
2005-04-07;30.03;30.4;28.63;30.0;2400.0
2005-04-08;29.5;29.66;29.0;29.06;4800.0
2005-04-11;29.021;29.071;28.05;28.111;4800.0
2005-04-12;28.25;28.81;28.25;28.5;5000.0
2005-04-13;28.939;28.939;28.04;28.04;3000.0
2005-04-14;28.25;28.25;25.85;26.7;18000.0
2005-04-15;26.69;26.69;23.82;24.63;26600.0
2005-04-18;24.84;25.44;24.63;25.13;4600.0
2005-04-19;25.57;26.2;25.5;25.68;9300.0
2005-04-20;26.0;26.08;25.86;26.0;2300.0
2005-04-21;26.489;26.489;26.25;26.25;1400.0
2005-04-22;24.78;26.37;24.78;26.18;3500.0
2005-04-25;29.27;29.9;27.6;28.61;62600.0
2005-04-26;30.0;30.99;28.6;29.68;65700.0
2005-04-27;29.59;31.22;28.551;30.77;37000.0
2005-04-28;30.93;31.219;29.85;29.85;14700.0
2005-04-29;30.49;30.49;28.75;28.91;6400.0
2005-05-02;28.45;28.651;28.28;28.45;10400.0
2005-05-03;27.78;28.54;27.77;28.27;20100.0
2005-05-04;28.26;29.766;28.26;29.42;31100.0
2005-05-05;29.22;30.06;29.22;30.05;5900.0
2005-05-06;30.25;30.5;29.421;30.5;6800.0
2005-05-09;30.6;31.5;29.9;30.62;16700.0
2005-05-10;30.04;31.03;29.88;30.85;13900.0
2005-05-11;30.53;31.0;30.25;31.0;25100.0
2005-05-12;30.55;31.49;30.55;31.3;15500.0
2005-05-13;31.01;31.4;30.8;30.8;6000.0
2005-05-16;31.5;32.0;30.9;31.0;23200.0
2005-05-17;31.15;31.45;31.1;31.45;6500.0
2005-05-18;31.11;32.33;31.02;31.67;34700.0
2005-05-19;32.15;32.15;31.58;31.69;6300.0
2005-05-20;32.45;32.55;31.942;32.31;15300.0
2005-05-23;33.06;33.5;32.25;33.4;18200.0
2005-05-24;33.749;35.0;33.5;35.0;27200.0
2005-05-25;34.34;35.06;34.34;35.0;12100.0
2005-05-26;34.34;35.25;34.34;35.25;18600.0
2005-05-27;35.49;36.31;34.375;35.8;26300.0
2005-05-31;36.47;38.0;36.15;37.36;44000.0
2005-06-01;37.36;38.65;37.36;37.81;35400.0
2005-06-02;38.5;38.5;37.33;37.89;23900.0
2005-06-03;38.7;38.7;35.04;36.67;29200.0
2005-06-06;37.87;37.87;36.25;36.5;36800.0
2005-06-07;37.2;37.2;35.85;36.27;10800.0
2005-06-08;36.25;36.77;36.05;36.16;3500.0
2005-06-09;35.8;37.25;35.8;36.74;3600.0
2005-06-10;36.62;36.62;36.26;36.26;1400.0
2005-06-13;37.09;37.27;36.311;37.0;6000.0
2005-06-14;36.74;38.0;36.74;37.17;7000.0
2005-06-15;38.01;38.38;37.66;38.219;4200.0
2005-06-16;38.48;38.48;37.65;37.96;4200.0
2005-06-17;37.52;37.52;35.78;37.0;5900.0
2005-06-20;37.88;38.23;37.1101;38.23;9700.0
2005-06-21;37.6;38.85;36.77;38.8;9300.0
2005-06-22;38.22;38.5;38.021;38.021;1400.0
2005-06-23;38.69;38.69;37.49;38.449;4700.0
2005-06-24;37.51;38.48;35.51;36.13;9700.0
2005-06-27;35.24;35.56;30.41;31.13;57700.0
2005-06-28;30.82;33.5;30.64;33.5;23900.0
2005-06-29;33.11;33.61;31.64;31.64;16900.0
2005-06-30;33.5;33.5;32.13;32.29;6900.0
2005-07-01;31.9;33.214;31.42;31.97;5700.0
2005-07-05;30.0;32.24;30.0;31.59;21900.0
2005-07-06;31.51;32.78;31.51;32.7299;2800.0
2005-07-07;32.92;32.92;31.76;31.77;4700.0
2005-07-08;33.0;33.0;31.5301;31.74;2900.0
2005-07-11;31.4;32.0;30.84;32.0;33300.0
2005-07-12;31.5;33.15;30.76;33.15;65300.0
2005-07-13;33.3;35.889;33.3;34.73;50900.0
2005-07-14;33.0;34.64;33.0;34.218;6300.0
2005-07-15;34.3;35.49;34.3;34.97;33100.0
2005-07-18;34.97;35.68;33.03;34.35;40700.0
2005-07-19;34.69;34.69;34.26;34.34;3300.0
2005-07-20;33.51;34.5877;33.51;34.11;13600.0
2005-07-21;34.13;34.3199;33.8;34.12;1300.0
2005-07-22;33.02;34.48;32.6;34.32;11500.0
2005-07-25;33.071;33.98;32.93;33.69;20200.0
2005-07-26;33.9;37.0;32.9401;35.55;26100.0
2005-07-27;37.0;37.0;35.3801;35.96;7200.0
2005-07-28;36.0;40.5;35.901;40.0;66400.0
2005-07-29;40.4;40.44;38.1;39.24;11400.0
2005-08-01;38.0;39.56;37.43;37.8;25200.0
2005-08-02;37.61;37.808;36.61;36.84;14900.0
2005-08-03;37.02;37.5599;36.061;36.7801;6900.0
2005-08-04;36.05;36.99;35.63;36.15;16400.0
2005-08-05;35.55;37.7;35.55;37.138;8400.0
2005-08-08;36.44;37.0899;35.31;36.85;3400.0
2005-08-09;36.511;36.66;36.25;36.562;5600.0
2005-08-10;36.15;36.15;35.251;35.6;10700.0
2005-08-11;35.23;36.09;35.23;35.5;14900.0
2005-08-12;35.2501;35.32;35.24;35.32;3100.0
2005-08-15;35.32;36.33;35.32;36.21;3500.0
2005-08-16;36.13;36.63;36.13;36.6;9000.0
2005-08-17;35.78;36.031;35.23;35.24;8900.0
2005-08-18;35.4;35.4;35.28;35.28;200.0
2005-08-19;35.01;35.56;34.0;34.627;14800.0
2005-08-22;35.02;35.17;34.103;35.15;5600.0
2005-08-23;36.03;36.03;36.03;36.03;400.0
2005-08-24;35.96;35.96;35.23;35.6;1300.0
2005-08-25;35.11;35.22;34.58;34.9;2300.0
2005-08-26;34.67;34.76;34.67;34.76;1300.0
2005-08-29;34.62;34.96;34.62;34.62;1300.0
2005-08-30;34.5;34.5;34.0;34.0;1700.0
2005-08-31;34.2;34.39;33.878;34.112;3100.0
2005-09-01;33.9;33.93;32.57;33.32;6100.0
2005-09-02;32.63;33.5499;32.02;33.057;7800.0
2005-09-06;32.69;32.75;31.18;31.75;18500.0
2005-09-07;32.57;32.98;31.71;32.97;3600.0
2005-09-08;32.923;32.923;32.26;32.855;1600.0
2005-09-09;33.0;33.0;32.0;32.69;4300.0
2005-09-12;33.06;33.06;32.0;32.0;3700.0
2005-09-13;31.57;32.74;31.57;32.36;1700.0
2005-09-14;32.6499;32.6499;32.02;32.1;1300.0
2005-09-15;32.0;32.104;31.53;31.53;4100.0
2005-09-16;31.5;33.5;31.5;33.01;40600.0
2005-09-19;33.06;33.83;31.54;33.36;7900.0
2005-09-20;32.92;33.1;32.9;33.1;800.0
2005-09-21;32.787;32.82;32.65;32.65;800.0
2005-09-22;32.15;32.15;32.11;32.11;200.0
2005-09-23;32.86;35.8;32.83;35.34;21900.0
2005-09-26;36.35;36.35;35.0;35.35;12300.0
2005-09-27;35.01;35.19;34.77;35.05;2500.0
2005-09-28;35.0;35.0;34.83;35.0;9900.0
2005-09-29;35.3;35.3;35.2475;35.25;600.0
2005-09-30;35.4;35.57;34.85;35.0;3400.0
2005-10-03;36.58;36.58;35.241;35.51;2300.0
2005-10-04;35.75;36.3;35.19;35.91;1900.0
2005-10-05;35.46;35.46;34.77;34.77;1800.0
2005-10-06;35.637;35.637;33.13;33.67;3200.0
2005-10-07;34.41;35.04;32.42;35.04;4900.0
2005-10-10;34.59;34.9285;34.49;34.75;2000.0
2005-10-11;34.88;34.99;34.08;34.4;3200.0
2005-10-12;34.2;34.2;33.2;33.42;800.0
2005-10-13;33.02;33.02;32.6;32.6155;1000.0
2005-10-14;32.68;33.32;32.67;33.27;700.0
2005-10-17;33.04;34.53;31.96;34.11;2300.0
2005-10-18;34.132;34.56;33.89;33.89;2100.0
2005-10-19;33.41;33.74;33.41;33.74;600.0
2005-10-20;34.29;34.3;34.29;34.3;400.0
2005-10-21;34.2305;34.36;33.76;33.99;2700.0
2005-10-24;34.28;34.3;33.41;34.29;2500.0
2005-10-25;32.9301;34.31;32.9301;34.31;400.0
2005-10-26;34.24;34.77;34.24;34.77;1900.0
2005-10-27;35.0;35.0;33.36;33.36;1000.0
2005-10-28;34.62;34.62;34.0;34.57;1800.0
2005-10-31;34.54;34.54;34.406;34.53;1200.0
2005-11-01;33.8795;33.91;33.8795;33.9;500.0
2005-11-02;33.24;33.29;31.83;32.98;10000.0
2005-11-03;32.58;33.0;31.68;32.01;3100.0
2005-11-04;31.56;32.827;31.56;32.827;1700.0
2005-11-07;32.11;33.4;32.11;33.19;5800.0
2005-11-08;33.92;33.96;33.27;33.96;2500.0
2005-11-09;34.21;34.75;34.0;34.332;4300.0
2005-11-10;34.75;34.87;34.65;34.87;600.0
2005-11-11;35.0;35.08;34.87;34.92;2500.0
2005-11-14;35.26;35.5;35.2;35.5;4000.0
2005-11-15;35.75;35.83;33.82;35.61;3300.0
2005-11-16;35.49;35.5;35.49;35.5;200.0
2005-11-17;35.96;36.16;35.49;35.49;1500.0
2005-11-18;34.86;34.86;34.4;34.47;1800.0
2005-11-21;34.75;35.43;34.75;35.33;2800.0
2005-11-22;35.51;35.51;35.0;35.05;900.0
2005-11-23;35.3415;35.35;34.39;34.8;5400.0
2005-11-25;34.81;34.81;34.8;34.8;300.0
2005-11-28;35.0;35.39;34.35;34.35;1900.0
2005-11-29;34.35;34.35;34.0;34.27;600.0
2005-11-30;33.4001;35.25;33.4001;34.35;2100.0
2005-12-01;34.51;34.51;34.5;34.5;600.0
2005-12-02;34.5;34.5;34.5;34.5;0.0
2005-12-05;34.25;34.712;34.25;34.32;1500.0
2005-12-06;34.3285;35.22;34.24;34.92;4900.0
2005-12-07;34.892;34.892;34.75;34.75;2400.0
2005-12-08;34.69;34.87;34.02;34.11;2900.0
2005-12-09;34.85;35.4;34.66;35.37;2000.0
2005-12-12;35.5;35.5;35.06;35.06;1700.0
2005-12-13;35.23;35.23;35.23;35.23;2800.0
2005-12-14;35.5;37.5;35.5;36.66;13200.0
2005-12-15;37.19;37.72;36.72;37.35;6600.0
2005-12-16;37.29;38.75;37.29;38.75;10800.0
2005-12-19;38.75;39.55;38.54;39.55;15400.0
2005-12-20;39.5;39.5;38.75;39.0;8700.0
2005-12-21;38.75;39.74;38.75;39.1;2400.0
2005-12-22;39.93;39.93;38.75;39.25;9200.0
2005-12-23;39.5;39.5;39.25;39.25;4500.0
2005-12-27;40.0;40.0;39.25;39.95;1100.0
2005-12-28;40.0;40.724;39.35;40.71;4300.0
2005-12-29;41.0;42.0;40.2;41.98;10100.0
2005-12-30;42.2499;42.25;41.6;42.096;2800.0
2006-01-03;42.48;46.5274;42.19;45.93;26900.0
2006-01-04;46.81;46.81;45.04;46.53;21800.0
2006-01-05;47.0;47.1;45.1;45.8;23600.0
2006-01-06;46.26;46.26;45.8;46.0;4300.0
2006-01-09;46.0;46.8;45.09;45.849;7300.0
2006-01-10;46.3;46.52;45.6975;45.6975;2700.0
2006-01-11;46.29;46.5;45.5;46.5;7600.0
2006-01-12;46.75;47.44;45.9;47.279;5300.0
2006-01-13;46.6;48.23;46.6;48.0;5900.0
2006-01-17;47.27;48.4999;47.27;47.9;2100.0
2006-01-18;47.75;47.75;47.7499;47.7499;1200.0
2006-01-19;46.95;46.95;46.5201;46.94;2000.0
2006-01-20;47.0;47.95;46.39;47.23;2300.0
2006-01-23;46.78;47.19;45.768;47.19;3300.0
2006-01-24;46.48;47.49;46.48;46.5;2100.0
2006-01-25;47.19;47.9899;47.19;47.27;3400.0
2006-01-26;47.7199;47.7199;47.7199;47.7199;200.0
2006-01-27;47.72;47.72;47.72;47.72;0.0
2006-01-30;48.0;48.6599;46.55;47.27;7700.0
2006-01-31;46.57;46.57;46.001;46.4;1000.0
2006-02-01;47.1;47.7099;47.1;47.588;2000.0
2006-02-02;48.07;48.089;46.89;48.089;1200.0
2006-02-03;48.53;48.53;47.68;48.309;1800.0
2006-02-06;47.8425;48.4399;47.65;48.4399;1100.0
2006-02-07;47.411;50.5;47.411;50.1575;6400.0
2006-02-08;50.96;51.73;50.0;51.73;8300.0
2006-02-09;51.5;51.5;50.55;51.001;13000.0
2006-02-10;51.0;51.01;50.5;51.0;4800.0
2006-02-13;50.5;50.561;50.151;50.561;1200.0
2006-02-14;49.92;51.75;49.92;51.0;4600.0
2006-02-15;51.4799;51.95;51.2;51.51;3800.0
2006-02-16;51.6;51.6;51.6;51.6;400.0
2006-02-17;51.02;51.49;51.0;51.0;2000.0
2006-02-21;51.0;51.0;49.528;49.6;2100.0
2006-02-22;49.01;49.38;47.06;47.6;6000.0
2006-02-23;47.3;48.98;40.32;43.0;37400.0
2006-02-24;41.0;43.99;40.83;43.65;10700.0
2006-02-27;43.5;43.5;41.21;41.69;10400.0
2006-02-28;41.0;41.0;38.15;40.3;44700.0
2006-03-01;40.5;41.95;39.51;39.51;4900.0
2006-03-02;39.51;41.62;39.28;40.32;21300.0
2006-03-03;41.2499;41.25;40.55;41.079;13800.0
2006-03-06;41.2;42.39;41.2;41.56;15800.0
2006-03-07;42.0688;42.0688;42.0688;42.0688;100.0
2006-03-08;43.06;43.46;42.9;42.9;2800.0
2006-03-09;42.5801;42.68;41.82;41.945;2000.0
2006-03-10;42.0;42.85;42.0;42.28;2500.0
2006-03-13;42.75;43.35;41.82;41.82;8500.0
2006-03-14;40.02;41.82;40.02;40.9;3900.0
2006-03-15;40.091;41.0;40.091;40.7601;2900.0
2006-03-16;41.38;41.6;39.75;40.9;3900.0
2006-03-17;41.44;41.44;41.0;41.0;700.0
2006-03-20;40.07;40.7;39.68;40.62;6800.0
2006-03-21;39.7;39.82;39.7;39.82;700.0
2006-03-22;40.29;41.75;39.88;41.43;7200.0
2006-03-23;41.51;42.0;41.41;41.6;1600.0
2006-03-24;40.65;41.51;40.65;41.09;800.0
2006-03-27;40.55;41.71;39.76;40.45;2500.0
2006-03-28;40.25;41.55;40.0;41.55;8300.0
2006-03-29;40.69;41.55;40.49;41.5;11700.0
2006-03-30;41.5;41.5;41.5;41.5;5400.0
2006-03-31;41.39;41.5;41.3;41.5;2200.0
2006-04-03;40.05;40.6;38.25;39.18;24200.0
2006-04-04;38.7;41.49;38.51;40.5;28700.0
2006-04-05;40.49;40.49;39.91;39.91;11600.0
2006-04-06;39.4;40.42;38.75;39.0;7600.0
2006-04-07;39.11;39.25;38.56;38.56;2700.0
2006-04-10;39.32;39.36;38.25;38.45;2400.0
2006-04-11;38.39;39.22;37.3;37.6;4400.0
2006-04-12;37.13;38.89;37.13;37.56;1500.0
2006-04-13;38.0;39.1;37.0;37.0;3100.0
2006-04-17;36.64;39.24;36.3;37.47;8100.0
2006-04-18;38.0;38.099;37.952;37.99;700.0
2006-04-19;39.6;39.6;38.0;38.15;3200.0
2006-04-20;38.64;38.64;38.64;38.64;100.0
2006-04-21;38.474;39.22;38.448;38.78;900.0
2006-04-24;38.8;38.8;37.16;37.91;1100.0
2006-04-25;37.55;38.5192;36.24;36.63;8100.0
2006-04-26;36.63;38.32;36.63;37.0;800.0
2006-04-27;36.01;36.01;19.98;32.5;57800.0
2006-04-28;32.0;32.97;31.37;32.7;9400.0
2006-05-01;32.65;32.91;31.7804;31.7804;6900.0
2006-05-02;31.94;32.5199;31.94;32.0;10000.0
2006-05-03;32.0;33.61;32.0;33.61;2800.0
2006-05-04;33.03;33.75;32.7;33.57;2200.0
2006-05-05;33.57;35.2;33.57;35.0;7300.0
2006-05-08;35.01;35.01;33.29;33.75;12500.0
2006-05-09;34.55;34.55;33.65;33.75;4300.0
2006-05-10;33.41;33.64;32.8;33.27;21600.0
2006-05-11;32.51;32.79;32.15;32.15;4500.0
2006-05-12;32.1;32.1;31.65;31.76;1700.0
2006-05-15;31.995;31.995;31.65;31.86;3200.0
2006-05-16;30.94;31.15;30.26;30.26;7600.0
2006-05-17;30.21;30.22;29.92;30.0;5900.0
2006-05-18;30.0;30.3;29.95;29.99;7400.0
2006-05-19;29.92;30.19;29.92;30.19;2000.0
2006-05-22;30.0;30.0;30.0;30.0;1300.0
2006-05-23;30.42;32.8;30.42;32.6;23700.0
2006-05-24;32.59;32.59;32.41;32.442;4500.0
2006-05-25;30.86;32.44;30.86;32.0;1400.0
2006-05-26;30.61;31.9232;30.61;31.9232;300.0
2006-05-30;31.38;33.53;31.38;32.66;5300.0
2006-05-31;34.94;34.94;32.42;32.43;4000.0
2006-06-01;33.69;33.69;33.69;33.69;100.0
2006-06-02;34.44;34.44;32.68;32.73;4600.0
2006-06-05;34.17;34.17;31.51;31.99;5400.0
2006-06-06;32.33;32.61;30.08;30.08;13300.0
2006-06-07;30.27;31.11;30.25;30.86;2900.0
2006-06-08;31.23;31.88;30.86;31.23;4400.0
2006-06-09;32.0;32.29;32.0;32.29;2800.0
2006-06-12;32.05;32.5;31.55;31.75;7500.0
2006-06-13;31.9;33.42;31.49;31.8;13500.0
2006-06-14;32.94;32.94;32.0;32.15;8000.0
2006-06-15;31.92;34.14;31.92;32.1;4800.0
2006-06-16;32.4;32.4;32.1;32.1;2000.0
2006-06-19;32.0;33.83;32.0;32.28;1600.0
2006-06-20;32.61;32.95;32.1;32.202;4100.0
2006-06-21;32.33;33.25;31.74;31.74;1900.0
2006-06-22;32.0;32.89;32.0;32.15;26800.0
2006-06-23;32.25;32.55;32.06;32.37;1700.0
2006-06-26;32.5;32.5;32.2;32.4;800.0
2006-06-27;32.4;32.4;31.47;31.5018;4500.0
2006-06-28;32.0;32.0;30.72;31.73;8100.0
2006-06-29;31.35;31.399;29.27;29.7;19100.0
2006-06-30;29.56;30.0;29.23;29.77;14400.0
2006-07-03;30.36;31.04;30.14;30.14;2800.0
2006-07-05;30.38;32.35;30.12;32.35;6600.0
2006-07-06;32.35;32.5;31.56;31.75;4200.0
2006-07-07;32.58;32.58;32.04;32.04;1600.0
2006-07-10;32.7;33.066;31.9;31.95;3800.0
2006-07-11;33.89;33.89;31.91;32.12;3200.0
2006-07-12;32.51;32.51;31.9;31.9;2300.0
2006-07-13;30.4;33.0;30.18;31.75;11500.0
2006-07-14;31.5;31.96;31.3;31.3;1400.0
2006-07-17;30.98;32.29;30.98;31.29;4500.0
2006-07-18;30.97;31.72;30.96;31.01;1800.0
2006-07-19;31.0;31.24;31.0;31.24;500.0
2006-07-20;31.0;31.15;30.6;30.6;2600.0
2006-07-21;30.1001;30.499;29.54;29.84;2200.0
2006-07-24;29.57;30.62;29.57;30.2;1800.0
2006-07-25;30.35;31.4;30.35;31.4;1200.0
2006-07-26;30.9124;30.9124;30.0;30.0;3800.0
2006-07-27;30.304;30.304;30.0;30.0;400.0
2006-07-28;30.36;30.36;30.36;30.36;1400.0
2006-07-31;30.0;30.0;29.7;29.88;1400.0
2006-08-01;34.0;34.0;30.36;31.54;25100.0
2006-08-02;32.0;32.45;30.88;31.21;20800.0
2006-08-03;31.41;31.6;31.41;31.6;7600.0
2006-08-04;31.6;31.8;31.35;31.5;7100.0
2006-08-07;31.03;31.59;30.29;31.1;4300.0
2006-08-08;30.852;31.2299;30.7501;31.2;900.0
2006-08-09;31.125;31.125;30.28;30.69;4200.0
2006-08-10;30.7;31.47;30.52;31.01;1100.0
2006-08-11;30.7;30.98;30.51;30.98;300.0
2006-08-14;30.35;31.0;30.35;30.85;2300.0
2006-08-15;30.5;31.05;30.15;31.0;2600.0
2006-08-16;30.95;32.28;30.9264;31.75;7500.0
2006-08-17;31.27;33.06;31.01;31.57;14600.0
2006-08-18;31.96;31.96;31.5696;31.5696;300.0
2006-08-21;31.57;31.57;30.75;30.81;5300.0
2006-08-22;31.17;31.5;30.38;30.38;4400.0
2006-08-23;30.5;30.6;30.11;30.11;1200.0
2006-08-24;30.38;31.82;30.25;30.98;3900.0
2006-08-25;30.22;30.22;30.22;30.22;200.0
2006-08-28;30.7624;31.49;30.55;30.85;1400.0
2006-08-29;30.85;30.85;30.85;30.85;0.0
2006-08-30;31.2;31.2;31.2;31.2;200.0
2006-08-31;31.25;31.57;31.25;31.57;1000.0
2006-09-01;31.56;31.56;31.2;31.2;2100.0
2006-09-05;30.55;31.0;30.5;31.0;1300.0
2006-09-06;31.18;31.18;30.76;30.804;1200.0
2006-09-07;31.06;31.2;30.91;31.2;3300.0
2006-09-08;31.19;31.2;30.7501;30.7501;2400.0
2006-09-11;31.06;31.25;31.06;31.25;600.0
2006-09-12;31.1888;31.1888;31.06;31.06;600.0
2006-09-13;31.2701;31.2701;31.26;31.26;400.0
2006-09-14;31.02;31.15;31.02;31.15;1000.0
2006-09-15;31.35;31.35;31.2;31.2;1400.0
2006-09-18;30.78;30.78;30.11;30.53;4000.0
2006-09-19;30.51;30.52;30.23;30.5;1200.0
2006-09-20;30.0;30.5;29.99;30.45;1400.0
2006-09-21;30.45;30.45;30.45;30.45;0.0
2006-09-22;30.25;30.25;30.03;30.03;2000.0
2006-09-25;29.86;30.0;29.594;29.594;2300.0
2006-09-26;30.5;30.5;29.6601;29.8;3200.0
2006-09-27;30.1;30.78;29.75;30.23;4600.0
2006-09-28;30.75;30.75;30.1;30.1;500.0
2006-09-29;30.29;30.29;30.1;30.1;1900.0
2006-10-02;30.1571;30.1571;29.55;29.75;2500.0
2006-10-03;29.5501;29.56;29.16;29.3;5100.0
2006-10-04;28.66;29.31;28.66;29.31;6500.0
2006-10-05;29.5608;31.05;29.5608;31.05;9000.0
2006-10-06;31.34;32.97;31.25;32.25;12200.0
2006-10-09;31.9;32.049;31.28;31.28;5300.0
2006-10-10;31.2;31.2;31.2;31.2;700.0
2006-10-11;31.0;31.9399;31.0;31.6;1200.0
2006-10-12;31.9324;31.95;31.89;31.89;800.0
2006-10-13;32.0372;32.7252;32.0372;32.56;1600.0
2006-10-16;32.8288;33.68;32.77;32.77;1200.0
2006-10-17;32.52;32.76;32.52;32.76;700.0
2006-10-18;32.76;32.76;32.76;32.76;0.0
2006-10-19;33.2;33.61;33.0;33.58;2000.0
2006-10-20;33.98;34.37;33.83;34.3436;4700.0
2006-10-23;34.3699;35.98;34.3699;35.05;8100.0
2006-10-24;35.19;35.19;34.54;34.54;1100.0
2006-10-25;34.8;36.2;34.8;36.2;10400.0
2006-10-26;36.0;36.7;36.0;36.7;900.0
2006-10-27;36.41;36.5;36.32;36.332;800.0
2006-10-30;36.2;36.2;36.2;36.2;1300.0
2006-10-31;36.95;36.95;31.61;32.51;47200.0
2006-11-01;32.75;33.0996;32.75;32.88;6100.0
2006-11-02;32.66;32.8016;32.494;32.8016;3000.0
2006-11-03;32.5;33.0;31.6;33.0;2800.0
2006-11-06;33.0;33.79;33.0;33.79;600.0
2006-11-07;33.3501;33.5001;33.3501;33.5;2000.0
2006-11-08;33.77;34.78;33.36;34.508;8900.0
2006-11-09;34.5001;36.96;34.5001;35.75;10800.0
2006-11-10;35.928;35.928;34.75;34.75;1200.0
2006-11-13;34.2601;34.95;34.26;34.92;2500.0
2006-11-14;35.5799;36.83;35.5799;36.64;8300.0
2006-11-15;36.76;37.38;36.65;36.678;10800.0
2006-11-16;36.979;36.979;36.35;36.35;13200.0
2006-11-17;36.36;36.36;35.99;35.99;2700.0
2006-11-20;36.5;36.5;36.47;36.48;1300.0
2006-11-21;36.47;37.5;36.03;36.25;5700.0
2006-11-22;36.0;36.25;35.75;35.75;12200.0
2006-11-24;35.75;35.9156;34.75;34.9;9800.0
2006-11-27;34.55;34.7936;34.15;34.29;4500.0
2006-11-28;33.44;34.49;33.44;34.49;8000.0
2006-11-29;34.0101;34.5;34.0101;34.5;500.0
2006-11-30;34.6312;34.6312;34.61;34.61;800.0
2006-12-01;34.6501;34.7624;34.6501;34.7624;300.0
2006-12-04;34.99;36.25;34.99;36.21;4400.0
2006-12-05;36.21;36.94;36.0;36.0;2700.0
2006-12-06;36.29;36.29;35.23;35.55;2400.0
2006-12-07;36.2999;36.2999;35.0;35.0575;7300.0
2006-12-08;34.97;35.0;34.93;34.99;1600.0
2006-12-11;34.55;34.55;34.55;34.55;200.0
2006-12-12;34.51;34.69;33.56;34.22;7000.0
2006-12-13;34.79;35.75;33.78;33.91;5800.0
2006-12-14;33.67;34.82;33.32;33.85;5600.0
2006-12-15;33.5;33.5;32.61;33.5;23000.0
2006-12-18;33.98;34.24;33.5201;33.9;2200.0
2006-12-19;33.91;33.91;32.89;32.9;2300.0
2006-12-20;33.95;33.99;33.4401;33.6;1000.0
2006-12-21;33.9899;33.9899;33.97;33.97;300.0
2006-12-22;33.05;33.7;32.5;33.48;8700.0
2006-12-26;33.1;33.28;33.1;33.25;2100.0
2006-12-27;32.95;33.4001;32.95;33.3;2400.0
2006-12-28;33.08;33.1;33.08;33.1;1500.0
2006-12-29;33.2;33.9;33.2;33.9;4200.0
2007-01-03;34.9;34.9;33.31;33.67;24600.0
2007-01-04;34.0;34.75;33.7;34.53;69100.0
2007-01-05;34.97;35.944;34.0;35.02;25200.0
2007-01-08;35.0;35.09;34.59;34.926;3300.0
2007-01-09;35.0;36.0;35.0;35.03;13600.0
2007-01-10;35.91;36.45;35.45;36.45;8900.0
2007-01-11;37.33;37.5;35.99;36.64;6000.0
2007-01-12;36.88;37.78;36.85;37.52;3100.0
2007-01-16;37.97;38.0;37.1;37.1;5000.0
2007-01-17;37.82;37.82;36.79;36.81;4400.0
2007-01-18;36.65;37.2;36.37;36.63;4500.0
2007-01-19;37.9;37.9;35.75;37.39;3900.0
2007-01-22;37.86;37.88;37.0701;37.88;1200.0
2007-01-23;37.89;38.8499;37.61;38.7499;9100.0
2007-01-24;39.83;39.83;38.43;39.72;3700.0
2007-01-25;40.0;40.4;39.54;40.01;12500.0
2007-01-26;40.35;40.35;38.65;39.0;4300.0
2007-01-29;38.64;39.2826;38.64;38.94;2000.0
2007-01-30;38.91;39.3;38.59;39.3;7100.0
2007-01-31;39.3;39.7;39.3;39.65;4900.0
2007-02-01;39.38;39.75;39.38;39.75;3200.0
2007-02-02;40.11;40.11;39.93;40.0;1800.0
2007-02-05;40.0;40.35;40.0;40.35;800.0
2007-02-06;39.5101;40.35;39.5101;40.09;2200.0
2007-02-07;39.68;40.85;39.68;40.04;4000.0
2007-02-08;40.85;40.85;40.04;40.05;800.0
2007-02-09;39.98;40.01;39.98;39.98;300.0
2007-02-12;39.57;40.1;39.57;40.01;7000.0
2007-02-13;40.0629;40.4;40.0;40.4;1100.0
2007-02-14;40.65;40.65;40.4;40.65;900.0
2007-02-15;40.65;41.0;40.65;41.0;3000.0
2007-02-16;40.72;40.72;40.71;40.71;800.0
2007-02-20;40.79;40.8;40.0;40.21;4500.0
2007-02-21;39.89;40.48;39.89;40.07;8600.0
2007-02-22;45.5;46.813;42.13;45.0;59100.0
2007-02-23;44.47;44.9;42.84;43.602;16100.0
2007-02-26;43.75;44.75;42.87;43.9;17100.0
2007-02-27;42.8601;43.35;41.01;42.2;11600.0
2007-02-28;42.19;42.19;41.0;42.0;8400.0
2007-03-01;42.0;42.0;41.4001;42.0;4400.0
2007-03-02;39.17;42.15;39.17;41.46;4500.0
2007-03-05;41.0;41.0;39.6;40.46;7200.0
2007-03-06;40.17;40.75;39.88;40.7;7400.0
2007-03-07;40.9;41.68;40.34;41.68;1200.0
2007-03-08;41.98;42.25;41.97;42.02;5600.0
2007-03-09;42.0;42.44;41.83;42.0;5500.0
2007-03-12;42.0;42.4;41.99;42.3999;5900.0
2007-03-13;42.01;42.5;41.7;42.0;7900.0
2007-03-14;41.5;41.95;41.01;41.42;6600.0
2007-03-15;40.34;41.32;40.34;41.23;3400.0
2007-03-16;41.49;41.49;41.49;41.49;200.0
2007-03-19;42.2;42.55;42.11;42.35;3300.0
2007-03-20;42.38;43.62;42.37;42.37;5600.0
2007-03-21;42.0;42.0001;42.0;42.0;1400.0
2007-03-22;41.58;41.66;41.58;41.66;300.0
2007-03-23;41.66;41.66;41.66;41.66;0.0
2007-03-26;41.19;41.59;40.9;41.0;10600.0
2007-03-27;40.9999;41.2;40.9;41.2;2000.0
2007-03-28;41.2;41.2;41.2;41.2;0.0
2007-03-29;41.2;41.2;40.9;41.09;2200.0
2007-03-30;41.19;41.25;40.94;41.16;3900.0
2007-04-02;41.65;42.04;40.06;41.66;3100.0
2007-04-03;42.49;42.69;41.79;42.69;4800.0
2007-04-04;42.0;42.64;42.0;42.25;3800.0
2007-04-05;42.26;42.79;41.86;42.7;2200.0
2007-04-09;42.6;42.8;42.6;42.8;1200.0
2007-04-10;42.8;42.82;42.4;42.4;1400.0
2007-04-11;42.41;42.82;42.3598;42.81;2200.0
2007-04-12;42.55;43.29;42.55;43.29;3000.0
2007-04-13;43.67;43.67;43.64;43.65;800.0
2007-04-16;43.67;45.23;43.55;45.23;7300.0
2007-04-17;45.0;45.49;45.0;45.49;700.0
2007-04-18;45.296;46.4;45.296;45.64;3500.0
2007-04-19;46.11;46.11;45.73;45.73;600.0
2007-04-20;46.34;46.34;45.87;45.87;1900.0
2007-04-23;46.35;46.35;45.79;46.0;4000.0
2007-04-24;46.0;46.0;45.84;45.84;800.0
2007-04-25;46.31;46.31;46.0;46.0;400.0
2007-04-26;46.0;46.0;45.8;45.8;600.0
2007-04-27;45.75;54.23;45.745;49.52;56400.0
2007-04-30;50.24;52.84;49.01;49.35;18000.0
2007-05-01;49.0;50.46;48.45;49.66;17500.0
2007-05-02;50.45;54.28;50.0;53.204;49700.0
2007-05-03;54.4;55.0;53.38;54.2801;14700.0
2007-05-04;55.0;55.2;54.1401;54.84;12000.0
2007-05-07;55.2;55.6599;54.61;54.61;18100.0
2007-05-08;54.0;54.39;53.02;53.25;12000.0
2007-05-09;53.39;53.4;49.84;50.0;30800.0
2007-05-10;50.46;51.5;49.85;51.3;24300.0
2007-05-11;49.0;53.57;48.67;53.57;9300.0
2007-05-14;53.95;55.11;53.17;55.11;14800.0
2007-05-15;55.3;56.9;55.0301;56.9;14900.0
2007-05-16;57.0;57.5;56.24;56.682;28900.0
2007-05-17;56.899;56.899;55.29;55.29;7100.0
2007-05-18;55.29;55.29;53.8;54.5201;4200.0
2007-05-21;55.18;57.45;54.47;57.45;12500.0
2007-05-22;54.44;59.99;54.4001;59.5001;14100.0
2007-05-23;59.6;60.2;59.6;60.1842;27000.0
2007-05-24;60.5;60.5;58.0;58.0;10000.0
2007-05-25;59.0;59.0;57.02;58.3;7000.0
2007-05-29;59.87;63.85;59.09;63.51;59200.0
2007-05-30;63.5;65.9;61.99;64.53;17700.0
2007-05-31;66.98;68.0;64.72;67.3373;26900.0
2007-06-01;67.97;68.0;67.0;67.303;11300.0
2007-06-04;69.96;70.25;68.25;69.1;50200.0
2007-06-05;69.96;71.11;69.0;70.91;26300.0
2007-06-06;71.0;72.25;70.08;71.9;37100.0
2007-06-07;72.1;72.1;70.8401;71.12;9500.0
2007-06-08;70.21;71.85;70.21;71.46;9200.0
2007-06-11;72.03;72.35;70.85;72.34;24500.0
2007-06-12;72.36;73.1;70.25;72.85;18400.0
2007-06-13;73.64;73.8;72.85;73.8;12700.0
2007-06-14;73.9;74.75;71.0;74.15;27200.0
2007-06-15;74.85;76.33;71.14;73.5;28100.0
2007-06-18;75.25;76.15;74.338;75.99;20500.0
2007-06-19;76.5;77.385;76.17;76.66;16700.0
2007-06-20;76.66;77.86;76.16;77.86;25000.0
2007-06-21;78.0;78.0;75.91;76.259;14100.0
2007-06-22;75.01;77.75;75.01;77.44;10500.0
2007-06-25;77.55;78.18;74.5;74.99;34100.0
2007-06-26;74.5;75.9499;72.04;73.16;22600.0
2007-06-27;72.38;73.24;68.94;72.0;29800.0
2007-06-28;73.04;73.12;69.328;70.51;15200.0
2007-06-29;34.5;36.94;33.67;36.77;21950.0
2007-07-02;36.77;40.25;36.77;40.22;92300.0
2007-07-03;40.89;41.6;38.27;38.65;40600.0
2007-07-05;41.22;41.22;37.89;38.92;53300.0
2007-07-06;39.22;42.88;39.11;42.73;136100.0
2007-07-09;42.99;44.0;41.8101;43.0;133600.0
2007-07-10;42.95;45.0;42.36;44.79;67100.0
2007-07-11;44.99;46.99;44.8;46.99;130200.0
2007-07-12;47.45;48.64;46.75;48.1375;113600.0
2007-07-13;48.35;48.6;45.86;47.58;84300.0
2007-07-16;47.99;48.48;46.94;47.2;68800.0
2007-07-17;47.2;48.3;46.36;47.76;52400.0
2007-07-18;47.3;48.33;46.85;48.33;38300.0
2007-07-19;48.5;48.95;47.7701;48.53;60700.0
2007-07-20;48.55;49.82;48.48;49.82;68100.0
2007-07-23;49.82;52.49;49.14;52.23;106800.0
2007-07-24;53.15;54.99;51.5;52.05;165600.0
2007-07-25;52.5;55.77;52.18;53.5499;139700.0
2007-07-26;53.95;54.98;52.36;54.6;121700.0
2007-07-27;55.12;56.77;54.65;56.0;135600.0
2007-07-30;55.12;55.12;48.11;49.27;257300.0
2007-07-31;49.76;51.709;48.21;49.15;98300.0
2007-08-01;50.0;51.43;49.91;51.0;103300.0
2007-08-02;51.5;53.4899;51.41;53.19;95500.0
2007-08-03;53.2;53.21;49.58;50.48;135600.0
2007-08-06;50.5;51.96;48.6;49.94;120300.0
2007-08-07;49.12;50.55;49.06;50.1;103500.0
2007-08-08;50.65;50.66;47.43;47.99;132200.0
2007-08-09;46.56;46.56;38.05;38.19;261500.0
2007-08-10;36.27;38.12;34.69;37.52;222300.0
2007-08-13;38.5;41.519;38.5;40.83;144700.0
2007-08-14;40.08;40.25;38.55;38.79;62300.0
2007-08-15;38.76;38.76;36.62;36.91;66700.0
2007-08-16;36.04;36.86;33.48;36.86;113200.0
2007-08-17;37.0;38.3;34.51;35.25;99700.0
2007-08-20;35.53;39.68;35.5;38.93;98200.0
2007-08-21;38.17;41.449;36.41;40.49;81400.0
2007-08-22;41.06;43.75;41.0;42.81;115200.0
2007-08-23;44.46;44.63;43.25;43.93;79400.0
2007-08-24;43.98;44.25;43.5;43.72;44700.0
2007-08-27;43.72;44.35;43.3;43.65;78100.0
2007-08-28;43.96;43.96;41.16;41.61;46100.0
2007-08-29;40.62;42.69;40.58;42.41;39500.0
2007-08-30;41.32;42.99;41.32;42.43;30100.0
2007-08-31;43.0;43.486;42.2001;43.43;32500.0
2007-09-04;42.27;42.8;39.4601;42.67;59300.0
2007-09-05;41.7;44.0;41.0;43.9;75600.0
2007-09-06;44.0;44.25;42.12;43.76;58000.0
2007-09-07;42.56;43.02;41.2401;41.35;39400.0
2007-09-10;41.0;43.2602;40.01;42.39;55700.0
2007-09-11;41.94;44.41;41.7;44.0;49900.0
2007-09-12;44.0;45.44;43.9575;45.0;69900.0
2007-09-13;45.3;45.6;44.5;45.07;22800.0
2007-09-14;44.03;45.0;43.15;44.57;25700.0
2007-09-17;44.1;44.37;41.75;42.99;19800.0
2007-09-18;42.39;45.3;41.75;45.3;33300.0
2007-09-19;45.89;46.2;43.0;45.58;40800.0
2007-09-20;45.6;48.3;45.59;48.3;63000.0
2007-09-21;47.04;49.78;47.04;48.63;147800.0
2007-09-24;49.5;51.43;48.97;50.5;79400.0
2007-09-25;50.95;50.95;48.53;50.25;50500.0
2007-09-26;50.29;50.29;48.63;49.87;34100.0
2007-09-27;49.98;49.98;48.1;48.6801;26700.0
2007-09-28;48.03;48.34;46.16;47.28;40100.0
2007-10-01;47.29;49.7367;46.1;49.33;45500.0
2007-10-02;48.63;49.3099;47.16;47.28;43700.0
2007-10-03;47.0;47.9899;46.1;47.65;31200.0
2007-10-04;47.46;48.0;46.55;47.55;12000.0
2007-10-05;47.73;47.99;46.14;47.54;36100.0
2007-10-08;47.21;51.25;46.82;51.04;83800.0
2007-10-09;51.9;57.4;51.9;56.9301;153400.0
2007-10-10;57.97;61.79;57.97;59.9;221600.0
2007-10-11;61.1;62.97;55.15;57.08;235400.0
2007-10-12;56.55;59.63;55.5;59.18;79100.0
2007-10-15;60.74;62.09;60.11;61.68;67000.0
2007-10-16;61.82;61.82;59.1101;59.91;57200.0
2007-10-17;60.52;61.5;59.7;60.8;43300.0
2007-10-18;59.61;61.4;59.61;61.4;19100.0
2007-10-19;61.69;63.0;58.43;59.86;82100.0
2007-10-22;54.08;56.5799;51.36;55.35;140600.0
2007-10-23;54.87;58.06;54.87;56.41;50100.0
2007-10-24;54.88;58.2;54.79;57.82;29000.0
2007-10-25;57.54;58.5;57.47;57.58;27700.0
2007-10-26;57.76;58.89;55.052;57.49;21300.0
2007-10-29;57.78;59.0799;57.5699;58.5;32500.0
2007-10-30;60.17;60.17;57.5;57.83;26900.0
2007-10-31;57.5;60.48;57.5;59.29;63200.0
2007-11-01;60.0;60.0;57.5;57.88;28200.0
2007-11-02;57.5;57.5;54.5;55.93;40100.0
2007-11-05;55.53;58.1299;55.5;57.21;43500.0
2007-11-06;57.26;57.9899;56.2;56.95;23800.0
2007-11-07;55.55;58.18;55.41;57.36;26400.0
2007-11-08;56.88;57.0;54.72;55.46;53200.0
2007-11-09;53.5;56.24;52.46;54.04;70600.0
2007-11-12;54.04;57.36;52.07;56.14;97800.0
2007-11-13;55.84;57.14;53.01;55.34;54100.0
2007-11-14;49.63;54.96;49.54;54.0;90100.0
2007-11-15;52.92;54.9499;52.36;53.75;53900.0
2007-11-16;54.13;54.9;52.92;53.9;31900.0
2007-11-19;52.59;54.997;52.59;54.02;22100.0
2007-11-20;53.95;54.76;51.2;52.03;72700.0
2007-11-21;50.16;51.47;49.91;50.95;34500.0
2007-11-23;51.1;51.1;49.9;50.47;5800.0
2007-11-26;50.47;51.44;47.8784;48.5;45400.0
2007-11-27;48.69;49.35;47.5601;49.35;41600.0
2007-11-28;49.49;51.11;49.36;51.11;48700.0
2007-11-29;50.18;52.17;50.18;52.0;29900.0
2007-11-30;52.21;53.54;51.6;51.61;31500.0
2007-12-03;52.35;52.35;50.9;51.97;51900.0
2007-12-04;50.99;52.4399;50.98;52.2;31700.0
2007-12-05;52.0;52.0899;50.25;50.64;28400.0
2007-12-06;49.93;51.0;48.0;49.85;64600.0
2007-12-07;49.4;50.4;49.36;50.32;44000.0
2007-12-10;50.33;53.6;50.33;53.59;132900.0
2007-12-11;53.75;54.15;50.928;51.49;56100.0
2007-12-12;51.95;54.14;51.1101;51.89;62800.0
2007-12-13;50.82;52.61;50.5301;52.0;30800.0
2007-12-14;50.97;52.1;50.83;51.19;49900.0
2007-12-17;50.07;51.43;47.3201;47.71;48200.0
2007-12-18;47.43;48.3999;45.5401;47.7;62200.0
2007-12-19;47.38;50.45;46.58;50.45;48600.0
2007-12-20;50.45;51.2299;47.1001;50.0;24100.0
2007-12-21;50.58;50.9;49.71;50.72;23000.0
2007-12-24;51.37;51.9599;50.7201;51.01;22300.0
2007-12-26;50.08;51.74;49.65;51.74;15200.0
2007-12-27;51.38;51.38;49.7101;50.11;13400.0
2007-12-28;49.65;50.16;49.38;49.51;10300.0
2007-12-31;49.11;49.8999;48.02;48.84;31200.0
2008-01-02;48.61;49.6899;47.36;47.92;33100.0
2008-01-03;47.45;48.06;46.16;46.65;38200.0
2008-01-04;45.83;46.3;42.75;43.3;57400.0
2008-01-07;42.71;43.5;38.3;40.0;78500.0
2008-01-08;40.0;41.87;40.0;40.21;51400.0
2008-01-09;40.2;41.4592;37.08;38.2;42600.0
2008-01-10;37.93;38.5906;37.01;37.65;12300.0
2008-01-11;37.47;39.21;37.1801;37.56;24000.0
2008-01-14;37.38;37.38;35.1501;35.44;51200.0
2008-01-15;35.0;35.98;33.99;34.46;37200.0
2008-01-16;34.06;34.76;33.0;33.25;45000.0
2008-01-17;33.31;34.1999;32.8501;33.68;40800.0
2008-01-18;34.22;34.22;31.43;32.2;26000.0
2008-01-22;29.32;31.45;27.5;30.74;108300.0
2008-01-23;30.12;31.9;28.7401;29.95;33700.0
2008-01-24;30.24;31.45;28.99;29.75;44600.0
2008-01-25;29.69;30.66;28.7;28.94;35500.0
2008-01-28;28.28;29.51;27.5;29.11;53300.0
2008-01-29;29.11;29.48;27.6;27.77;71600.0
2008-01-30;27.28;28.5;26.81;27.04;34900.0
2008-01-31;26.59;27.9899;26.59;27.67;44500.0
2008-02-01;27.83;28.4;27.83;28.14;39300.0
2008-02-04;26.77;27.5999;25.97;26.52;79100.0
2008-02-05;26.25;26.4201;24.82;24.83;85600.0
2008-02-06;24.9;25.21;23.45;23.63;105900.0
2008-02-07;23.43;24.41;22.72;23.1;112700.0
2008-02-08;23.1;24.32;23.1;24.06;113600.0
2008-02-11;24.11;24.7999;23.88;24.33;51700.0
2008-02-12;24.61;25.23;24.34;24.61;65700.0
2008-02-13;25.0;25.71;24.03;24.58;48700.0
2008-02-14;24.71;26.11;24.7;24.7;31500.0
2008-02-15;24.53;24.72;24.31;24.32;17400.0
2008-02-19;24.5;25.1099;24.5;24.7;20500.0
2008-02-20;24.14;24.54;24.14;24.35;23500.0
2008-02-21;24.15;29.68;24.15;27.49;580300.0
2008-02-22;27.91;30.63;27.91;30.63;162900.0
2008-02-25;30.63;32.65;30.01;32.19;171200.0
2008-02-26;32.11;33.0;31.5;31.94;97500.0
2008-02-27;31.81;32.85;31.67;32.37;29300.0
2008-02-28;32.35;32.35;31.37;31.8;41400.0
2008-02-29;31.45;32.0;30.89;31.75;52900.0
2008-03-03;31.81;32.3299;30.3636;30.61;85100.0
2008-03-04;30.0;31.1999;29.16;30.85;68700.0
2008-03-05;29.38;31.5;29.38;31.0;30400.0
2008-03-06;30.86;31.9899;29.1;29.84;98800.0
2008-03-07;29.74;30.63;28.88;29.12;53900.0
2008-03-10;29.12;30.62;27.96;28.06;98900.0
2008-03-11;28.51;29.195;27.0;28.74;51000.0
2008-03-12;28.97;29.33;28.35;28.38;32400.0
2008-03-13;28.11;28.81;27.22;28.58;39600.0
2008-03-14;28.69;29.97;28.042;28.57;40200.0
2008-03-17;28.23;28.39;26.95;27.88;29200.0
2008-03-18;27.95;29.318;27.95;28.47;22400.0
2008-03-19;28.538;29.63;28.18;28.18;38700.0
2008-03-20;28.19;28.99;27.5;28.55;24400.0
2008-03-24;28.48;29.324;28.05;28.05;30500.0
2008-03-25;28.2;29.24;28.0;29.04;22300.0
2008-03-26;29.15;29.77;28.8;29.54;24600.0
2008-03-27;29.56;29.77;29.09;29.09;21600.0
2008-03-28;29.13;29.36;28.0;28.82;30300.0
2008-03-31;28.46;28.69;28.15;28.23;10900.0
2008-04-01;28.43;29.28;27.9;28.88;25500.0
2008-04-02;29.01;30.59;28.9;30.49;45200.0
2008-04-03;30.43;32.9499;30.06;32.34;64400.0
2008-04-04;32.57;33.8799;32.57;33.57;64600.0
2008-04-07;33.82;34.39;33.0;33.34;46000.0
2008-04-08;33.33;33.9;32.0;33.3;27100.0
2008-04-09;33.48;34.25;32.8;33.27;52200.0
2008-04-10;33.27;33.6599;32.11;32.71;36400.0
2008-04-11;32.71;32.71;31.12;32.0;18800.0
2008-04-14;31.89;32.37;30.44;32.37;21800.0
2008-04-15;32.38;32.99;31.5;32.41;16300.0
2008-04-16;32.2;33.25;31.51;32.93;20900.0
2008-04-17;32.55;33.96;31.01;33.4958;27200.0
2008-04-18;34.0;34.0;33.01;33.64;24700.0
2008-04-21;34.0;34.4;33.67;34.3;28400.0
2008-04-22;34.3;34.3;33.02;33.29;29100.0
2008-04-23;33.07;34.3699;32.25;32.98;37700.0
2008-04-24;33.36;33.78;32.1;33.78;12200.0
2008-04-25;32.27;33.42;32.27;33.19;20700.0
2008-04-28;32.8;33.88;32.19;33.17;18700.0
2008-04-29;33.34;34.25;31.44;33.07;104300.0
2008-04-30;33.0;33.65;33.0;33.43;35600.0
2008-05-01;33.17;33.24;31.8445;32.76;39900.0
2008-05-02;32.51;32.72;31.8;32.09;37200.0
2008-05-05;32.05;32.05;30.53;31.87;57100.0
2008-05-06;31.75;32.26;31.2;31.99;15600.0
2008-05-07;31.67;32.32;31.67;32.06;10100.0
2008-05-08;31.99;32.71;31.07;32.58;33600.0
2008-05-09;32.67;32.75;31.6;31.6;13800.0
2008-05-12;31.33;32.88;31.33;32.79;9100.0
2008-05-13;33.0;33.35;32.51;33.35;12900.0
2008-05-14;33.35;33.9812;33.35;33.49;13600.0
2008-05-15;32.98;34.137;32.98;33.25;16600.0
2008-05-16;32.96;33.902;32.96;33.22;8300.0
2008-05-19;33.22;33.49;32.58;32.6901;8400.0
2008-05-20;32.21;32.42;31.85;32.12;10800.0
2008-05-21;31.8;32.89;31.675;31.8;8700.0
2008-05-22;31.62;32.59;31.53;31.83;6100.0
2008-05-23;31.8;32.25;31.22;31.91;6100.0
2008-05-27;31.8;32.0;31.71;31.75;10100.0
2008-05-28;31.47;31.95;30.784;31.95;20800.0
2008-05-29;31.73;33.3;31.73;32.82;20500.0
2008-05-30;33.24;35.46;32.65;34.37;60400.0
2008-06-02;34.19;34.75;33.53;34.36;33600.0
2008-06-03;35.05;35.05;33.6;34.4;13600.0
2008-06-04;34.5;34.5;33.225;33.75;15200.0
2008-06-05;34.23;34.23;33.5301;34.0;8200.0
2008-06-06;33.9;34.47;33.68;33.68;8800.0
2008-06-09;34.3;34.3;31.51;32.21;13700.0
2008-06-10;32.27;32.27;31.0901;31.33;14100.0
2008-06-11;31.39;31.7;30.6;30.81;17600.0
2008-06-12;30.67;31.785;30.2;31.08;12600.0
2008-06-13;31.2;31.76;31.2;31.21;11700.0
2008-06-16;31.0;31.31;30.255;30.89;17200.0
2008-06-17;31.42;31.47;30.7;30.96;4500.0
2008-06-18;30.67;30.761;30.2;30.25;7700.0
2008-06-19;30.67;30.67;27.55;27.83;54000.0
2008-06-20;28.25;28.54;27.9;28.3;25300.0
2008-06-23;28.3;29.17;28.3;28.68;19600.0
2008-06-24;29.33;29.58;28.3;29.52;20700.0
2008-06-25;29.58;30.61;29.02;30.17;22600.0
2008-06-26;30.52;30.87;29.89;30.57;29500.0
2008-06-27;30.97;31.0;28.34;28.38;408200.0
2008-06-30;28.68;29.16;27.5;27.5;32800.0
2008-07-01;27.23;28.76;25.8;26.39;50700.0
2008-07-02;25.68;26.7;25.5;25.5;41900.0
2008-07-03;25.91;25.91;24.86;25.24;20400.0
2008-07-07;25.01;25.69;25.01;25.18;39700.0
2008-07-08;25.42;26.08;25.36;26.05;46200.0
2008-07-09;26.28;27.0;25.84;26.04;28600.0
2008-07-10;25.91;26.91;25.524;26.03;16200.0
2008-07-11;25.55;26.481;25.22;26.29;17800.0
2008-07-14;26.83;28.6;26.45;28.59;34200.0
2008-07-15;28.88;29.25;27.79;28.58;18000.0
2008-07-16;28.87;30.4;28.72;29.52;34500.0
2008-07-17;30.1;32.6;29.99;31.74;123000.0
2008-07-18;31.96;32.85;31.6398;32.47;30100.0
2008-07-21;33.1;34.8104;32.95;34.4588;51000.0
2008-07-22;34.91;36.86;34.5;36.72;93900.0
2008-07-23;37.0;37.74;35.81;37.29;81800.0
2008-07-24;37.7;38.5;37.29;38.24;74700.0
2008-07-25;38.25;40.07;37.25;40.07;123700.0
2008-07-28;40.78;40.83;38.56;39.45;82900.0
2008-07-29;39.01;40.6;39.0;40.3;42400.0
2008-07-30;40.79;42.83;40.6;42.74;65900.0
2008-07-31;42.22;42.2201;38.03;39.22;70300.0
2008-08-01;41.22;42.354;39.52;41.51;74500.0
2008-08-04;41.32;43.0;39.0201;39.68;43200.0
2008-08-05;39.74;42.0;39.74;41.85;36300.0
2008-08-06;42.67;42.67;40.0;41.05;46500.0
2008-08-07;41.06;41.94;39.65;40.08;58400.0
2008-08-08;40.05;41.0;38.61;40.15;47700.0
2008-08-11;40.03;40.83;39.27;40.56;37000.0
2008-08-12;40.74;40.77;39.88;40.39;24000.0
2008-08-13;40.4;40.4;37.1;38.36;85500.0
2008-08-14;37.67;38.31;36.11;38.3;64200.0
2008-08-15;38.75;39.0;37.52;37.72;42200.0
2008-08-18;38.08;39.26;38.01;38.48;31300.0
2008-08-19;38.18;38.3268;36.71;37.25;37700.0
2008-08-20;37.31;38.11;36.57;36.78;23500.0
2008-08-21;36.72;38.44;34.25;37.04;100200.0
2008-08-22;37.4;37.68;35.5;37.57;20100.0
2008-08-25;37.51;38.29;35.5;36.37;22100.0
2008-08-26;36.23;36.6;35.1;36.6;19000.0
2008-08-27;36.5;37.6899;36.0;37.14;16100.0
2008-08-28;37.39;38.11;37.28;37.85;16500.0
2008-08-29;37.61;37.97;36.2301;36.67;25800.0
2008-09-02;36.99;36.99;34.58;34.74;47000.0
2008-09-03;34.77;35.4699;34.0;34.81;32700.0
2008-09-04;34.74;34.74;33.52;33.94;34100.0
2008-09-05;34.25;34.25;32.56;33.07;30800.0
2008-09-08;34.03;35.4;32.96;34.85;45500.0
2008-09-09;34.92;36.37;33.74;34.93;70800.0
2008-09-10;35.33;36.62;34.86;36.44;18000.0
2008-09-11;36.27;37.29;36.27;36.9;33500.0
2008-09-12;36.66;36.66;34.86;34.97;31000.0
2008-09-15;34.38;34.38;32.56;33.25;29900.0
2008-09-16;32.92;33.9;32.01;33.9;35700.0
2008-09-17;33.34;33.34;31.36;31.36;23900.0
2008-09-18;32.04;33.94;31.9;33.94;33200.0
2008-09-19;34.5;35.0;32.01;34.63;85900.0
2008-09-22;33.48;36.75;32.65;34.42;40700.0
2008-09-23;34.31;34.31;32.09;32.12;31100.0
2008-09-24;32.73;33.45;32.0;32.96;34400.0
2008-09-25;32.85;36.29;32.85;34.74;22700.0
2008-09-26;33.55;34.79;33.49;34.61;23800.0
2008-09-29;33.54;33.9;25.01;31.03;16400.0
2008-09-30;30.24;34.96;30.24;33.73;30800.0
2008-10-01;34.93;34.93;31.6;33.46;16600.0
2008-10-02;33.7;33.7;30.86;31.81;57100.0
2008-10-03;32.18;32.18;29.8401;30.27;46100.0
2008-10-06;29.72;29.72;26.21;27.8;42000.0
2008-10-07;28.26;29.0;27.5;27.6;32900.0
2008-10-08;27.08;28.1;26.02;26.54;26100.0
2008-10-09;26.83;27.49;25.05;25.19;38200.0
2008-10-10;24.38;26.1;23.0;25.35;68100.0
2008-10-13;26.12;29.91;26.01;29.56;131400.0
2008-10-14;30.95;30.9699;27.77;29.46;38500.0
2008-10-15;29.0;29.0;27.25;27.52;19400.0
2008-10-16;27.52;29.3;27.5;29.28;31100.0
2008-10-17;28.68;31.3;27.61;29.22;45000.0
2008-10-20;29.58;31.47;29.58;31.28;41700.0
2008-10-21;30.18;31.52;30.03;30.21;28700.0
2008-10-22;29.65;30.5656;27.1;27.47;16400.0
2008-10-23;27.68;28.3744;27.01;27.31;36300.0
2008-10-24;26.13;27.51;25.5;26.6;47100.0
2008-10-27;26.41;27.5399;25.5;25.5;38800.0
2008-10-28;26.03;27.5;26.03;27.49;38200.0
2008-10-29;27.73;29.72;27.73;28.77;16000.0
2008-10-30;30.0;31.2;29.63;30.92;41200.0
2008-10-31;30.95;32.79;30.175;32.79;35000.0
2008-11-03;33.36;35.5;33.03;35.23;85200.0
2008-11-04;35.3;35.75;33.63;35.12;27700.0
2008-11-05;34.71;35.2666;33.25;33.25;25000.0
2008-11-06;33.0;33.0;29.45;30.06;35700.0
2008-11-07;30.17;31.676;30.17;31.1;26700.0
2008-11-10;32.64;32.8;31.3;31.77;21000.0
2008-11-11;31.61;32.85;30.53;31.96;27200.0
2008-11-12;31.61;32.31;29.7;30.19;30300.0
2008-11-13;30.25;30.6;27.8701;30.6;36000.0
2008-11-14;30.19;30.9;28.02;28.62;20600.0
2008-11-17;28.34;30.0;28.08;29.98;17400.0
2008-11-18;29.52;30.27;29.0901;29.2;13900.0
2008-11-19;29.12;29.75;27.57;27.57;24500.0
2008-11-20;27.35;27.65;25.67;25.71;25900.0
2008-11-21;26.05;27.29;24.7;26.36;33800.0
2008-11-24;26.64;30.54;26.64;30.22;31800.0
2008-11-25;30.54;31.95;30.01;31.95;33600.0
2008-11-26;31.5;33.61;31.01;33.56;55200.0
2008-11-28;33.17;33.72;32.63;33.65;23300.0
2008-12-01;33.72;33.92;31.09;31.52;61400.0
2008-12-02;33.03;33.57;31.88;33.5;41000.0
2008-12-03;33.0;34.7;32.65;34.45;52500.0
2008-12-04;34.89;35.75;34.01;35.29;75300.0
2008-12-05;35.04;36.98;32.64;36.84;69900.0
2008-12-08;37.43;40.32;37.37;38.8;195500.0
2008-12-09;38.33;38.88;37.63;37.97;60900.0
2008-12-10;38.42;38.61;35.54;36.3;69600.0
2008-12-11;35.15;36.0935;34.14;34.45;48800.0
2008-12-12;33.73;36.0;32.5;36.0;44200.0
2008-12-15;36.39;37.4899;35.16;36.05;22900.0
2008-12-16;35.65;37.85;35.65;37.7;36700.0
2008-12-17;36.87;38.42;36.8501;37.9;32700.0
2008-12-18;38.69;39.25;37.04;39.0;64200.0
2008-12-19;39.19;39.61;37.0;37.89;64100.0
2008-12-22;38.0;38.2801;37.22;38.1;35600.0
2008-12-23;38.43;38.99;37.05;38.09;31600.0
2008-12-24;37.99;37.99;36.04;36.04;28000.0
2008-12-26;36.07;36.96;35.64;36.79;13100.0
2008-12-29;37.16;38.67;35.74;37.22;34000.0
2008-12-30;37.2;38.99;37.02;38.99;38100.0
2008-12-31;38.98;39.33;37.71;39.23;45100.0
2009-01-02;40.69;41.43;38.76;39.81;54400.0
2009-01-05;40.09;42.34;39.32;42.34;87400.0
2009-01-06;42.87;44.9299;42.47;44.06;111100.0
2009-01-07;43.92;45.49;43.2001;45.15;96800.0
2009-01-08;45.14;48.0;44.51;47.79;113700.0
2009-01-09;47.99;48.44;44.02;44.12;114900.0
2009-01-12;44.72;45.9299;44.1401;44.35;47600.0
2009-01-13;44.15;44.3564;41.08;42.49;56800.0
2009-01-14;41.49;41.58;39.5601;40.02;55200.0
2009-01-15;40.02;41.99;40.01;41.99;76100.0
2009-01-16;42.7;46.445;41.6;46.44;111600.0
2009-01-20;42.0;42.0;25.35;25.35;378800.0
2009-01-21;25.35;26.18;19.51;22.26;391300.0
2009-01-22;21.88;24.63;21.88;23.79;106000.0
2009-01-23;24.6;24.6;22.1301;24.34;61400.0
2009-01-26;23.36;24.6;22.61;23.89;49000.0
2009-01-27;23.89;24.41;22.9101;24.32;20600.0
2009-01-28;24.52;25.35;23.55;25.32;54200.0
2009-01-29;24.96;29.27;24.4962;27.9;186000.0
2009-01-30;27.93;29.21;26.82;28.76;59000.0
2009-02-02;28.52;28.52;27.3;28.06;42900.0
2009-02-03;28.17;29.215;27.88;28.86;54200.0
2009-02-04;28.78;30.01;27.88;28.88;45400.0
2009-02-05;28.79;29.46;28.57;29.03;14300.0
2009-02-06;29.03;29.9114;29.03;29.68;30200.0
2009-02-09;30.7;31.3515;30.09;30.38;69600.0
2009-02-10;30.02;31.27;29.3;29.3;68500.0
2009-02-11;29.34;30.3799;28.59;28.59;59600.0
2009-02-12;28.16;28.19;26.1;27.05;152100.0
2009-02-13;26.99;28.15;26.95;27.44;37300.0
2009-02-17;26.93;28.8;26.8;27.42;63300.0
2009-02-18;27.48;28.38;27.48;28.12;24200.0
2009-02-19;28.22;28.3;26.75;26.75;29700.0
2009-02-20;26.48;26.48;25.2;25.8;39600.0
2009-02-23;25.8;26.2099;24.86;25.2;48900.0
2009-02-24;27.89;27.89;25.1;26.92;44400.0
2009-02-25;27.29;27.64;24.2;25.08;51400.0
2009-02-26;25.19;25.55;24.01;24.01;25500.0
2009-02-27;23.62;25.19;23.04;23.88;36700.0
2009-03-02;22.91;23.35;20.77;21.17;96300.0
2009-03-03;21.17;23.3;20.21;22.15;59200.0
2009-03-04;23.0;24.25;22.2;24.22;57500.0
2009-03-05;23.66;24.05;21.2;21.45;40500.0
2009-03-06;21.45;22.12;21.18;21.42;22300.0
2009-03-09;21.06;21.38;20.33;21.15;36300.0
2009-03-10;21.49;23.24;21.49;22.78;24300.0
2009-03-11;22.78;23.4;20.65;20.83;15200.0
2009-03-12;20.47;23.36;20.32;23.06;26000.0
2009-03-13;23.23;23.44;22.8;22.85;15300.0
2009-03-16;22.9;23.82;22.9;23.0;16100.0
2009-03-17;23.01;23.74;23.01;23.74;17600.0
2009-03-18;23.72;25.38;23.365;25.07;15900.0
2009-03-19;23.01;25.4;23.01;25.25;11800.0
2009-03-20;25.49;25.49;24.51;24.86;21200.0
2009-03-23;25.5;26.7699;25.44;26.53;30900.0
2009-03-24;26.13;27.0;26.13;26.53;47300.0
2009-03-25;26.0;27.2;26.0;27.2;21400.0
2009-03-26;27.3699;28.26;26.71;28.26;18300.0
2009-03-27;27.73;28.5;27.35;27.35;14500.0
2009-03-30;26.61;27.06;25.19;26.91;20100.0
2009-03-31;27.12;27.715;25.26;26.7;26000.0
2009-04-01;26.21;27.48;26.21;26.89;9000.0
2009-04-02;27.34;28.72;27.1395;28.23;26700.0
2009-04-03;28.09;28.8;28.038;28.64;15100.0
2009-04-06;28.4;28.4;27.43;28.02;11000.0
2009-04-07;27.05;27.52;26.23;27.02;22300.0
2009-04-08;27.06;27.41;26.6;27.11;14000.0
2009-04-09;27.48;28.65;25.88;27.42;65500.0
2009-04-13;26.67;27.29;25.5;27.11;32500.0
2009-04-14;26.67;27.34;26.55;26.8;22000.0
2009-04-15;26.86;27.82;25.8168;26.41;23800.0
2009-04-16;26.63;27.42;26.5;27.37;21000.0
2009-04-17;27.52;27.52;26.7;27.22;15900.0
2009-04-20;26.79;27.1592;25.825;26.11;22500.0
2009-04-21;25.85;27.03;25.85;26.88;9800.0
2009-04-22;26.5;27.3;26.5;26.78;10100.0
2009-04-23;26.83;28.98;26.8;28.35;43200.0
2009-04-24;28.5;29.87;28.5;29.72;68500.0
2009-04-27;29.36;29.45;28.31;28.71;10600.0
2009-04-28;28.33;28.91;27.85;28.26;6600.0
2009-04-29;28.55;29.82;28.3;29.71;23500.0
2009-04-30;30.08;30.86;29.68;29.89;27700.0
2009-05-01;29.87;31.0;28.02;30.67;80700.0
2009-05-04;30.57;31.5;29.76;31.33;84300.0
2009-05-05;30.5;30.5;25.91;26.8;105600.0
2009-05-06;27.99;28.72;27.02;28.33;53200.0
2009-05-07;28.34;28.34;26.0;26.57;40600.0
2009-05-08;27.04;28.0199;26.57;27.03;26400.0
2009-05-11;26.64;26.8;25.64;25.75;30200.0
2009-05-12;26.28;26.59;24.3;24.84;26100.0
2009-05-13;24.07;26.12;23.52;23.88;35400.0
2009-05-14;23.91;24.75;23.634;24.39;22600.0
2009-05-15;24.75;25.23;23.58;24.4;34600.0
2009-05-18;24.29;25.24;23.69;25.07;27100.0
2009-05-19;24.85;25.58;24.52;25.01;33600.0
2009-05-20;25.12;25.85;24.66;24.81;32300.0
2009-05-21;24.52;25.49;24.05;24.6;38200.0
2009-05-22;24.67;25.13;24.25;24.46;9200.0
2009-05-26;24.67;25.49;23.79;25.32;38200.0
2009-05-27;25.29;25.3;24.25;24.25;17300.0
2009-05-28;24.51;25.03;24.1;24.8;17100.0
2009-05-29;25.24;25.4061;24.45;25.11;18600.0
2009-06-01;25.62;26.124;24.83;25.26;38900.0
2009-06-02;24.84;26.24;24.7;26.06;24000.0
2009-06-03;25.93;26.866;25.18;25.48;22800.0
2009-06-04;25.75;26.63;25.42;26.38;21000.0
2009-06-05;26.88;26.88;25.64;25.91;28200.0
2009-06-08;25.48;26.89;25.285;26.33;55100.0
2009-06-09;26.54;26.63;25.6;25.61;17300.0
2009-06-10;25.94;26.25;25.52;26.2;33200.0
2009-06-11;26.4;26.8;25.68;25.99;33800.0
2009-06-12;25.86;26.14;25.39;26.13;14600.0
2009-06-15;26.38;26.38;25.35;25.37;30500.0
2009-06-16;25.86;26.05;24.6;24.76;45800.0
2009-06-17;24.7;24.89;24.15;24.54;19500.0
2009-06-18;24.58;24.75;24.03;24.37;15100.0
2009-06-19;24.73;26.37;24.0;25.9;30600.0
2009-06-22;25.67;25.67;23.46;23.46;42100.0
2009-06-23;23.86;24.6;23.42;23.88;23900.0
2009-06-24;24.01;24.55;23.6;23.6;19800.0
2009-06-25;23.73;24.35;23.6;24.35;20300.0
2009-06-26;24.17;26.25;24.17;26.23;95400.0
2009-06-29;26.21;26.21;25.18;25.85;8600.0
2009-06-30;26.1;26.46;26.1;26.16;16500.0
2009-07-01;26.39;26.695;26.11;26.11;15700.0
2009-07-02;25.79;25.97;24.64;25.42;15700.0
2009-07-06;25.08;26.2;24.53;25.98;14400.0
2009-07-07;26.16;26.49;24.6;24.6;22200.0
2009-07-08;25.13;27.0;24.8001;26.66;32400.0
2009-07-09;26.75;26.9699;25.27;25.6;21000.0
2009-07-10;25.53;26.04;25.53;25.87;10100.0
2009-07-13;25.5;26.92;25.39;26.92;28200.0
2009-07-14;26.82;26.97;26.04;26.94;34100.0
2009-07-15;27.0;27.4;26.26;27.4;25500.0
2009-07-16;27.34;27.76;26.5;27.68;22000.0
2009-07-17;27.76;27.76;27.24;27.24;12400.0
2009-07-20;27.3;28.52;27.12;27.75;22700.0
2009-07-21;28.19;28.19;27.16;27.93;19200.0
2009-07-22;27.8;28.16;27.74;27.91;20300.0
2009-07-23;27.81;28.23;27.1688;28.13;31800.0
2009-07-24;28.0;28.08;27.64;27.86;11400.0
2009-07-27;28.02;28.02;27.37;27.73;8500.0
2009-07-28;27.46;27.83;27.03;27.4;29300.0
2009-07-29;27.05;28.22;26.534;26.75;21200.0
2009-07-30;26.85;28.13;26.85;27.7;20300.0
2009-07-31;29.04;30.25;28.35;29.61;71600.0
2009-08-03;29.99;30.2;29.7;30.17;40200.0
2009-08-04;30.06;31.39;29.83;31.39;197300.0
2009-08-05;31.39;31.8;31.0;31.78;49800.0
2009-08-06;31.79;31.79;30.57;31.21;45600.0
2009-08-07;31.53;31.7899;31.26;31.5;45800.0
2009-08-10;31.75;31.92;31.6;31.83;46500.0
2009-08-11;31.76;31.92;31.45;31.62;44400.0
2009-08-12;31.75;32.42;31.75;32.29;43000.0
2009-08-13;32.3;33.02;32.03;32.46;40500.0
2009-08-14;32.58;32.99;32.1;32.21;23000.0
2009-08-17;31.74;32.002;31.2501;31.77;47500.0
2009-08-18;31.84;32.45;31.28;32.39;25400.0
2009-08-19;32.53;33.44;31.24;33.44;32400.0
2009-08-20;33.56;33.56;33.0;33.35;28300.0
2009-08-21;33.66;33.92;33.0;33.79;36200.0
2009-08-24;33.97;36.35;33.65;34.54;49600.0
2009-08-25;34.82;35.98;34.74;34.74;123300.0
2009-08-26;34.81;35.4;34.2;35.0;19700.0
2009-08-27;34.63;35.25;34.63;34.98;14600.0
2009-08-28;35.02;36.12;34.99;34.99;27900.0
2009-08-31;34.61;35.25;34.3;34.31;19600.0
2009-09-01;34.0;34.65;33.0;33.3;47300.0
2009-09-02;33.15;33.695;32.96;33.0;60100.0
2009-09-03;33.31;34.14;32.34;33.33;122900.0
2009-09-04;33.34;34.7445;33.34;34.37;28100.0
2009-09-08;34.5;35.64;34.49;35.28;45600.0
2009-09-09;35.44;37.6;34.75;37.32;40200.0
2009-09-10;37.76;38.34;36.12;37.99;52300.0
2009-09-11;38.7;39.1;37.75;38.49;35500.0
2009-09-14;38.5;38.5;37.5;38.27;38600.0
2009-09-15;38.27;38.69;37.81;38.06;12500.0
2009-09-16;38.06;38.88;37.66;38.88;55100.0
2009-09-17;38.88;39.43;38.1201;39.4;15100.0
2009-09-18;39.45;39.92;38.2;39.67;47400.0
2009-09-21;39.2;39.99;39.065;39.54;22600.0
2009-09-22;39.69;40.42;39.3;40.11;61100.0
2009-09-23;40.38;40.38;39.55;39.55;36700.0
2009-09-24;39.41;39.59;38.51;38.76;38500.0
2009-09-25;37.91;38.24;36.24;38.06;37100.0
2009-09-28;39.15;41.52;38.16;40.56;36600.0
2009-09-29;40.74;41.3;38.811;40.1;19300.0
2009-09-30;40.105;40.35;38.69;39.01;48900.0
2009-10-01;39.01;39.01;37.76;38.25;16700.0
2009-10-02;37.86;40.31;37.0001;39.1;54200.0
2009-10-05;39.39;41.85;39.39;40.61;51400.0
2009-10-06;40.97;41.7;40.4;41.04;28900.0
2009-10-07;41.49;41.59;40.34;40.82;15100.0
2009-10-08;41.22;42.0;41.031;41.56;31000.0
2009-10-09;41.5;43.98;41.5;43.18;32500.0
2009-10-12;43.14;43.78;42.08;42.37;21600.0
2009-10-13;42.04;42.76;40.68;41.69;19100.0
2009-10-14;42.2;43.82;40.194;43.7;48300.0
2009-10-15;43.26;44.35;42.5;44.16;28800.0
2009-10-16;43.9;43.9;42.71;42.81;18300.0
2009-10-19;42.73;44.02;41.711;44.02;35700.0
2009-10-20;44.4;44.87;43.15;44.24;47600.0
2009-10-21;44.35;45.5;43.7;44.53;70000.0
2009-10-22;44.33;47.01;44.01;46.87;62600.0
2009-10-23;46.72;48.35;44.0;47.68;119700.0
2009-10-26;48.4;49.0;45.2188;45.47;70800.0
2009-10-27;45.47;46.93;44.0;45.38;36900.0
2009-10-28;45.45;45.8;43.0;43.0;30300.0
2009-10-29;43.2;44.8;42.24;43.65;33300.0
2009-10-30;44.04;46.34;41.71;43.79;76800.0
2009-11-02;43.83;45.61;43.0118;43.41;60600.0
2009-11-03;43.23;43.6604;41.82;43.47;24400.0
2009-11-04;43.75;44.88;42.91;43.3;30400.0
2009-11-05;43.78;45.74;43.63;44.53;36700.0
2009-11-06;45.04;45.71;43.6;43.97;34500.0
2009-11-09;44.6;46.85;44.6;46.55;40300.0
2009-11-10;46.46;46.8;44.1;44.84;62600.0
2009-11-11;44.65;46.0;44.32;44.59;37700.0
2009-11-12;44.45;44.6;43.2;43.32;19700.0
2009-11-13;43.67;44.14;42.84;43.76;20300.0
2009-11-16;43.85;44.89;43.81;43.96;26100.0
2009-11-17;43.65;44.34;42.86;43.78;27700.0
2009-11-18;43.92;44.41;42.8;43.2;21400.0
2009-11-19;43.0;43.62;42.02;43.14;46400.0
2009-11-20;42.66;43.26;42.57;42.91;26300.0
2009-11-23;43.55;45.0;42.88;44.92;37800.0
2009-11-24;44.81;45.395;43.33;45.17;18000.0
2009-11-25;45.31;46.14;44.48;44.52;26400.0
2009-11-27;43.35;45.52;42.5601;43.99;15600.0
2009-11-30;44.14;45.67;44.14;45.45;28200.0
2009-12-01;46.45;47.73;45.98;47.43;48900.0
2009-12-02;47.5;48.22;46.21;46.78;23600.0
2009-12-03;46.79;46.99;44.75;45.13;22300.0
2009-12-04;45.57;45.9;43.54;44.83;50800.0
2009-12-07;44.69;44.845;41.72;43.3;56700.0
2009-12-08;43.16;43.16;42.05;42.11;30500.0
2009-12-09;42.25;42.49;41.01;42.07;33800.0
2009-12-10;42.07;42.07;41.03;41.09;47300.0
2009-12-11;41.49;42.035;41.17;41.52;17200.0
2009-12-14;41.54;42.42;41.38;41.83;41400.0
2009-12-15;41.94;44.2;41.94;42.95;39000.0
2009-12-16;43.13;43.95;42.04;43.02;26500.0
2009-12-17;42.99;43.87;42.7;42.82;34200.0
2009-12-18;43.1;43.99;42.52;43.54;38900.0
2009-12-21;43.41;45.2;43.41;45.14;39200.0
2009-12-22;45.14;45.32;43.98;44.83;18400.0
2009-12-23;45.16;45.96;45.0;45.06;20800.0
2009-12-24;45.06;45.39;45.01;45.39;2100.0
2009-12-28;45.76;45.79;45.09;45.31;10600.0
2009-12-29;45.56;45.97;44.934;45.6;18500.0
2009-12-30;45.55;46.06;44.86;45.72;24400.0
2009-12-31;45.84;45.94;44.91;45.08;18300.0
2010-01-04;45.53;47.75;45.53;47.24;25100.0
2010-01-05;47.41;47.54;46.4711;46.52;18100.0
2010-01-06;46.37;47.0;46.0;46.32;19100.0
2010-01-07;46.51;48.23;46.3;47.92;28200.0
2010-01-08;47.93;48.5;47.14;48.43;23300.0
2010-01-11;48.52;49.495;48.5;49.32;23200.0
2010-01-12;48.87;49.35;47.875;48.34;27500.0
2010-01-13;48.65;50.5;47.09;49.84;30500.0
2010-01-14;49.56;51.14;49.25;50.93;37400.0
2010-01-15;51.17;51.38;49.5;50.99;42300.0
2010-01-19;51.0;53.79;50.99;53.71;58900.0
2010-01-20;53.55;53.9;51.8;52.39;96500.0
2010-01-21;52.62;54.0;52.06;52.68;34000.0
2010-01-22;52.68;53.965;51.07;51.83;32300.0
2010-01-25;52.56;53.58;51.83;52.73;33900.0
2010-01-26;52.3;53.64;48.47;48.94;59400.0
2010-01-27;48.85;52.37;47.42;51.86;45600.0
2010-01-28;52.68;52.68;49.86;49.97;22500.0
2010-01-29;50.39;51.57;50.255;50.54;20100.0
2010-02-01;50.72;50.75;49.02;49.46;44500.0
2010-02-02;49.58;49.6;48.72;48.72;41500.0
2010-02-03;48.76;48.82;48.01;48.4;20800.0
2010-02-04;48.21;49.99;46.505;46.9;30300.0
2010-02-05;46.77;47.68;46.0163;47.1;11700.0
2010-02-08;46.47;46.92;45.5;45.82;18600.0
2010-02-09;46.47;46.77;45.47;46.51;15300.0
2010-02-10;46.19;46.19;45.3408;46.15;16600.0
2010-02-11;45.78;46.9099;45.78;46.54;16100.0
2010-02-12;46.15;47.67;45.56;47.06;14000.0
2010-02-16;47.01;49.0;47.0;49.0;18000.0
2010-02-17;49.0;49.0;48.01;48.78;12500.0
2010-02-18;48.89;48.89;48.39;48.72;15900.0
2010-02-19;48.74;49.39;48.21;49.38;28100.0
2010-02-22;49.99;49.99;48.61;49.55;12200.0
2010-02-23;49.82;51.91;49.5301;50.48;37500.0
2010-02-24;50.92;52.69;49.96;52.21;17900.0
2010-02-25;51.75;51.75;50.56;51.47;8700.0
2010-02-26;46.98;46.98;42.53;42.53;166100.0
2010-03-01;42.54;43.63;42.53;43.19;94100.0
2010-03-02;43.5;44.83;43.5;44.53;66200.0
2010-03-03;44.55;46.4;44.55;45.79;49300.0
2010-03-04;45.93;46.17;44.9;45.46;7000.0
2010-03-05;45.55;46.48;45.51;45.94;22600.0
2010-03-08;45.92;46.2;45.6;45.76;17900.0
2010-03-09;45.76;45.7614;44.92;45.16;39700.0
2010-03-10;45.33;45.74;44.8;45.11;18200.0
2010-03-11;44.94;45.45;44.8001;45.06;18400.0
2010-03-12;44.8;45.35;44.8;45.3;21200.0
2010-03-15;45.28;45.28;44.8;45.04;20600.0
2010-03-16;45.3;45.3;44.53;44.97;37500.0
2010-03-17;45.04;45.2;44.87;45.03;20400.0
2010-03-18;44.83;45.28;44.8;44.94;13400.0
2010-03-19;45.28;45.79;44.9;45.6;49100.0
2010-03-22;45.48;47.4599;45.48;47.17;24400.0
2010-03-23;47.35;47.35;44.91;45.06;33500.0
2010-03-24;44.89;45.17;44.8801;45.02;23100.0
2010-03-25;44.965;45.1;44.81;44.81;27200.0
2010-03-26;44.8;44.89;44.34;44.34;40100.0
2010-03-29;44.13;44.34;43.22;43.72;34600.0
2010-03-30;43.66;43.99;43.08;43.15;12900.0
2010-03-31;43.21;43.21;41.0;41.16;33900.0
2010-04-01;41.25;42.135;41.12;41.58;15000.0
2010-04-05;41.47;41.87;40.82;41.24;17100.0
2010-04-06;41.0;41.47;40.66;41.02;15900.0
2010-04-07;40.76;41.0199;39.17;39.6;37200.0
2010-04-08;39.37;39.85;38.17;39.2;32800.0
2010-04-09;39.1;39.36;38.27;38.33;16100.0
2010-04-12;38.56;38.95;38.0;38.03;26100.0
2010-04-13;38.2;38.2;37.05;37.09;29300.0
2010-04-14;37.37;37.71;37.1501;37.59;12300.0
2010-04-15;37.72;38.659;37.61;38.65;22900.0
2010-04-16;38.61;39.1;38.5;39.01;34500.0
2010-04-19;38.91;39.5;38.91;39.14;33600.0
2010-04-20;39.38;39.63;38.5;39.32;31400.0
2010-04-21;39.31;40.07;38.87;39.7;18100.0
2010-04-22;39.39;39.88;39.11;39.88;26300.0
2010-04-23;39.9;39.9;39.5;39.632;25600.0
2010-04-26;39.56;39.86;39.28;39.76;39300.0
2010-04-27;39.7;40.14;39.25;39.44;38400.0
2010-04-28;39.54;39.85;39.48;39.75;14700.0
2010-04-29;39.82;41.4;39.82;41.4;24300.0
2010-04-30;41.25;41.37;39.5001;40.19;28500.0
2010-05-03;39.56;41.92;39.56;41.46;24200.0
2010-05-04;41.03;41.07;39.51;39.86;40200.0
2010-05-05;38.99;40.44;37.936;39.94;35200.0
2010-05-06;39.92;41.57;38.97;39.23;29300.0
2010-05-07;38.99;39.83;37.65;38.5;29500.0
2010-05-10;39.46;41.35;39.46;41.33;21300.0
2010-05-11;40.81;41.35;39.65;39.87;9600.0
2010-05-12;40.02;40.4;39.48;40.27;34700.0
2010-05-13;40.05;40.14;39.5;40.09;10600.0
2010-05-14;39.22;39.89;38.7;39.02;44000.0
2010-05-17;39.32;39.72;38.71;39.24;36500.0
2010-05-18;39.54;39.86;38.66;38.7;20500.0
2010-05-19;38.98;39.82;38.4;39.41;24100.0
2010-05-20;38.68;39.41;37.45;37.6;38700.0
2010-05-21;37.11;37.25;35.8;36.64;39300.0
2010-05-24;36.79;37.3;35.87;36.78;13300.0
2010-05-25;35.95;38.18;35.95;37.1;13200.0
2010-05-26;37.11;38.55;37.11;37.96;14500.0
2010-05-27;38.74;38.77;37.22;38.77;11700.0
2010-05-28;38.77;38.83;38.19;38.31;11700.0
2010-06-01;37.3;38.88;36.55;37.03;20500.0
2010-06-02;36.33;38.71;36.2;38.69;30000.0
2010-06-03;38.51;39.29;38.0;39.15;20300.0
2010-06-04;38.06;38.8999;36.91;37.1;19500.0
2010-06-07;37.17;37.49;36.5;36.64;10100.0
2010-06-08;37.44;37.44;34.57;35.1;30200.0
2010-06-09;35.31;35.7;34.5;34.82;29000.0
2010-06-10;34.27;35.67;34.27;35.59;18800.0
2010-06-11;35.49;35.59;35.01;35.56;9800.0
2010-06-14;35.58;35.77;34.98;35.43;16700.0
2010-06-15;35.56;37.2;35.21;37.07;38900.0
2010-06-16;36.71;36.93;35.81;35.93;13500.0
2010-06-17;35.89;36.05;35.43;35.81;5000.0
2010-06-18;36.08;36.41;35.38;36.05;20300.0
2010-06-21;35.81;36.6;35.35;35.42;11200.0
2010-06-22;35.58;35.58;34.33;34.33;10200.0
2010-06-23;34.39;35.2;34.01;35.0;5900.0
2010-06-24;34.91;35.15;34.57;34.7;9500.0
2010-06-25;34.96;37.94;34.45;37.43;114600.0
2010-06-28;36.5;36.5;35.35;35.81;16000.0
2010-06-29;35.26;35.26;33.84;33.86;29200.0
2010-06-30;33.86;34.1;31.82;31.82;41800.0
2010-07-01;31.86;31.86;30.54;31.11;21700.0
2010-07-02;31.48;31.48;30.8499;31.02;12400.0
2010-07-06;31.64;31.9;30.24;30.25;22400.0
2010-07-07;30.01;31.68;30.01;31.68;27900.0
2010-07-08;31.88;32.19;30.3725;32.19;17200.0
2010-07-09;32.03;33.64;32.03;33.44;15700.0
2010-07-12;33.35;33.3585;32.71;32.71;8000.0
2010-07-13;32.72;34.52;32.72;34.5;13600.0
2010-07-14;34.7985;34.8;34.32;34.59;3000.0
2010-07-15;34.8;34.8;33.5;33.68;10400.0
2010-07-16;33.34;33.34;31.2;31.2;11900.0
2010-07-19;31.21;31.775;30.61;31.18;23000.0
2010-07-20;30.73;31.97;30.5;31.97;13000.0
2010-07-21;31.97;32.21;30.77;30.93;10000.0
2010-07-22;31.49;32.74;31.02;32.71;18100.0
2010-07-23;32.58;35.9001;32.58;35.73;21300.0
2010-07-26;36.0;37.69;34.7201;37.57;25700.0
2010-07-27;34.99;38.1015;34.99;36.98;14200.0
2010-07-28;35.05;36.67;35.05;36.53;6400.0
2010-07-29;36.0;37.18;35.935;36.21;6400.0
2010-07-30;35.83;35.88;35.09;35.51;20300.0
2010-08-02;35.98;36.527;35.3;36.1;13200.0
2010-08-03;36.1;36.77;36.1;36.22;14300.0
2010-08-04;36.81;37.01;35.26;35.85;28600.0
2010-08-05;35.59;35.7101;34.27;34.27;9200.0
2010-08-06;33.91;33.91;32.1;33.09;12100.0
2010-08-09;33.48;34.24;32.8799;34.11;23100.0
2010-08-10;33.83;34.13;32.5;32.52;14000.0
2010-08-11;32.0;32.37;29.181;29.21;49500.0
2010-08-12;28.79;29.65;28.66;29.18;20700.0
2010-08-13;28.99;29.4;28.6;28.76;14800.0
2010-08-16;29.17;30.0;28.83;29.61;29400.0
2010-08-17;29.85;30.16;29.32;29.55;21200.0
2010-08-18;29.38;29.38;28.11;28.26;15200.0
2010-08-19;28.29;28.49;27.35;28.15;42200.0
2010-08-20;27.94;28.36;27.11;27.11;30100.0
2010-08-23;27.42;27.702;26.54;26.65;10500.0
2010-08-24;26.28;27.16;26.28;26.8;14000.0
2010-08-25;26.53;27.0;26.51;26.82;29900.0
2010-08-26;26.62;26.9;26.62;26.76;15700.0
2010-08-27;26.65;27.61;26.65;27.46;33900.0
2010-08-30;28.3699;28.3699;27.76;27.85;41300.0
2010-08-31;27.91;28.79;27.9;28.08;30100.0
2010-09-01;28.59;28.59;27.8401;28.35;30600.0
2010-09-02;28.46;28.58;28.0;28.52;13500.0
2010-09-03;28.95;28.95;28.27;28.68;17400.0
2010-09-07;28.61;28.895;28.61;28.75;10400.0
2010-09-08;28.75;29.1;28.33;28.43;9900.0
2010-09-09;28.97;29.09;28.6;28.9;8600.0
2010-09-10;28.92;29.6;28.83;29.12;7900.0
2010-09-13;29.43;30.54;29.23;30.34;11200.0
2010-09-14;30.04;30.31;29.83;30.2;9400.0
2010-09-15;30.11;30.68;29.81;30.46;7300.0
2010-09-16;30.48;30.89;30.38;30.38;5600.0
2010-09-17;30.81;32.75;30.67;32.38;26900.0
2010-09-20;32.37;33.7099;32.37;33.38;18600.0
2010-09-21;33.25;33.25;32.15;32.41;20700.0
2010-09-22;32.35;32.39;31.66;31.88;19500.0
2010-09-23;31.75;32.11;31.7;31.78;6600.0
2010-09-24;32.38;33.25;31.11;33.25;12300.0
2010-09-27;33.42;33.78;32.96;33.39;6900.0
2010-09-28;33.5;34.59;33.5;34.59;9100.0
2010-09-29;34.64;35.41;34.64;35.41;9100.0
2010-09-30;35.45;35.67;34.43;35.27;12900.0
2010-10-01;35.68;35.68;35.04;35.46;8400.0
2010-10-04;33.34;35.71;32.4;35.39;16300.0
2010-10-05;35.1401;36.16;35.02;36.13;13100.0
2010-10-06;36.13;36.41;36.0;36.19;10400.0
2010-10-07;36.41;36.48;35.89;36.22;10700.0
2010-10-08;35.16;37.215;35.16;37.18;10300.0
2010-10-11;37.18;37.31;37.14;37.31;4000.0
2010-10-12;37.03;37.03;36.35;36.83;14900.0
2010-10-13;36.91;37.18;36.66;37.16;16400.0
2010-10-14;37.0;37.92;37.0;37.71;5400.0
2010-10-15;38.23;39.06;38.23;38.95;14000.0
2010-10-18;39.25;39.93;39.24;39.9;13300.0
2010-10-19;39.42;39.76;38.69;38.69;8100.0
2010-10-20;38.86;39.13;37.23;38.24;12100.0
2010-10-21;38.33;38.33;37.79;37.9;9400.0
2010-10-22;37.91;38.48;37.91;38.31;6300.0
2010-10-25;38.41;38.41;37.75;37.86;11400.0
2010-10-26;37.81;38.56;37.48;38.5;6500.0
2010-10-27;38.24;38.24;37.23;37.42;7200.0
2010-10-28;37.72;37.72;37.23;37.23;4600.0
2010-10-29;36.97;36.97;34.47;35.25;19600.0
2010-11-01;35.41;35.65;34.48;34.7;14700.0
2010-11-02;35.0;35.58;35.0;35.49;18500.0
2010-11-03;35.62;36.1;34.98;35.0;12600.0
2010-11-04;35.15;35.4399;34.56;35.04;13900.0
2010-11-05;34.92;34.92;33.81;33.89;12100.0
2010-11-08;33.61;33.61;32.82;33.3;21200.0
2010-11-09;33.11;33.11;32.78;32.88;17000.0
2010-11-10;32.85;33.25;32.8;33.12;25400.0
2010-11-11;32.87;33.0;32.43;32.83;31300.0
2010-11-12;32.5;32.92;32.1;32.2;12400.0
2010-11-15;32.31;32.6;32.23;32.6;11900.0
2010-11-16;32.55;32.68;31.81;31.85;13400.0
2010-11-17;31.75;31.8;30.85;31.06;13700.0
2010-11-18;31.44;31.75;31.44;31.75;6200.0
2010-11-19;31.81;31.81;31.39;31.52;10500.0
2010-11-22;31.29;31.3799;30.01;30.18;24500.0
2010-11-23;30.05;30.11;29.6;29.78;12000.0
2010-11-24;29.78;29.919;29.721;29.9;27000.0
2010-11-26;29.88;30.09;29.56;29.98;3700.0
2010-11-29;30.0;30.3;29.81;29.94;19200.0
2010-11-30;30.0;31.22;29.805;30.37;23800.0
2010-12-01;30.5;31.84;30.5;31.0;28000.0
2010-12-02;31.0;32.88;30.79;32.8;34900.0
2010-12-03;32.69;33.03;32.66;32.83;7100.0
2010-12-06;32.61;33.06;32.61;32.9;8600.0
2010-12-07;33.004;33.379;32.81;32.98;9100.0
2010-12-08;32.49;32.93;32.3;32.83;7700.0
2010-12-09;33.15;33.39;32.15;33.36;9200.0
2010-12-10;33.46;33.74;32.56;33.49;7800.0
2010-12-13;33.55;33.55;32.99;33.14;5700.0
2010-12-14;33.15;34.49;32.92;33.93;68200.0
2010-12-15;33.75;34.38;33.02;33.03;12100.0
2010-12-16;33.56;34.3;32.54;34.08;49500.0
2010-12-17;34.0;34.02;33.3;33.73;21800.0
2010-12-20;33.78;34.2;33.74;33.82;15800.0
2010-12-21;34.0;34.3;33.801;34.1;6300.0
2010-12-22;34.12;34.24;33.76;34.03;4500.0
2010-12-23;34.02;34.02;33.83;33.83;3900.0
2010-12-27;33.59;34.09;33.59;34.09;3700.0
2010-12-28;33.97;34.12;33.9;34.1;8500.0
2010-12-29;34.1;34.17;33.9;33.985;5900.0
2010-12-30;34.0;34.07;33.84;33.9;20300.0
2010-12-31;33.77;33.8892;33.0;33.02;12800.0
2011-01-03;33.23;33.71;32.72;33.16;12300.0
2011-01-04;33.32;33.34;32.76;32.8;9400.0
2011-01-05;31.76;32.79;31.76;32.54;11600.0
2011-01-06;32.54;32.73;32.445;32.59;12400.0
2011-01-07;32.88;32.95;32.5;32.77;8900.0
2011-01-10;32.63;32.63;32.3724;32.44;32000.0
2011-01-11;32.47;32.49;31.57;31.91;22800.0
2011-01-12;32.03;32.33;32.03;32.23;2900.0
2011-01-13;32.11;32.222;31.9;31.9;1300.0
2011-01-14;31.95;32.25;31.5;31.56;48300.0
2011-01-18;30.5;31.66;30.41;31.07;50400.0
2011-01-19;31.0;31.47;30.58;30.68;20300.0
2011-01-20;30.79;30.97;30.16;30.16;13700.0
2011-01-21;30.37;30.63;29.9;29.9;11300.0
2011-01-24;30.01;30.4;29.79;29.91;16200.0
2011-01-25;29.91;30.65;29.91;30.38;10200.0
2011-01-26;30.64;30.99;30.48;30.9;9100.0
2011-01-27;30.97;31.06;30.7;31.04;9800.0
2011-01-28;30.99;31.0;29.93;29.93;20800.0
2011-01-31;30.25;31.03;29.88;29.91;15400.0
2011-02-01;30.29;31.1999;29.99;30.96;15200.0
2011-02-02;30.97;31.3;30.72;30.84;8100.0
2011-02-03;30.83;30.98;30.58;30.65;8100.0
2011-02-04;30.68;30.91;30.4;30.61;8700.0
2011-02-07;30.65;31.0;30.65;30.84;5000.0
2011-02-08;30.7;31.26;30.58;31.26;17500.0
2011-02-09;31.24;31.84;31.24;31.25;22600.0
2011-02-10;31.13;31.59;31.09;31.17;10900.0
2011-02-11;31.14;31.59;30.81;31.51;17900.0
2011-02-14;30.97;31.71;30.97;31.59;18400.0
2011-02-15;31.58;31.61;31.34;31.46;4800.0
2011-02-16;31.52;31.94;31.36;31.92;1500.0
2011-02-17;31.68;32.0;31.55;31.91;3100.0
2011-02-18;31.81;31.99;31.7901;31.94;9000.0
2011-02-22;31.67;31.81;30.9;30.96;9700.0
2011-02-23;31.12;31.12;30.44;30.44;7600.0
2011-02-24;30.65;30.66;30.01;30.53;18100.0
2011-02-25;29.51;29.52;26.71;27.75;54200.0
2011-02-28;27.75;27.75;26.79;27.11;32100.0
2011-03-01;26.95;27.14;26.74;26.86;15900.0
2011-03-02;26.82;26.95;26.65;26.95;8700.0
2011-03-03;27.25;28.52;27.25;28.48;14100.0
2011-03-04;28.7;28.98;28.5;28.61;11300.0
2011-03-07;28.7;29.2001;28.36;28.55;21600.0
2011-03-08;28.44;28.62;27.7;28.17;6600.0
2011-03-09;28.11;29.06;28.0;29.06;8300.0
2011-03-10;28.81;28.81;27.99;28.11;19100.0
2011-03-11;28.18;28.77;27.5;28.49;11300.0
2011-03-14;28.29;28.67;27.97;28.39;20400.0
2011-03-15;27.76;28.07;27.59;27.89;15900.0
2011-03-16;27.75;28.029;27.75;27.81;7200.0
2011-03-17;27.81;28.89;27.75;28.11;43400.0
2011-03-18;28.24;29.6;28.095;29.31;24200.0
2011-03-21;29.52;30.19;29.52;29.98;12100.0
2011-03-22;30.11;30.3;29.9;30.12;14600.0
2011-03-23;30.0306;30.25;30.0;30.07;3200.0
2011-03-24;30.14;30.14;29.14;29.31;8400.0
2011-03-25;29.32;29.6;28.54;28.71;31500.0
2011-03-28;28.91;29.4;28.07;29.15;20200.0
2011-03-29;29.35;29.689;28.999;29.33;7500.0
2011-03-30;29.36;29.78;28.341;29.67;6500.0
2011-03-31;29.67;29.93;29.6195;29.71;7000.0
2011-04-01;30.3;30.99;29.9;30.95;12500.0
2011-04-04;30.86;30.86;30.2901;30.48;3800.0
2011-04-05;30.35;31.05;30.35;30.36;7900.0
2011-04-06;30.14;30.21;30.14;30.21;1800.0
2011-04-07;30.13;30.45;29.5;29.89;22700.0
2011-04-08;30.18;30.18;28.32;28.98;16700.0
2011-04-11;29.13;30.13;29.0;30.06;10900.0
2011-04-12;30.07;30.44;29.854;30.21;17300.0
2011-04-13;30.35;30.69;28.91;29.38;23500.0
2011-04-14;29.37;29.55;28.72;29.55;18100.0
2011-04-15;29.39;30.12;28.66;29.84;19100.0
2011-04-18;29.74;30.15;29.6501;30.0;8700.0
2011-04-19;30.05;30.47;29.91;30.24;8400.0
2011-04-20;30.49;31.06;29.98;30.98;8400.0
2011-04-21;31.25;31.25;30.2;30.92;30800.0
2011-04-25;30.9;30.92;29.51;29.95;38700.0
2011-04-26;30.14;30.74;30.07;30.51;8300.0
2011-04-27;30.71;30.75;30.23;30.23;12000.0
2011-04-28;30.72;31.17;29.631;29.85;27000.0
2011-04-29;29.4;29.49;28.12;28.19;28000.0
2011-05-02;28.11;28.17;27.34;27.58;20000.0
2011-05-03;27.64;29.09;27.63;27.86;38000.0
2011-05-04;28.0;28.0;27.28;27.28;14500.0
2011-05-05;27.15;27.15;26.75;26.76;15000.0
2011-05-06;27.0;27.349;26.85;27.02;8100.0
2011-05-09;27.05;27.25;27.05;27.19;18000.0
2011-05-10;27.32;27.4;27.2;27.4;4000.0
2011-05-11;27.23;27.46;27.15;27.39;20200.0
2011-05-12;27.48;27.55;27.3;27.55;8100.0
2011-05-13;27.54;27.61;27.0;27.06;6800.0
2011-05-16;27.2;27.4;26.26;26.26;46100.0
2011-05-17;26.27;26.64;26.27;26.4;6800.0
2011-05-18;26.41;26.41;26.0;26.37;12700.0
2011-05-19;26.52;26.7;26.28;26.62;10000.0
2011-05-20;26.51;26.98;26.3;26.3;15000.0
2011-05-23;26.01;26.4;25.88;25.9;14300.0
2011-05-24;25.94;26.06;24.23;24.46;31000.0
2011-05-25;24.3;24.5;24.12;24.5;15400.0
2011-05-26;24.39;24.91;24.34;24.91;4500.0
2011-05-27;24.94;25.09;24.8;25.04;11000.0
2011-05-31;25.31;26.5;25.23;26.34;28700.0
2011-06-01;26.34;27.0;25.79;25.79;12000.0
2011-06-02;25.9;26.5;25.75;26.33;23200.0
2011-06-03;26.05;26.81;25.75;25.79;4500.0
2011-06-06;25.86;26.57;25.55;25.55;29600.0
2011-06-07;25.81;26.21;25.81;25.95;6400.0
2011-06-08;25.95;26.83;25.95;26.52;16000.0
2011-06-09;26.75;27.1;25.79;26.6;15200.0
2011-06-10;25.99;26.65;25.19;25.19;46800.0
2011-06-13;25.36;25.4;25.13;25.19;7300.0
2011-06-14;25.55;25.8;25.12;25.78;15900.0
2011-06-15;25.73;26.08;25.39;25.41;23900.0
2011-06-16;25.41;26.24;25.21;26.12;13400.0
2011-06-17;26.34;26.53;26.12;26.32;15200.0
2011-06-20;26.26;27.06;26.26;26.74;22500.0
2011-06-21;26.73;27.69;26.57;27.37;32100.0
2011-06-22;27.16;27.55;27.0;27.01;41600.0
2011-06-23;26.67;27.18;25.53;25.7;31800.0
2011-06-24;25.68;26.59;25.4;25.47;115000.0
2011-06-27;25.6;26.2;24.61;25.35;57500.0
2011-06-28;25.37;25.37;24.66;25.03;68600.0
2011-06-29;25.17;25.21;24.51;24.67;22500.0
2011-06-30;24.6;24.98;24.6;24.9;7100.0
2011-07-01;24.86;25.013;24.15;24.29;49500.0
2011-07-05;24.29;24.7;24.24;24.26;12100.0
2011-07-06;24.19;24.46;23.8;24.23;42500.0
2011-07-07;24.33;24.33;23.85;24.03;18200.0
2011-07-08;23.74;24.0;23.74;23.92;7500.0
2011-07-11;23.75;24.2092;23.75;24.04;13000.0
2011-07-12;23.82;24.25;23.78;23.855;8800.0
2011-07-13;24.05;24.16;23.75;23.93;12700.0
2011-07-14;23.99;24.51;23.0;23.14;17600.0
2011-07-15;23.17;23.41;23.05;23.05;13600.0
2011-07-18;23.0;23.004;22.26;22.26;10400.0
2011-07-19;22.31;22.46;21.72;21.93;23700.0
2011-07-20;21.93;22.07;21.78;21.79;13500.0
2011-07-21;21.97;22.58;21.31;21.61;18700.0
2011-07-22;21.54;22.45;21.54;22.44;30800.0
2011-07-25;22.06;22.39;21.89;22.01;8000.0
2011-07-26;22.0;22.0;21.65;21.81;2100.0
2011-07-27;21.73;21.73;20.99;21.0;15400.0
2011-07-28;21.08;22.05;21.08;22.05;18400.0
2011-07-29;21.9;22.0;21.05;21.05;18900.0
2011-08-01;21.18;23.85;21.18;23.48;20400.0
2011-08-02;23.52;27.58;23.5;26.83;60100.0
2011-08-03;27.09;27.09;25.95;26.51;28900.0
2011-08-04;26.33;26.5;24.92;24.92;36300.0
2011-08-05;24.97;26.044;23.68;23.86;17600.0
2011-08-08;23.62;23.84;22.78;22.89;39200.0
2011-08-09;23.1;24.91;21.01;23.73;25100.0
2011-08-10;23.58;23.58;21.6;21.77;14700.0
2011-08-11;22.0;22.15;21.3;21.7;27800.0
2011-08-12;21.7;22.3;21.0;21.73;80700.0
2011-08-15;22.0;22.77;21.0757;21.56;13400.0
2011-08-16;21.6;25.0;21.6;23.69;89800.0
2011-08-17;23.88;24.42;23.0;24.18;18300.0
2011-08-18;23.59;24.55;23.31;23.6;29400.0
2011-08-19;23.36;23.5;22.52;22.92;24900.0
2011-08-22;23.47;23.47;22.75;23.06;19900.0
2011-08-23;23.14;23.72;22.9;23.55;27000.0
2011-08-24;23.5;23.73;23.4;23.49;26100.0
2011-08-25;23.66;24.0;23.27;23.28;12300.0
2011-08-26;23.23;23.56;23.23;23.54;16000.0
2011-08-29;23.56;24.44;23.35;23.77;76100.0
2011-08-30;23.63;25.77;23.63;25.3;31700.0
2011-08-31;25.45;25.5499;23.06;24.82;28100.0
2011-09-01;25.02;25.05;24.38;24.77;25100.0
2011-09-02;24.49;24.77;23.45;23.9;20400.0
2011-09-06;23.6;24.57;23.3801;23.75;56700.0
2011-09-07;24.12;24.26;23.73;24.03;16400.0
2011-09-08;23.9;24.5999;23.62;23.62;26100.0
2011-09-09;23.47;23.63;22.95;23.19;17800.0
2011-09-12;22.64;23.01;22.38;22.82;10300.0
2011-09-13;22.87;23.621;22.87;23.5;20700.0
2011-09-14;23.55;25.02;23.5;25.0;11100.0
2011-09-15;25.22;25.7;24.7;25.02;23300.0
2011-09-16;25.25;25.8663;25.25;25.55;30000.0
2011-09-19;24.93;25.75;24.91;25.04;21500.0
2011-09-20;25.4;25.55;24.98;24.98;10800.0
2011-09-21;25.02;25.8;23.81;24.21;15300.0
2011-09-22;23.71;24.464;23.71;23.86;10100.0
2011-09-23;23.94;24.77;23.94;24.54;14800.0
2011-09-26;24.69;25.85;24.65;25.73;29600.0
2011-09-27;26.0;26.27;25.75;26.0;21300.0
2011-09-28;25.9;26.31;24.68;24.68;26300.0
2011-09-29;25.21;25.88;25.02;25.86;13400.0
2011-09-30;25.58;26.16;25.11;25.88;15300.0
2011-10-03;27.0;27.25;25.1;25.2;30500.0
2011-10-04;25.1;28.5;25.1;28.23;51000.0
2011-10-05;28.12;28.65;28.0;28.49;16600.0
2011-10-06;28.49;28.75;27.9;28.26;30200.0
2011-10-07;28.59;28.76;27.53;27.64;16100.0
2011-10-10;28.33;28.6364;27.46;28.0;29500.0
2011-10-11;27.88;28.59;27.55;28.52;42300.0
2011-10-12;28.74;29.83;28.47;29.83;22100.0
2011-10-13;29.74;30.0;29.31;30.0;13300.0
2011-10-14;30.5;30.67;29.66;30.33;26100.0
2011-10-17;30.04;30.6;29.1;29.64;43300.0
2011-10-18;29.89;30.68;29.1;30.68;79400.0
2011-10-19;30.9399;30.9399;29.79;29.79;22600.0
2011-10-20;29.44;29.92;28.25;29.32;31900.0
2011-10-21;29.95;29.98;28.99;29.88;9400.0
2011-10-24;29.51;30.0;29.5022;29.79;9400.0
2011-10-25;29.65;29.65;27.95;27.95;11500.0
2011-10-26;25.51;29.8;25.51;28.72;15500.0
2011-10-27;29.49;30.74;28.43;30.19;29500.0
2011-10-28;29.97;29.97;25.69;25.88;54800.0
2011-10-31;26.01;26.18;24.32;24.32;26200.0
2011-11-01;23.93;25.58;23.93;24.02;43000.0
2011-11-02;24.35;24.48;24.25;24.43;24000.0
2011-11-03;24.77;26.43;24.561;26.42;16000.0
2011-11-04;26.22;26.22;25.07;25.83;28300.0
2011-11-07;25.94;26.0;25.5201;25.81;5300.0
2011-11-08;26.14;26.14;25.79;25.94;5500.0
2011-11-09;25.39;25.4;24.23;24.43;11800.0
2011-11-10;24.91;24.91;24.22;24.51;7700.0
2011-11-11;24.58;25.3;24.53;25.21;19800.0
2011-11-14;25.01;25.01;24.17;24.36;9200.0
2011-11-15;24.6;24.7;24.15;24.5;19100.0
2011-11-16;24.49;25.177;24.36;24.36;11000.0
2011-11-17;24.42;24.84;23.93;23.98;11200.0
2011-11-18;24.01;25.87;23.86;25.02;61100.0
2011-11-21;24.59;24.98;24.59;24.62;6400.0
2011-11-22;24.62;25.24;24.16;24.16;9000.0
2011-11-23;24.12;24.1229;23.72;23.75;9300.0
2011-11-25;23.65;24.11;23.65;23.75;3200.0
2011-11-28;24.57;24.88;24.29;24.8;8400.0
2011-11-29;25.27;25.27;24.38;24.38;4500.0
2011-11-30;25.19;26.09;24.23;26.09;22500.0
2011-12-01;25.91;25.91;25.056;25.06;17100.0
2011-12-02;25.51;25.52;25.1001;25.5;13000.0
2011-12-05;25.79;25.79;25.28;25.5;12200.0
2011-12-06;25.48;25.48;24.47;24.67;17200.0
2011-12-07;24.43;25.19;24.29;25.05;20200.0
2011-12-08;24.89;25.22;24.07;24.08;19700.0
2011-12-09;24.13;25.47;24.13;25.32;8200.0
2011-12-12;25.02;25.18;24.4;24.48;8200.0
2011-12-13;25.16;25.16;23.89;24.02;5000.0
2011-12-14;23.62;23.62;22.04;23.06;20300.0
2011-12-15;23.0;23.0;22.35;22.92;16300.0
2011-12-16;23.17;23.58;22.47;22.92;24100.0
2011-12-19;23.15;23.84;22.32;22.32;9400.0
2011-12-20;22.84;23.16;22.73;23.12;15200.0
2011-12-21;22.7;23.01;22.61;22.93;6900.0
2011-12-22;22.93;23.05;22.93;23.01;9600.0
2011-12-23;23.09;23.36;22.79;23.2;37700.0
2011-12-27;23.15;23.57;23.148;23.31;18600.0
2011-12-28;23.35;23.82;23.15;23.16;21200.0
2011-12-29;23.22;23.97;23.22;23.97;6200.0
2011-12-30;23.96;24.4;23.7501;24.28;25200.0
2012-01-03;24.64;25.29;24.64;25.22;15600.0
2012-01-04;24.98;25.36;24.88;24.89;8600.0
2012-01-05;24.71;24.75;23.86;24.67;20300.0
2012-01-06;24.56;24.87;24.09;24.26;93900.0
2012-01-09;24.49;24.75;23.91;24.14;17700.0
2012-01-10;24.47;24.98;24.43;24.8;6100.0
2012-01-11;24.66;24.94;24.56;24.68;2900.0
2012-01-12;24.58;24.8;24.09;24.41;7200.0
2012-01-13;23.97;24.3704;23.51;23.83;7000.0
2012-01-17;24.15;24.75;23.97;24.35;16300.0
2012-01-18;24.51;25.16;24.51;24.98;8100.0
2012-01-19;25.02;25.02;24.87;24.89;3300.0
2012-01-20;24.95;25.045;24.08;24.41;5900.0
2012-01-23;24.42;24.43;23.97;24.06;5300.0
2012-01-24;24.05;24.204;23.98;24.07;10600.0
2012-01-25;23.99;24.79;23.81;24.79;5400.0
2012-01-26;24.89;25.67;24.54;25.11;11400.0
2012-01-27;25.09;25.99;25.09;25.7592;3800.0
2012-01-30;26.12;26.33;25.71;25.74;23600.0
2012-01-31;25.97;26.35;25.7601;26.21;10000.0
2012-02-01;26.4;27.02;26.4;26.98;10100.0
2012-02-02;26.88;26.88;26.42;26.75;6200.0
2012-02-03;26.99;27.07;26.38;26.74;17000.0
2012-02-06;26.49;26.91;26.49;26.71;1900.0
2012-02-07;26.72;26.9;26.55;26.73;3600.0
2012-02-08;26.72;27.12;26.72;27.12;3400.0
2012-02-09;26.59;27.15;26.59;27.14;6400.0
2012-02-10;26.66;27.04;26.57;26.57;5200.0
2012-02-13;26.7;27.2;26.65;26.75;7900.0
2012-02-14;26.54;26.54;25.97;26.06;18000.0
2012-02-15;26.32;26.32;25.12;25.18;6800.0
2012-02-16;25.42;25.77;25.243;25.77;2800.0
2012-02-17;25.74;26.71;25.64;26.54;11900.0
2012-02-21;26.66;26.9;26.0701;26.15;2600.0
2012-02-22;26.03;26.14;25.81;25.84;4400.0
2012-02-23;25.65;26.6499;25.65;26.52;4600.0
2012-02-24;26.77;26.77;25.79;25.79;6300.0
2012-02-27;25.76;25.79;25.41;25.53;3900.0
2012-02-28;25.5;25.9099;24.82;25.62;13800.0
2012-02-29;25.69;26.08;24.43;24.43;13500.0
2012-03-01;24.72;24.899;23.86;23.86;16500.0
2012-03-02;23.96;24.01;22.63;22.85;17200.0
2012-03-05;22.85;23.6775;22.85;23.44;7600.0
2012-03-06;22.98;23.38;22.98;23.02;8700.0
2012-03-07;23.25;23.25;22.8;22.99;5000.0
2012-03-08;23.17;23.41;22.96;23.21;8500.0
2012-03-09;23.15;23.58;23.15;23.31;7300.0
2012-03-12;23.24;23.31;23.0;23.01;2300.0
2012-03-13;23.18;23.67;23.0819;23.6;5900.0
2012-03-14;23.6;24.7;23.6;24.15;7700.0
2012-03-15;24.74;24.74;24.17;24.5;5500.0
2012-03-16;24.4;25.0;24.25;24.34;23800.0
2012-03-19;24.48;25.01;24.31;24.34;11800.0
2012-03-20;24.27;24.62;23.86;23.86;7100.0
2012-03-21;23.96;24.3;23.84;24.14;3900.0
2012-03-22;23.81;24.14;23.561;23.77;5100.0
2012-03-23;23.63;24.19;23.511;24.15;6500.0
2012-03-26;24.36;25.27;24.085;24.86;9000.0
2012-03-27;25.15;25.2216;24.52;25.09;9800.0
2012-03-28;25.16;25.16;24.44;24.53;16100.0
2012-03-29;24.77;24.99;24.12;24.6;17800.0
2012-03-30;24.81;25.13;24.6;24.81;9500.0
2012-04-02;24.71;24.93;24.473;24.86;7500.0
2012-04-03;24.7;24.7;23.47;23.66;9100.0
2012-04-04;23.5;23.71;23.28;23.28;10500.0
2012-04-05;23.13;23.29;23.13;23.13;4600.0
2012-04-09;23.0;23.04;22.65;22.66;7600.0
2012-04-10;22.73;22.73;21.85;21.85;13600.0
2012-04-11;21.85;21.85;21.5;21.85;10400.0
2012-04-12;21.85;22.24;21.85;22.07;7500.0
2012-04-13;22.01;22.05;21.22;21.22;9100.0
2012-04-16;21.38;23.56;21.38;22.94;7600.0
2012-04-17;23.034;23.74;23.034;23.5;6900.0
2012-04-18;23.5;23.5001;23.17;23.28;9800.0
2012-04-19;23.37;23.5;22.991;23.39;5400.0
2012-04-20;24.25;24.62;24.25;24.32;16200.0
2012-04-23;24.25;24.54;23.89;23.89;12600.0
2012-04-24;24.03;24.342;23.77;24.0;3100.0
2012-04-25;24.2;24.2;22.86;22.9;11500.0
2012-04-26;22.73;22.73;21.8;22.07;10200.0
2012-04-27;22.24;22.48;22.09;22.36;6100.0
2012-04-30;22.34;22.34;22.0;22.0;6300.0
2012-05-01;23.26;24.68;23.26;23.55;30000.0
2012-05-02;23.56;23.97;23.4;23.47;7300.0
2012-05-03;23.86;24.2;23.585;24.07;14000.0
2012-05-04;24.13;24.23;23.71;24.01;10000.0
2012-05-07;24.0;24.229;23.64;23.92;21000.0
2012-05-08;23.75;23.75;23.3108;23.62;6700.0
2012-05-09;23.31;23.43;23.18;23.22;3100.0
2012-05-10;23.32;23.749;22.93;23.33;17000.0
2012-05-11;23.19;23.19;22.85;22.99;9200.0
2012-05-14;22.74;23.15;22.47;22.73;14800.0
2012-05-15;22.62;22.92;22.62;22.76;3400.0
2012-05-16;23.08;23.08;22.56;22.56;2000.0
2012-05-17;22.81;22.81;21.62;21.71;12800.0
2012-05-18;21.62;21.62;21.01;21.06;17800.0
2012-05-21;21.15;21.37;21.0;21.31;10300.0
2012-05-22;21.33;21.4048;20.75;20.76;6000.0
2012-05-23;20.72;21.46;20.58;21.42;18000.0
2012-05-24;25.25;26.44;23.0;23.23;79000.0
2012-05-25;23.31;23.31;22.65;22.86;11000.0
2012-05-29;22.95;23.34;22.7;23.11;9100.0
2012-05-30;23.225;24.0799;23.225;23.87;14300.0
2012-05-31;23.67;24.58;23.61;24.55;26500.0
2012-06-01;24.07;24.59;23.89;24.19;16100.0
2012-06-04;24.32;24.32;23.8201;24.07;5800.0
2012-06-05;24.0;24.676;24.0;24.42;10400.0
2012-06-06;24.05;25.41;23.81;25.41;24800.0
2012-06-07;25.4;25.88;25.22;25.64;25800.0
2012-06-08;25.36;25.36;24.9101;25.1;10900.0
2012-06-11;25.1;25.1;24.55;24.7;9100.0
2012-06-12;24.71;25.09;24.685;24.97;3800.0
2012-06-13;24.75;25.1;24.6;24.6;4500.0
2012-06-14;24.63;25.05;24.51;24.84;3800.0
2012-06-15;24.63;25.06;24.51;24.98;11500.0
2012-06-18;24.96;25.1;24.75;25.1;10900.0
2012-06-19;25.1;25.1;24.82;25.09;28400.0
2012-06-20;25.1;25.1;24.3;24.47;50400.0
2012-06-21;24.35;24.68;24.17;24.3;9100.0
2012-06-22;24.22;24.79;24.09;24.34;58400.0
2012-06-25;24.13;24.15;23.65;23.8;4300.0
2012-06-26;23.71;24.24;23.71;23.75;27700.0
2012-06-27;24.01;24.01;23.45;23.65;5200.0
2012-06-28;23.58;23.73;23.271;23.44;2400.0
2012-06-29;23.6;23.99;23.6;23.79;37600.0
2012-07-02;23.71;24.16;23.6;23.95;45800.0
2012-07-03;23.83;24.19;23.83;24.0;10700.0
2012-07-05;24.08;24.19;23.242;23.65;10400.0
2012-07-06;23.59;24.055;23.5;23.69;30000.0
2012-07-09;23.87;23.9;23.51;23.64;7800.0
2012-07-10;24.08;24.08;23.55;23.69;16000.0
2012-07-11;23.61;24.0;23.6;23.67;11400.0
2012-07-12;23.64;23.83;23.35;23.35;7300.0
2012-07-13;23.37;23.75;23.18;23.59;18100.0
2012-07-16;23.53;25.0;23.5;24.05;11900.0
2012-07-17;24.1;24.19;23.71;23.82;8700.0
2012-07-18;23.7;23.7;23.35;23.49;11900.0
2012-07-19;23.4999;23.9;23.3;23.3;8400.0
2012-07-20;23.14;23.25;22.52;22.52;10900.0
2012-07-23;22.4;22.46;22.04;22.04;10500.0
2012-07-24;22.18;22.21;21.77;21.77;8500.0
2012-07-25;21.98;22.47;21.74;22.0;15000.0
2012-07-26;22.03;22.37;21.842;22.1;15200.0
2012-07-27;22.23;22.67;22.23;22.58;11500.0
2012-07-30;22.61;23.07;22.07;22.91;8100.0
2012-07-31;22.84;23.4825;22.83;22.96;15500.0
2012-08-01;23.024;23.12;22.65;22.65;12800.0
2012-08-02;22.74;23.096;22.23;22.23;14500.0
2012-08-03;22.74;22.87;22.0;22.26;11300.0
2012-08-06;22.55;22.7999;22.24;22.7;8600.0
2012-08-07;22.6;22.9;22.5;22.6;6900.0
2012-08-08;22.5;22.52;22.1825;22.41;3200.0
2012-08-09;22.13;22.8;22.13;22.71;20700.0
2012-08-10;22.6611;22.71;22.51;22.51;2000.0
2012-08-13;22.66;22.72;22.332;22.46;14900.0
2012-08-14;22.42;22.64;22.28;22.28;3100.0
2012-08-15;22.3;22.77;22.08;22.69;5900.0
2012-08-16;22.72;23.249;22.69;22.82;25700.0
2012-08-17;22.7;23.3;22.7;23.2;13200.0
2012-08-20;23.2;23.38;22.68;22.99;8200.0
2012-08-21;23.0;23.2199;22.77;22.81;22100.0
2012-08-22;22.9;23.76;22.9;23.46;29500.0
2012-08-23;23.52;23.6;23.18;23.39;14500.0
2012-08-24;23.54;23.77;23.52;23.74;6000.0
2012-08-27;23.98;24.05;23.8;23.87;11300.0
2012-08-28;23.75;23.8289;23.23;23.53;13500.0
2012-08-29;23.6;23.86;23.06;23.43;13900.0
2012-08-30;23.47;23.5;23.17;23.17;3800.0
2012-08-31;22.83;23.4;22.83;23.21;10500.0
2012-09-04;23.2799;23.28;22.541;23.24;20800.0
2012-09-05;23.38;23.38;22.56;22.77;13600.0
2012-09-06;23.29;23.4;23.0;23.34;6500.0
2012-09-07;23.45;23.72;23.2;23.71;13800.0
2012-09-10;23.75;23.81;23.32;23.47;13700.0
2012-09-11;23.2801;23.6;23.1;23.46;22600.0
2012-09-12;23.46;23.6;23.16;23.51;17700.0
2012-09-13;23.46;23.85;23.3;23.84;13500.0
2012-09-14;23.81;24.25;23.8;24.1;18700.0
2012-09-17;24.1;24.24;23.9;24.02;13400.0
2012-09-18;23.87;24.05;23.27;23.97;21600.0
2012-09-19;23.9;24.16;23.69;23.88;11200.0
2012-09-20;23.57;23.86;23.49;23.72;5800.0
2012-09-21;24.05;24.05;23.6049;23.71;30900.0
2012-09-24;23.57;24.04;23.56;23.86;16200.0
2012-09-25;23.8801;24.18;23.88;24.06;12000.0
2012-09-26;24.11;24.99;23.91;24.99;10900.0
2012-09-27;24.94;24.94;24.43;24.79;20100.0
2012-09-28;24.58;24.87;24.23;24.49;3300.0
2012-10-01;24.57;24.74;24.38;24.5;4600.0
2012-10-02;24.58;24.95;24.16;24.41;15000.0
2012-10-03;24.94;24.95;24.63;24.83;12000.0
2012-10-04;25.0;25.0;24.65;24.79;6900.0
2012-10-05;24.916;24.9975;24.55;24.77;25300.0
2012-10-08;24.63;25.28;24.58;25.27;30100.0
2012-10-09;25.13;25.25;24.94;24.94;7700.0
2012-10-10;25.02;25.15;24.969;25.1;8600.0
2012-10-11;25.2;25.28;24.99;25.17;5000.0
2012-10-12;25.17;25.17;24.69;24.95;26000.0
2012-10-15;25.08;25.08;24.32;25.06;8700.0
2012-10-16;25.12;25.2;24.9001;25.2;9400.0
2012-10-17;25.21;25.21;25.1;25.21;3800.0
2012-10-18;25.18;25.25;25.1;25.1;9900.0
2012-10-19;25.0;25.21;24.65;24.84;15800.0
2012-10-22;24.9999;25.03;24.76;24.76;1600.0
2012-10-23;24.7;24.7;24.27;24.52;16500.0
2012-10-24;24.63;24.65;24.34;24.34;1600.0
2012-10-25;24.44;24.44;24.02;24.19;5700.0
2012-10-26;24.0;24.69;23.77;23.77;16000.0
2012-10-31;23.75;24.07;23.65;23.65;5800.0
2012-11-01;23.75;24.1757;23.75;24.02;5400.0
2012-11-02;24.0;24.19;23.75;23.93;10500.0
2012-11-05;23.71;23.73;23.45;23.53;4600.0
2012-11-06;23.43;23.99;23.43;23.99;10300.0
2012-11-07;23.78;23.81;22.11;22.21;12400.0
2012-11-08;22.29;22.64;22.25;22.35;8000.0
2012-11-09;22.36;22.95;21.72;21.81;14400.0
2012-11-12;21.8;22.27;21.78;22.05;3200.0
2012-11-13;21.91;23.46;21.57;22.44;15500.0
2012-11-14;22.445;22.445;21.45;21.47;4800.0
2012-11-15;21.47;21.93;21.01;21.12;23000.0
2012-11-16;21.12;21.35;20.55;20.91;21600.0
2012-11-19;22.0899;22.45;21.06;22.45;4500.0
2012-11-20;22.18;22.22;21.84;21.97;16300.0
2012-11-21;22.0;22.5;21.75;22.25;4400.0
2012-11-23;22.22;23.3;21.99;22.82;13400.0
2012-11-26;22.71;22.71;22.14;22.4;13500.0
2012-11-27;22.38;22.99;22.04;22.36;40300.0
2012-11-28;22.21;22.38;21.85;22.14;2400.0
2012-11-29;22.32;23.18;22.32;22.9;22400.0
2012-11-30;22.86;23.3;22.62;23.02;21700.0
2012-12-03;23.2;23.2;22.68;22.85;7800.0
2012-12-04;22.3;22.6;22.15;22.26;18800.0
2012-12-05;22.66;22.82;22.35;22.82;3700.0
2012-12-06;22.87;23.15;22.82;22.95;5700.0
2012-12-07;23.0;23.0;22.39;22.49;14800.0
2012-12-10;22.59;23.1;22.59;22.91;6400.0
2012-12-11;22.96;22.96;22.31;22.64;14400.0
2012-12-12;22.66;22.99;22.32;22.85;5700.0
2012-12-13;22.8;22.91;22.624;22.63;4600.0
2012-12-14;22.65;22.79;21.85;21.85;10200.0
2012-12-17;21.98;22.75;21.85;22.75;22800.0
2012-12-18;22.72;23.2;22.62;23.18;5500.0
2012-12-19;23.2;23.2;23.0101;23.17;6200.0
2012-12-20;23.19;23.19;22.84;23.18;17300.0
2012-12-21;23.13;23.17;21.961;22.96;59300.0
2012-12-24;22.95;23.84;22.39;23.55;15300.0
2012-12-26;23.51;23.7;23.46;23.5;8700.0
2012-12-27;23.4;24.15;23.311;24.0;8200.0
2012-12-28;24.0;24.15;23.8;23.86;5800.0
2012-12-31;23.9;24.83;23.63;24.51;26500.0
2013-01-02;25.01;25.92;25.01;25.68;26000.0
2013-01-03;25.6;25.89;25.29;25.29;5800.0
2013-01-04;25.37;25.76;25.0;25.39;35500.0
2013-01-07;25.23;25.395;24.218;24.88;5800.0
2013-01-08;24.79;24.98;24.2;24.44;14500.0
2013-01-09;24.42;24.94;24.2823;24.74;6500.0
2013-01-10;24.73;25.62;24.54;25.36;38700.0
2013-01-11;25.31;25.56;25.08;25.36;5500.0
2013-01-14;25.42;25.42;25.28;25.31;2700.0
2013-01-15;25.33;25.93;25.33;25.93;3100.0
2013-01-16;25.8;25.8;25.3;25.3;2200.0
2013-01-17;25.32;25.35;25.14;25.34;1900.0
2013-01-18;25.27;25.479;24.831;24.87;8400.0
2013-01-22;24.5101;24.749;24.5101;24.68;4100.0
2013-01-23;24.73;25.41;24.6;24.96;4000.0
2013-01-24;24.97;25.25;24.6901;24.94;6700.0
2013-01-25;25.08;25.1;24.68;24.79;3600.0
2013-01-28;24.77;24.92;23.95;24.14;8500.0
2013-01-29;24.11;24.7;23.53;24.57;2800.0
2013-01-30;24.44;24.44;24.12;24.12;3100.0
2013-01-31;24.29;24.37;24.01;24.01;12400.0
2013-02-01;23.88;24.36;23.1302;23.25;16900.0
2013-02-04;23.22;23.85;22.94;22.97;20500.0
2013-02-05;23.14;23.47;23.07;23.11;5300.0
2013-02-06;23.24;23.24;22.13;22.33;13600.0
2013-02-07;22.39;22.39;22.14;22.14;4700.0
2013-02-08;22.24;22.51;22.2;22.28;6400.0
2013-02-11;22.31;22.95;22.3;22.32;17500.0
2013-02-12;22.42;22.67;22.31;22.64;4300.0
2013-02-13;22.65;22.96;22.52;22.56;7400.0
2013-02-14;22.458;23.06;22.458;23.06;4200.0
2013-02-15;23.2;23.76;22.91;23.55;18400.0
2013-02-19;23.55;24.26;23.55;24.2;7800.0
2013-02-20;24.26;24.61;23.91;23.95;17000.0
2013-02-21;23.59;23.59;23.08;23.08;11500.0
2013-02-22;23.28;23.28;22.95;23.12;4700.0
2013-02-25;23.24;23.52;22.14;22.14;13500.0
2013-02-26;22.34;22.56;22.13;22.4;21800.0
2013-02-27;22.3;22.78;22.3;22.69;10700.0
2013-02-28;22.7;23.41;22.7;22.91;19600.0
2013-03-01;22.52;22.98;22.4;22.58;4500.0
2013-03-04;22.5;23.4396;22.13;22.19;8400.0
2013-03-05;22.47;22.66;22.2147;22.45;4400.0
2013-03-06;22.5;22.5;22.05;22.5;9700.0
2013-03-07;22.58;22.9999;22.58;22.91;4700.0
2013-03-08;23.0;23.63;22.65;23.21;21400.0
2013-03-11;23.32;23.64;23.01;23.22;5300.0
2013-03-12;23.29;23.63;23.27;23.35;1900.0
2013-03-13;23.51;24.09;23.42;23.48;11500.0
2013-03-14;23.76;23.9899;23.7;23.77;5200.0
2013-03-15;23.82;24.45;23.65;24.22;38800.0
2013-03-18;23.97;24.59;23.86;24.18;12600.0
2013-03-19;24.34;24.36;24.19;24.26;5900.0
2013-03-20;24.51;24.86;24.5;24.7;6300.0
2013-03-21;24.56;24.805;24.56;24.76;8500.0
2013-03-22;24.75;24.75;23.86;24.54;21000.0
2013-03-25;24.7;24.93;24.57;24.92;2800.0
2013-03-26;24.7;25.0;24.58;25.0;7200.0
2013-03-27;24.89;25.15;24.42;24.96;11900.0
2013-03-28;25.03;25.03;24.7;24.99;7600.0
2013-04-01;24.88;25.14;24.61;25.0;4600.0
2013-04-02;24.71;25.33;24.71;25.14;19200.0
2013-04-03;25.22;25.22;24.63;25.0;44000.0
2013-04-04;24.608;25.21;24.608;25.17;3300.0
2013-04-05;24.65;25.22;24.65;25.07;6500.0
2013-04-08;25.13;25.35;24.955;25.35;11300.0
2013-04-09;25.35;25.35;24.9;25.0;10300.0
2013-04-10;25.27;25.68;25.22;25.68;5300.0
2013-04-11;25.7;26.73;25.7;26.27;24000.0
2013-04-12;26.27;26.99;26.14;26.7;21700.0
2013-04-15;26.76;27.15;26.55;26.96;33700.0
2013-04-16;27.08;27.59;27.0;27.55;20200.0
2013-04-17;27.39;27.63;26.661;27.18;33100.0
2013-04-18;27.08;27.66;27.08;27.65;29800.0
2013-04-19;27.62;27.95;27.26;27.79;16900.0
2013-04-22;27.85;28.29;27.705;28.22;25500.0
2013-04-23;28.15;28.43;28.0;28.39;18000.0
2013-04-24;28.42;28.45;28.229;28.41;9800.0
2013-04-25;28.43;28.855;27.58;28.75;24400.0
2013-04-26;28.68;29.06;28.65;28.84;25900.0
2013-04-29;29.02;30.06;28.75;30.02;33400.0
2013-04-30;30.04;30.65;30.0;30.49;28600.0
2013-05-01;30.53;31.95;30.45;31.56;46900.0
2013-05-02;30.25;30.8;29.48;30.41;48200.0
2013-05-03;30.4;30.77;29.44;29.64;21800.0
2013-05-06;29.57;29.88;29.15;29.88;16400.0
2013-05-07;29.56;31.13;29.49;31.07;13100.0
2013-05-08;31.0;31.25;30.78;31.0;13800.0
2013-05-09;31.0;31.32;31.0;31.11;5800.0
2013-05-10;31.18;31.34;31.0201;31.14;5000.0
2013-05-13;30.95;31.14;30.79;30.94;6500.0
2013-05-14;30.84;30.9;30.17;30.9;8200.0
2013-05-15;30.76;30.99;30.34;30.61;7500.0
2013-05-16;30.45;31.89;30.2901;31.55;11900.0
2013-05-17;31.5;32.8;30.77;32.57;18300.0
2013-05-20;32.39;33.96;32.39;33.76;9300.0
2013-05-21;33.71;35.76;33.471;34.86;26000.0
2013-05-22;34.7;35.12;33.95;34.1;19000.0
2013-05-23;33.85;34.79;33.1001;34.23;9100.0
2013-05-24;34.04;34.39;33.43;33.95;27900.0
2013-05-28;34.4;34.62;34.03;34.57;19500.0
2013-05-29;34.21;34.6;34.0;34.06;4300.0
2013-05-30;34.02;34.29;33.81;33.89;10800.0
2013-05-31;33.81;34.0;33.43;33.92;21800.0
2013-06-03;33.84;34.24;32.62;33.96;26900.0
2013-06-04;33.73;34.13;33.54;33.77;13700.0
2013-06-05;33.61;34.23;33.33;33.79;6500.0
2013-06-06;33.98;34.45;33.76;34.34;8000.0
2013-06-07;34.6;34.76;34.02;34.49;4200.0
2013-06-10;34.43;35.17;34.13;34.25;26600.0
2013-06-11;34.02;35.32;34.02;34.88;26400.0
2013-06-12;35.0;36.36;34.71;36.01;44100.0
2013-06-13;35.99;37.45;35.59;37.14;49900.0
2013-06-14;37.17;38.4;36.02;37.74;34500.0
2013-06-17;38.14;38.14;37.01;37.8;38100.0
2013-06-18;37.9;40.67;37.155;40.02;38200.0
2013-06-19;40.0;40.24;39.32;39.77;8400.0
2013-06-20;39.31;39.95;38.78;39.77;32300.0
2013-06-21;39.9;41.22;39.788;40.27;72200.0
2013-06-24;40.25;40.94;40.11;40.37;18600.0
2013-06-25;40.5;41.03;40.25;40.64;33500.0
2013-06-26;41.0;41.25;40.55;40.98;30000.0
2013-06-27;41.25;41.25;40.8001;41.09;33500.0
2013-06-28;41.19;41.36;40.67;41.07;51800.0
2013-07-01;41.0;44.29;41.0;44.18;27700.0
2013-07-02;44.16;45.0;43.6425;44.89;23000.0
2013-07-03;44.99;45.629;44.82;45.0;19600.0
2013-07-05;45.24;46.8;44.66;46.58;18900.0
2013-07-08;47.07;48.43;46.3405;48.18;38200.0
2013-07-09;47.82;49.9;47.78;49.12;45800.0
2013-07-10;49.05;49.939;47.18;47.52;33000.0
2013-07-11;47.93;48.21;47.18;47.64;17300.0
2013-07-12;47.34;48.01;45.24;45.51;22900.0
2013-07-15;45.19;45.51;40.78;42.05;81700.0
2013-07-16;41.78;44.79;41.4;44.49;26100.0
2013-07-17;44.63;45.42;44.34;44.43;17200.0
2013-07-18;44.79;46.98;44.75;46.46;18600.0
2013-07-19;46.44;47.56;46.44;47.0;16400.0
2013-07-22;46.54;48.25;46.54;47.13;15100.0
2013-07-23;47.64;48.1;46.93;47.38;15500.0
2013-07-24;47.28;47.71;44.25;44.78;12800.0
2013-07-25;44.29;46.29;44.161;45.66;17200.0
2013-07-26;45.42;45.99;44.98;45.8;15100.0
2013-07-29;45.27;45.27;42.67;43.79;18800.0
2013-07-30;43.73;44.22;42.72;42.98;16100.0
2013-07-31;43.0;43.77;42.89;43.28;30400.0
2013-08-01;43.2;45.76;43.15;44.99;30900.0
2013-08-02;44.87;44.87;43.4;44.09;21900.0
2013-08-05;44.38;45.69;44.27;44.68;16500.0
2013-08-06;44.98;45.54;42.8;43.71;35000.0
2013-08-07;43.53;44.45;42.801;43.54;24000.0
2013-08-08;43.99;45.71;43.99;44.99;11100.0
2013-08-09;45.08;46.0;43.63;44.11;18900.0
2013-08-12;44.12;46.13;44.12;45.49;23600.0
2013-08-13;45.54;47.34;44.7501;47.16;12700.0
2013-08-14;47.1;47.98;47.04;47.29;8600.0
2013-08-15;47.0;47.0;45.546;45.9;11300.0
2013-08-16;45.69;46.96;45.38;46.33;28700.0
2013-08-19;46.62;46.96;45.87;46.22;7600.0
2013-08-20;46.32;46.32;44.73;45.83;9100.0
2013-08-21;45.02;46.5;44.55;46.33;17100.0
2013-08-22;46.4999;46.5;43.4;46.22;4000.0
2013-08-23;46.12;47.11;45.99;46.59;5300.0
2013-08-26;46.49;46.51;44.61;44.89;13500.0
2013-08-27;44.62;45.6399;43.72;43.96;16000.0
2013-08-28;44.4;46.74;44.4;46.33;5000.0
2013-08-29;46.565;47.7;45.45;47.7;10700.0
2013-08-30;47.81;48.19;44.6;45.04;17600.0
2013-09-03;45.09;46.09;43.56;44.28;12400.0
2013-09-04;44.16;44.96;43.31;44.45;13800.0
2013-09-05;44.48;44.79;43.61;44.16;4900.0
2013-09-06;44.32;44.38;43.26;43.48;13200.0
2013-09-09;43.73;45.75;43.49;45.29;12100.0
2013-09-10;44.37;45.35;44.22;45.02;20400.0
2013-09-11;44.99;45.12;43.8;44.06;23000.0
2013-09-12;44.06;44.94;43.94;44.65;5000.0
2013-09-13;44.86;45.41;44.45;45.23;6400.0
2013-09-16;45.23;46.33;44.06;44.97;8600.0
2013-09-17;45.12;45.926;44.74;45.17;5000.0
2013-09-18;45.04;45.8;44.27;45.8;6400.0
2013-09-19;46.02;46.4;45.4401;46.09;5800.0
2013-09-20;46.08;46.5;46.0;46.11;15700.0
2013-09-23;45.89;47.808;45.89;47.43;11900.0
2013-09-24;47.15;48.1325;46.51;47.83;10800.0
2013-09-25;48.19;48.2499;47.6;47.86;3600.0
2013-09-26;47.81;47.84;46.56;47.72;3800.0
2013-09-27;47.3;47.72;46.686;47.1;2600.0
2013-09-30;46.75;47.87;46.49;46.95;10300.0
2013-10-01;47.08;47.93;46.95;47.33;4500.0
2013-10-02;47.19;47.285;46.61;46.61;7000.0
2013-10-03;46.42;46.54;45.89;46.06;13800.0
2013-10-04;45.96;46.26;45.0201;45.7;12900.0
2013-10-07;45.05;45.93;44.4;44.42;8300.0
2013-10-08;43.82;44.37;43.111;43.91;8800.0
2013-10-09;44.3;45.16;43.291;43.73;4700.0
2013-10-10;43.75;44.74;43.02;44.4;9500.0
2013-10-11;44.26;45.72;43.5;45.57;4100.0
2013-10-14;45.0;46.0;44.9;45.72;4700.0
2013-10-15;45.34;45.85;44.77;45.15;9000.0
2013-10-16;45.67;45.98;44.69;45.85;12500.0
2013-10-17;45.9;46.38;45.21;46.38;27000.0
2013-10-18;46.85;47.85;46.85;47.56;8300.0
2013-10-21;47.29;48.25;47.29;47.8;7100.0
2013-10-22;47.64;48.1;47.01;47.49;4600.0
2013-10-23;47.47;48.93;47.47;48.84;19300.0
2013-10-24;48.95;48.95;48.11;48.3;16300.0
2013-10-25;48.43;48.81;47.64;48.09;16600.0
2013-10-28;48.25;48.74;47.9;48.58;13500.0
2013-10-29;48.85;48.94;47.0;48.26;17300.0
2013-10-30;47.97;48.46;47.0;47.07;7000.0
2013-10-31;46.67;47.83;41.705;43.8;25200.0
2013-11-01;43.44;43.5;41.73;42.08;16700.0
2013-11-04;41.84;42.5;41.54;42.23;12200.0
2013-11-05;41.94;47.16;41.94;45.24;20900.0
2013-11-06;45.59;46.92;45.59;46.66;8500.0
2013-11-07;46.36;46.62;45.6601;46.39;9700.0
2013-11-08;45.99;46.81;44.91;46.47;8900.0
2013-11-11;46.11;46.399;45.5;45.84;3500.0
2013-11-12;45.48;46.52;45.48;46.19;5500.0
2013-11-13;45.83;46.5;45.5;46.47;6400.0
2013-11-14;46.27;47.0;46.27;46.36;6100.0
2013-11-15;46.29;47.0;45.35;46.23;12500.0
2013-11-18;46.38;47.25;45.8;46.85;15200.0
2013-11-19;46.07;47.9;45.972;47.69;22500.0
2013-11-20;46.006;48.95;46.006;48.6;4800.0
2013-11-21;48.95;49.85;48.95;49.49;12600.0
2013-11-22;49.5;49.88;48.2;49.67;9700.0
2013-11-25;49.88;50.35;49.7;50.32;8700.0
2013-11-26;50.35;52.1;50.03;51.24;11400.0
2013-11-27;51.11;52.67;51.11;52.2;5200.0
2013-11-29;51.8;51.8;50.41;51.22;4800.0
2013-12-02;51.14;51.16;48.22;48.94;6100.0
2013-12-03;48.64;49.0;47.31;47.76;7700.0
2013-12-04;47.46;48.72;47.28;48.59;8400.0
2013-12-05;48.35;48.35;47.05;47.63;3300.0
2013-12-06;47.93;50.2;47.6;49.81;27600.0
2013-12-09;49.99;51.32;49.6725;49.73;12400.0
2013-12-10;49.83;50.01;48.1;48.1;7500.0
2013-12-11;48.32;49.36;46.11;46.46;6000.0
2013-12-12;46.34;47.93;46.34;47.62;11900.0
2013-12-13;47.12;47.8;47.12;47.25;6200.0
2013-12-16;47.26;48.17;46.28;46.5;8000.0
2013-12-17;46.62;47.49;45.03;46.46;22000.0
2013-12-18;45.65;46.59;44.51;45.97;22500.0
2013-12-19;45.45;45.65;44.62;45.17;4000.0
2013-12-20;45.39;48.2;45.39;46.57;45700.0
2013-12-23;46.96;50.0;46.96;49.29;17900.0
2013-12-24;48.86;49.29;48.32;49.0;3800.0
2013-12-26;49.15;49.39;48.5353;48.58;6300.0
2013-12-27;48.79;48.79;48.028;48.1;3800.0
2013-12-30;48.0;48.62;48.0;48.3;18200.0
2013-12-31;48.35;48.36;48.0;48.01;7500.0
2014-01-02;47.91;48.18;46.52;46.75;8900.0
2014-01-03;47.04;49.06;46.34;48.57;31700.0
2014-01-06;48.33;49.723;46.31;46.41;35200.0
2014-01-07;46.66;48.48;46.66;47.95;14900.0
2014-01-08;48.02;48.5;47.75;47.92;16700.0
2014-01-09;47.66;48.8;46.78;47.99;31800.0
2014-01-10;48.27;48.53;45.8301;47.79;6000.0
2014-01-13;47.85;48.91;47.79;48.21;12400.0
2014-01-14;48.614;50.57;48.61;50.11;5400.0
2014-01-15;50.25;51.2;50.19;50.23;6400.0
2014-01-16;49.99;50.46;48.818;49.0;5000.0
2014-01-17;49.08;50.13;48.41;48.85;18000.0
2014-01-21;48.83;48.83;47.451;48.45;7700.0
2014-01-22;47.0;49.28;47.0;48.18;33200.0
2014-01-23;48.09;49.07;47.535;48.8;23700.0
2014-01-24;48.2;49.0;47.05;47.08;7500.0
2014-01-27;47.34;47.34;45.11;45.52;8900.0
2014-01-28;45.26;46.56;45.0;45.11;21700.0
2014-01-29;46.11;46.11;43.11;43.59;9700.0
2014-01-30;44.08;47.27;43.91;44.82;10900.0
2014-01-31;43.92;45.03;43.01;44.11;28300.0
2014-02-03;44.26;44.26;39.98;41.85;18800.0
2014-02-04;41.4;42.72;41.25;42.0;13500.0
2014-02-05;42.01;42.72;41.25;41.28;11600.0
2014-02-06;41.58;42.2045;40.74;40.9;12300.0
2014-02-07;41.13;41.5125;40.9;41.17;11700.0
2014-02-10;41.17;41.76;41.17;41.48;13500.0
2014-02-11;41.68;42.39;41.28;42.1;10400.0
2014-02-12;42.4;43.59;42.128;42.83;21700.0
2014-02-13;43.56;43.99;42.81;43.76;13800.0
2014-02-14;43.84;45.49;43.67;44.18;14300.0
2014-02-18;43.99;44.71;41.41;44.38;16500.0
2014-02-19;45.976;45.976;44.59;44.7;10300.0
2014-02-20;44.54;46.19;44.43;46.1;21300.0
2014-02-21;46.12;46.99;45.71;46.26;11400.0
2014-02-24;46.76;49.26;46.76;48.18;13300.0
2014-02-25;48.66;48.66;46.52;46.82;5000.0
2014-02-26;47.25;49.65;47.25;48.17;10900.0
2014-02-27;46.72;49.2;46.5;48.99;9400.0
2014-02-28;49.1;50.6;47.6601;48.3;7900.0
2014-03-03;47.97;48.3;44.11;47.07;9300.0
2014-03-04;47.87;51.845;47.87;50.9;23700.0
2014-03-05;50.9;50.99;49.6;50.52;9200.0
2014-03-06;50.55;50.9899;48.41;49.08;7700.0
2014-03-07;49.12;49.4899;47.46;47.67;5700.0
2014-03-10;47.36;47.47;46.61;47.47;5600.0
2014-03-11;47.77;48.87;47.77;48.18;8100.0
2014-03-12;48.17;51.0;47.63;51.0;10700.0
2014-03-13;51.0;51.0;48.66;49.3;12100.0
2014-03-14;48.62;49.8;48.62;48.95;3300.0
2014-03-17;49.07;50.53;46.71;49.84;14100.0
2014-03-18;49.7;51.81;48.09;51.81;8700.0
2014-03-19;51.81;51.81;50.41;50.89;7800.0
2014-03-20;50.28;50.5;49.5;50.45;5900.0
2014-03-21;50.65;50.65;47.8;49.68;53200.0
2014-03-24;49.68;51.4;48.6531;51.15;10200.0
2014-03-25;51.18;52.19;50.9;51.99;8900.0
2014-03-26;52.0;53.0;51.41;52.02;11000.0
2014-03-27;52.33;53.0;51.96;52.7;18800.0
2014-03-28;52.85;52.85;51.32;52.0;6200.0
2014-03-31;52.11;52.74;49.75;52.7;8300.0
2014-04-01;53.0;54.54;52.85;54.5;9000.0
2014-04-02;54.5101;56.65;54.5101;56.4;14200.0
2014-04-03;57.0;57.96;56.56;57.96;18600.0
2014-04-04;58.0;58.82;56.2;56.54;13600.0
2014-04-07;56.13;56.71;54.545;54.81;19100.0
2014-04-08;55.06;55.8;55.0;55.54;9000.0
2014-04-09;55.62;56.85;55.62;56.59;12000.0
2014-04-10;56.5;56.79;54.62;55.4;38700.0
2014-04-11;54.88;55.64;54.3;54.5;14500.0
2014-04-14;55.04;55.04;54.01;54.32;27500.0
2014-04-15;54.3;54.54;53.45;54.23;27500.0
2014-04-16;54.47;56.35;54.01;55.68;51900.0
2014-04-17;55.69;57.68;54.85;57.0;18300.0
2014-04-21;57.1;60.39;57.1;58.28;29100.0
2014-04-22;57.865;60.25;57.865;60.02;20500.0
2014-04-23;59.98;60.1;58.53;59.44;10400.0
2014-04-24;59.9899;61.8;58.43;61.31;19400.0
2014-04-25;60.82;62.1;58.321;60.93;21100.0
2014-04-28;60.93;61.09;57.4656;60.78;26500.0
2014-04-29;60.8;62.0;59.73;60.18;15500.0
2014-04-30;60.21;62.47;60.06;62.47;12500.0
2014-05-01;61.7;63.308;58.9;62.78;52500.0
2014-05-02;63.04;66.36;61.41;66.1;37000.0
2014-05-05;65.44;66.64;61.5;62.82;51800.0
2014-05-06;62.78;66.2635;62.0;64.81;22600.0
2014-05-07;64.51;67.705;63.52;65.22;15400.0
2014-05-08;65.09;65.62;63.165;63.42;13900.0
2014-05-09;62.97;65.39;62.781;64.8;14900.0
2014-05-12;64.67;68.52;64.11;67.79;26700.0
2014-05-13;67.77;68.0;66.55;66.58;20800.0
2014-05-14;66.71;67.18;62.72;64.26;35100.0
2014-05-15;63.75;63.75;62.05;62.4;30100.0
2014-05-16;62.73;62.73;59.8;61.47;19800.0
2014-05-19;61.3;62.4;59.6;62.4;73600.0
2014-05-20;62.182;62.835;60.44;60.77;29000.0
2014-05-21;61.27;61.77;59.685;61.72;30600.0
2014-05-22;60.52;63.3;60.495;62.15;28000.0
2014-05-23;62.33;63.97;61.66;63.77;18800.0
2014-05-27;63.93;66.65;63.88;64.27;30400.0
2014-05-28;63.11;63.89;62.41;62.41;10600.0
2014-05-29;63.71;63.71;61.38;62.38;17700.0
2014-05-30;61.99;63.17;61.21;61.91;19800.0
2014-06-02;61.77;64.97;61.0;62.66;25700.0
2014-06-03;62.62;62.87;61.89;62.42;12500.0
2014-06-04;61.82;62.49;61.31;61.8;26500.0
2014-06-05;61.5;63.3;60.75;63.3;23900.0
2014-06-06;63.9;67.94;63.09;67.14;30600.0
2014-06-09;67.14;69.0;67.0005;68.28;28000.0
2014-06-10;68.37;68.9799;66.08;67.34;6300.0
2014-06-11;66.83;68.5;64.67;67.26;29400.0
2014-06-12;67.29;67.37;64.89;64.9;4600.0
2014-06-13;65.34;66.49;65.045;65.49;13500.0
2014-06-16;64.86;67.61;62.36;66.45;29300.0
2014-06-17;65.1;66.7;62.5;64.79;11600.0
2014-06-18;65.02;65.575;64.12;65.08;9700.0
2014-06-19;66.2;66.2;63.94;64.49;12300.0
2014-06-20;65.06;65.06;63.73;64.78;19700.0
2014-06-23;65.24;65.7;62.55;63.79;12500.0
2014-06-24;63.14;65.29;62.46;64.98;36900.0
2014-06-25;65.03;65.03;63.85;64.43;26300.0
2014-06-26;63.44;64.66;63.44;64.58;14600.0
2014-06-27;64.23;65.04;64.23;64.96;32900.0
2014-06-30;65.21;70.35;63.93;70.32;109200.0
2014-07-01;70.3;73.85;70.3;72.58;41100.0
2014-07-02;72.0;72.38;70.89;71.1;20600.0
2014-07-03;71.87;73.89;70.67;73.57;13600.0
2014-07-07;73.78;74.8605;72.0;74.4;29700.0
2014-07-08;74.08;74.76;72.01;74.45;17900.0
2014-07-09;74.63;74.71;72.69;72.7;38200.0
2014-07-10;71.19;72.31;70.52;71.11;11100.0
2014-07-11;70.69;70.69;68.22;69.39;12100.0
2014-07-14;69.76;70.97;69.23;70.12;17900.0
2014-07-15;70.36;70.48;69.296;69.95;8500.0
2014-07-16;70.09;70.09;69.145;69.34;9300.0
2014-07-17;69.23;69.98;68.66;68.98;12700.0
2014-07-18;68.8;70.53;68.8;70.3;10500.0
2014-07-21;69.42;69.42;66.0;67.34;23600.0
2014-07-22;68.11;68.11;66.13;67.58;10300.0
2014-07-23;67.43;68.36;67.13;67.38;7600.0
2014-07-24;67.11;67.78;66.16;66.25;17300.0
2014-07-25;65.54;66.11;64.12;64.36;24400.0
2014-07-28;63.8;63.8;60.34;61.0;40700.0
2014-07-29;60.6;61.63;60.35;61.2;14100.0
2014-07-30;61.51;62.97;61.14;62.61;12900.0
2014-07-31;61.68;61.68;59.5;59.57;19700.0
2014-08-01;59.66;60.38;56.71;56.71;20200.0
2014-08-04;56.7;58.38;56.7;57.8;28400.0
2014-08-05;56.84;58.5;56.84;57.84;9000.0
2014-08-06;57.64;59.79;57.64;59.67;18200.0
2014-08-07;59.8;60.14;58.04;58.05;10800.0
2014-08-08;58.41;60.15;58.1;59.4;6100.0
2014-08-11;60.07;61.2;59.2346;60.86;21500.0
2014-08-12;60.42;60.61;58.612;59.6;8800.0
2014-08-13;60.57;60.84;59.72;60.77;14800.0
2014-08-14;59.65;60.99;59.65;60.35;5300.0
2014-08-15;60.87;60.87;58.88;59.89;10800.0
2014-08-18;60.54;61.58;58.62;61.2;8900.0
2014-08-19;61.18;63.99;61.18;63.4;13300.0
2014-08-20;63.7005;63.7005;61.67;61.88;5300.0
2014-08-21;62.26;62.26;61.28;62.06;9300.0
2014-08-22;65.17;65.17;60.0;60.56;22500.0
2014-08-25;60.89;61.45;60.35;61.19;10300.0
2014-08-26;60.9;61.59;60.45;61.28;9700.0
2014-08-27;61.39;61.39;60.392;60.49;3500.0
2014-08-28;61.15;61.15;58.43;58.62;9500.0
2014-08-29;58.7;60.38;58.01;59.33;12000.0
2014-09-02;59.33;60.11;58.601;60.11;23200.0
2014-09-03;58.73;60.4;58.73;60.14;10400.0
2014-09-04;60.08;61.59;60.08;60.4;3800.0
2014-09-05;60.58;61.1;59.9;60.57;9200.0
2014-09-08;60.2;60.65;59.9;59.9;6200.0
2014-09-09;59.58;59.58;58.15;58.15;6300.0
2014-09-10;58.0;58.57;57.51;57.86;8300.0
2014-09-11;57.86;60.055;57.81;59.24;26200.0
2014-09-12;58.87;59.11;56.89;57.09;11300.0
2014-09-15;56.6;56.65;53.8;54.12;20900.0
2014-09-16;54.1;56.19;54.1;55.75;11000.0
2014-09-17;55.92;55.92;54.82;55.01;5700.0
2014-09-18;54.72;55.61;53.04;55.12;4400.0
2014-09-19;55.25;56.24;54.97;55.4;25100.0
2014-09-22;55.08;55.1599;53.51;53.52;11400.0
2014-09-23;53.52;54.41;47.513;52.44;15900.0
2014-09-24;52.468;53.09;52.04;52.56;5551.0
2014-09-25;52.17;52.17;49.31;49.43;14282.0
2014-09-26;49.33;49.87;48.72;49.57;20986.0
2014-09-29;49.0;51.34;48.55;51.04;29363.0
2014-09-30;51.06;51.06;49.0;49.02;43643.0
2014-10-01;49.26;51.8;49.0;51.25;29557.0
2014-10-02;51.01;51.8499;49.68;51.25;25064.0
2014-10-03;52.05;52.4;49.22;50.8;11077.0
2014-10-06;51.23;51.45;48.85;49.21;35129.0
2014-10-07;49.0;51.26;49.0;49.24;47217.0
2014-10-08;49.0;51.3895;49.0;51.05;11917.0
2014-10-09;51.07;51.07;49.51;50.2;7126.0
2014-10-10;49.82;50.42;49.53;49.71;4752.0
2014-10-13;49.26;52.2;49.25;52.14;10104.0
2014-10-14;52.6;52.89;51.01;51.17;15425.0
2014-10-15;50.85;52.94;50.32;52.26;13358.0
2014-10-16;51.05;51.59;50.51;51.35;13401.0
2014-10-17;52.21;52.38;50.5;50.68;18455.0
2014-10-20;50.63;51.4;50.31;50.48;15777.0
2014-10-21;51.0;51.5;50.44;50.87;7160.0
2014-10-22;50.69;51.31;50.61;50.76;8988.0
2014-10-23;51.44;51.5;50.5;51.39;9473.0
2014-10-24;51.6;52.92;51.49;52.5;9556.0
2014-10-27;52.45;54.539;52.35;53.83;16331.0
2014-10-28;54.36;59.64;54.36;58.0;14440.0
2014-10-29;57.72;58.5;57.4;57.86;8587.0
2014-10-30;58.55;60.65;58.08;59.34;7774.0
2014-10-31;60.83;61.09;56.1;60.28;29588.0
2014-11-03;60.0;61.09;58.944;60.65;17793.0
2014-11-04;60.46;62.07;60.32;61.59;14578.0
2014-11-05;61.88;63.06;61.62;63.06;15567.0
2014-11-06;62.59;62.68;61.28;62.3;8751.0
2014-11-07;62.09;62.6;61.65;62.19;27139.0
2014-11-10;62.83;63.41;62.13;62.89;8761.0
2014-11-11;62.53;62.945;61.94;62.29;41752.0
2014-11-12;61.95;62.3591;61.49;62.18;5422.0
2014-11-13;62.14;62.48;60.5;60.54;7674.0
2014-11-14;61.02;61.02;58.65;58.65;7165.0
2014-11-17;57.77;57.79;55.77;56.5;13570.0
2014-11-18;56.99;57.045;56.64;56.8;7274.0
2014-11-19;57.06;58.05;56.37;56.37;6162.0
2014-11-20;56.3;56.3;55.21;55.86;4613.0
2014-11-21;56.95;56.95;55.6;55.6;3648.0
2014-11-24;55.71;56.64;54.4;55.13;26064.0
2014-11-25;54.694;56.035;52.71;53.4;26838.0
2014-11-26;53.78;54.67;52.89;54.66;29643.0
2014-11-28;54.17;55.95;53.06;53.82;16382.0
2014-12-01;53.82;54.4;52.562;53.08;12706.0
2014-12-02;53.48;56.36;53.24;55.39;31955.0
2014-12-03;55.0;57.3;55.0;56.52;38994.0
2014-12-04;56.8;57.07;54.98;56.01;10154.0
2014-12-05;55.93;56.95;55.35;56.0;14696.0
2014-12-08;55.5;56.34;54.53;55.61;28676.0
2014-12-09;55.26;56.37;55.26;55.89;20394.0
2014-12-10;55.56;55.56;52.565;52.6;11127.0
2014-12-11;52.79;53.44;52.49;52.66;5038.0
2014-12-12;51.79;52.4;50.15;50.4;6976.0
2014-12-15;50.98;52.18;48.89;51.74;47737.0
2014-12-16;51.49;55.12;51.32;54.74;22555.0
2014-12-17;54.74;57.82;53.5;56.43;51411.0
2014-12-18;57.04;58.31;55.995;57.77;36135.0
2014-12-19;57.45;61.03;56.7901;58.53;46060.0
2014-12-22;59.19;59.3;56.34;58.8;52633.0
2014-12-23;58.8;61.45;58.74;59.58;25508.0
2014-12-24;59.58;61.5;59.48;61.05;18965.0
2014-12-26;60.8;61.156;60.06;60.63;4135.0
2014-12-29;60.35;61.74;58.87;60.81;13567.0
2014-12-30;60.28;61.5;60.28;61.21;11004.0
2014-12-31;62.6;66.23;62.6;65.9;40326.0
2015-01-02;66.18;69.99;66.18;68.58;50150.0
2015-01-05;68.5;70.07;66.495;68.0;58899.0
2015-01-06;67.1;68.57;66.28;66.81;38055.0
2015-01-07;67.11;67.82;63.0;64.68;49113.0
2015-01-08;64.58;67.88;64.45;66.4;59287.0
2015-01-09;66.3;68.48;65.49;67.38;21197.0
2015-01-12;68.37;70.03;66.14;69.13;64082.0
2015-01-13;69.91;72.27;69.18;70.2;28675.0
2015-01-14;69.92;71.3675;69.4;70.39;19063.0
2015-01-15;70.5;71.22;67.09;68.48;20355.0
2015-01-16;68.13;71.82;66.8;71.35;12495.0
2015-01-20;70.6;70.87;68.4558;69.79;11294.0
2015-01-21;68.47;69.79;66.8601;67.34;32329.0
2015-01-22;66.9;71.0;66.58;70.92;62506.0
2015-01-23;70.42;71.65;68.97;70.27;30446.0
2015-01-26;70.27;71.96;69.7;71.06;44190.0
2015-01-27;70.19;71.7;69.7101;71.17;32870.0
2015-01-28;70.6;73.2;69.5;70.17;40240.0
2015-01-29;70.84;72.38;68.3501;71.76;57291.0
2015-01-30;71.25;73.45;71.2001;72.37;47687.0
2015-02-02;72.98;73.94;70.205;73.79;56157.0
2015-02-03;73.31;75.57;72.81;74.06;70421.0
2015-02-04;73.21;74.29;73.1405;74.13;51668.0
2015-02-05;73.84;74.83;73.27;74.62;56393.0
2015-02-06;74.61;76.43;73.99;75.81;84496.0
2015-02-09;75.67;79.79;75.67;78.28;32550.0
2015-02-10;78.57;79.21;77.37;78.42;18026.0
2015-02-11;79.44;79.44;76.18;78.8;13278.0
2015-02-12;79.33;83.39;78.655;83.08;62397.0
2015-02-13;83.08;83.845;80.21;81.14;25473.0
2015-02-17;80.53;81.475;78.94;79.24;18273.0
2015-02-18;79.58;80.37;78.8801;79.43;6730.0
2015-02-19;79.259;80.9799;78.7801;79.4;8261.0
2015-02-20;79.75;80.99;78.7501;79.57;9771.0
2015-02-23;79.71;80.94;77.97;79.71;11043.0
2015-02-24;79.94;79.94;74.75;79.02;24416.0
2015-02-25;78.35;80.01;78.1201;80.01;10545.0
2015-02-26;80.0;81.25;78.35;80.69;9709.0
2015-02-27;80.08;80.08;77.71;79.21;10643.0
2015-03-02;79.59;84.06;79.59;83.2;29375.0
2015-03-03;82.87;83.0;81.0;81.02;11288.0
2015-03-04;81.17;81.61;79.85;80.48;11600.0
2015-03-05;81.1;81.1;79.11;80.11;4796.0
2015-03-06;79.41;80.81;79.41;79.57;11268.0
2015-03-09;79.7;83.07;79.7;80.97;13626.0
2015-03-10;80.01;81.78;79.48;79.97;18425.0
2015-03-11;80.7;80.73;80.01;80.43;7019.0
2015-03-12;81.2;83.45;80.54;83.41;7265.0
2015-03-13;82.96;83.12;79.51;79.83;18032.0
2015-03-16;79.83;82.94;79.76;81.65;19826.0
2015-03-17;81.07;82.37;80.36;81.33;12771.0
2015-03-18;81.18;82.2;80.4001;81.96;18432.0
2015-03-19;81.26;83.8873;81.26;83.03;16047.0
2015-03-20;83.23;83.45;80.4;80.82;50146.0
2015-03-23;81.52;81.52;79.995;80.04;32803.0
2015-03-24;80.0;81.4;80.0;80.52;9033.0
2015-03-25;80.7;81.44;79.51;79.89;22016.0
2015-03-26;80.44;81.425;78.44;79.78;24304.0
2015-03-27;79.51;81.07;79.18;79.61;13541.0
2015-03-30;79.72;82.1;78.47;78.99;30665.0
2015-03-31;78.9;82.56;78.9;81.88;82825.0
2015-04-01;81.2;83.22;79.02;83.22;25192.0
2015-04-02;83.23;83.7395;81.91;82.14;13384.0
2015-04-06;82.22;83.89;81.04;83.24;12161.0
2015-04-07;83.77;83.77;80.9;81.0;8857.0
2015-04-08;80.3;82.36;80.3;81.49;15030.0
2015-04-09;81.5;81.77;80.29;81.2;16004.0
2015-04-10;81.17;82.54;80.37;80.63;24805.0
2015-04-13;80.61;81.93;80.61;80.98;6012.0
2015-04-14;80.99;81.63;80.93;81.58;7295.0
2015-04-15;80.86;82.76;80.86;82.37;8750.0
2015-04-16;81.19;81.94;81.01;81.52;9879.0
2015-04-17;80.56;81.49;79.8225;80.47;14189.0
2015-04-20;80.54;82.31;80.47;80.9;5941.0
2015-04-21;81.2723;83.13;79.62;80.0;6685.0
2015-04-22;80.32;80.8;78.99;79.03;11517.0
2015-04-23;79.5;79.51;77.35;78.49;8550.0
2015-04-24;78.45;78.45;76.4801;77.18;12091.0
2015-04-27;77.21;77.95;74.19;74.6;15470.0
2015-04-28;75.1;76.68;72.73;75.7;8661.0
2015-04-29;75.32;75.32;71.38;71.5;13276.0
2015-04-30;72.2;73.19;70.36;71.14;22641.0
2015-05-01;72.28;75.685;65.95;66.26;19472.0
2015-05-04;66.3;66.3;60.35;60.56;34920.0
2015-05-05;61.5;61.97;55.22;58.81;72803.0
2015-05-06;59.25;66.4;58.55;65.59;28802.0
2015-05-07;65.23;70.0;65.23;66.46;20086.0
2015-05-08;66.0;67.414;63.18;65.21;16641.0
2015-05-11;65.26;65.81;64.43;64.88;10807.0
2015-05-12;64.54;64.701;62.26;62.4;16697.0
2015-05-13;62.7;63.76;61.71;62.98;20771.0
2015-05-14;62.82;63.69;62.82;63.21;7630.0
2015-05-15;63.25;65.88;62.3088;62.42;17885.0
2015-05-18;62.0;65.39;62.0;63.7;10440.0
2015-05-19;64.27;65.2;61.725;62.14;13618.0
2015-05-20;62.2;63.558;62.2;63.03;8603.0
2015-05-21;63.0;63.81;62.25;63.41;26584.0
2015-05-22;63.7;64.77;62.82;63.37;22572.0
2015-05-26;62.44;63.286;61.99;62.75;14521.0
2015-05-27;62.44;63.795;62.25;62.25;7782.0
2015-05-28;62.8;62.8;61.51;61.52;10044.0
2015-05-29;61.97;63.44;60.54;62.43;40856.0
2015-06-01;63.12;63.675;60.55;60.59;20669.0
2015-06-02;60.59;62.4416;59.7;60.05;14645.0
2015-06-03;58.772;62.36;58.772;60.67;23577.0
2015-06-04;60.95;61.085;59.17;59.69;17251.0
2015-06-05;59.81;59.81;58.25;59.79;24468.0
2015-06-08;59.55;59.55;58.26;58.5;11675.0
2015-06-09;58.25;59.99;57.4;57.4;18861.0
2015-06-10;57.55;58.61;57.55;58.24;18261.0
2015-06-11;57.74;58.35;57.35;57.6;17197.0
2015-06-12;57.47;57.95;55.04;56.19;22846.0
2015-06-15;56.15;56.5402;54.72;54.73;39667.0
2015-06-16;55.17;58.58;55.17;56.74;16865.0
2015-06-17;56.21;58.05;55.97;56.22;11573.0
2015-06-18;54.02;56.97;54.02;56.77;15208.0
2015-06-19;57.26;58.34;57.05;57.42;18223.0
2015-06-22;57.27;58.145;57.03;57.39;9509.0
2015-06-23;57.4538;57.65;56.56;57.15;6638.0
2015-06-24;57.01;58.22;55.0;55.02;21124.0
2015-06-25;55.07;55.71;52.31;53.83;27283.0
2015-06-26;53.87;55.47;53.36;55.0;47581.0
2015-06-29;54.4;54.76;52.6;52.96;19527.0
2015-06-30;53.25;57.95;52.57;53.51;88514.0
2015-07-01;54.02;54.76;52.15;53.92;17551.0
2015-07-02;53.78;54.266;52.81;53.22;9013.0
2015-07-06;53.1;55.35;52.79;54.86;20856.0
2015-07-07;55.0;55.19;53.9;54.01;12395.0
2015-07-08;54.0;54.25;53.09;53.62;20751.0
2015-07-09;53.8;54.18;52.6;53.13;23701.0
2015-07-10;53.31;54.83;53.31;54.27;14414.0
2015-07-13;54.32;54.86;53.93;54.83;13193.0
2015-07-14;54.5;54.5;53.09;53.41;13380.0
2015-07-15;53.5;53.5;52.5;52.93;23570.0
2015-07-16;52.62;53.95;52.62;53.04;15258.0
2015-07-17;52.86;53.08;52.41;52.41;10745.0
2015-07-20;52.75;52.75;50.0;50.09;24021.0
2015-07-21;50.1;51.34;48.02;50.61;27977.0
2015-07-22;51.61;51.61;50.14;50.9;9163.0
2015-07-23;51.55;52.83;50.88;51.32;30300.0
2015-07-24;50.76;51.0;49.0;49.5;14923.0
2015-07-27;50.14;50.14;46.29;46.92;20240.0
2015-07-28;46.98;49.76;46.45;48.91;21256.0
2015-07-29;49.02;50.0;47.52;48.62;12774.0
2015-07-30;49.01;49.505;47.78;48.12;9800.0
2015-07-31;51.05;51.06;47.04;47.4;24039.0
2015-08-03;47.72;48.2;44.01;45.8;30412.0
2015-08-04;45.47;46.35;44.32;45.37;10912.0
2015-08-05;45.9;48.65;45.9;48.3;23935.0
2015-08-06;48.74;52.87;48.19;48.22;16911.0
2015-08-07;48.22;49.53;47.05;47.88;18994.0
2015-08-10;48.11;48.95;46.0;46.44;16021.0
2015-08-11;45.75;50.19;45.1;45.75;6962.0
2015-08-12;44.96;46.75;44.96;46.02;8132.0
2015-08-13;48.0;48.0;46.01;46.31;4277.0
2015-08-14;46.21;47.065;45.61;46.39;5386.0
2015-08-17;46.08;46.56;44.64;46.21;10554.0
2015-08-18;45.53;46.79;45.41;45.7;7176.0
2015-08-19;45.85;46.7;45.4;45.4;9133.0
2015-08-20;45.32;46.71;45.02;45.12;12167.0
2015-08-21;44.51;45.68;44.47;44.51;19304.0
2015-08-24;44.0;45.18;42.83;43.1;20701.0
2015-08-25;44.6;45.0;42.45;42.45;12472.0
2015-08-26;43.09;45.0;41.61;41.74;30836.0
2015-08-27;41.88;44.52;40.0;41.06;18996.0
2015-08-28;40.7;42.24;40.7;41.49;16622.0
2015-08-31;41.69;41.69;40.66;41.38;23259.0
2015-09-01;41.0;41.3;39.12;39.57;20005.0
2015-09-02;40.45;40.75;39.45;39.61;18298.0
2015-09-03;39.43;40.19;39.26;39.3;16731.0
2015-09-04;38.76;39.0901;38.2;38.25;11660.0
2015-09-08;38.95;39.38;38.32;38.68;21516.0
2015-09-09;38.94;39.16;38.5;38.5;18964.0
2015-09-10;38.36;38.4;38.0;38.39;11809.0
2015-09-11;38.1;40.76;38.0;40.65;41099.0
2015-09-14;40.64;42.94;40.0001;41.65;12218.0
2015-09-15;42.04;42.5;39.982;40.4;12959.0
2015-09-16;39.9201;40.06;37.29;38.18;45511.0
2015-09-17;38.25;38.25;35.5;35.69;78637.0
2015-09-18;35.11;37.5;33.52;37.08;105688.0
2015-09-21;36.86;41.1;36.86;38.36;52107.0
2015-09-22;38.29;39.83;37.105;39.01;39701.0
2015-09-23;39.0;40.3;38.9;38.96;35975.0
2015-09-24;39.05;39.95;36.93;39.06;46438.0
2015-09-25;39.5;42.0799;39.5;40.8;54513.0
2015-09-28;40.93;42.0;40.16;40.24;48218.0
2015-09-29;40.64;40.64;37.75;40.0;42065.0
2015-09-30;40.38;41.0001;37.98;40.07;49573.0
2015-10-01;40.0;40.3;38.08;39.36;78932.0
2015-10-02;39.15;40.07;38.63;39.59;35833.0
2015-10-05;39.87;43.86;39.165;43.4;48399.0
2015-10-06;43.12;43.73;41.86;42.76;30132.0
2015-10-07;43.23;44.37;43.0;44.37;19548.0
2015-10-08;44.39;44.39;43.26;44.37;9332.0
2015-10-09;44.44;45.0;43.7;43.94;12190.0
2015-10-12;44.06;44.45;43.65;43.79;9283.0
2015-10-13;43.33;43.67;42.98;42.99;16140.0
2015-10-14;43.06;43.49;42.96;42.96;10711.0
2015-10-15;42.99;43.81;42.98;43.81;9751.0
2015-10-16;43.72;43.72;42.98;43.0;10832.0
2015-10-19;42.99;43.33;42.96;43.01;11410.0
2015-10-20;42.99;43.3;42.75;43.25;7490.0
2015-10-21;43.35;44.4599;43.0;43.0;10936.0
2015-10-22;43.88;44.12;43.21;43.81;6094.0
2015-10-23;44.05;44.1;43.485;44.07;5866.0
2015-10-26;44.09;44.5;43.78;44.26;8706.0
2015-10-27;44.27;44.52;43.32;43.39;10564.0
2015-10-28;43.35;44.51;43.284;44.5;9151.0
2015-10-29;45.1;60.49;45.1;58.5;39010.0
2015-10-30;58.45;58.45;53.77;57.46;61091.0
2015-11-02;57.08;67.86;57.08;66.92;51350.0
2015-11-03;66.53;67.46;64.13;64.61;29629.0
2015-11-04;64.31;66.4;60.24;61.83;21976.0
2015-11-05;63.0;63.5;60.79;61.53;15524.0
2015-11-06;61.6;62.8;60.22;62.63;9793.0
2015-11-09;62.21;62.26;59.81;60.0;14869.0
2015-11-10;60.21;61.49;59.514;60.48;15847.0
2015-11-11;60.5;60.5;58.98;59.07;9405.0
2015-11-12;58.93;58.93;56.39;56.39;12021.0
2015-11-13;56.25;56.25;52.3511;54.1;22326.0
2015-11-16;54.23;55.16;53.76;54.37;13286.0
2015-11-17;55.52;55.52;54.1;54.22;5375.0
2015-11-18;54.76;57.02;54.76;55.76;12642.0
2015-11-19;55.5;56.12;55.47;55.84;4131.0
2015-11-20;56.17;56.5;54.5;55.35;8689.0
2015-11-23;54.96;56.2;53.29;55.97;10426.0
2015-11-24;55.39;58.12;55.0;57.68;3633.0
2015-11-25;57.51;60.5;56.61;60.0;8101.0
2015-11-27;59.82;60.01;59.14;59.51;4208.0
2015-11-30;59.84;62.0;59.54;61.79;14878.0
2015-12-01;61.69;65.34;61.69;65.1;7380.0
2015-12-02;65.4117;65.97;64.01;64.06;6656.0
2015-12-03;64.77;64.77;63.22;63.5;4546.0
2015-12-04;65.0;65.44;63.48;64.05;14229.0
2015-12-07;64.51;65.45;63.58;64.14;33634.0
2015-12-08;63.39;63.39;61.08;62.02;6996.0
2015-12-09;62.0;62.0;59.75;60.95;8622.0
2015-12-10;60.48;61.58;60.014;60.58;6242.0
2015-12-11;59.66;59.67;58.86;59.38;9674.0
2015-12-14;58.5;58.52;57.14;58.39;19454.0
2015-12-15;58.82;59.18;58.38;58.97;7188.0
2015-12-16;59.2;60.88;59.2;60.37;6619.0
2015-12-17;60.26;62.6;58.835;59.78;29692.0
2015-12-18;59.4;62.59;59.37;59.71;27466.0
2015-12-21;59.56;60.6001;58.61;58.97;6567.0
2015-12-22;58.4;59.29;58.0;59.06;7845.0
2015-12-23;58.81;60.42;58.5;59.98;6354.0
2015-12-24;59.09;61.6799;58.7;60.1;20403.0
2015-12-28;59.66;61.93;58.7;60.41;22766.0
2015-12-29;61.18;61.83;60.11;61.79;15423.0
2015-12-30;61.64;63.19;61.5;62.09;22980.0
2015-12-31;62.28;63.4;60.35;62.18;39281.0
2016-01-04;61.43;62.03;58.76;61.77;52366.0
2016-01-05;61.77;63.36;59.35;60.7;17804.0
2016-01-06;60.05;60.2841;58.39;59.21;13949.0
2016-01-07;58.54;59.84;57.05;57.12;17563.0
2016-01-08;57.55;60.01;55.75;57.35;40110.0
2016-01-11;57.15;57.21;55.07;55.65;31688.0
2016-01-12;56.34;56.5099;55.4001;55.75;15800.0
2016-01-13;56.0;57.47;55.22;55.46;22970.0
2016-01-14;55.51;57.21;55.4;57.0;12480.0
2016-01-15;55.68;55.68;53.0;54.63;19098.0
2016-01-19;55.46;58.12;55.15;57.2;47097.0
2016-01-20;57.07;57.852;54.98;56.29;38883.0
2016-01-21;55.85;59.16;54.94;57.9;41467.0
2016-01-22;58.65;59.94;57.62;59.94;15404.0
2016-01-25;59.28;61.7;58.59;58.76;38713.0
2016-01-26;59.6;61.0;57.8;59.3;36496.0
2016-01-27;58.96;60.0;57.75;58.39;19898.0
2016-01-28;57.71;60.0;57.55;59.22;20087.0
2016-01-29;59.54;60.24;58.79;60.0;10121.0
2016-02-01;61.08;61.08;57.78;59.25;5839.0
2016-02-02;59.05;59.05;56.47;56.63;11962.0
2016-02-03;57.0;57.51;56.15;56.58;9800.0
2016-02-04;56.39;56.85;55.865;55.99;9648.0
2016-02-05;56.19;56.71;54.81;55.01;15399.0
2016-02-08;54.27;55.09;54.03;54.6;9926.0
2016-02-09;55.12;56.93;54.71;55.9;7257.0
2016-02-10;56.03;57.22;55.255;55.59;15374.0
2016-02-11;55.01;55.165;54.06;54.53;9486.0
2016-02-12;54.88;56.0797;52.75;55.25;5547.0
2016-02-16;56.22;59.91;55.8;56.4;8951.0
2016-02-17;56.86;60.83;56.86;58.16;7211.0
2016-02-18;57.69;57.69;56.11;56.74;7934.0
2016-02-19;56.41;58.18;55.43;56.41;9540.0
2016-02-22;56.81;59.96;56.81;58.4;20288.0
2016-02-23;58.25;60.3;58.02;58.66;49161.0
2016-02-24;58.23;59.75;57.6;59.06;7502.0
2016-02-25;58.75;59.98;58.3;59.29;23547.0
2016-02-26;64.53;66.77;61.0225;64.75;27271.0
2016-02-29;64.75;64.75;62.57;62.71;25137.0
2016-03-01;63.385;63.97;62.97;63.76;4732.0
2016-03-02;64.0899;64.0899;63.195;63.63;8919.0
2016-03-03;63.24;64.83;63.1;64.52;23962.0
2016-03-04;64.05;64.85;63.07;64.31;6294.0
2016-03-07;64.4;68.12;64.11;67.6;15484.0
2016-03-08;67.2;67.2;63.46;63.81;8829.0
2016-03-09;63.81;63.81;62.79;63.74;18487.0
2016-03-10;63.71;63.97;61.71;62.73;11970.0
2016-03-11;63.88;64.74;63.42;64.74;9726.0
2016-03-14;64.12;64.7;63.12;63.8;27365.0
2016-03-15;63.575;65.24;63.08;63.59;19054.0
2016-03-16;63.61;65.55;63.05;64.73;42542.0
2016-03-17;64.88;66.32;64.2;65.69;62014.0
2016-03-18;66.02;69.93;65.25;68.76;84182.0
2016-03-21;69.04;70.2;68.5355;69.27;67485.0
2016-03-22;68.94;71.2;68.57;69.06;57852.0
2016-03-23;69.44;69.56;67.76;67.77;42875.0
2016-03-24;67.45;67.83;65.9;66.03;27038.0
2016-03-28;66.34;66.97;64.7;66.13;42959.0
2016-03-29;65.92;68.18;64.36;67.92;19863.0
2016-03-30;68.02;69.38;67.91;69.16;12589.0
2016-03-31;69.4799;69.8;67.85;67.89;8825.0
2016-04-01;67.37;69.84;66.04;67.78;79457.0
2016-04-04;67.88;70.0;66.85;68.51;86555.0
2016-04-05;68.9;69.44;67.91;68.59;16597.0
2016-04-06;68.12;69.05;66.56;68.66;17300.0
2016-04-07;68.12;69.22;67.0;67.01;8421.0
2016-04-08;68.4;68.4;66.65;66.65;8228.0
2016-04-11;66.99;67.27;65.89;66.29;7742.0
2016-04-12;66.25;66.4;65.48;66.28;7109.0
2016-04-13;66.01;66.78;65.55;66.52;14635.0
2016-04-14;66.3;66.8;66.25;66.37;7564.0
2016-04-15;66.04;66.79;66.04;66.2;6029.0
2016-04-18;65.74;67.05;65.74;66.83;5267.0
2016-04-19;67.14;67.2184;66.48;67.1;3999.0
2016-04-20;67.28;67.5;65.14;66.77;67716.0
2016-04-21;66.6;67.99;66.1501;67.65;28831.0
2016-04-22;67.54;68.2;67.54;67.76;7639.0
2016-04-25;67.36;67.87;66.67;67.72;6170.0
2016-04-26;67.52;69.54;67.52;68.82;30774.0
2016-04-27;68.44;69.4;67.96;68.34;6648.0
2016-04-28;67.77;68.97;66.15;66.15;5108.0
2016-04-29;66.7;66.73;61.72;62.04;24163.0
2016-05-02;68.95;68.95;62.54;67.33;23535.0
2016-05-03;66.97;67.59;66.46;67.28;13951.0
2016-05-04;66.82;67.51;66.37;66.73;7326.0
2016-05-05;66.88;66.88;66.23;66.25;9355.0
2016-05-06;66.4;66.77;65.6219;66.38;10639.0
2016-05-09;66.17;66.25;65.66;65.69;10343.0
2016-05-10;66.33;68.24;66.24;67.99;11687.0
2016-05-11;67.18;68.0;66.08;66.3;11640.0
2016-05-12;67.22;67.35;66.01;66.19;6429.0
2016-05-13;66.04;66.81;64.72;65.1;6588.0
2016-05-16;65.28;65.43;64.09;64.27;12462.0
2016-05-17;64.37;64.51;62.63;63.07;12142.0
2016-05-18;63.01;64.38;63.01;64.38;6134.0
2016-05-19;63.99;64.37;62.15;63.86;6008.0
2016-05-20;64.0;65.46;64.0;65.26;10342.0
2016-05-23;65.12;65.12;63.79;64.3;3311.0
2016-05-24;64.59;66.7;64.59;66.69;12154.0
2016-05-25;66.44;67.22;66.11;67.22;6106.0
2016-05-26;66.89;66.89;65.76;65.79;3416.0
2016-05-27;65.67;66.555;65.67;66.48;3742.0
2016-05-31;66.34;67.21;65.599;67.21;7963.0
2016-06-01;66.45;67.29;65.72;66.35;10543.0
2016-06-02;65.92;66.65;65.661;66.25;5883.0
2016-06-03;66.36;66.54;65.4395;65.8;7061.0
2016-06-06;66.88;67.7;66.09;67.66;7134.0
2016-06-07;67.5;69.5;66.4901;68.65;10025.0
2016-06-08;69.4;70.0;68.8913;69.73;8114.0
2016-06-09;69.89;69.89;69.28;69.7;4660.0
2016-06-10;68.78;69.99;68.11;69.57;7302.0
2016-06-13;69.8751;70.5;68.68;70.0;12564.0
2016-06-14;69.57;70.48;69.29;69.75;8430.0
2016-06-15;70.02;71.62;70.02;71.08;8325.0
2016-06-16;70.64;71.5;69.96;71.23;10149.0
2016-06-17;71.47;71.47;69.35;69.59;22218.0
2016-06-20;70.47;71.25;69.78;70.85;13034.0
2016-06-21;70.55;70.88;69.78;70.42;4697.0
2016-06-22;70.11;70.76;69.24;69.24;6158.0
2016-06-23;70.15;71.95;70.04;71.6;7042.0
2016-06-24;69.06;70.32;67.17;68.05;38225.0
2016-06-27;67.74;67.74;64.93;65.16;13088.0
2016-06-28;66.16;66.17;64.9;65.98;10954.0
2016-06-29;66.94;67.01;65.21;66.39;7584.0
2016-06-30;66.07;67.9857;65.99;66.8;11970.0
2016-07-01;66.49;68.2799;66.49;68.14;5437.0
2016-07-05;66.8005;66.81;65.9;66.41;6689.0
2016-07-06;66.01;66.64;66.01;66.64;2938.0
2016-07-07;66.7;67.765;66.0001;67.07;7642.0
2016-07-08;67.53;69.65;67.4201;67.99;8289.0
2016-07-11;68.8499;68.98;68.41;68.98;6599.0
2016-07-12;68.99;71.9;68.98;70.51;13125.0
2016-07-13;70.87;71.49;69.8101;71.41;3240.0
2016-07-14;71.84;72.43;71.03;72.43;5243.0
2016-07-15;73.2;74.36;72.36;74.36;8363.0
2016-07-18;73.94;74.945;73.7052;74.34;3314.0
2016-07-19;74.03;76.4659;72.95;73.62;7306.0
2016-07-20;74.47;74.47;72.23;73.26;5407.0
2016-07-21;72.99;73.0504;71.26;72.23;9914.0
2016-07-22;72.69;72.69;70.93;71.99;2994.0
2016-07-25;71.2;72.38;70.597;71.06;6289.0
2016-07-26;70.82;72.1;70.82;72.1;5151.0
2016-07-27;71.68;71.9155;70.17;70.99;5279.0
2016-07-28;70.31;70.55;69.1533;70.55;2575.0
2016-07-29;66.32;72.25;62.2;63.56;29145.0
2016-08-01;63.5;67.105;63.5;66.1;10550.0
2016-08-02;66.28;66.28;64.26;64.31;4631.0
2016-08-03;65.09;66.4;63.4101;64.4;4751.0
2016-08-04;32.97;34.75;29.94;33.04;40117.0
2016-08-05;33.28;35.91;33.0;33.95;23811.0
2016-08-08;34.0;34.0;32.23;32.91;15558.0
2016-08-09;33.04;33.59;32.891;33.59;7112.0
2016-08-10;33.52;33.52;32.0957;32.62;12801.0
2016-08-11;32.45;32.74;32.35;32.61;8067.0
2016-08-12;32.59;32.9;31.4401;32.39;10122.0
2016-08-15;32.35;32.68;32.1487;32.5;12159.0
2016-08-16;32.3001;33.04;32.27;32.69;19216.0
2016-08-17;32.65;32.9899;31.76;32.95;24721.0
2016-08-18;32.94;33.4499;31.988;32.96;26965.0
2016-08-19;32.79;33.89;32.79;33.6;18783.0
2016-08-22;33.54;33.91;33.0;33.9;13790.0
2016-08-23;33.78;33.86;33.33;33.4;12604.0
2016-08-24;33.5;33.61;33.1701;33.41;8090.0
2016-08-25;33.51;34.36;33.51;34.23;19666.0
2016-08-26;34.3;34.57;33.65;34.09;14595.0
2016-08-29;34.32;34.3536;33.7601;33.98;8229.0
2016-08-30;34.03;34.37;33.75;33.79;5138.0
2016-08-31;33.77;33.77;32.91;32.91;7316.0
2016-09-01;32.81;34.06;32.81;33.85;13563.0
2016-09-02;34.12;34.98;34.12;34.98;9326.0
2016-09-06;34.99;34.99;34.3401;34.71;8694.0
2016-09-07;34.65;35.19;34.19;34.81;14256.0
2016-09-08;34.95;35.17;34.19;34.97;9434.0
2016-09-09;34.25;34.25;33.56;33.56;14105.0
2016-09-12;33.58;34.75;33.58;34.03;15522.0
2016-09-13;33.66;34.0;33.1;33.33;13657.0
2016-09-14;33.85;34.071;32.76;33.2;10959.0
2016-09-15;33.3;33.8899;33.1;33.53;10464.0
2016-09-16;33.73;33.99;33.45;33.9;37614.0
2016-09-19;33.93;33.98;33.12;33.75;6360.0
2016-09-20;34.06;34.06;33.29;33.51;4537.0
2016-09-21;33.63;34.2;33.57;34.2;7676.0
2016-09-22;34.16;34.87;34.02;34.66;9057.0
2016-09-23;34.59;34.74;34.28;34.41;7925.0
2016-09-26;34.24;34.24;33.53;33.71;8573.0
2016-09-27;33.87;34.23;33.76;33.95;11755.0
2016-09-28;33.9;34.36;33.785;33.99;9074.0
2016-09-29;34.04;34.04;33.27;33.39;9783.0
2016-09-30;33.51;34.23;33.49;33.99;20106.0
2016-10-03;34.52;34.52;33.51;33.54;6566.0
2016-10-04;33.65;33.97;33.35;33.4;11310.0
2016-10-05;33.11;33.99;32.61;33.49;10052.0
2016-10-06;33.5;33.5;32.8;33.1;6770.0
2016-10-07;33.45;33.49;32.23;32.68;10742.0
2016-10-10;33.0;33.35;33.0;33.31;4719.0
2016-10-11;33.3;33.41;32.0;32.11;18580.0
2016-10-12;32.38;32.49;32.17;32.17;2350.0
2016-10-13;32.16;32.55;31.87;31.89;4163.0
2016-10-14;32.15;32.16;31.71;31.75;9926.0
2016-10-17;31.81;32.3;31.34;32.14;12860.0
2016-10-18;32.25;32.39;30.62;32.39;5990.0
2016-10-19;31.01;31.355;30.13;31.0;52244.0
2016-10-20;31.01;31.1828;30.94;30.94;12408.0
2016-10-21;30.52;31.38;30.52;31.03;14133.0
2016-10-24;31.38;31.38;30.98;31.14;2302.0
2016-10-25;31.16;31.27;30.89;30.99;13997.0
2016-10-26;30.85;31.0;30.5;30.52;6942.0
2016-10-27;31.6;31.6;28.59;28.72;12695.0
2016-10-28;29.12;31.699;28.65;29.27;15210.0
2016-10-31;29.12;29.15;28.49;28.84;35610.0
2016-11-01;28.86;29.57;28.81;29.35;9806.0
2016-11-02;29.41;29.91;28.95;29.06;14503.0
2016-11-03;29.01;29.5284;28.83;28.86;13873.0
2016-11-04;28.95;29.4475;26.16;28.67;17525.0
2016-11-07;28.86;29.86;28.199;29.79;17873.0
2016-11-08;29.62;30.07;29.03;29.74;57129.0
2016-11-09;29.28;30.99;29.28;30.78;17214.0
2016-11-10;31.0;34.4;30.96;34.29;44691.0
2016-11-11;34.22;38.83;34.22;38.82;47577.0
2016-11-14;39.01;39.06;36.75;38.2;47037.0
2016-11-15;37.8;38.58;37.0;37.38;24928.0
2016-11-16;37.28;37.9;37.0;37.71;19603.0
2016-11-17;37.8;38.0;37.0;37.67;14779.0
2016-11-18;37.91;38.73;36.89;38.49;19096.0
2016-11-21;38.31;39.5;38.12;39.01;22117.0
2016-11-22;38.75;40.52;38.1;39.67;20537.0
2016-11-23;39.74;39.75;38.98;39.13;25564.0
2016-11-25;39.35;39.35;38.01;39.24;3553.0
2016-11-28;39.44;39.5;38.5501;39.24;14790.0
2016-11-29;39.25;39.5;37.4401;38.99;33763.0
2016-11-30;39.24;39.24;38.3801;38.71;11396.0
2016-12-01;38.62;39.445;38.12;38.73;16538.0
2016-12-02;38.66;38.84;38.1466;38.18;25542.0
2016-12-05;38.49;39.9;37.9;39.62;41111.0
2016-12-06;39.48;39.89;38.9101;39.83;29154.0
2016-12-07;39.8;39.8;39.5501;39.72;70509.0
2016-12-08;39.75;40.5;39.4756;40.32;62586.0
2016-12-09;40.63;41.8;40.63;41.45;23674.0
2016-12-12;41.56;42.5;40.81;42.34;34430.0
2016-12-13;42.58;42.69;41.69;41.98;26768.0
2016-12-14;41.37;41.95;41.09;41.34;15651.0
2016-12-15;41.3;41.95;40.09;40.66;37535.0
2016-12-16;40.87;41.34;40.2;40.74;70746.0
2016-12-19;40.91;41.1104;37.761;40.99;38554.0
2016-12-20;41.0;41.63;40.65;41.41;18787.0
2016-12-21;40.63;41.375;39.936;40.64;13561.0
2016-12-22;40.51;41.6299;40.15;40.74;9450.0
2016-12-23;39.8407;40.9999;39.8407;40.49;11498.0
2016-12-27;39.99;41.6299;39.79;40.79;8802.0
2016-12-28;40.7;41.3399;38.77;39.5;22757.0
2016-12-29;39.56;39.98;39.26;39.67;8709.0
2016-12-30;39.5149;39.9999;37.76;38.84;11840.0
2017-01-03;39.62;39.85;38.01;39.8;15964.0
2017-01-04;39.95;39.999;39.0001;39.67;14314.0
2017-01-05;39.41;39.83;38.41;38.78;15243.0
2017-01-06;38.86;39.69;38.0974;38.96;18870.0
2017-01-09;38.41;39.15;38.29;38.77;12032.0
2017-01-10;38.65;39.29;38.45;38.95;9031.0
2017-01-11;38.65;38.95;38.58;38.8;9336.0
2017-01-12;38.2;38.59;37.4479;37.93;12969.0
2017-01-13;38.5;38.5;37.87;38.02;16537.0
2017-01-17;37.64;37.78;36.9201;37.36;13918.0
2017-01-18;35.7;37.5599;35.7;37.05;12301.0
2017-01-19;37.31;37.388;36.7744;37.13;13444.0
2017-01-20;37.02;37.9031;37.02;37.52;9427.0
2017-01-23;37.33;37.675;36.81;37.08;10444.0
2017-01-24;37.07;38.48;36.67;38.23;13983.0
2017-01-25;38.5;38.5;37.49;38.05;10070.0
2017-01-26;37.98;38.48;37.79;38.29;8207.0
2017-01-27;38.49;38.49;37.66;37.76;8916.0
2017-01-30;37.3271;37.75;36.07;36.13;6216.0
2017-01-31;35.99;37.59;35.27;37.28;14129.0
2017-02-01;37.34;38.23;36.51;37.38;8572.0
2017-02-02;34.9798;37.5;34.9798;36.5;6649.0
2017-02-03;36.4782;36.78;36.4782;36.78;4074.0
2017-02-06;35.3129;37.37;35.3129;36.73;16587.0
2017-02-07;36.5;38.0;36.07;37.67;16861.0
2017-02-08;37.66;38.42;36.405;37.86;17203.0
2017-02-09;37.96;38.47;37.1349;37.81;20311.0
2017-02-10;37.84;38.52;36.4672;38.39;12345.0
2017-02-13;38.55;39.48;37.8889;39.42;24366.0
2017-02-14;39.3;40.13;38.885;39.91;36165.0
2017-02-15;39.9;41.55;39.9;41.19;28405.0
2017-02-16;40.1982;40.83;40.16;40.7;6934.0
2017-02-17;40.93;41.07;40.3023;40.82;17839.0
2017-02-21;40.96;42.175;40.64;41.84;22624.0
2017-02-22;42.13;42.13;41.25;41.58;28261.0
2017-02-23;41.47;42.0;39.6948;40.8;20659.0
2017-02-24;39.83;41.0799;39.83;40.66;11490.0
2017-02-27;41.67;41.9999;40.68;41.06;21985.0
2017-02-28;40.87;40.9999;39.09;40.68;24535.0
2017-03-01;40.94;40.94;39.41;40.14;31469.0
2017-03-02;40.14;40.7999;37.6099;39.6;15286.0
2017-03-03;37.1;39.95;37.1;39.5;14210.0
2017-03-06;39.05;39.99;37.53;39.3;37044.0
2017-03-07;39.11;40.8;38.86;39.28;26328.0
2017-03-08;39.71;39.71;38.22;38.23;10935.0
2017-03-09;38.33;38.6346;37.6401;37.92;21513.0
2017-03-10;38.29;38.83;37.28;37.3;21479.0
2017-03-13;37.35;39.0284;37.35;37.94;16582.0
2017-03-14;37.15;38.46;37.15;37.47;14648.0
2017-03-15;37.53;38.15;36.95;37.89;19690.0
2017-03-16;37.6001;39.04;37.6001;38.57;23704.0
2017-03-17;38.47;39.76;38.28;39.43;33435.0
2017-03-20;39.35;40.76;38.87;39.5;53143.0
2017-03-21;39.75;40.42;37.69;37.7;57681.0
2017-03-22;37.5;37.75;36.7;37.43;81242.0
2017-03-23;37.52;37.73;37.26;37.7;61551.0
2017-03-24;38.13;38.35;37.2601;37.59;22025.0
2017-03-27;37.21;38.42;36.86;37.97;76640.0
2017-03-28;37.96;39.0;37.96;38.67;70034.0
2017-03-29;40.8;40.8;37.015;38.8;17184.0
2017-03-30;39.0;40.5399;38.39;40.31;76779.0
2017-03-31;40.4601;41.21;40.2;40.8;75290.0
2017-04-03;40.11;40.7499;38.978;39.87;78413.0
2017-04-04;40.04;41.0;40.0;40.35;82934.0
2017-04-05;40.4;40.83;39.11;39.57;42860.0
2017-04-06;39.57;40.4;38.9;39.53;89947.0
2017-04-07;39.53;41.34;39.1247;41.02;36915.0
2017-04-10;40.87;41.4;39.5;40.51;59064.0
2017-04-11;40.23;40.97;39.79;40.42;19719.0
2017-04-12;40.27;40.81;39.2;39.28;48783.0
2017-04-13;39.31;39.97;39.23;39.45;21599.0
2017-04-17;39.51;40.81;39.3;40.67;30888.0
2017-04-18;40.3;41.29;39.39;41.18;48627.0
2017-04-19;41.35;42.0;41.1005;41.9;25864.0
2017-04-20;41.99;42.81;41.875;42.72;39914.0
2017-04-21;42.51;43.2;42.0;42.47;23990.0
2017-04-24;43.12;43.45;42.49;42.63;19122.0
2017-04-25;43.08;43.43;42.3;42.87;20576.0
2017-04-26;42.7;44.2;42.7;43.81;24843.0
2017-04-27;44.15;44.29;43.7213;44.0;16536.0
2017-04-28;44.18;44.18;42.105;42.65;30934.0
2017-05-01;42.44;42.44;41.83;42.13;30111.0
2017-05-02;42.13;43.0;41.98;42.97;26772.0
2017-05-03;42.52;42.8;42.02;42.33;26788.0
2017-05-04;42.71;42.93;42.13;42.66;11725.0
2017-05-05;42.415;43.0;42.181;42.84;19736.0
2017-05-08;42.58;43.26;42.58;42.88;19727.0
2017-05-09;42.83;43.38;42.6725;43.25;19434.0
2017-05-10;43.25;44.09;41.9;43.67;30153.0
2017-05-11;43.45;44.115;42.76;44.0;32413.0
2017-05-12;43.71;44.17;42.96;43.62;25542.0
2017-05-15;43.85;44.345;43.54;43.98;37221.0
2017-05-16;43.97;44.15;43.39;44.05;23306.0
2017-05-17;43.48;44.1;43.0;43.57;53176.0
2017-05-18;43.57;44.26;43.29;43.33;38981.0
2017-05-19;43.34;43.81;41.38;42.67;35074.0
2017-05-22;43.65;43.65;43.0;43.14;13023.0
2017-05-23;43.31;43.6999;42.9;43.23;20718.0
2017-05-24;43.05;43.49;41.838;42.94;30609.0
2017-05-25;43.48;43.48;41.95;42.25;40874.0
2017-05-26;42.25;42.59;41.6397;42.22;18074.0
2017-05-30;41.8298;42.22;41.03;41.81;21742.0
2017-05-31;42.1;42.16;40.7301;41.84;39084.0
2017-06-01;41.85;42.8;41.03;42.77;23321.0
2017-06-02;43.45;44.5;43.15;43.85;27701.0
2017-06-05;43.84;43.84;42.04;43.03;40742.0
2017-06-06;42.67;43.1399;41.7656;42.37;20632.0
2017-06-07;42.62;43.3588;42.09;42.51;33246.0
2017-06-08;42.51;43.965;40.07;43.48;28414.0
2017-06-09;42.75;44.78;41.316;44.0;25035.0
2017-06-12;42.8398;44.8;42.739;43.83;31594.0
2017-06-13;44.74;44.74;42.7348;43.67;25116.0
2017-06-14;44.05;44.12;42.5655;44.03;28034.0
2017-06-15;43.73;44.3;43.15;44.25;24157.0
2017-06-16;43.68;44.64;43.25;44.33;29971.0
2017-06-19;42.2648;44.79;42.2548;44.3;11680.0
2017-06-20;44.17;44.17;42.8622;43.62;17320.0
2017-06-21;42.5974;44.685;42.5974;43.51;29619.0
2017-06-22;43.7;44.16;43.2743;43.56;8874.0
2017-06-23;43.57;44.54;43.06;43.94;62932.0
2017-06-26;43.9;44.28;43.46;44.12;18972.0
2017-06-27;44.22;44.865;43.68;43.91;19086.0
2017-06-28;43.601;45.6;43.23;45.1;29116.0
2017-06-29;44.1498;45.5;43.643;45.39;47922.0
2017-06-30;45.48;45.93;44.18;44.98;40785.0
2017-07-03;45.8;46.71;45.31;46.19;22151.0
2017-07-05;46.19;46.24;45.0109;45.72;17046.0
2017-07-06;45.43;45.43;44.5;45.05;60870.0
2017-07-07;45.11;45.25;44.62;44.98;33453.0
2017-07-10;44.98;44.98;43.82;43.97;21122.0
2017-07-11;44.015;44.45;43.06;44.04;80559.0
2017-07-12;43.2786;45.105;43.2786;44.37;12238.0
2017-07-13;43.2697;44.34;43.1121;44.04;11973.0
2017-07-14;43.88;45.16;43.7909;43.98;27945.0
2017-07-17;43.72;44.54;43.5501;44.11;21213.0
2017-07-18;43.81;44.6;43.2801;43.74;17947.0
2017-07-19;43.75;45.255;43.75;45.15;19362.0
2017-07-20;44.92;45.1083;44.3094;44.33;9174.0
2017-07-21;44.45;45.88;43.6172;44.46;26712.0
2017-07-24;44.9;45.41;44.45;45.07;11370.0
2017-07-25;45.55;45.69;41.951;44.52;27360.0
2017-07-26;43.4;45.39;43.4;44.24;18383.0
2017-07-27;44.2;45.18;43.4497;44.52;38420.0
2017-07-28;45.04;48.5;44.46;48.31;45312.0
2017-07-31;48.69;52.35;48.34;51.85;73339.0
2017-08-01;51.91;54.0;51.5;52.54;118217.0
2017-08-02;52.94;53.46;50.74;52.38;61090.0
2017-08-03;52.08;52.97;50.5448;52.22;42458.0
2017-08-04;52.22;53.04;50.911;51.94;38096.0
2017-08-07;52.15;52.46;51.3;51.52;41462.0
2017-08-08;51.65;52.4215;51.111;51.55;27223.0
2017-08-09;50.5758;51.21;50.1464;50.8;38650.0
2017-08-10;50.0;50.4399;49.6347;50.13;16757.0
2017-08-11;50.09;50.5;49.84;50.41;25795.0
2017-08-14;50.86;51.9;50.3601;51.2;18277.0
2017-08-15;51.25;51.37;50.51;50.81;20635.0
2017-08-16;50.87;51.59;49.9;49.91;38334.0
2017-08-17;48.93;49.861;48.35;48.83;37545.0
2017-08-18;48.39;50.08;48.3;49.19;33123.0
2017-08-21;49.1;49.615;48.9349;49.28;8370.0
2017-08-22;49.29;50.47;49.29;49.69;27506.0
2017-08-23;49.23;49.89;48.63;49.03;36059.0
2017-08-24;49.35;49.35;48.5;48.72;29912.0
2017-08-25;48.855;49.68;48.85;49.24;20678.0
2017-08-28;49.24;50.125;48.731;49.98;39804.0
2017-08-29;49.52;50.8599;49.37;50.2;40927.0
2017-08-30;50.36;51.4699;50.13;51.25;19464.0
2017-08-31;50.514;53.0;50.514;52.15;36395.0
2017-09-01;52.36;52.8599;51.3135;52.13;29519.0
2017-09-05;52.8;52.8;51.0;51.92;44542.0
2017-09-06;51.93;52.49;51.3451;51.92;25065.0
2017-09-07;52.81;52.81;51.17;52.16;19496.0
2017-09-08;51.66;52.8;51.5008;51.88;20482.0
2017-09-11;52.18;54.035;52.18;53.87;35420.0
2017-09-12;53.9;54.5;50.1944;54.21;30847.0
2017-09-13;54.22;55.26;53.527;54.18;45262.0
2017-09-14;54.935;54.935;53.65;53.85;14143.0
2017-09-15;53.96;54.14;53.01;53.33;92686.0
2017-09-18;53.31;54.1;51.9364;52.95;26881.0
2017-09-19;53.22;53.515;52.02;53.04;18951.0
2017-09-20;53.715;53.715;52.5;52.64;33407.0
2017-09-21;53.885;54.12;52.564;53.5;24387.0
2017-09-22;53.7;54.4;53.52;53.52;14526.0
2017-09-25;53.3401;54.89;53.3401;54.84;29034.0
2017-09-26;54.71;55.77;54.41;55.28;39227.0
2017-09-27;55.39;58.7;54.6697;57.97;74991.0
2017-09-28;57.7;58.2603;56.91;56.91;26831.0
2017-09-29;56.499;57.93;56.22;56.86;48352.0
2017-10-02;56.59;58.3;56.59;58.05;38885.0
2017-10-03;58.05;58.3;57.0;57.41;37999.0
2017-10-04;57.4;58.26;56.805;57.87;23081.0
2017-10-05;57.97;59.5;57.43;58.9;63849.0
2017-10-06;58.89;58.89;57.515;57.9;18666.0
2017-10-09;58.22;58.32;57.42;58.25;19159.0
2017-10-10;58.25;58.25;57.3447;58.25;21242.0
2017-10-11;58.35;58.9761;58.07;58.25;21303.0
2017-10-12;58.35;59.9;58.35;59.1;32164.0
2017-10-13;59.36;59.36;58.35;58.5;19315.0
2017-10-16;58.51;59.21;57.051;58.43;26981.0
2017-10-17;58.16;59.0;58.145;58.2;21815.0
2017-10-18;58.0509;59.43;58.0509;58.21;29456.0
2017-10-19;57.07;58.77;57.0;58.65;45639.0
2017-10-20;59.03;59.8;58.511;59.13;35363.0
2017-10-23;58.81;58.99;57.08;57.54;13220.0
2017-10-24;57.55;58.39;57.0;58.02;25322.0
2017-10-25;58.01;58.8;57.45;58.01;17402.0
2017-10-26;58.2;58.2;55.81;57.52;29199.0
2017-10-27;57.92;57.92;48.44;50.02;140694.0
2017-10-30;50.02;50.36;48.98;49.76;46337.0
2017-10-31;49.77;49.88;48.94;49.1;61214.0
2017-11-01;49.0;49.2;48.0;48.62;54974.0
2017-11-02;48.62;48.9;47.55;48.82;48620.0
2017-11-03;48.85;49.0;48.14;48.34;17970.0
2017-11-06;48.34;48.7492;48.0241;48.52;17689.0
2017-11-07;48.29;48.4;47.35;47.9;31008.0
2017-11-09;47.42;48.269;46.445;47.71;27203.0
2017-11-10;47.69;48.08;46.46;47.34;23244.0
2017-11-13;47.26;47.26;45.4;45.65;21624.0
2017-11-14;45.53;46.32;45.12;46.3;21955.0
2017-11-15;46.05;46.26;45.4;45.54;25347.0
2017-11-16;45.69;46.52;45.6083;45.73;20786.0
2017-11-17;45.67;46.85;45.13;46.75;21759.0
2017-11-20;46.76;48.23;46.76;48.05;22157.0
2017-11-21;48.28;49.29;48.28;48.78;21283.0
2017-11-22;48.75;49.89;48.11;48.11;18842.0
2017-11-24;48.32;49.06;47.72;48.05;8330.0
2017-11-27;47.36;48.99;47.36;47.91;21114.0
2017-11-28;47.9;48.89;47.9;48.7;19972.0
2017-11-29;48.12;49.86;48.12;49.18;17500.0
2017-11-30;49.19;50.17;47.23;47.77;80459.0
2017-12-01;47.89;48.1;46.02;47.37;29848.0
2017-12-04;47.66;48.54;47.22;47.56;51225.0
2017-12-05;47.02;47.47;46.7301;47.01;19206.0
2017-12-06;47.5;47.8;46.34;46.66;24058.0
2017-12-07;46.48;48.6775;46.48;47.2;20757.0
2017-12-08;47.3;48.6002;46.35;46.59;14670.0
2017-12-11;46.85;48.38;46.38;47.03;20387.0
2017-12-12;47.13;50.5;47.13;50.22;52194.0
2017-12-13;50.18;51.33;48.795;49.75;37557.0
2017-12-14;49.76;50.7699;48.55;48.68;24565.0
2017-12-15;48.73;51.73;48.7;51.22;69945.0
2017-12-18;51.23;51.4999;49.38;50.13;21929.0
2017-12-19;50.27;50.27;49.0089;49.94;18925.0
2017-12-20;50.09;50.58;49.3;49.83;29135.0
2017-12-21;50.22;50.85;49.895;50.09;12109.0
2017-12-22;50.17;50.17;49.4;49.56;9967.0
2017-12-26;49.44;49.995;48.01;48.05;25072.0
2017-12-27;47.9885;50.18;47.82;49.4;45240.0
2017-12-28;49.41;49.49;48.21;49.12;11016.0
2017-12-29;49.6884;49.6884;47.8401;48.43;57423.0
2018-01-02;49.78;49.89;49.18;49.38;20898.0
2018-01-03;49.2;49.22;48.22;48.75;16727.0
2018-01-04;49.03;49.4;48.065;48.16;18580.0
2018-01-05;48.029;48.0905;46.9779;48.02;17259.0
2018-01-08;47.95;48.76;46.968;48.54;17889.0
2018-01-09;48.53;49.59;48.286;49.04;23588.0
2018-01-10;48.65;48.92;47.94;48.08;6929.0
2018-01-11;48.07;49.6;48.07;49.58;17267.0
2018-01-12;49.03;50.46;48.9;49.56;11516.0
2018-01-16;49.77;50.5;49.22;49.34;11800.0
2018-01-17;49.51;50.46;48.775;50.32;20736.0
2018-01-18;50.23;50.23;49.041;49.48;16684.0
2018-01-19;49.41;51.71;49.41;51.45;31588.0
2018-01-22;51.17;51.76;50.61;51.26;19687.0
2018-01-23;51.11;51.7255;50.53;51.53;21391.0
2018-01-24;51.52;51.9998;50.41;51.02;18971.0
2018-01-25;51.33;51.41;50.28;50.58;11913.0
2018-01-26;49.65;50.77;49.65;50.77;7471.0
2018-01-29;50.54;50.87;49.2;49.8;24748.0
2018-01-30;49.34;50.385;48.77;49.38;28559.0
2018-01-31;49.36;50.07;48.51;49.55;15431.0
2018-02-01;49.36;50.245;49.11;49.33;16909.0
2018-02-02;49.51;49.955;48.71;48.79;11363.0
2018-02-05;49.35;50.02;47.52;47.52;17130.0
2018-02-06;46.26;48.1375;45.971;48.0;30424.0
2018-02-07;48.01;48.375;47.0;47.55;12316.0
2018-02-08;47.49;47.88;46.8;47.115;13096.0
2018-02-09;47.08;47.7;45.25;47.47;27774.0
2018-02-12;47.38;48.8;47.1;47.99;29400.0
2018-02-13;47.71;48.75;47.58;48.39;18821.0
2018-02-14;47.75;49.07;47.62;48.04;26829.0
2018-02-15;48.07;49.76;47.5675;49.39;29320.0
2018-02-16;49.06;50.21;48.72;49.92;7095.0
2018-02-20;49.36;49.99;48.154;48.3;25286.0
2018-02-21;48.46;49.3957;48.24;49.18;21711.0
2018-02-22;49.33;49.9999;48.56;49.7;12297.0
2018-02-23;49.98;50.2;47.8591;49.97;12958.0
2018-02-26;50.06;51.0;48.78;50.72;20055.0
2018-02-27;50.71;51.39;49.635;50.45;16508.0
2018-02-28;50.53;50.53;47.82;48.5;22874.0
2018-03-01;48.53;49.2;46.43;47.14;28420.0
2018-03-02;46.75;47.98;45.8;47.47;24141.0
2018-03-05;47.18;48.9799;46.15;48.52;19341.0
2018-03-06;48.73;49.435;47.34;48.63;25414.0
2018-03-07;47.6;49.685;47.58;49.09;25621.0
2018-03-08;48.78;49.99;48.78;49.2;14812.0
2018-03-09;49.51;51.31;48.655;50.72;21394.0
2018-03-12;50.77;51.265;49.8382;50.66;34525.0
2018-03-13;50.91;51.99;49.9624;51.5;30011.0
2018-03-14;51.41;53.56;50.1111;52.44;48794.0
2018-03-15;52.5;56.03;51.805;54.15;59531.0
2018-03-16;54.05;55.25;52.4;53.0;123334.0
2018-03-19;53.01;53.01;50.42;50.46;41233.0
2018-03-20;50.72;51.7;49.52;51.38;30196.0
2018-03-21;51.1321;51.6071;50.17;50.64;26183.0
2018-03-22;50.62;50.665;49.49;49.56;12525.0
2018-03-23;50.0;50.35;48.84;48.84;35516.0
2018-03-26;49.6;50.24;48.98;49.87;26778.0
2018-03-27;50.1;50.8197;48.78;49.04;26162.0
